DEBUG:__main__:Flow size distr workload: ['NA', 'NA', 'NA', 'NA', 'NA', 'NA']
INFO:__main__:
* Generating flows for experiment 0 ---
INFO:__main__:
Generating flow for src_dst_pair=(0, 1)
INFO:dale_experiment_rig:
  Generating flow size for flow=0
DEBUG:dale_experiment_rig:    Flow=0, flow_size_B=1000000, num_byteloads=2000, len(byteload_size_B_list)=2000
INFO:dale_experiment_rig:
  Generating intervals for flow=0
INFO:dale_experiment_rig:
  Generating flow size for flow=1
DEBUG:dale_experiment_rig:    Flow=1, flow_size_B=1000000, num_byteloads=2000, len(byteload_size_B_list)=2000
INFO:dale_experiment_rig:
  Generating intervals for flow=1
INFO:dale_experiment_rig:
  Generating flow size for flow=2
DEBUG:dale_experiment_rig:    Flow=2, flow_size_B=1000000, num_byteloads=2000, len(byteload_size_B_list)=2000
INFO:dale_experiment_rig:
  Generating intervals for flow=2
INFO:dale_experiment_rig:
  Generating flow size for flow=3
DEBUG:dale_experiment_rig:    Flow=3, flow_size_B=1000000, num_byteloads=2000, len(byteload_size_B_list)=2000
INFO:dale_experiment_rig:
  Generating intervals for flow=3
INFO:dale_experiment_rig:
  Generating flow size for flow=4
DEBUG:dale_experiment_rig:    Flow=4, flow_size_B=1000000, num_byteloads=2000, len(byteload_size_B_list)=2000
INFO:dale_experiment_rig:
  Generating intervals for flow=4
INFO:dale_experiment_rig:
  Generating flow size for flow=5
DEBUG:dale_experiment_rig:    Flow=5, flow_size_B=1000000, num_byteloads=2000, len(byteload_size_B_list)=2000
INFO:dale_experiment_rig:
  Generating intervals for flow=5
INFO:dale_experiment_rig:
  Generating flow size for flow=6
DEBUG:dale_experiment_rig:    Flow=6, flow_size_B=1000000, num_byteloads=2000, len(byteload_size_B_list)=2000
INFO:dale_experiment_rig:
  Generating intervals for flow=6
INFO:dale_experiment_rig:
  Generating flow size for flow=7
DEBUG:dale_experiment_rig:    Flow=7, flow_size_B=1000000, num_byteloads=2000, len(byteload_size_B_list)=2000
INFO:dale_experiment_rig:
  Generating intervals for flow=7
INFO:dale_experiment_rig:
  Generating flow size for flow=8
DEBUG:dale_experiment_rig:    Flow=8, flow_size_B=1000000, num_byteloads=2000, len(byteload_size_B_list)=2000
INFO:dale_experiment_rig:
  Generating intervals for flow=8
INFO:dale_experiment_rig:
  Generating flow size for flow=9
DEBUG:dale_experiment_rig:    Flow=9, flow_size_B=1000000, num_byteloads=2000, len(byteload_size_B_list)=2000
INFO:dale_experiment_rig:
  Generating intervals for flow=9
INFO:dale_experiment_rig:
  Generating flow size for flow=10
DEBUG:dale_experiment_rig:    Flow=10, flow_size_B=1000000, num_byteloads=2000, len(byteload_size_B_list)=2000
INFO:dale_experiment_rig:
  Generating intervals for flow=10
INFO:dale_experiment_rig:
  Generating flow size for flow=11
DEBUG:dale_experiment_rig:    Flow=11, flow_size_B=1000000, num_byteloads=2000, len(byteload_size_B_list)=2000
INFO:dale_experiment_rig:
  Generating intervals for flow=11
INFO:dale_experiment_rig:
  Generating flow size for flow=12
DEBUG:dale_experiment_rig:    Flow=12, flow_size_B=1000000, num_byteloads=2000, len(byteload_size_B_list)=2000
INFO:dale_experiment_rig:
  Generating intervals for flow=12
INFO:dale_experiment_rig:
  Generating flow size for flow=13
DEBUG:dale_experiment_rig:    Flow=13, flow_size_B=1000000, num_byteloads=2000, len(byteload_size_B_list)=2000
INFO:dale_experiment_rig:
  Generating intervals for flow=13
INFO:dale_experiment_rig:
  Generating flow size for flow=14
DEBUG:dale_experiment_rig:    Flow=14, flow_size_B=1000000, num_byteloads=2000, len(byteload_size_B_list)=2000
INFO:dale_experiment_rig:
  Generating intervals for flow=14
INFO:dale_experiment_rig:
  Generating flow size for flow=15
DEBUG:dale_experiment_rig:    Flow=15, flow_size_B=1000000, num_byteloads=2000, len(byteload_size_B_list)=2000
INFO:dale_experiment_rig:
  Generating intervals for flow=15
INFO:dale_experiment_rig:
  Generating flow size for flow=16
DEBUG:dale_experiment_rig:    Flow=16, flow_size_B=1000000, num_byteloads=2000, len(byteload_size_B_list)=2000
INFO:dale_experiment_rig:
  Generating intervals for flow=16
INFO:dale_experiment_rig:
  Generating flow size for flow=17
DEBUG:dale_experiment_rig:    Flow=17, flow_size_B=1000000, num_byteloads=2000, len(byteload_size_B_list)=2000
INFO:dale_experiment_rig:
  Generating intervals for flow=17
INFO:dale_experiment_rig:
  Generating flow size for flow=18
DEBUG:dale_experiment_rig:    Flow=18, flow_size_B=1000000, num_byteloads=2000, len(byteload_size_B_list)=2000
INFO:dale_experiment_rig:
  Generating intervals for flow=18
INFO:dale_experiment_rig:
  Generating flow size for flow=19
DEBUG:dale_experiment_rig:    Flow=19, flow_size_B=1000000, num_byteloads=2000, len(byteload_size_B_list)=2000
INFO:dale_experiment_rig:
  Generating intervals for flow=19
INFO:dale_experiment_rig:
  Generating flow size for flow=20
DEBUG:dale_experiment_rig:    Flow=20, flow_size_B=1000000, num_byteloads=2000, len(byteload_size_B_list)=2000
INFO:dale_experiment_rig:
  Generating intervals for flow=20
INFO:dale_experiment_rig:
  Generating flow size for flow=21
DEBUG:dale_experiment_rig:    Flow=21, flow_size_B=1000000, num_byteloads=2000, len(byteload_size_B_list)=2000
INFO:dale_experiment_rig:
  Generating intervals for flow=21
INFO:dale_experiment_rig:
  Generating flow size for flow=22
DEBUG:dale_experiment_rig:    Flow=22, flow_size_B=1000000, num_byteloads=2000, len(byteload_size_B_list)=2000
INFO:dale_experiment_rig:
  Generating intervals for flow=22
INFO:dale_experiment_rig:
  Generating flow size for flow=23
DEBUG:dale_experiment_rig:    Flow=23, flow_size_B=1000000, num_byteloads=2000, len(byteload_size_B_list)=2000
INFO:dale_experiment_rig:
  Generating intervals for flow=23
INFO:dale_experiment_rig:
  Generating flow size for flow=24
DEBUG:dale_experiment_rig:    Flow=24, flow_size_B=1000000, num_byteloads=2000, len(byteload_size_B_list)=2000
INFO:dale_experiment_rig:
  Generating intervals for flow=24
INFO:dale_experiment_rig:
  Generating flow size for flow=25
DEBUG:dale_experiment_rig:    Flow=25, flow_size_B=1000000, num_byteloads=2000, len(byteload_size_B_list)=2000
INFO:dale_experiment_rig:
  Generating intervals for flow=25
INFO:dale_experiment_rig:
  Generating flow size for flow=26
DEBUG:dale_experiment_rig:    Flow=26, flow_size_B=1000000, num_byteloads=2000, len(byteload_size_B_list)=2000
INFO:dale_experiment_rig:
  Generating intervals for flow=26
INFO:dale_experiment_rig:
  Generating flow size for flow=27
DEBUG:dale_experiment_rig:    Flow=27, flow_size_B=1000000, num_byteloads=2000, len(byteload_size_B_list)=2000
INFO:dale_experiment_rig:
  Generating intervals for flow=27
INFO:dale_experiment_rig:
  Generating flow size for flow=28
DEBUG:dale_experiment_rig:    Flow=28, flow_size_B=1000000, num_byteloads=2000, len(byteload_size_B_list)=2000
INFO:dale_experiment_rig:
  Generating intervals for flow=28
INFO:dale_experiment_rig:
  Generating flow size for flow=29
DEBUG:dale_experiment_rig:    Flow=29, flow_size_B=1000000, num_byteloads=2000, len(byteload_size_B_list)=2000
INFO:dale_experiment_rig:
  Generating intervals for flow=29
INFO:dale_experiment_rig:
  Generating flow size for flow=30
DEBUG:dale_experiment_rig:    Flow=30, flow_size_B=1000000, num_byteloads=2000, len(byteload_size_B_list)=2000
INFO:dale_experiment_rig:
  Generating intervals for flow=30
INFO:dale_experiment_rig:
  Generating flow size for flow=31
DEBUG:dale_experiment_rig:    Flow=31, flow_size_B=1000000, num_byteloads=2000, len(byteload_size_B_list)=2000
INFO:dale_experiment_rig:
  Generating intervals for flow=31
INFO:dale_experiment_rig:
  Generating flow size for flow=32
DEBUG:dale_experiment_rig:    Flow=32, flow_size_B=1000000, num_byteloads=2000, len(byteload_size_B_list)=2000
INFO:dale_experiment_rig:
  Generating intervals for flow=32
INFO:dale_experiment_rig:
  Generating flow size for flow=33
DEBUG:dale_experiment_rig:    Flow=33, flow_size_B=1000000, num_byteloads=2000, len(byteload_size_B_list)=2000
INFO:dale_experiment_rig:
  Generating intervals for flow=33
INFO:dale_experiment_rig:
  Generating flow size for flow=34
DEBUG:dale_experiment_rig:    Flow=34, flow_size_B=1000000, num_byteloads=2000, len(byteload_size_B_list)=2000
INFO:dale_experiment_rig:
  Generating intervals for flow=34
INFO:dale_experiment_rig:
  Generating flow size for flow=35
DEBUG:dale_experiment_rig:    Flow=35, flow_size_B=1000000, num_byteloads=2000, len(byteload_size_B_list)=2000
INFO:dale_experiment_rig:
  Generating intervals for flow=35
INFO:dale_experiment_rig:
  Generating flow size for flow=36
DEBUG:dale_experiment_rig:    Flow=36, flow_size_B=1000000, num_byteloads=2000, len(byteload_size_B_list)=2000
INFO:dale_experiment_rig:
  Generating intervals for flow=36
INFO:dale_experiment_rig:
  Generating flow size for flow=37
DEBUG:dale_experiment_rig:    Flow=37, flow_size_B=1000000, num_byteloads=2000, len(byteload_size_B_list)=2000
INFO:dale_experiment_rig:
  Generating intervals for flow=37
INFO:dale_experiment_rig:
  Generating flow size for flow=38
DEBUG:dale_experiment_rig:    Flow=38, flow_size_B=1000000, num_byteloads=2000, len(byteload_size_B_list)=2000
INFO:dale_experiment_rig:
  Generating intervals for flow=38
INFO:dale_experiment_rig:
  Generating flow size for flow=39
DEBUG:dale_experiment_rig:    Flow=39, flow_size_B=1000000, num_byteloads=2000, len(byteload_size_B_list)=2000
INFO:dale_experiment_rig:
  Generating intervals for flow=39
INFO:__main__:
* Generating flows for experiment 1 ---
INFO:__main__:
Generating flow for src_dst_pair=(0, 1)
INFO:dale_experiment_rig:
  Generating flow size for flow=0
DEBUG:dale_experiment_rig:    Flow=0, flow_size_B=1000000, num_byteloads=1000, len(byteload_size_B_list)=1000
INFO:dale_experiment_rig:
  Generating intervals for flow=0
INFO:dale_experiment_rig:
  Generating flow size for flow=1
DEBUG:dale_experiment_rig:    Flow=1, flow_size_B=1000000, num_byteloads=1000, len(byteload_size_B_list)=1000
INFO:dale_experiment_rig:
  Generating intervals for flow=1
INFO:dale_experiment_rig:
  Generating flow size for flow=2
DEBUG:dale_experiment_rig:    Flow=2, flow_size_B=1000000, num_byteloads=1000, len(byteload_size_B_list)=1000
INFO:dale_experiment_rig:
  Generating intervals for flow=2
INFO:dale_experiment_rig:
  Generating flow size for flow=3
DEBUG:dale_experiment_rig:    Flow=3, flow_size_B=1000000, num_byteloads=1000, len(byteload_size_B_list)=1000
INFO:dale_experiment_rig:
  Generating intervals for flow=3
INFO:dale_experiment_rig:
  Generating flow size for flow=4
DEBUG:dale_experiment_rig:    Flow=4, flow_size_B=1000000, num_byteloads=1000, len(byteload_size_B_list)=1000
INFO:dale_experiment_rig:
  Generating intervals for flow=4
INFO:dale_experiment_rig:
  Generating flow size for flow=5
DEBUG:dale_experiment_rig:    Flow=5, flow_size_B=1000000, num_byteloads=1000, len(byteload_size_B_list)=1000
INFO:dale_experiment_rig:
  Generating intervals for flow=5
INFO:dale_experiment_rig:
  Generating flow size for flow=6
DEBUG:dale_experiment_rig:    Flow=6, flow_size_B=1000000, num_byteloads=1000, len(byteload_size_B_list)=1000
INFO:dale_experiment_rig:
  Generating intervals for flow=6
INFO:dale_experiment_rig:
  Generating flow size for flow=7
DEBUG:dale_experiment_rig:    Flow=7, flow_size_B=1000000, num_byteloads=1000, len(byteload_size_B_list)=1000
INFO:dale_experiment_rig:
  Generating intervals for flow=7
INFO:dale_experiment_rig:
  Generating flow size for flow=8
DEBUG:dale_experiment_rig:    Flow=8, flow_size_B=1000000, num_byteloads=1000, len(byteload_size_B_list)=1000
INFO:dale_experiment_rig:
  Generating intervals for flow=8
INFO:dale_experiment_rig:
  Generating flow size for flow=9
DEBUG:dale_experiment_rig:    Flow=9, flow_size_B=1000000, num_byteloads=1000, len(byteload_size_B_list)=1000
INFO:dale_experiment_rig:
  Generating intervals for flow=9
INFO:dale_experiment_rig:
  Generating flow size for flow=10
DEBUG:dale_experiment_rig:    Flow=10, flow_size_B=1000000, num_byteloads=1000, len(byteload_size_B_list)=1000
INFO:dale_experiment_rig:
  Generating intervals for flow=10
INFO:dale_experiment_rig:
  Generating flow size for flow=11
DEBUG:dale_experiment_rig:    Flow=11, flow_size_B=1000000, num_byteloads=1000, len(byteload_size_B_list)=1000
INFO:dale_experiment_rig:
  Generating intervals for flow=11
INFO:dale_experiment_rig:
  Generating flow size for flow=12
DEBUG:dale_experiment_rig:    Flow=12, flow_size_B=1000000, num_byteloads=1000, len(byteload_size_B_list)=1000
INFO:dale_experiment_rig:
  Generating intervals for flow=12
INFO:dale_experiment_rig:
  Generating flow size for flow=13
DEBUG:dale_experiment_rig:    Flow=13, flow_size_B=1000000, num_byteloads=1000, len(byteload_size_B_list)=1000
INFO:dale_experiment_rig:
  Generating intervals for flow=13
INFO:dale_experiment_rig:
  Generating flow size for flow=14
DEBUG:dale_experiment_rig:    Flow=14, flow_size_B=1000000, num_byteloads=1000, len(byteload_size_B_list)=1000
INFO:dale_experiment_rig:
  Generating intervals for flow=14
INFO:dale_experiment_rig:
  Generating flow size for flow=15
DEBUG:dale_experiment_rig:    Flow=15, flow_size_B=1000000, num_byteloads=1000, len(byteload_size_B_list)=1000
INFO:dale_experiment_rig:
  Generating intervals for flow=15
INFO:dale_experiment_rig:
  Generating flow size for flow=16
DEBUG:dale_experiment_rig:    Flow=16, flow_size_B=1000000, num_byteloads=1000, len(byteload_size_B_list)=1000
INFO:dale_experiment_rig:
  Generating intervals for flow=16
INFO:dale_experiment_rig:
  Generating flow size for flow=17
DEBUG:dale_experiment_rig:    Flow=17, flow_size_B=1000000, num_byteloads=1000, len(byteload_size_B_list)=1000
INFO:dale_experiment_rig:
  Generating intervals for flow=17
INFO:dale_experiment_rig:
  Generating flow size for flow=18
DEBUG:dale_experiment_rig:    Flow=18, flow_size_B=1000000, num_byteloads=1000, len(byteload_size_B_list)=1000
INFO:dale_experiment_rig:
  Generating intervals for flow=18
INFO:dale_experiment_rig:
  Generating flow size for flow=19
DEBUG:dale_experiment_rig:    Flow=19, flow_size_B=1000000, num_byteloads=1000, len(byteload_size_B_list)=1000
INFO:dale_experiment_rig:
  Generating intervals for flow=19
INFO:dale_experiment_rig:
  Generating flow size for flow=20
DEBUG:dale_experiment_rig:    Flow=20, flow_size_B=1000000, num_byteloads=1000, len(byteload_size_B_list)=1000
INFO:dale_experiment_rig:
  Generating intervals for flow=20
INFO:dale_experiment_rig:
  Generating flow size for flow=21
DEBUG:dale_experiment_rig:    Flow=21, flow_size_B=1000000, num_byteloads=1000, len(byteload_size_B_list)=1000
INFO:dale_experiment_rig:
  Generating intervals for flow=21
INFO:dale_experiment_rig:
  Generating flow size for flow=22
DEBUG:dale_experiment_rig:    Flow=22, flow_size_B=1000000, num_byteloads=1000, len(byteload_size_B_list)=1000
INFO:dale_experiment_rig:
  Generating intervals for flow=22
INFO:dale_experiment_rig:
  Generating flow size for flow=23
DEBUG:dale_experiment_rig:    Flow=23, flow_size_B=1000000, num_byteloads=1000, len(byteload_size_B_list)=1000
INFO:dale_experiment_rig:
  Generating intervals for flow=23
INFO:dale_experiment_rig:
  Generating flow size for flow=24
DEBUG:dale_experiment_rig:    Flow=24, flow_size_B=1000000, num_byteloads=1000, len(byteload_size_B_list)=1000
INFO:dale_experiment_rig:
  Generating intervals for flow=24
INFO:dale_experiment_rig:
  Generating flow size for flow=25
DEBUG:dale_experiment_rig:    Flow=25, flow_size_B=1000000, num_byteloads=1000, len(byteload_size_B_list)=1000
INFO:dale_experiment_rig:
  Generating intervals for flow=25
INFO:dale_experiment_rig:
  Generating flow size for flow=26
DEBUG:dale_experiment_rig:    Flow=26, flow_size_B=1000000, num_byteloads=1000, len(byteload_size_B_list)=1000
INFO:dale_experiment_rig:
  Generating intervals for flow=26
INFO:dale_experiment_rig:
  Generating flow size for flow=27
DEBUG:dale_experiment_rig:    Flow=27, flow_size_B=1000000, num_byteloads=1000, len(byteload_size_B_list)=1000
INFO:dale_experiment_rig:
  Generating intervals for flow=27
INFO:dale_experiment_rig:
  Generating flow size for flow=28
DEBUG:dale_experiment_rig:    Flow=28, flow_size_B=1000000, num_byteloads=1000, len(byteload_size_B_list)=1000
INFO:dale_experiment_rig:
  Generating intervals for flow=28
INFO:dale_experiment_rig:
  Generating flow size for flow=29
DEBUG:dale_experiment_rig:    Flow=29, flow_size_B=1000000, num_byteloads=1000, len(byteload_size_B_list)=1000
INFO:dale_experiment_rig:
  Generating intervals for flow=29
INFO:dale_experiment_rig:
  Generating flow size for flow=30
DEBUG:dale_experiment_rig:    Flow=30, flow_size_B=1000000, num_byteloads=1000, len(byteload_size_B_list)=1000
INFO:dale_experiment_rig:
  Generating intervals for flow=30
INFO:dale_experiment_rig:
  Generating flow size for flow=31
DEBUG:dale_experiment_rig:    Flow=31, flow_size_B=1000000, num_byteloads=1000, len(byteload_size_B_list)=1000
INFO:dale_experiment_rig:
  Generating intervals for flow=31
INFO:dale_experiment_rig:
  Generating flow size for flow=32
DEBUG:dale_experiment_rig:    Flow=32, flow_size_B=1000000, num_byteloads=1000, len(byteload_size_B_list)=1000
INFO:dale_experiment_rig:
  Generating intervals for flow=32
INFO:dale_experiment_rig:
  Generating flow size for flow=33
DEBUG:dale_experiment_rig:    Flow=33, flow_size_B=1000000, num_byteloads=1000, len(byteload_size_B_list)=1000
INFO:dale_experiment_rig:
  Generating intervals for flow=33
INFO:dale_experiment_rig:
  Generating flow size for flow=34
DEBUG:dale_experiment_rig:    Flow=34, flow_size_B=1000000, num_byteloads=1000, len(byteload_size_B_list)=1000
INFO:dale_experiment_rig:
  Generating intervals for flow=34
INFO:dale_experiment_rig:
  Generating flow size for flow=35
DEBUG:dale_experiment_rig:    Flow=35, flow_size_B=1000000, num_byteloads=1000, len(byteload_size_B_list)=1000
INFO:dale_experiment_rig:
  Generating intervals for flow=35
INFO:dale_experiment_rig:
  Generating flow size for flow=36
DEBUG:dale_experiment_rig:    Flow=36, flow_size_B=1000000, num_byteloads=1000, len(byteload_size_B_list)=1000
INFO:dale_experiment_rig:
  Generating intervals for flow=36
INFO:dale_experiment_rig:
  Generating flow size for flow=37
DEBUG:dale_experiment_rig:    Flow=37, flow_size_B=1000000, num_byteloads=1000, len(byteload_size_B_list)=1000
INFO:dale_experiment_rig:
  Generating intervals for flow=37
INFO:dale_experiment_rig:
  Generating flow size for flow=38
DEBUG:dale_experiment_rig:    Flow=38, flow_size_B=1000000, num_byteloads=1000, len(byteload_size_B_list)=1000
INFO:dale_experiment_rig:
  Generating intervals for flow=38
INFO:dale_experiment_rig:
  Generating flow size for flow=39
DEBUG:dale_experiment_rig:    Flow=39, flow_size_B=1000000, num_byteloads=1000, len(byteload_size_B_list)=1000
INFO:dale_experiment_rig:
  Generating intervals for flow=39
INFO:__main__:
* Generating flows for experiment 2 ---
INFO:__main__:
Generating flow for src_dst_pair=(0, 1)
INFO:dale_experiment_rig:
  Generating flow size for flow=0
DEBUG:dale_experiment_rig:    Flow=0, flow_size_B=1000000, num_byteloads=200, len(byteload_size_B_list)=200
INFO:dale_experiment_rig:
  Generating intervals for flow=0
INFO:dale_experiment_rig:
  Generating flow size for flow=1
DEBUG:dale_experiment_rig:    Flow=1, flow_size_B=1000000, num_byteloads=200, len(byteload_size_B_list)=200
INFO:dale_experiment_rig:
  Generating intervals for flow=1
INFO:dale_experiment_rig:
  Generating flow size for flow=2
DEBUG:dale_experiment_rig:    Flow=2, flow_size_B=1000000, num_byteloads=200, len(byteload_size_B_list)=200
INFO:dale_experiment_rig:
  Generating intervals for flow=2
INFO:dale_experiment_rig:
  Generating flow size for flow=3
DEBUG:dale_experiment_rig:    Flow=3, flow_size_B=1000000, num_byteloads=200, len(byteload_size_B_list)=200
INFO:dale_experiment_rig:
  Generating intervals for flow=3
INFO:dale_experiment_rig:
  Generating flow size for flow=4
DEBUG:dale_experiment_rig:    Flow=4, flow_size_B=1000000, num_byteloads=200, len(byteload_size_B_list)=200
INFO:dale_experiment_rig:
  Generating intervals for flow=4
INFO:dale_experiment_rig:
  Generating flow size for flow=5
DEBUG:dale_experiment_rig:    Flow=5, flow_size_B=1000000, num_byteloads=200, len(byteload_size_B_list)=200
INFO:dale_experiment_rig:
  Generating intervals for flow=5
INFO:dale_experiment_rig:
  Generating flow size for flow=6
DEBUG:dale_experiment_rig:    Flow=6, flow_size_B=1000000, num_byteloads=200, len(byteload_size_B_list)=200
INFO:dale_experiment_rig:
  Generating intervals for flow=6
INFO:dale_experiment_rig:
  Generating flow size for flow=7
DEBUG:dale_experiment_rig:    Flow=7, flow_size_B=1000000, num_byteloads=200, len(byteload_size_B_list)=200
INFO:dale_experiment_rig:
  Generating intervals for flow=7
INFO:dale_experiment_rig:
  Generating flow size for flow=8
DEBUG:dale_experiment_rig:    Flow=8, flow_size_B=1000000, num_byteloads=200, len(byteload_size_B_list)=200
INFO:dale_experiment_rig:
  Generating intervals for flow=8
INFO:dale_experiment_rig:
  Generating flow size for flow=9
DEBUG:dale_experiment_rig:    Flow=9, flow_size_B=1000000, num_byteloads=200, len(byteload_size_B_list)=200
INFO:dale_experiment_rig:
  Generating intervals for flow=9
INFO:dale_experiment_rig:
  Generating flow size for flow=10
DEBUG:dale_experiment_rig:    Flow=10, flow_size_B=1000000, num_byteloads=200, len(byteload_size_B_list)=200
INFO:dale_experiment_rig:
  Generating intervals for flow=10
INFO:dale_experiment_rig:
  Generating flow size for flow=11
DEBUG:dale_experiment_rig:    Flow=11, flow_size_B=1000000, num_byteloads=200, len(byteload_size_B_list)=200
INFO:dale_experiment_rig:
  Generating intervals for flow=11
INFO:dale_experiment_rig:
  Generating flow size for flow=12
DEBUG:dale_experiment_rig:    Flow=12, flow_size_B=1000000, num_byteloads=200, len(byteload_size_B_list)=200
INFO:dale_experiment_rig:
  Generating intervals for flow=12
INFO:dale_experiment_rig:
  Generating flow size for flow=13
DEBUG:dale_experiment_rig:    Flow=13, flow_size_B=1000000, num_byteloads=200, len(byteload_size_B_list)=200
INFO:dale_experiment_rig:
  Generating intervals for flow=13
INFO:dale_experiment_rig:
  Generating flow size for flow=14
DEBUG:dale_experiment_rig:    Flow=14, flow_size_B=1000000, num_byteloads=200, len(byteload_size_B_list)=200
INFO:dale_experiment_rig:
  Generating intervals for flow=14
INFO:dale_experiment_rig:
  Generating flow size for flow=15
DEBUG:dale_experiment_rig:    Flow=15, flow_size_B=1000000, num_byteloads=200, len(byteload_size_B_list)=200
INFO:dale_experiment_rig:
  Generating intervals for flow=15
INFO:dale_experiment_rig:
  Generating flow size for flow=16
DEBUG:dale_experiment_rig:    Flow=16, flow_size_B=1000000, num_byteloads=200, len(byteload_size_B_list)=200
INFO:dale_experiment_rig:
  Generating intervals for flow=16
INFO:dale_experiment_rig:
  Generating flow size for flow=17
DEBUG:dale_experiment_rig:    Flow=17, flow_size_B=1000000, num_byteloads=200, len(byteload_size_B_list)=200
INFO:dale_experiment_rig:
  Generating intervals for flow=17
INFO:dale_experiment_rig:
  Generating flow size for flow=18
DEBUG:dale_experiment_rig:    Flow=18, flow_size_B=1000000, num_byteloads=200, len(byteload_size_B_list)=200
INFO:dale_experiment_rig:
  Generating intervals for flow=18
INFO:dale_experiment_rig:
  Generating flow size for flow=19
DEBUG:dale_experiment_rig:    Flow=19, flow_size_B=1000000, num_byteloads=200, len(byteload_size_B_list)=200
INFO:dale_experiment_rig:
  Generating intervals for flow=19
INFO:dale_experiment_rig:
  Generating flow size for flow=20
DEBUG:dale_experiment_rig:    Flow=20, flow_size_B=1000000, num_byteloads=200, len(byteload_size_B_list)=200
INFO:dale_experiment_rig:
  Generating intervals for flow=20
INFO:dale_experiment_rig:
  Generating flow size for flow=21
DEBUG:dale_experiment_rig:    Flow=21, flow_size_B=1000000, num_byteloads=200, len(byteload_size_B_list)=200
INFO:dale_experiment_rig:
  Generating intervals for flow=21
INFO:dale_experiment_rig:
  Generating flow size for flow=22
DEBUG:dale_experiment_rig:    Flow=22, flow_size_B=1000000, num_byteloads=200, len(byteload_size_B_list)=200
INFO:dale_experiment_rig:
  Generating intervals for flow=22
INFO:dale_experiment_rig:
  Generating flow size for flow=23
DEBUG:dale_experiment_rig:    Flow=23, flow_size_B=1000000, num_byteloads=200, len(byteload_size_B_list)=200
INFO:dale_experiment_rig:
  Generating intervals for flow=23
INFO:dale_experiment_rig:
  Generating flow size for flow=24
DEBUG:dale_experiment_rig:    Flow=24, flow_size_B=1000000, num_byteloads=200, len(byteload_size_B_list)=200
INFO:dale_experiment_rig:
  Generating intervals for flow=24
INFO:dale_experiment_rig:
  Generating flow size for flow=25
DEBUG:dale_experiment_rig:    Flow=25, flow_size_B=1000000, num_byteloads=200, len(byteload_size_B_list)=200
INFO:dale_experiment_rig:
  Generating intervals for flow=25
INFO:dale_experiment_rig:
  Generating flow size for flow=26
DEBUG:dale_experiment_rig:    Flow=26, flow_size_B=1000000, num_byteloads=200, len(byteload_size_B_list)=200
INFO:dale_experiment_rig:
  Generating intervals for flow=26
INFO:dale_experiment_rig:
  Generating flow size for flow=27
DEBUG:dale_experiment_rig:    Flow=27, flow_size_B=1000000, num_byteloads=200, len(byteload_size_B_list)=200
INFO:dale_experiment_rig:
  Generating intervals for flow=27
INFO:dale_experiment_rig:
  Generating flow size for flow=28
DEBUG:dale_experiment_rig:    Flow=28, flow_size_B=1000000, num_byteloads=200, len(byteload_size_B_list)=200
INFO:dale_experiment_rig:
  Generating intervals for flow=28
INFO:dale_experiment_rig:
  Generating flow size for flow=29
DEBUG:dale_experiment_rig:    Flow=29, flow_size_B=1000000, num_byteloads=200, len(byteload_size_B_list)=200
INFO:dale_experiment_rig:
  Generating intervals for flow=29
INFO:dale_experiment_rig:
  Generating flow size for flow=30
DEBUG:dale_experiment_rig:    Flow=30, flow_size_B=1000000, num_byteloads=200, len(byteload_size_B_list)=200
INFO:dale_experiment_rig:
  Generating intervals for flow=30
INFO:dale_experiment_rig:
  Generating flow size for flow=31
DEBUG:dale_experiment_rig:    Flow=31, flow_size_B=1000000, num_byteloads=200, len(byteload_size_B_list)=200
INFO:dale_experiment_rig:
  Generating intervals for flow=31
INFO:dale_experiment_rig:
  Generating flow size for flow=32
DEBUG:dale_experiment_rig:    Flow=32, flow_size_B=1000000, num_byteloads=200, len(byteload_size_B_list)=200
INFO:dale_experiment_rig:
  Generating intervals for flow=32
INFO:dale_experiment_rig:
  Generating flow size for flow=33
DEBUG:dale_experiment_rig:    Flow=33, flow_size_B=1000000, num_byteloads=200, len(byteload_size_B_list)=200
INFO:dale_experiment_rig:
  Generating intervals for flow=33
INFO:dale_experiment_rig:
  Generating flow size for flow=34
DEBUG:dale_experiment_rig:    Flow=34, flow_size_B=1000000, num_byteloads=200, len(byteload_size_B_list)=200
INFO:dale_experiment_rig:
  Generating intervals for flow=34
INFO:dale_experiment_rig:
  Generating flow size for flow=35
DEBUG:dale_experiment_rig:    Flow=35, flow_size_B=1000000, num_byteloads=200, len(byteload_size_B_list)=200
INFO:dale_experiment_rig:
  Generating intervals for flow=35
INFO:dale_experiment_rig:
  Generating flow size for flow=36
DEBUG:dale_experiment_rig:    Flow=36, flow_size_B=1000000, num_byteloads=200, len(byteload_size_B_list)=200
INFO:dale_experiment_rig:
  Generating intervals for flow=36
INFO:dale_experiment_rig:
  Generating flow size for flow=37
DEBUG:dale_experiment_rig:    Flow=37, flow_size_B=1000000, num_byteloads=200, len(byteload_size_B_list)=200
INFO:dale_experiment_rig:
  Generating intervals for flow=37
INFO:dale_experiment_rig:
  Generating flow size for flow=38
DEBUG:dale_experiment_rig:    Flow=38, flow_size_B=1000000, num_byteloads=200, len(byteload_size_B_list)=200
INFO:dale_experiment_rig:
  Generating intervals for flow=38
INFO:dale_experiment_rig:
  Generating flow size for flow=39
DEBUG:dale_experiment_rig:    Flow=39, flow_size_B=1000000, num_byteloads=200, len(byteload_size_B_list)=200
INFO:dale_experiment_rig:
  Generating intervals for flow=39
INFO:__main__:
* Generating flows for experiment 3 ---
INFO:__main__:
Generating flow for src_dst_pair=(0, 1)
INFO:dale_experiment_rig:
  Generating flow size for flow=0
DEBUG:dale_experiment_rig:    Flow=0, flow_size_B=1000000, num_byteloads=100, len(byteload_size_B_list)=100
INFO:dale_experiment_rig:
  Generating intervals for flow=0
INFO:dale_experiment_rig:
  Generating flow size for flow=1
DEBUG:dale_experiment_rig:    Flow=1, flow_size_B=1000000, num_byteloads=100, len(byteload_size_B_list)=100
INFO:dale_experiment_rig:
  Generating intervals for flow=1
INFO:dale_experiment_rig:
  Generating flow size for flow=2
DEBUG:dale_experiment_rig:    Flow=2, flow_size_B=1000000, num_byteloads=100, len(byteload_size_B_list)=100
INFO:dale_experiment_rig:
  Generating intervals for flow=2
INFO:dale_experiment_rig:
  Generating flow size for flow=3
DEBUG:dale_experiment_rig:    Flow=3, flow_size_B=1000000, num_byteloads=100, len(byteload_size_B_list)=100
INFO:dale_experiment_rig:
  Generating intervals for flow=3
INFO:dale_experiment_rig:
  Generating flow size for flow=4
DEBUG:dale_experiment_rig:    Flow=4, flow_size_B=1000000, num_byteloads=100, len(byteload_size_B_list)=100
INFO:dale_experiment_rig:
  Generating intervals for flow=4
INFO:dale_experiment_rig:
  Generating flow size for flow=5
DEBUG:dale_experiment_rig:    Flow=5, flow_size_B=1000000, num_byteloads=100, len(byteload_size_B_list)=100
INFO:dale_experiment_rig:
  Generating intervals for flow=5
INFO:dale_experiment_rig:
  Generating flow size for flow=6
DEBUG:dale_experiment_rig:    Flow=6, flow_size_B=1000000, num_byteloads=100, len(byteload_size_B_list)=100
INFO:dale_experiment_rig:
  Generating intervals for flow=6
INFO:dale_experiment_rig:
  Generating flow size for flow=7
DEBUG:dale_experiment_rig:    Flow=7, flow_size_B=1000000, num_byteloads=100, len(byteload_size_B_list)=100
INFO:dale_experiment_rig:
  Generating intervals for flow=7
INFO:dale_experiment_rig:
  Generating flow size for flow=8
DEBUG:dale_experiment_rig:    Flow=8, flow_size_B=1000000, num_byteloads=100, len(byteload_size_B_list)=100
INFO:dale_experiment_rig:
  Generating intervals for flow=8
INFO:dale_experiment_rig:
  Generating flow size for flow=9
DEBUG:dale_experiment_rig:    Flow=9, flow_size_B=1000000, num_byteloads=100, len(byteload_size_B_list)=100
INFO:dale_experiment_rig:
  Generating intervals for flow=9
INFO:dale_experiment_rig:
  Generating flow size for flow=10
DEBUG:dale_experiment_rig:    Flow=10, flow_size_B=1000000, num_byteloads=100, len(byteload_size_B_list)=100
INFO:dale_experiment_rig:
  Generating intervals for flow=10
INFO:dale_experiment_rig:
  Generating flow size for flow=11
DEBUG:dale_experiment_rig:    Flow=11, flow_size_B=1000000, num_byteloads=100, len(byteload_size_B_list)=100
INFO:dale_experiment_rig:
  Generating intervals for flow=11
INFO:dale_experiment_rig:
  Generating flow size for flow=12
DEBUG:dale_experiment_rig:    Flow=12, flow_size_B=1000000, num_byteloads=100, len(byteload_size_B_list)=100
INFO:dale_experiment_rig:
  Generating intervals for flow=12
INFO:dale_experiment_rig:
  Generating flow size for flow=13
DEBUG:dale_experiment_rig:    Flow=13, flow_size_B=1000000, num_byteloads=100, len(byteload_size_B_list)=100
INFO:dale_experiment_rig:
  Generating intervals for flow=13
INFO:dale_experiment_rig:
  Generating flow size for flow=14
DEBUG:dale_experiment_rig:    Flow=14, flow_size_B=1000000, num_byteloads=100, len(byteload_size_B_list)=100
INFO:dale_experiment_rig:
  Generating intervals for flow=14
INFO:dale_experiment_rig:
  Generating flow size for flow=15
DEBUG:dale_experiment_rig:    Flow=15, flow_size_B=1000000, num_byteloads=100, len(byteload_size_B_list)=100
INFO:dale_experiment_rig:
  Generating intervals for flow=15
INFO:dale_experiment_rig:
  Generating flow size for flow=16
DEBUG:dale_experiment_rig:    Flow=16, flow_size_B=1000000, num_byteloads=100, len(byteload_size_B_list)=100
INFO:dale_experiment_rig:
  Generating intervals for flow=16
INFO:dale_experiment_rig:
  Generating flow size for flow=17
DEBUG:dale_experiment_rig:    Flow=17, flow_size_B=1000000, num_byteloads=100, len(byteload_size_B_list)=100
INFO:dale_experiment_rig:
  Generating intervals for flow=17
INFO:dale_experiment_rig:
  Generating flow size for flow=18
DEBUG:dale_experiment_rig:    Flow=18, flow_size_B=1000000, num_byteloads=100, len(byteload_size_B_list)=100
INFO:dale_experiment_rig:
  Generating intervals for flow=18
INFO:dale_experiment_rig:
  Generating flow size for flow=19
DEBUG:dale_experiment_rig:    Flow=19, flow_size_B=1000000, num_byteloads=100, len(byteload_size_B_list)=100
INFO:dale_experiment_rig:
  Generating intervals for flow=19
INFO:dale_experiment_rig:
  Generating flow size for flow=20
DEBUG:dale_experiment_rig:    Flow=20, flow_size_B=1000000, num_byteloads=100, len(byteload_size_B_list)=100
INFO:dale_experiment_rig:
  Generating intervals for flow=20
INFO:dale_experiment_rig:
  Generating flow size for flow=21
DEBUG:dale_experiment_rig:    Flow=21, flow_size_B=1000000, num_byteloads=100, len(byteload_size_B_list)=100
INFO:dale_experiment_rig:
  Generating intervals for flow=21
INFO:dale_experiment_rig:
  Generating flow size for flow=22
DEBUG:dale_experiment_rig:    Flow=22, flow_size_B=1000000, num_byteloads=100, len(byteload_size_B_list)=100
INFO:dale_experiment_rig:
  Generating intervals for flow=22
INFO:dale_experiment_rig:
  Generating flow size for flow=23
DEBUG:dale_experiment_rig:    Flow=23, flow_size_B=1000000, num_byteloads=100, len(byteload_size_B_list)=100
INFO:dale_experiment_rig:
  Generating intervals for flow=23
INFO:dale_experiment_rig:
  Generating flow size for flow=24
DEBUG:dale_experiment_rig:    Flow=24, flow_size_B=1000000, num_byteloads=100, len(byteload_size_B_list)=100
INFO:dale_experiment_rig:
  Generating intervals for flow=24
INFO:dale_experiment_rig:
  Generating flow size for flow=25
DEBUG:dale_experiment_rig:    Flow=25, flow_size_B=1000000, num_byteloads=100, len(byteload_size_B_list)=100
INFO:dale_experiment_rig:
  Generating intervals for flow=25
INFO:dale_experiment_rig:
  Generating flow size for flow=26
DEBUG:dale_experiment_rig:    Flow=26, flow_size_B=1000000, num_byteloads=100, len(byteload_size_B_list)=100
INFO:dale_experiment_rig:
  Generating intervals for flow=26
INFO:dale_experiment_rig:
  Generating flow size for flow=27
DEBUG:dale_experiment_rig:    Flow=27, flow_size_B=1000000, num_byteloads=100, len(byteload_size_B_list)=100
INFO:dale_experiment_rig:
  Generating intervals for flow=27
INFO:dale_experiment_rig:
  Generating flow size for flow=28
DEBUG:dale_experiment_rig:    Flow=28, flow_size_B=1000000, num_byteloads=100, len(byteload_size_B_list)=100
INFO:dale_experiment_rig:
  Generating intervals for flow=28
INFO:dale_experiment_rig:
  Generating flow size for flow=29
DEBUG:dale_experiment_rig:    Flow=29, flow_size_B=1000000, num_byteloads=100, len(byteload_size_B_list)=100
INFO:dale_experiment_rig:
  Generating intervals for flow=29
INFO:dale_experiment_rig:
  Generating flow size for flow=30
DEBUG:dale_experiment_rig:    Flow=30, flow_size_B=1000000, num_byteloads=100, len(byteload_size_B_list)=100
INFO:dale_experiment_rig:
  Generating intervals for flow=30
INFO:dale_experiment_rig:
  Generating flow size for flow=31
DEBUG:dale_experiment_rig:    Flow=31, flow_size_B=1000000, num_byteloads=100, len(byteload_size_B_list)=100
INFO:dale_experiment_rig:
  Generating intervals for flow=31
INFO:dale_experiment_rig:
  Generating flow size for flow=32
DEBUG:dale_experiment_rig:    Flow=32, flow_size_B=1000000, num_byteloads=100, len(byteload_size_B_list)=100
INFO:dale_experiment_rig:
  Generating intervals for flow=32
INFO:dale_experiment_rig:
  Generating flow size for flow=33
DEBUG:dale_experiment_rig:    Flow=33, flow_size_B=1000000, num_byteloads=100, len(byteload_size_B_list)=100
INFO:dale_experiment_rig:
  Generating intervals for flow=33
INFO:dale_experiment_rig:
  Generating flow size for flow=34
DEBUG:dale_experiment_rig:    Flow=34, flow_size_B=1000000, num_byteloads=100, len(byteload_size_B_list)=100
INFO:dale_experiment_rig:
  Generating intervals for flow=34
INFO:dale_experiment_rig:
  Generating flow size for flow=35
DEBUG:dale_experiment_rig:    Flow=35, flow_size_B=1000000, num_byteloads=100, len(byteload_size_B_list)=100
INFO:dale_experiment_rig:
  Generating intervals for flow=35
INFO:dale_experiment_rig:
  Generating flow size for flow=36
DEBUG:dale_experiment_rig:    Flow=36, flow_size_B=1000000, num_byteloads=100, len(byteload_size_B_list)=100
INFO:dale_experiment_rig:
  Generating intervals for flow=36
INFO:dale_experiment_rig:
  Generating flow size for flow=37
DEBUG:dale_experiment_rig:    Flow=37, flow_size_B=1000000, num_byteloads=100, len(byteload_size_B_list)=100
INFO:dale_experiment_rig:
  Generating intervals for flow=37
INFO:dale_experiment_rig:
  Generating flow size for flow=38
DEBUG:dale_experiment_rig:    Flow=38, flow_size_B=1000000, num_byteloads=100, len(byteload_size_B_list)=100
INFO:dale_experiment_rig:
  Generating intervals for flow=38
INFO:dale_experiment_rig:
  Generating flow size for flow=39
DEBUG:dale_experiment_rig:    Flow=39, flow_size_B=1000000, num_byteloads=100, len(byteload_size_B_list)=100
INFO:dale_experiment_rig:
  Generating intervals for flow=39
INFO:__main__:
* Generating flows for experiment 4 ---
INFO:__main__:
Generating flow for src_dst_pair=(0, 1)
INFO:dale_experiment_rig:
  Generating flow size for flow=0
DEBUG:dale_experiment_rig:    Flow=0, flow_size_B=1000000, num_byteloads=20, len(byteload_size_B_list)=20
INFO:dale_experiment_rig:
  Generating intervals for flow=0
INFO:dale_experiment_rig:
  Generating flow size for flow=1
DEBUG:dale_experiment_rig:    Flow=1, flow_size_B=1000000, num_byteloads=20, len(byteload_size_B_list)=20
INFO:dale_experiment_rig:
  Generating intervals for flow=1
INFO:dale_experiment_rig:
  Generating flow size for flow=2
DEBUG:dale_experiment_rig:    Flow=2, flow_size_B=1000000, num_byteloads=20, len(byteload_size_B_list)=20
INFO:dale_experiment_rig:
  Generating intervals for flow=2
INFO:dale_experiment_rig:
  Generating flow size for flow=3
DEBUG:dale_experiment_rig:    Flow=3, flow_size_B=1000000, num_byteloads=20, len(byteload_size_B_list)=20
INFO:dale_experiment_rig:
  Generating intervals for flow=3
INFO:dale_experiment_rig:
  Generating flow size for flow=4
DEBUG:dale_experiment_rig:    Flow=4, flow_size_B=1000000, num_byteloads=20, len(byteload_size_B_list)=20
INFO:dale_experiment_rig:
  Generating intervals for flow=4
INFO:dale_experiment_rig:
  Generating flow size for flow=5
DEBUG:dale_experiment_rig:    Flow=5, flow_size_B=1000000, num_byteloads=20, len(byteload_size_B_list)=20
INFO:dale_experiment_rig:
  Generating intervals for flow=5
INFO:dale_experiment_rig:
  Generating flow size for flow=6
DEBUG:dale_experiment_rig:    Flow=6, flow_size_B=1000000, num_byteloads=20, len(byteload_size_B_list)=20
INFO:dale_experiment_rig:
  Generating intervals for flow=6
INFO:dale_experiment_rig:
  Generating flow size for flow=7
DEBUG:dale_experiment_rig:    Flow=7, flow_size_B=1000000, num_byteloads=20, len(byteload_size_B_list)=20
INFO:dale_experiment_rig:
  Generating intervals for flow=7
INFO:dale_experiment_rig:
  Generating flow size for flow=8
DEBUG:dale_experiment_rig:    Flow=8, flow_size_B=1000000, num_byteloads=20, len(byteload_size_B_list)=20
INFO:dale_experiment_rig:
  Generating intervals for flow=8
INFO:dale_experiment_rig:
  Generating flow size for flow=9
DEBUG:dale_experiment_rig:    Flow=9, flow_size_B=1000000, num_byteloads=20, len(byteload_size_B_list)=20
INFO:dale_experiment_rig:
  Generating intervals for flow=9
INFO:dale_experiment_rig:
  Generating flow size for flow=10
DEBUG:dale_experiment_rig:    Flow=10, flow_size_B=1000000, num_byteloads=20, len(byteload_size_B_list)=20
INFO:dale_experiment_rig:
  Generating intervals for flow=10
INFO:dale_experiment_rig:
  Generating flow size for flow=11
DEBUG:dale_experiment_rig:    Flow=11, flow_size_B=1000000, num_byteloads=20, len(byteload_size_B_list)=20
INFO:dale_experiment_rig:
  Generating intervals for flow=11
INFO:dale_experiment_rig:
  Generating flow size for flow=12
DEBUG:dale_experiment_rig:    Flow=12, flow_size_B=1000000, num_byteloads=20, len(byteload_size_B_list)=20
INFO:dale_experiment_rig:
  Generating intervals for flow=12
INFO:dale_experiment_rig:
  Generating flow size for flow=13
DEBUG:dale_experiment_rig:    Flow=13, flow_size_B=1000000, num_byteloads=20, len(byteload_size_B_list)=20
INFO:dale_experiment_rig:
  Generating intervals for flow=13
INFO:dale_experiment_rig:
  Generating flow size for flow=14
DEBUG:dale_experiment_rig:    Flow=14, flow_size_B=1000000, num_byteloads=20, len(byteload_size_B_list)=20
INFO:dale_experiment_rig:
  Generating intervals for flow=14
INFO:dale_experiment_rig:
  Generating flow size for flow=15
DEBUG:dale_experiment_rig:    Flow=15, flow_size_B=1000000, num_byteloads=20, len(byteload_size_B_list)=20
INFO:dale_experiment_rig:
  Generating intervals for flow=15
INFO:dale_experiment_rig:
  Generating flow size for flow=16
DEBUG:dale_experiment_rig:    Flow=16, flow_size_B=1000000, num_byteloads=20, len(byteload_size_B_list)=20
INFO:dale_experiment_rig:
  Generating intervals for flow=16
INFO:dale_experiment_rig:
  Generating flow size for flow=17
DEBUG:dale_experiment_rig:    Flow=17, flow_size_B=1000000, num_byteloads=20, len(byteload_size_B_list)=20
INFO:dale_experiment_rig:
  Generating intervals for flow=17
INFO:dale_experiment_rig:
  Generating flow size for flow=18
DEBUG:dale_experiment_rig:    Flow=18, flow_size_B=1000000, num_byteloads=20, len(byteload_size_B_list)=20
INFO:dale_experiment_rig:
  Generating intervals for flow=18
INFO:dale_experiment_rig:
  Generating flow size for flow=19
DEBUG:dale_experiment_rig:    Flow=19, flow_size_B=1000000, num_byteloads=20, len(byteload_size_B_list)=20
INFO:dale_experiment_rig:
  Generating intervals for flow=19
INFO:dale_experiment_rig:
  Generating flow size for flow=20
DEBUG:dale_experiment_rig:    Flow=20, flow_size_B=1000000, num_byteloads=20, len(byteload_size_B_list)=20
INFO:dale_experiment_rig:
  Generating intervals for flow=20
INFO:dale_experiment_rig:
  Generating flow size for flow=21
DEBUG:dale_experiment_rig:    Flow=21, flow_size_B=1000000, num_byteloads=20, len(byteload_size_B_list)=20
INFO:dale_experiment_rig:
  Generating intervals for flow=21
INFO:dale_experiment_rig:
  Generating flow size for flow=22
DEBUG:dale_experiment_rig:    Flow=22, flow_size_B=1000000, num_byteloads=20, len(byteload_size_B_list)=20
INFO:dale_experiment_rig:
  Generating intervals for flow=22
INFO:dale_experiment_rig:
  Generating flow size for flow=23
DEBUG:dale_experiment_rig:    Flow=23, flow_size_B=1000000, num_byteloads=20, len(byteload_size_B_list)=20
INFO:dale_experiment_rig:
  Generating intervals for flow=23
INFO:dale_experiment_rig:
  Generating flow size for flow=24
DEBUG:dale_experiment_rig:    Flow=24, flow_size_B=1000000, num_byteloads=20, len(byteload_size_B_list)=20
INFO:dale_experiment_rig:
  Generating intervals for flow=24
INFO:dale_experiment_rig:
  Generating flow size for flow=25
DEBUG:dale_experiment_rig:    Flow=25, flow_size_B=1000000, num_byteloads=20, len(byteload_size_B_list)=20
INFO:dale_experiment_rig:
  Generating intervals for flow=25
INFO:dale_experiment_rig:
  Generating flow size for flow=26
DEBUG:dale_experiment_rig:    Flow=26, flow_size_B=1000000, num_byteloads=20, len(byteload_size_B_list)=20
INFO:dale_experiment_rig:
  Generating intervals for flow=26
INFO:dale_experiment_rig:
  Generating flow size for flow=27
DEBUG:dale_experiment_rig:    Flow=27, flow_size_B=1000000, num_byteloads=20, len(byteload_size_B_list)=20
INFO:dale_experiment_rig:
  Generating intervals for flow=27
INFO:dale_experiment_rig:
  Generating flow size for flow=28
DEBUG:dale_experiment_rig:    Flow=28, flow_size_B=1000000, num_byteloads=20, len(byteload_size_B_list)=20
INFO:dale_experiment_rig:
  Generating intervals for flow=28
INFO:dale_experiment_rig:
  Generating flow size for flow=29
DEBUG:dale_experiment_rig:    Flow=29, flow_size_B=1000000, num_byteloads=20, len(byteload_size_B_list)=20
INFO:dale_experiment_rig:
  Generating intervals for flow=29
INFO:dale_experiment_rig:
  Generating flow size for flow=30
DEBUG:dale_experiment_rig:    Flow=30, flow_size_B=1000000, num_byteloads=20, len(byteload_size_B_list)=20
INFO:dale_experiment_rig:
  Generating intervals for flow=30
INFO:dale_experiment_rig:
  Generating flow size for flow=31
DEBUG:dale_experiment_rig:    Flow=31, flow_size_B=1000000, num_byteloads=20, len(byteload_size_B_list)=20
INFO:dale_experiment_rig:
  Generating intervals for flow=31
INFO:dale_experiment_rig:
  Generating flow size for flow=32
DEBUG:dale_experiment_rig:    Flow=32, flow_size_B=1000000, num_byteloads=20, len(byteload_size_B_list)=20
INFO:dale_experiment_rig:
  Generating intervals for flow=32
INFO:dale_experiment_rig:
  Generating flow size for flow=33
DEBUG:dale_experiment_rig:    Flow=33, flow_size_B=1000000, num_byteloads=20, len(byteload_size_B_list)=20
INFO:dale_experiment_rig:
  Generating intervals for flow=33
INFO:dale_experiment_rig:
  Generating flow size for flow=34
DEBUG:dale_experiment_rig:    Flow=34, flow_size_B=1000000, num_byteloads=20, len(byteload_size_B_list)=20
INFO:dale_experiment_rig:
  Generating intervals for flow=34
INFO:dale_experiment_rig:
  Generating flow size for flow=35
DEBUG:dale_experiment_rig:    Flow=35, flow_size_B=1000000, num_byteloads=20, len(byteload_size_B_list)=20
INFO:dale_experiment_rig:
  Generating intervals for flow=35
INFO:dale_experiment_rig:
  Generating flow size for flow=36
DEBUG:dale_experiment_rig:    Flow=36, flow_size_B=1000000, num_byteloads=20, len(byteload_size_B_list)=20
INFO:dale_experiment_rig:
  Generating intervals for flow=36
INFO:dale_experiment_rig:
  Generating flow size for flow=37
DEBUG:dale_experiment_rig:    Flow=37, flow_size_B=1000000, num_byteloads=20, len(byteload_size_B_list)=20
INFO:dale_experiment_rig:
  Generating intervals for flow=37
INFO:dale_experiment_rig:
  Generating flow size for flow=38
DEBUG:dale_experiment_rig:    Flow=38, flow_size_B=1000000, num_byteloads=20, len(byteload_size_B_list)=20
INFO:dale_experiment_rig:
  Generating intervals for flow=38
INFO:dale_experiment_rig:
  Generating flow size for flow=39
DEBUG:dale_experiment_rig:    Flow=39, flow_size_B=1000000, num_byteloads=20, len(byteload_size_B_list)=20
INFO:dale_experiment_rig:
  Generating intervals for flow=39
INFO:__main__:
* Generating flows for experiment 5 ---
INFO:__main__:
Generating flow for src_dst_pair=(0, 1)
INFO:dale_experiment_rig:
  Generating flow size for flow=0
DEBUG:dale_experiment_rig:    Flow=0, flow_size_B=1000000, num_byteloads=10, len(byteload_size_B_list)=10
INFO:dale_experiment_rig:
  Generating intervals for flow=0
INFO:dale_experiment_rig:
  Generating flow size for flow=1
DEBUG:dale_experiment_rig:    Flow=1, flow_size_B=1000000, num_byteloads=10, len(byteload_size_B_list)=10
INFO:dale_experiment_rig:
  Generating intervals for flow=1
INFO:dale_experiment_rig:
  Generating flow size for flow=2
DEBUG:dale_experiment_rig:    Flow=2, flow_size_B=1000000, num_byteloads=10, len(byteload_size_B_list)=10
INFO:dale_experiment_rig:
  Generating intervals for flow=2
INFO:dale_experiment_rig:
  Generating flow size for flow=3
DEBUG:dale_experiment_rig:    Flow=3, flow_size_B=1000000, num_byteloads=10, len(byteload_size_B_list)=10
INFO:dale_experiment_rig:
  Generating intervals for flow=3
INFO:dale_experiment_rig:
  Generating flow size for flow=4
DEBUG:dale_experiment_rig:    Flow=4, flow_size_B=1000000, num_byteloads=10, len(byteload_size_B_list)=10
INFO:dale_experiment_rig:
  Generating intervals for flow=4
INFO:dale_experiment_rig:
  Generating flow size for flow=5
DEBUG:dale_experiment_rig:    Flow=5, flow_size_B=1000000, num_byteloads=10, len(byteload_size_B_list)=10
INFO:dale_experiment_rig:
  Generating intervals for flow=5
INFO:dale_experiment_rig:
  Generating flow size for flow=6
DEBUG:dale_experiment_rig:    Flow=6, flow_size_B=1000000, num_byteloads=10, len(byteload_size_B_list)=10
INFO:dale_experiment_rig:
  Generating intervals for flow=6
INFO:dale_experiment_rig:
  Generating flow size for flow=7
DEBUG:dale_experiment_rig:    Flow=7, flow_size_B=1000000, num_byteloads=10, len(byteload_size_B_list)=10
INFO:dale_experiment_rig:
  Generating intervals for flow=7
INFO:dale_experiment_rig:
  Generating flow size for flow=8
DEBUG:dale_experiment_rig:    Flow=8, flow_size_B=1000000, num_byteloads=10, len(byteload_size_B_list)=10
INFO:dale_experiment_rig:
  Generating intervals for flow=8
INFO:dale_experiment_rig:
  Generating flow size for flow=9
DEBUG:dale_experiment_rig:    Flow=9, flow_size_B=1000000, num_byteloads=10, len(byteload_size_B_list)=10
INFO:dale_experiment_rig:
  Generating intervals for flow=9
INFO:dale_experiment_rig:
  Generating flow size for flow=10
DEBUG:dale_experiment_rig:    Flow=10, flow_size_B=1000000, num_byteloads=10, len(byteload_size_B_list)=10
INFO:dale_experiment_rig:
  Generating intervals for flow=10
INFO:dale_experiment_rig:
  Generating flow size for flow=11
DEBUG:dale_experiment_rig:    Flow=11, flow_size_B=1000000, num_byteloads=10, len(byteload_size_B_list)=10
INFO:dale_experiment_rig:
  Generating intervals for flow=11
INFO:dale_experiment_rig:
  Generating flow size for flow=12
DEBUG:dale_experiment_rig:    Flow=12, flow_size_B=1000000, num_byteloads=10, len(byteload_size_B_list)=10
INFO:dale_experiment_rig:
  Generating intervals for flow=12
INFO:dale_experiment_rig:
  Generating flow size for flow=13
DEBUG:dale_experiment_rig:    Flow=13, flow_size_B=1000000, num_byteloads=10, len(byteload_size_B_list)=10
INFO:dale_experiment_rig:
  Generating intervals for flow=13
INFO:dale_experiment_rig:
  Generating flow size for flow=14
DEBUG:dale_experiment_rig:    Flow=14, flow_size_B=1000000, num_byteloads=10, len(byteload_size_B_list)=10
INFO:dale_experiment_rig:
  Generating intervals for flow=14
INFO:dale_experiment_rig:
  Generating flow size for flow=15
DEBUG:dale_experiment_rig:    Flow=15, flow_size_B=1000000, num_byteloads=10, len(byteload_size_B_list)=10
INFO:dale_experiment_rig:
  Generating intervals for flow=15
INFO:dale_experiment_rig:
  Generating flow size for flow=16
DEBUG:dale_experiment_rig:    Flow=16, flow_size_B=1000000, num_byteloads=10, len(byteload_size_B_list)=10
INFO:dale_experiment_rig:
  Generating intervals for flow=16
INFO:dale_experiment_rig:
  Generating flow size for flow=17
DEBUG:dale_experiment_rig:    Flow=17, flow_size_B=1000000, num_byteloads=10, len(byteload_size_B_list)=10
INFO:dale_experiment_rig:
  Generating intervals for flow=17
INFO:dale_experiment_rig:
  Generating flow size for flow=18
DEBUG:dale_experiment_rig:    Flow=18, flow_size_B=1000000, num_byteloads=10, len(byteload_size_B_list)=10
INFO:dale_experiment_rig:
  Generating intervals for flow=18
INFO:dale_experiment_rig:
  Generating flow size for flow=19
DEBUG:dale_experiment_rig:    Flow=19, flow_size_B=1000000, num_byteloads=10, len(byteload_size_B_list)=10
INFO:dale_experiment_rig:
  Generating intervals for flow=19
INFO:dale_experiment_rig:
  Generating flow size for flow=20
DEBUG:dale_experiment_rig:    Flow=20, flow_size_B=1000000, num_byteloads=10, len(byteload_size_B_list)=10
INFO:dale_experiment_rig:
  Generating intervals for flow=20
INFO:dale_experiment_rig:
  Generating flow size for flow=21
DEBUG:dale_experiment_rig:    Flow=21, flow_size_B=1000000, num_byteloads=10, len(byteload_size_B_list)=10
INFO:dale_experiment_rig:
  Generating intervals for flow=21
INFO:dale_experiment_rig:
  Generating flow size for flow=22
DEBUG:dale_experiment_rig:    Flow=22, flow_size_B=1000000, num_byteloads=10, len(byteload_size_B_list)=10
INFO:dale_experiment_rig:
  Generating intervals for flow=22
INFO:dale_experiment_rig:
  Generating flow size for flow=23
DEBUG:dale_experiment_rig:    Flow=23, flow_size_B=1000000, num_byteloads=10, len(byteload_size_B_list)=10
INFO:dale_experiment_rig:
  Generating intervals for flow=23
INFO:dale_experiment_rig:
  Generating flow size for flow=24
DEBUG:dale_experiment_rig:    Flow=24, flow_size_B=1000000, num_byteloads=10, len(byteload_size_B_list)=10
INFO:dale_experiment_rig:
  Generating intervals for flow=24
INFO:dale_experiment_rig:
  Generating flow size for flow=25
DEBUG:dale_experiment_rig:    Flow=25, flow_size_B=1000000, num_byteloads=10, len(byteload_size_B_list)=10
INFO:dale_experiment_rig:
  Generating intervals for flow=25
INFO:dale_experiment_rig:
  Generating flow size for flow=26
DEBUG:dale_experiment_rig:    Flow=26, flow_size_B=1000000, num_byteloads=10, len(byteload_size_B_list)=10
INFO:dale_experiment_rig:
  Generating intervals for flow=26
INFO:dale_experiment_rig:
  Generating flow size for flow=27
DEBUG:dale_experiment_rig:    Flow=27, flow_size_B=1000000, num_byteloads=10, len(byteload_size_B_list)=10
INFO:dale_experiment_rig:
  Generating intervals for flow=27
INFO:dale_experiment_rig:
  Generating flow size for flow=28
DEBUG:dale_experiment_rig:    Flow=28, flow_size_B=1000000, num_byteloads=10, len(byteload_size_B_list)=10
INFO:dale_experiment_rig:
  Generating intervals for flow=28
INFO:dale_experiment_rig:
  Generating flow size for flow=29
DEBUG:dale_experiment_rig:    Flow=29, flow_size_B=1000000, num_byteloads=10, len(byteload_size_B_list)=10
INFO:dale_experiment_rig:
  Generating intervals for flow=29
INFO:dale_experiment_rig:
  Generating flow size for flow=30
DEBUG:dale_experiment_rig:    Flow=30, flow_size_B=1000000, num_byteloads=10, len(byteload_size_B_list)=10
INFO:dale_experiment_rig:
  Generating intervals for flow=30
INFO:dale_experiment_rig:
  Generating flow size for flow=31
DEBUG:dale_experiment_rig:    Flow=31, flow_size_B=1000000, num_byteloads=10, len(byteload_size_B_list)=10
INFO:dale_experiment_rig:
  Generating intervals for flow=31
INFO:dale_experiment_rig:
  Generating flow size for flow=32
DEBUG:dale_experiment_rig:    Flow=32, flow_size_B=1000000, num_byteloads=10, len(byteload_size_B_list)=10
INFO:dale_experiment_rig:
  Generating intervals for flow=32
INFO:dale_experiment_rig:
  Generating flow size for flow=33
DEBUG:dale_experiment_rig:    Flow=33, flow_size_B=1000000, num_byteloads=10, len(byteload_size_B_list)=10
INFO:dale_experiment_rig:
  Generating intervals for flow=33
INFO:dale_experiment_rig:
  Generating flow size for flow=34
DEBUG:dale_experiment_rig:    Flow=34, flow_size_B=1000000, num_byteloads=10, len(byteload_size_B_list)=10
INFO:dale_experiment_rig:
  Generating intervals for flow=34
INFO:dale_experiment_rig:
  Generating flow size for flow=35
DEBUG:dale_experiment_rig:    Flow=35, flow_size_B=1000000, num_byteloads=10, len(byteload_size_B_list)=10
INFO:dale_experiment_rig:
  Generating intervals for flow=35
INFO:dale_experiment_rig:
  Generating flow size for flow=36
DEBUG:dale_experiment_rig:    Flow=36, flow_size_B=1000000, num_byteloads=10, len(byteload_size_B_list)=10
INFO:dale_experiment_rig:
  Generating intervals for flow=36
INFO:dale_experiment_rig:
  Generating flow size for flow=37
DEBUG:dale_experiment_rig:    Flow=37, flow_size_B=1000000, num_byteloads=10, len(byteload_size_B_list)=10
INFO:dale_experiment_rig:
  Generating intervals for flow=37
INFO:dale_experiment_rig:
  Generating flow size for flow=38
DEBUG:dale_experiment_rig:    Flow=38, flow_size_B=1000000, num_byteloads=10, len(byteload_size_B_list)=10
INFO:dale_experiment_rig:
  Generating intervals for flow=38
INFO:dale_experiment_rig:
  Generating flow size for flow=39
DEBUG:dale_experiment_rig:    Flow=39, flow_size_B=1000000, num_byteloads=10, len(byteload_size_B_list)=10
INFO:dale_experiment_rig:
  Generating intervals for flow=39
INFO:__main__:Protos tested: ['SSIRD', 'DCTCP-50', 'ExpressPass']
INFO:__main__:Topo Yaml File: 6-hosts-dumbbell.yaml
INFO:__main__:Src-Dst pairs list: [(0, 1)]
INFO:__main__:Num Flows: [40, 40, 40, 40, 40, 40]
INFO:__main__:Byteload Size (B): [500, 1000, 5000, 10000, 50000, 100000]
INFO:__main__:Flow size distr workload: ['NA', 'NA', 'NA', 'NA', 'NA', 'NA']
INFO:__main__:Target Mean Byteload Interval (ns): [5000, 10000, 50000, 100000, 500000, 1000000]
INFO:__main__:  is_use_poisson_byteload_intervals=False
INFO:__main__:Target Mean Flow Interarrival (ns): 0
INFO:__main__:  is_use_poisson_flow_interarr=False
INFO:__main__:Target Flow Rate (Gbps): 0.7999999999999999
INFO:__main__:Num Byteloads: [2000, 2000, 2000, 2000, 2000, 2000, 2000, 2000, 2000, 2000, 2000, 2000, 2000, 2000, 2000, 2000, 2000, 2000, 2000, 2000, 2000, 2000, 2000, 2000, 2000, 2000, 2000, 2000, 2000, 2000, 2000, 2000, 2000, 2000, 2000, 2000, 2000, 2000, 2000, 2000, 1000, 1000, 1000, 1000, 1000, 1000, 1000, 1000, 1000, 1000, 1000, 1000, 1000, 1000, 1000, 1000, 1000, 1000, 1000, 1000, 1000, 1000, 1000, 1000, 1000, 1000, 1000, 1000, 1000, 1000, 1000, 1000, 1000, 1000, 1000, 1000, 1000, 1000, 1000, 1000, 200, 200, 200, 200, 200, 200, 200, 200, 200, 200, 200, 200, 200, 200, 200, 200, 200, 200, 200, 200, 200, 200, 200, 200, 200, 200, 200, 200, 200, 200, 200, 200, 200, 200, 200, 200, 200, 200, 200, 200, 100, 100, 100, 100, 100, 100, 100, 100, 100, 100, 100, 100, 100, 100, 100, 100, 100, 100, 100, 100, 100, 100, 100, 100, 100, 100, 100, 100, 100, 100, 100, 100, 100, 100, 100, 100, 100, 100, 100, 100, 20, 20, 20, 20, 20, 20, 20, 20, 20, 20, 20, 20, 20, 20, 20, 20, 20, 20, 20, 20, 20, 20, 20, 20, 20, 20, 20, 20, 20, 20, 20, 20, 20, 20, 20, 20, 20, 20, 20, 20, 10, 10, 10, 10, 10, 10, 10, 10, 10, 10, 10, 10, 10, 10, 10, 10, 10, 10, 10, 10, 10, 10, 10, 10, 10, 10, 10, 10, 10, 10, 10, 10, 10, 10, 10, 10, 10, 10, 10, 10]
INFO:__main__:Flow Start Times (us): [{(0, 1): [0.0, 0.0, 0.0, 0.0, 0.0, 0.0, 0.0, 0.0, 0.0, 0.0, 0.0, 0.0, 0.0, 0.0, 0.0, 0.0, 0.0, 0.0, 0.0, 0.0, 0.0, 0.0, 0.0, 0.0, 0.0, 0.0, 0.0, 0.0, 0.0, 0.0, 0.0, 0.0, 0.0, 0.0, 0.0, 0.0, 0.0, 0.0, 0.0, 0.0]}, {(0, 1): [0.0, 0.0, 0.0, 0.0, 0.0, 0.0, 0.0, 0.0, 0.0, 0.0, 0.0, 0.0, 0.0, 0.0, 0.0, 0.0, 0.0, 0.0, 0.0, 0.0, 0.0, 0.0, 0.0, 0.0, 0.0, 0.0, 0.0, 0.0, 0.0, 0.0, 0.0, 0.0, 0.0, 0.0, 0.0, 0.0, 0.0, 0.0, 0.0, 0.0]}, {(0, 1): [0.0, 0.0, 0.0, 0.0, 0.0, 0.0, 0.0, 0.0, 0.0, 0.0, 0.0, 0.0, 0.0, 0.0, 0.0, 0.0, 0.0, 0.0, 0.0, 0.0, 0.0, 0.0, 0.0, 0.0, 0.0, 0.0, 0.0, 0.0, 0.0, 0.0, 0.0, 0.0, 0.0, 0.0, 0.0, 0.0, 0.0, 0.0, 0.0, 0.0]}, {(0, 1): [0.0, 0.0, 0.0, 0.0, 0.0, 0.0, 0.0, 0.0, 0.0, 0.0, 0.0, 0.0, 0.0, 0.0, 0.0, 0.0, 0.0, 0.0, 0.0, 0.0, 0.0, 0.0, 0.0, 0.0, 0.0, 0.0, 0.0, 0.0, 0.0, 0.0, 0.0, 0.0, 0.0, 0.0, 0.0, 0.0, 0.0, 0.0, 0.0, 0.0]}, {(0, 1): [0.0, 0.0, 0.0, 0.0, 0.0, 0.0, 0.0, 0.0, 0.0, 0.0, 0.0, 0.0, 0.0, 0.0, 0.0, 0.0, 0.0, 0.0, 0.0, 0.0, 0.0, 0.0, 0.0, 0.0, 0.0, 0.0, 0.0, 0.0, 0.0, 0.0, 0.0, 0.0, 0.0, 0.0, 0.0, 0.0, 0.0, 0.0, 0.0, 0.0]}, {(0, 1): [0.0, 0.0, 0.0, 0.0, 0.0, 0.0, 0.0, 0.0, 0.0, 0.0, 0.0, 0.0, 0.0, 0.0, 0.0, 0.0, 0.0, 0.0, 0.0, 0.0, 0.0, 0.0, 0.0, 0.0, 0.0, 0.0, 0.0, 0.0, 0.0, 0.0, 0.0, 0.0, 0.0, 0.0, 0.0, 0.0, 0.0, 0.0, 0.0, 0.0]}]
INFO:__main__:Flow Rate (Gbps): [0.8, 0.8, 0.8, 0.8, 0.8, 0.8, 0.8, 0.8, 0.8, 0.8, 0.8, 0.8, 0.8, 0.8, 0.8, 0.8, 0.8, 0.8, 0.8, 0.8, 0.8, 0.8, 0.8, 0.8, 0.8, 0.8, 0.8, 0.8, 0.8, 0.8, 0.8, 0.8, 0.8, 0.8, 0.8, 0.8, 0.8, 0.8, 0.8, 0.8, 0.8, 0.8, 0.8, 0.8, 0.8, 0.8, 0.8, 0.8, 0.8, 0.8, 0.8, 0.8, 0.8, 0.8, 0.8, 0.8, 0.8, 0.8, 0.8, 0.8, 0.8, 0.8, 0.8, 0.8, 0.8, 0.8, 0.8, 0.8, 0.8, 0.8, 0.8, 0.8, 0.8, 0.8, 0.8, 0.8, 0.8, 0.8, 0.8, 0.8, 0.8, 0.8, 0.8, 0.8, 0.8, 0.8, 0.8, 0.8, 0.8, 0.8, 0.8, 0.8, 0.8, 0.8, 0.8, 0.8, 0.8, 0.8, 0.8, 0.8, 0.8, 0.8, 0.8, 0.8, 0.8, 0.8, 0.8, 0.8, 0.8, 0.8, 0.8, 0.8, 0.8, 0.8, 0.8, 0.8, 0.8, 0.8, 0.8, 0.8, 0.8, 0.8, 0.8, 0.8, 0.8, 0.8, 0.8, 0.8, 0.8, 0.8, 0.8, 0.8, 0.8, 0.8, 0.8, 0.8, 0.8, 0.8, 0.8, 0.8, 0.8, 0.8, 0.8, 0.8, 0.8, 0.8, 0.8, 0.8, 0.8, 0.8, 0.8, 0.8, 0.8, 0.8, 0.8, 0.8, 0.8, 0.8, 0.8, 0.8, 0.8, 0.8, 0.8, 0.8, 0.8, 0.8, 0.8, 0.8, 0.8, 0.8, 0.8, 0.8, 0.8, 0.8, 0.8, 0.8, 0.8, 0.8, 0.8, 0.8, 0.8, 0.8, 0.8, 0.8, 0.8, 0.8, 0.8, 0.8, 0.8, 0.8, 0.8, 0.8, 0.8, 0.8, 0.8, 0.8, 0.8, 0.8, 0.8, 0.8, 0.8, 0.8, 0.8, 0.8, 0.8, 0.8, 0.8, 0.8, 0.8, 0.8, 0.8, 0.8, 0.8, 0.8, 0.8, 0.8, 0.8, 0.8, 0.8, 0.8, 0.8, 0.8, 0.8, 0.8, 0.8, 0.8, 0.8, 0.8, 0.8, 0.8, 0.8, 0.8, 0.8, 0.8, 0.8, 0.8, 0.8, 0.8, 0.8, 0.8]
INFO:__main__:Flow Size (B): [1000000, 1000000, 1000000, 1000000, 1000000, 1000000, 1000000, 1000000, 1000000, 1000000, 1000000, 1000000, 1000000, 1000000, 1000000, 1000000, 1000000, 1000000, 1000000, 1000000, 1000000, 1000000, 1000000, 1000000, 1000000, 1000000, 1000000, 1000000, 1000000, 1000000, 1000000, 1000000, 1000000, 1000000, 1000000, 1000000, 1000000, 1000000, 1000000, 1000000, 1000000, 1000000, 1000000, 1000000, 1000000, 1000000, 1000000, 1000000, 1000000, 1000000, 1000000, 1000000, 1000000, 1000000, 1000000, 1000000, 1000000, 1000000, 1000000, 1000000, 1000000, 1000000, 1000000, 1000000, 1000000, 1000000, 1000000, 1000000, 1000000, 1000000, 1000000, 1000000, 1000000, 1000000, 1000000, 1000000, 1000000, 1000000, 1000000, 1000000, 1000000, 1000000, 1000000, 1000000, 1000000, 1000000, 1000000, 1000000, 1000000, 1000000, 1000000, 1000000, 1000000, 1000000, 1000000, 1000000, 1000000, 1000000, 1000000, 1000000, 1000000, 1000000, 1000000, 1000000, 1000000, 1000000, 1000000, 1000000, 1000000, 1000000, 1000000, 1000000, 1000000, 1000000, 1000000, 1000000, 1000000, 1000000, 1000000, 1000000, 1000000, 1000000, 1000000, 1000000, 1000000, 1000000, 1000000, 1000000, 1000000, 1000000, 1000000, 1000000, 1000000, 1000000, 1000000, 1000000, 1000000, 1000000, 1000000, 1000000, 1000000, 1000000, 1000000, 1000000, 1000000, 1000000, 1000000, 1000000, 1000000, 1000000, 1000000, 1000000, 1000000, 1000000, 1000000, 1000000, 1000000, 1000000, 1000000, 1000000, 1000000, 1000000, 1000000, 1000000, 1000000, 1000000, 1000000, 1000000, 1000000, 1000000, 1000000, 1000000, 1000000, 1000000, 1000000, 1000000, 1000000, 1000000, 1000000, 1000000, 1000000, 1000000, 1000000, 1000000, 1000000, 1000000, 1000000, 1000000, 1000000, 1000000, 1000000, 1000000, 1000000, 1000000, 1000000, 1000000, 1000000, 1000000, 1000000, 1000000, 1000000, 1000000, 1000000, 1000000, 1000000, 1000000, 1000000, 1000000, 1000000, 1000000, 1000000, 1000000, 1000000, 1000000, 1000000, 1000000, 1000000, 1000000, 1000000, 1000000, 1000000, 1000000, 1000000, 1000000, 1000000, 1000000, 1000000, 1000000, 1000000, 1000000, 1000000, 1000000, 1000000, 1000000, 1000000, 1000000, 1000000, 1000000, 1000000, 1000000]
INFO:__main__:Flow Send Durations (us): [9995.0, 9995.0, 9995.0, 9995.0, 9995.0, 9995.0, 9995.0, 9995.0, 9995.0, 9995.0, 9995.0, 9995.0, 9995.0, 9995.0, 9995.0, 9995.0, 9995.0, 9995.0, 9995.0, 9995.0, 9995.0, 9995.0, 9995.0, 9995.0, 9995.0, 9995.0, 9995.0, 9995.0, 9995.0, 9995.0, 9995.0, 9995.0, 9995.0, 9995.0, 9995.0, 9995.0, 9995.0, 9995.0, 9995.0, 9995.0, 9990.0, 9990.0, 9990.0, 9990.0, 9990.0, 9990.0, 9990.0, 9990.0, 9990.0, 9990.0, 9990.0, 9990.0, 9990.0, 9990.0, 9990.0, 9990.0, 9990.0, 9990.0, 9990.0, 9990.0, 9990.0, 9990.0, 9990.0, 9990.0, 9990.0, 9990.0, 9990.0, 9990.0, 9990.0, 9990.0, 9990.0, 9990.0, 9990.0, 9990.0, 9990.0, 9990.0, 9990.0, 9990.0, 9990.0, 9990.0, 9950.0, 9950.0, 9950.0, 9950.0, 9950.0, 9950.0, 9950.0, 9950.0, 9950.0, 9950.0, 9950.0, 9950.0, 9950.0, 9950.0, 9950.0, 9950.0, 9950.0, 9950.0, 9950.0, 9950.0, 9950.0, 9950.0, 9950.0, 9950.0, 9950.0, 9950.0, 9950.0, 9950.0, 9950.0, 9950.0, 9950.0, 9950.0, 9950.0, 9950.0, 9950.0, 9950.0, 9950.0, 9950.0, 9950.0, 9950.0, 9900.0, 9900.0, 9900.0, 9900.0, 9900.0, 9900.0, 9900.0, 9900.0, 9900.0, 9900.0, 9900.0, 9900.0, 9900.0, 9900.0, 9900.0, 9900.0, 9900.0, 9900.0, 9900.0, 9900.0, 9900.0, 9900.0, 9900.0, 9900.0, 9900.0, 9900.0, 9900.0, 9900.0, 9900.0, 9900.0, 9900.0, 9900.0, 9900.0, 9900.0, 9900.0, 9900.0, 9900.0, 9900.0, 9900.0, 9900.0, 9500.0, 9500.0, 9500.0, 9500.0, 9500.0, 9500.0, 9500.0, 9500.0, 9500.0, 9500.0, 9500.0, 9500.0, 9500.0, 9500.0, 9500.0, 9500.0, 9500.0, 9500.0, 9500.0, 9500.0, 9500.0, 9500.0, 9500.0, 9500.0, 9500.0, 9500.0, 9500.0, 9500.0, 9500.0, 9500.0, 9500.0, 9500.0, 9500.0, 9500.0, 9500.0, 9500.0, 9500.0, 9500.0, 9500.0, 9500.0, 9000.0, 9000.0, 9000.0, 9000.0, 9000.0, 9000.0, 9000.0, 9000.0, 9000.0, 9000.0, 9000.0, 9000.0, 9000.0, 9000.0, 9000.0, 9000.0, 9000.0, 9000.0, 9000.0, 9000.0, 9000.0, 9000.0, 9000.0, 9000.0, 9000.0, 9000.0, 9000.0, 9000.0, 9000.0, 9000.0, 9000.0, 9000.0, 9000.0, 9000.0, 9000.0, 9000.0, 9000.0, 9000.0, 9000.0, 9000.0]
INFO:__main__:Flow Min Byteload Size (B): [500, 500, 500, 500, 500, 500, 500, 500, 500, 500, 500, 500, 500, 500, 500, 500, 500, 500, 500, 500, 500, 500, 500, 500, 500, 500, 500, 500, 500, 500, 500, 500, 500, 500, 500, 500, 500, 500, 500, 500, 1000, 1000, 1000, 1000, 1000, 1000, 1000, 1000, 1000, 1000, 1000, 1000, 1000, 1000, 1000, 1000, 1000, 1000, 1000, 1000, 1000, 1000, 1000, 1000, 1000, 1000, 1000, 1000, 1000, 1000, 1000, 1000, 1000, 1000, 1000, 1000, 1000, 1000, 1000, 1000, 5000, 5000, 5000, 5000, 5000, 5000, 5000, 5000, 5000, 5000, 5000, 5000, 5000, 5000, 5000, 5000, 5000, 5000, 5000, 5000, 5000, 5000, 5000, 5000, 5000, 5000, 5000, 5000, 5000, 5000, 5000, 5000, 5000, 5000, 5000, 5000, 5000, 5000, 5000, 5000, 10000, 10000, 10000, 10000, 10000, 10000, 10000, 10000, 10000, 10000, 10000, 10000, 10000, 10000, 10000, 10000, 10000, 10000, 10000, 10000, 10000, 10000, 10000, 10000, 10000, 10000, 10000, 10000, 10000, 10000, 10000, 10000, 10000, 10000, 10000, 10000, 10000, 10000, 10000, 10000, 50000, 50000, 50000, 50000, 50000, 50000, 50000, 50000, 50000, 50000, 50000, 50000, 50000, 50000, 50000, 50000, 50000, 50000, 50000, 50000, 50000, 50000, 50000, 50000, 50000, 50000, 50000, 50000, 50000, 50000, 50000, 50000, 50000, 50000, 50000, 50000, 50000, 50000, 50000, 50000, 100000, 100000, 100000, 100000, 100000, 100000, 100000, 100000, 100000, 100000, 100000, 100000, 100000, 100000, 100000, 100000, 100000, 100000, 100000, 100000, 100000, 100000, 100000, 100000, 100000, 100000, 100000, 100000, 100000, 100000, 100000, 100000, 100000, 100000, 100000, 100000, 100000, 100000, 100000, 100000]
INFO:__main__:Flow Max Byteload Size (B): [500, 500, 500, 500, 500, 500, 500, 500, 500, 500, 500, 500, 500, 500, 500, 500, 500, 500, 500, 500, 500, 500, 500, 500, 500, 500, 500, 500, 500, 500, 500, 500, 500, 500, 500, 500, 500, 500, 500, 500, 1000, 1000, 1000, 1000, 1000, 1000, 1000, 1000, 1000, 1000, 1000, 1000, 1000, 1000, 1000, 1000, 1000, 1000, 1000, 1000, 1000, 1000, 1000, 1000, 1000, 1000, 1000, 1000, 1000, 1000, 1000, 1000, 1000, 1000, 1000, 1000, 1000, 1000, 1000, 1000, 5000, 5000, 5000, 5000, 5000, 5000, 5000, 5000, 5000, 5000, 5000, 5000, 5000, 5000, 5000, 5000, 5000, 5000, 5000, 5000, 5000, 5000, 5000, 5000, 5000, 5000, 5000, 5000, 5000, 5000, 5000, 5000, 5000, 5000, 5000, 5000, 5000, 5000, 5000, 5000, 10000, 10000, 10000, 10000, 10000, 10000, 10000, 10000, 10000, 10000, 10000, 10000, 10000, 10000, 10000, 10000, 10000, 10000, 10000, 10000, 10000, 10000, 10000, 10000, 10000, 10000, 10000, 10000, 10000, 10000, 10000, 10000, 10000, 10000, 10000, 10000, 10000, 10000, 10000, 10000, 50000, 50000, 50000, 50000, 50000, 50000, 50000, 50000, 50000, 50000, 50000, 50000, 50000, 50000, 50000, 50000, 50000, 50000, 50000, 50000, 50000, 50000, 50000, 50000, 50000, 50000, 50000, 50000, 50000, 50000, 50000, 50000, 50000, 50000, 50000, 50000, 50000, 50000, 50000, 50000, 100000, 100000, 100000, 100000, 100000, 100000, 100000, 100000, 100000, 100000, 100000, 100000, 100000, 100000, 100000, 100000, 100000, 100000, 100000, 100000, 100000, 100000, 100000, 100000, 100000, 100000, 100000, 100000, 100000, 100000, 100000, 100000, 100000, 100000, 100000, 100000, 100000, 100000, 100000, 100000]
INFO:__main__:Flow Min Interval (us): [5.0, 5.0, 5.0, 5.0, 5.0, 5.0, 5.0, 5.0, 5.0, 5.0, 5.0, 5.0, 5.0, 5.0, 5.0, 5.0, 5.0, 5.0, 5.0, 5.0, 5.0, 5.0, 5.0, 5.0, 5.0, 5.0, 5.0, 5.0, 5.0, 5.0, 5.0, 5.0, 5.0, 5.0, 5.0, 5.0, 5.0, 5.0, 5.0, 5.0, 10.0, 10.0, 10.0, 10.0, 10.0, 10.0, 10.0, 10.0, 10.0, 10.0, 10.0, 10.0, 10.0, 10.0, 10.0, 10.0, 10.0, 10.0, 10.0, 10.0, 10.0, 10.0, 10.0, 10.0, 10.0, 10.0, 10.0, 10.0, 10.0, 10.0, 10.0, 10.0, 10.0, 10.0, 10.0, 10.0, 10.0, 10.0, 10.0, 10.0, 50.0, 50.0, 50.0, 50.0, 50.0, 50.0, 50.0, 50.0, 50.0, 50.0, 50.0, 50.0, 50.0, 50.0, 50.0, 50.0, 50.0, 50.0, 50.0, 50.0, 50.0, 50.0, 50.0, 50.0, 50.0, 50.0, 50.0, 50.0, 50.0, 50.0, 50.0, 50.0, 50.0, 50.0, 50.0, 50.0, 50.0, 50.0, 50.0, 50.0, 100.0, 100.0, 100.0, 100.0, 100.0, 100.0, 100.0, 100.0, 100.0, 100.0, 100.0, 100.0, 100.0, 100.0, 100.0, 100.0, 100.0, 100.0, 100.0, 100.0, 100.0, 100.0, 100.0, 100.0, 100.0, 100.0, 100.0, 100.0, 100.0, 100.0, 100.0, 100.0, 100.0, 100.0, 100.0, 100.0, 100.0, 100.0, 100.0, 100.0, 500.0, 500.0, 500.0, 500.0, 500.0, 500.0, 500.0, 500.0, 500.0, 500.0, 500.0, 500.0, 500.0, 500.0, 500.0, 500.0, 500.0, 500.0, 500.0, 500.0, 500.0, 500.0, 500.0, 500.0, 500.0, 500.0, 500.0, 500.0, 500.0, 500.0, 500.0, 500.0, 500.0, 500.0, 500.0, 500.0, 500.0, 500.0, 500.0, 500.0, 1000.0, 1000.0, 1000.0, 1000.0, 1000.0, 1000.0, 1000.0, 1000.0, 1000.0, 1000.0, 1000.0, 1000.0, 1000.0, 1000.0, 1000.0, 1000.0, 1000.0, 1000.0, 1000.0, 1000.0, 1000.0, 1000.0, 1000.0, 1000.0, 1000.0, 1000.0, 1000.0, 1000.0, 1000.0, 1000.0, 1000.0, 1000.0, 1000.0, 1000.0, 1000.0, 1000.0, 1000.0, 1000.0, 1000.0, 1000.0]
INFO:__main__:Flow Max Interval (us): [5.0, 5.0, 5.0, 5.0, 5.0, 5.0, 5.0, 5.0, 5.0, 5.0, 5.0, 5.0, 5.0, 5.0, 5.0, 5.0, 5.0, 5.0, 5.0, 5.0, 5.0, 5.0, 5.0, 5.0, 5.0, 5.0, 5.0, 5.0, 5.0, 5.0, 5.0, 5.0, 5.0, 5.0, 5.0, 5.0, 5.0, 5.0, 5.0, 5.0, 10.0, 10.0, 10.0, 10.0, 10.0, 10.0, 10.0, 10.0, 10.0, 10.0, 10.0, 10.0, 10.0, 10.0, 10.0, 10.0, 10.0, 10.0, 10.0, 10.0, 10.0, 10.0, 10.0, 10.0, 10.0, 10.0, 10.0, 10.0, 10.0, 10.0, 10.0, 10.0, 10.0, 10.0, 10.0, 10.0, 10.0, 10.0, 10.0, 10.0, 50.0, 50.0, 50.0, 50.0, 50.0, 50.0, 50.0, 50.0, 50.0, 50.0, 50.0, 50.0, 50.0, 50.0, 50.0, 50.0, 50.0, 50.0, 50.0, 50.0, 50.0, 50.0, 50.0, 50.0, 50.0, 50.0, 50.0, 50.0, 50.0, 50.0, 50.0, 50.0, 50.0, 50.0, 50.0, 50.0, 50.0, 50.0, 50.0, 50.0, 100.0, 100.0, 100.0, 100.0, 100.0, 100.0, 100.0, 100.0, 100.0, 100.0, 100.0, 100.0, 100.0, 100.0, 100.0, 100.0, 100.0, 100.0, 100.0, 100.0, 100.0, 100.0, 100.0, 100.0, 100.0, 100.0, 100.0, 100.0, 100.0, 100.0, 100.0, 100.0, 100.0, 100.0, 100.0, 100.0, 100.0, 100.0, 100.0, 100.0, 500.0, 500.0, 500.0, 500.0, 500.0, 500.0, 500.0, 500.0, 500.0, 500.0, 500.0, 500.0, 500.0, 500.0, 500.0, 500.0, 500.0, 500.0, 500.0, 500.0, 500.0, 500.0, 500.0, 500.0, 500.0, 500.0, 500.0, 500.0, 500.0, 500.0, 500.0, 500.0, 500.0, 500.0, 500.0, 500.0, 500.0, 500.0, 500.0, 500.0, 1000.0, 1000.0, 1000.0, 1000.0, 1000.0, 1000.0, 1000.0, 1000.0, 1000.0, 1000.0, 1000.0, 1000.0, 1000.0, 1000.0, 1000.0, 1000.0, 1000.0, 1000.0, 1000.0, 1000.0, 1000.0, 1000.0, 1000.0, 1000.0, 1000.0, 1000.0, 1000.0, 1000.0, 1000.0, 1000.0, 1000.0, 1000.0, 1000.0, 1000.0, 1000.0, 1000.0, 1000.0, 1000.0, 1000.0, 1000.0]
DEBUG:__main__:Max flow send durations (us): 9995.0
INFO:__main__:* Sim duration (SSIRD): [0.05, 0.05, 0.05, 0.05, 0.05, 0.05]
INFO:__main__:* Sim duration (DCTCP): [0.05, 0.05, 0.05, 0.05, 0.05, 0.05]
INFO:__main__:* Sim duration (XPass): [0.05, 0.05, 0.05, 0.05, 0.05, 0.05]
INFO:dale_experiment_rig:
##### RUN GROUP #####
INFO:dale_experiment_rig:SSIRD POLICY: srpt
INFO:dale_experiment_rig:Experiment started at: 2025-08-21 10:55:28.736111
INFO:dale_experiment_rig:
=====
Execute experiment FE_1rtt_delay__500Bto100KB_0pt8GbpsFlo_5usRTT_allproto__40flo-1Gbps-500B-5000ns-2025-08-21T_10-55-28Z
INFO:dale_experiment_rig:Flags: 1, 1, 1, 1, 0
INFO:dale_experiment_rig:
=====
Execute experiment FE_1rtt_delay__500Bto100KB_0pt8GbpsFlo_5usRTT_allproto__40flo-1Gbps-500B-5000ns-2025-08-21T_10-55-28Z
INFO:dale_experiment_rig:ssird_sim_duration=0.050000; dctcp_sim_duration=0.050000
INFO:dale_experiment_rig:Flags: 1, 1, 1, 1, 0
INFO:dale_experiment_rig:-----
Preparing experiment input MRIs
INFO:dale_experiment_rig:
=====
Execute experiment FE_1rtt_delay__500Bto100KB_0pt8GbpsFlo_5usRTT_allproto__40flo-1Gbps-500B-5000ns-2025-08-21T_10-55-28Z
INFO:dale_experiment_rig:ssird_sim_duration=0.050000; dctcp_sim_duration=0.050000
INFO:dale_experiment_rig:### Creating MRI inputs parent dir: /home/dh1723/SIRD-Simulator/scripts/r2p2/coord/config/manual-req-intervals/dale_experiments/FE_1rtt_delay_/
INFO:dale_experiment_rig:
=====
Execute experiment FE_1rtt_delay__500Bto100KB_0pt8GbpsFlo_5usRTT_allproto__40flo-1Gbps-1000B-10000ns-2025-08-21T_10-55-28Z
INFO:dale_experiment_rig:
=====
Execute experiment FE_1rtt_delay__500Bto100KB_0pt8GbpsFlo_5usRTT_allproto__40flo-1Gbps-1000B-10000ns-2025-08-21T_10-55-28Z
INFO:dale_experiment_rig:Flags: 1, 1, 1, 1, 0
INFO:dale_experiment_rig:-----
Preparing experiment input MRIs
INFO:dale_experiment_rig:
=====
Execute experiment FE_1rtt_delay__500Bto100KB_0pt8GbpsFlo_5usRTT_allproto__40flo-1Gbps-1000B-10000ns-2025-08-21T_10-55-28Z
INFO:dale_experiment_rig:Flags: 1, 1, 1, 1, 0
INFO:dale_experiment_rig:
=====
Execute experiment FE_1rtt_delay__500Bto100KB_0pt8GbpsFlo_5usRTT_allproto__40flo-1Gbps-5000B-50000ns-2025-08-21T_10-55-28Z
INFO:dale_experiment_rig:
=====
Execute experiment FE_1rtt_delay__500Bto100KB_0pt8GbpsFlo_5usRTT_allproto__40flo-1Gbps-5000B-50000ns-2025-08-21T_10-55-28Z
INFO:dale_experiment_rig:Flags: 1, 1, 1, 1, 0
INFO:dale_experiment_rig:
=====
Execute experiment FE_1rtt_delay__500Bto100KB_0pt8GbpsFlo_5usRTT_allproto__40flo-1Gbps-5000B-50000ns-2025-08-21T_10-55-28Z
INFO:dale_experiment_rig:ssird_sim_duration=0.050000; dctcp_sim_duration=0.050000
INFO:dale_experiment_rig:### Creating MRI inputs parent dir: /home/dh1723/SIRD-Simulator/scripts/r2p2/coord/config/manual-req-intervals/dale_experiments/FE_1rtt_delay_/
INFO:dale_experiment_rig:
=====
Execute experiment FE_1rtt_delay__500Bto100KB_0pt8GbpsFlo_5usRTT_allproto__40flo-1Gbps-10000B-100000ns-2025-08-21T_10-55-28Z
INFO:dale_experiment_rig:Flags: 1, 1, 1, 1, 0
INFO:dale_experiment_rig:
=====
Execute experiment FE_1rtt_delay__500Bto100KB_0pt8GbpsFlo_5usRTT_allproto__40flo-1Gbps-10000B-100000ns-2025-08-21T_10-55-28Z
INFO:dale_experiment_rig:ssird_sim_duration=0.050000; dctcp_sim_duration=0.050000
INFO:dale_experiment_rig:
=====
Execute experiment FE_1rtt_delay__500Bto100KB_0pt8GbpsFlo_5usRTT_allproto__40flo-1Gbps-10000B-100000ns-2025-08-21T_10-55-28Z
INFO:dale_experiment_rig:Flags: 1, 1, 1, 1, 0
INFO:dale_experiment_rig:Flags: 1, 1, 1, 1, 0
INFO:dale_experiment_rig:ssird_sim_duration=0.050000; dctcp_sim_duration=0.050000
INFO:dale_experiment_rig:-----
Preparing experiment input MRIs
INFO:dale_experiment_rig:Flags: 1, 1, 1, 1, 0
INFO:dale_experiment_rig:-----
Preparing experiment input MRIs
INFO:dale_experiment_rig:File /home/dh1723/SIRD-Simulator/scripts/r2p2/coord/config/manual-req-intervals/dale_experiments/FE_1rtt_delay_/ aready exists.
INFO:dale_experiment_rig:Flags: 1, 1, 1, 1, 0
INFO:dale_experiment_rig:ssird_sim_duration=0.050000; dctcp_sim_duration=0.050000
INFO:dale_experiment_rig:Flags: 1, 1, 1, 1, 0
INFO:dale_experiment_rig:-----
Preparing experiment input MRIs
INFO:dale_experiment_rig:Flags: 1, 1, 1, 1, 0
INFO:dale_experiment_rig:ssird_sim_duration=0.050000; dctcp_sim_duration=0.050000
INFO:dale_experiment_rig:ssird_sim_duration=0.050000; dctcp_sim_duration=0.050000
DEBUG:dale_experiment_rig:num flows: 40
INFO:dale_experiment_rig:### Creating MRI inputs parent dir: /home/dh1723/SIRD-Simulator/scripts/r2p2/coord/config/manual-req-intervals/dale_experiments/FE_1rtt_delay_/
INFO:dale_experiment_rig:ssird_sim_duration=0.050000; dctcp_sim_duration=0.050000
INFO:dale_experiment_rig:### Creating MRI inputs parent dir: /home/dh1723/SIRD-Simulator/scripts/r2p2/coord/config/manual-req-intervals/dale_experiments/FE_1rtt_delay_/
INFO:dale_experiment_rig:ssird_sim_duration=0.050000; dctcp_sim_duration=0.050000
INFO:dale_experiment_rig:-----
Preparing experiment input MRIs
INFO:dale_experiment_rig:ssird_sim_duration=0.050000; dctcp_sim_duration=0.050000
INFO:dale_experiment_rig:### Creating MRI inputs parent dir: /home/dh1723/SIRD-Simulator/scripts/r2p2/coord/config/manual-req-intervals/dale_experiments/FE_1rtt_delay_/
INFO:dale_experiment_rig:ssird_sim_duration=0.050000; dctcp_sim_duration=0.050000
INFO:dale_experiment_rig:-----
Preparing experiment input MRIs
INFO:dale_experiment_rig:-----
Preparing experiment input MRIs
INFO:dale_experiment_rig:File /home/dh1723/SIRD-Simulator/scripts/r2p2/coord/config/manual-req-intervals/dale_experiments/FE_1rtt_delay_/ aready exists.
INFO:dale_experiment_rig:-----
Preparing experiment input MRIs
DEBUG:dale_experiment_rig:num flows: 40
INFO:dale_experiment_rig:File /home/dh1723/SIRD-Simulator/scripts/r2p2/coord/config/manual-req-intervals/dale_experiments/FE_1rtt_delay_/ aready exists.
INFO:dale_experiment_rig:-----
Preparing experiment input MRIs
INFO:dale_experiment_rig:### Creating MRI inputs parent dir: /home/dh1723/SIRD-Simulator/scripts/r2p2/coord/config/manual-req-intervals/dale_experiments/FE_1rtt_delay_/
INFO:dale_experiment_rig:-----
Preparing experiment input MRIs
INFO:dale_experiment_rig:File /home/dh1723/SIRD-Simulator/scripts/r2p2/coord/config/manual-req-intervals/dale_experiments/FE_1rtt_delay_/ aready exists.
INFO:dale_experiment_rig:-----
Preparing experiment input MRIs
INFO:dale_experiment_rig:### Creating MRI inputs parent dir: /home/dh1723/SIRD-Simulator/scripts/r2p2/coord/config/manual-req-intervals/dale_experiments/FE_1rtt_delay_/
INFO:dale_experiment_rig:### Creating MRI inputs parent dir: /home/dh1723/SIRD-Simulator/scripts/r2p2/coord/config/manual-req-intervals/dale_experiments/FE_1rtt_delay_/
INFO:dale_experiment_rig:### Creating MRI inputs parent dir: /home/dh1723/SIRD-Simulator/scripts/r2p2/coord/config/manual-req-intervals/dale_experiments/FE_1rtt_delay_/
INFO:dale_experiment_rig:-----
Preparing experiment spec scripts
INFO:dale_experiment_rig:### Creating MRI inputs parent dir: /home/dh1723/SIRD-Simulator/scripts/r2p2/coord/config/manual-req-intervals/dale_experiments/FE_1rtt_delay_/
INFO:dale_experiment_rig:File /home/dh1723/SIRD-Simulator/scripts/r2p2/coord/config/manual-req-intervals/dale_experiments/FE_1rtt_delay_/ aready exists.
INFO:dale_experiment_rig:### Creating MRI inputs parent dir: /home/dh1723/SIRD-Simulator/scripts/r2p2/coord/config/manual-req-intervals/dale_experiments/FE_1rtt_delay_/
INFO:dale_experiment_rig:### Creating MRI inputs parent dir: /home/dh1723/SIRD-Simulator/scripts/r2p2/coord/config/manual-req-intervals/dale_experiments/FE_1rtt_delay_/
DEBUG:dale_experiment_rig:num flows: 40
INFO:dale_experiment_rig:File /home/dh1723/SIRD-Simulator/scripts/r2p2/coord/config/manual-req-intervals/dale_experiments/FE_1rtt_delay_/ aready exists.
INFO:dale_experiment_rig:File /home/dh1723/SIRD-Simulator/scripts/r2p2/coord/config/manual-req-intervals/dale_experiments/FE_1rtt_delay_/ aready exists.
INFO:dale_experiment_rig:File /home/dh1723/SIRD-Simulator/scripts/r2p2/coord/config/manual-req-intervals/dale_experiments/FE_1rtt_delay_/ aready exists.
INFO:dale_experiment_rig:### Creating spec scripts parent dir: /home/dh1723/SIRD-Simulator/scripts/r2p2/coord/config/dale_experiments/FE_1rtt_delay_/
INFO:dale_experiment_rig:File /home/dh1723/SIRD-Simulator/scripts/r2p2/coord/config/manual-req-intervals/dale_experiments/FE_1rtt_delay_/ aready exists.
DEBUG:dale_experiment_rig:num flows: 40
INFO:dale_experiment_rig:File /home/dh1723/SIRD-Simulator/scripts/r2p2/coord/config/manual-req-intervals/dale_experiments/FE_1rtt_delay_/ aready exists.
DEBUG:dale_experiment_rig:num flows: 40
INFO:dale_experiment_rig:File /home/dh1723/SIRD-Simulator/scripts/r2p2/coord/config/manual-req-intervals/dale_experiments/FE_1rtt_delay_/ aready exists.
DEBUG:dale_experiment_rig:num flows: 40
DEBUG:dale_experiment_rig:num flows: 40
DEBUG:dale_experiment_rig:num flows: 40
DEBUG:dale_experiment_rig:num flows: 40
INFO:dale_experiment_rig:-----
Preparing experiment spec scripts
DEBUG:dale_experiment_rig:num flows: 40
DEBUG:dale_experiment_rig:num flows: 40
INFO:dale_experiment_rig:-----
Preparing experiment spec scripts
DEBUG:dale_experiment_rig:num flows: 40
INFO:dale_experiment_rig:-----
Running experiment for SSIRD
INFO:dale_experiment_rig:-----
Preparing experiment spec scripts
INFO:dale_experiment_rig:### Creating spec scripts parent dir: /home/dh1723/SIRD-Simulator/scripts/r2p2/coord/config/dale_experiments/FE_1rtt_delay_/
INFO:dale_experiment_rig:### Creating spec scripts parent dir: /home/dh1723/SIRD-Simulator/scripts/r2p2/coord/config/dale_experiments/FE_1rtt_delay_/
INFO:dale_experiment_rig:-----
Preparing experiment spec scripts
INFO:dale_experiment_rig:-----
Preparing experiment spec scripts
INFO:dale_experiment_rig:-----
Preparing experiment spec scripts
INFO:dale_experiment_rig:-----
Preparing experiment spec scripts
INFO:dale_experiment_rig:### Script:/home/dh1723/SIRD-Simulator/scripts/r2p2/coord/config/dale_experiments/FE_1rtt_delay_/SSIRD-FE_1rtt_delay__500Bto100KB_0pt8GbpsFlo_5usRTT_allproto__40flo-1Gbps-500B-5000ns-2025-08-21T_10-55-28Z.sh
INFO:dale_experiment_rig:### Creating spec scripts parent dir: /home/dh1723/SIRD-Simulator/scripts/r2p2/coord/config/dale_experiments/FE_1rtt_delay_/
INFO:dale_experiment_rig:#### WARNING: File /home/dh1723/SIRD-Simulator/scripts/r2p2/coord/config/dale_experiments/FE_1rtt_delay_/ aready exists.
INFO:dale_experiment_rig:#### WARNING: File /home/dh1723/SIRD-Simulator/scripts/r2p2/coord/config/dale_experiments/FE_1rtt_delay_/ aready exists.
INFO:dale_experiment_rig:-----
Preparing experiment spec scripts
INFO:dale_experiment_rig:### Creating spec scripts parent dir: /home/dh1723/SIRD-Simulator/scripts/r2p2/coord/config/dale_experiments/FE_1rtt_delay_/
INFO:dale_experiment_rig:### Creating spec scripts parent dir: /home/dh1723/SIRD-Simulator/scripts/r2p2/coord/config/dale_experiments/FE_1rtt_delay_/
INFO:dale_experiment_rig:### Creating spec scripts parent dir: /home/dh1723/SIRD-Simulator/scripts/r2p2/coord/config/dale_experiments/FE_1rtt_delay_/
INFO:dale_experiment_rig:### Creating spec scripts parent dir: /home/dh1723/SIRD-Simulator/scripts/r2p2/coord/config/dale_experiments/FE_1rtt_delay_/
INFO:dale_experiment_rig:### Output path (stdout): /home/dh1723/SIRD-Simulator/scripts/r2p2/coord/outputs/FE_1rtt_delay_/ssird_FE_1rtt_delay__500Bto100KB_0pt8GbpsFlo_5usRTT_allproto__40flo-1Gbps-500B-5000ns-2025-08-21T_10-55-28Z_stdout.out
INFO:dale_experiment_rig:#### WARNING: File /home/dh1723/SIRD-Simulator/scripts/r2p2/coord/config/dale_experiments/FE_1rtt_delay_/ aready exists.
INFO:dale_experiment_rig:-----
Preparing experiment spec scripts
INFO:dale_experiment_rig:### Creating spec scripts parent dir: /home/dh1723/SIRD-Simulator/scripts/r2p2/coord/config/dale_experiments/FE_1rtt_delay_/
INFO:dale_experiment_rig:#### WARNING: File /home/dh1723/SIRD-Simulator/scripts/r2p2/coord/config/dale_experiments/FE_1rtt_delay_/ aready exists.
INFO:dale_experiment_rig:#### WARNING: File /home/dh1723/SIRD-Simulator/scripts/r2p2/coord/config/dale_experiments/FE_1rtt_delay_/ aready exists.
INFO:dale_experiment_rig:-----
Preparing experiment spec scripts
INFO:dale_experiment_rig:#### WARNING: File /home/dh1723/SIRD-Simulator/scripts/r2p2/coord/config/dale_experiments/FE_1rtt_delay_/ aready exists.
INFO:dale_experiment_rig:#### WARNING: File /home/dh1723/SIRD-Simulator/scripts/r2p2/coord/config/dale_experiments/FE_1rtt_delay_/ aready exists.
INFO:dale_experiment_rig:-----
Preparing experiment spec scripts
INFO:dale_experiment_rig:### Output path (stderr): /home/dh1723/SIRD-Simulator/scripts/r2p2/coord/outputs/FE_1rtt_delay_/ssird_FE_1rtt_delay__500Bto100KB_0pt8GbpsFlo_5usRTT_allproto__40flo-1Gbps-500B-5000ns-2025-08-21T_10-55-28Z_stderr.out
INFO:dale_experiment_rig:-----
Running experiment for DCTCP-50
INFO:dale_experiment_rig:### Creating spec scripts parent dir: /home/dh1723/SIRD-Simulator/scripts/r2p2/coord/config/dale_experiments/FE_1rtt_delay_/
INFO:dale_experiment_rig:#### WARNING: File /home/dh1723/SIRD-Simulator/scripts/r2p2/coord/config/dale_experiments/FE_1rtt_delay_/ aready exists.
INFO:dale_experiment_rig:-----
Running experiment for DCTCP-50
INFO:dale_experiment_rig:### Creating spec scripts parent dir: /home/dh1723/SIRD-Simulator/scripts/r2p2/coord/config/dale_experiments/FE_1rtt_delay_/
INFO:dale_experiment_rig:### Creating spec scripts parent dir: /home/dh1723/SIRD-Simulator/scripts/r2p2/coord/config/dale_experiments/FE_1rtt_delay_/
INFO:dale_experiment_rig:-----
Running experiment for ExpressPass
INFO:dale_experiment_rig:### Script:/home/dh1723/SIRD-Simulator/scripts/r2p2/coord/config/dale_experiments/FE_1rtt_delay_/DCTCP-50-FE_1rtt_delay__500Bto100KB_0pt8GbpsFlo_5usRTT_allproto__40flo-1Gbps-1000B-10000ns-2025-08-21T_10-55-28Z.sh
INFO:dale_experiment_rig:#### WARNING: File /home/dh1723/SIRD-Simulator/scripts/r2p2/coord/config/dale_experiments/FE_1rtt_delay_/ aready exists.
INFO:dale_experiment_rig:### Script:/home/dh1723/SIRD-Simulator/scripts/r2p2/coord/config/dale_experiments/FE_1rtt_delay_/DCTCP-50-FE_1rtt_delay__500Bto100KB_0pt8GbpsFlo_5usRTT_allproto__40flo-1Gbps-500B-5000ns-2025-08-21T_10-55-28Z.sh
INFO:dale_experiment_rig:#### WARNING: File /home/dh1723/SIRD-Simulator/scripts/r2p2/coord/config/dale_experiments/FE_1rtt_delay_/ aready exists.
INFO:dale_experiment_rig:#### WARNING: File /home/dh1723/SIRD-Simulator/scripts/r2p2/coord/config/dale_experiments/FE_1rtt_delay_/ aready exists.
INFO:dale_experiment_rig:### Script:/home/dh1723/SIRD-Simulator/scripts/r2p2/coord/config/dale_experiments/FE_1rtt_delay_/ExpressPass-FE_1rtt_delay__500Bto100KB_0pt8GbpsFlo_5usRTT_allproto__40flo-1Gbps-5000B-50000ns-2025-08-21T_10-55-28Z.sh
INFO:dale_experiment_rig:### Output path (stdout): /home/dh1723/SIRD-Simulator/scripts/r2p2/coord/outputs/FE_1rtt_delay_/DCTCP-50_FE_1rtt_delay__500Bto100KB_0pt8GbpsFlo_5usRTT_allproto__40flo-1Gbps-1000B-10000ns-2025-08-21T_10-55-28Z_stdout.out
INFO:dale_experiment_rig:-----
Running experiment for SSIRD
INFO:dale_experiment_rig:-----
Running experiment for DCTCP-50
INFO:dale_experiment_rig:### Output path (stdout): /home/dh1723/SIRD-Simulator/scripts/r2p2/coord/outputs/FE_1rtt_delay_/DCTCP-50_FE_1rtt_delay__500Bto100KB_0pt8GbpsFlo_5usRTT_allproto__40flo-1Gbps-500B-5000ns-2025-08-21T_10-55-28Z_stdout.out
INFO:dale_experiment_rig:-----
Running experiment for DCTCP-50
INFO:dale_experiment_rig:### Output path (stdout): /home/dh1723/SIRD-Simulator/scripts/r2p2/coord/outputs/FE_1rtt_delay_/ExpressPass_FE_1rtt_delay__500Bto100KB_0pt8GbpsFlo_5usRTT_allproto__40flo-1Gbps-5000B-50000ns-2025-08-21T_10-55-28Z_stdout.out
INFO:dale_experiment_rig:### Output path (stderr): /home/dh1723/SIRD-Simulator/scripts/r2p2/coord/outputs/FE_1rtt_delay_/DCTCP-50_FE_1rtt_delay__500Bto100KB_0pt8GbpsFlo_5usRTT_allproto__40flo-1Gbps-1000B-10000ns-2025-08-21T_10-55-28Z_stderr.out
INFO:dale_experiment_rig:### Script:/home/dh1723/SIRD-Simulator/scripts/r2p2/coord/config/dale_experiments/FE_1rtt_delay_/SSIRD-FE_1rtt_delay__500Bto100KB_0pt8GbpsFlo_5usRTT_allproto__40flo-1Gbps-10000B-100000ns-2025-08-21T_10-55-28Z.sh
INFO:dale_experiment_rig:-----
Running experiment for SSIRD
INFO:dale_experiment_rig:### Script:/home/dh1723/SIRD-Simulator/scripts/r2p2/coord/config/dale_experiments/FE_1rtt_delay_/DCTCP-50-FE_1rtt_delay__500Bto100KB_0pt8GbpsFlo_5usRTT_allproto__40flo-1Gbps-10000B-100000ns-2025-08-21T_10-55-28Z.sh
INFO:dale_experiment_rig:### Output path (stderr): /home/dh1723/SIRD-Simulator/scripts/r2p2/coord/outputs/FE_1rtt_delay_/DCTCP-50_FE_1rtt_delay__500Bto100KB_0pt8GbpsFlo_5usRTT_allproto__40flo-1Gbps-500B-5000ns-2025-08-21T_10-55-28Z_stderr.out
INFO:dale_experiment_rig:-----
Running experiment for ExpressPass
INFO:dale_experiment_rig:### Script:/home/dh1723/SIRD-Simulator/scripts/r2p2/coord/config/dale_experiments/FE_1rtt_delay_/DCTCP-50-FE_1rtt_delay__500Bto100KB_0pt8GbpsFlo_5usRTT_allproto__40flo-1Gbps-5000B-50000ns-2025-08-21T_10-55-28Z.sh
INFO:dale_experiment_rig:-----
Running experiment for ExpressPass
INFO:dale_experiment_rig:### Output path (stderr): /home/dh1723/SIRD-Simulator/scripts/r2p2/coord/outputs/FE_1rtt_delay_/ExpressPass_FE_1rtt_delay__500Bto100KB_0pt8GbpsFlo_5usRTT_allproto__40flo-1Gbps-5000B-50000ns-2025-08-21T_10-55-28Z_stderr.out
INFO:dale_experiment_rig:-----
Running experiment for SSIRD
INFO:dale_experiment_rig:### Output path (stdout): /home/dh1723/SIRD-Simulator/scripts/r2p2/coord/outputs/FE_1rtt_delay_/ssird_FE_1rtt_delay__500Bto100KB_0pt8GbpsFlo_5usRTT_allproto__40flo-1Gbps-10000B-100000ns-2025-08-21T_10-55-28Z_stdout.out
INFO:dale_experiment_rig:### Script:/home/dh1723/SIRD-Simulator/scripts/r2p2/coord/config/dale_experiments/FE_1rtt_delay_/SSIRD-FE_1rtt_delay__500Bto100KB_0pt8GbpsFlo_5usRTT_allproto__40flo-1Gbps-5000B-50000ns-2025-08-21T_10-55-28Z.sh
INFO:dale_experiment_rig:### Output path (stdout): /home/dh1723/SIRD-Simulator/scripts/r2p2/coord/outputs/FE_1rtt_delay_/DCTCP-50_FE_1rtt_delay__500Bto100KB_0pt8GbpsFlo_5usRTT_allproto__40flo-1Gbps-10000B-100000ns-2025-08-21T_10-55-28Z_stdout.out
INFO:dale_experiment_rig:-----
Running experiment for ExpressPass
INFO:dale_experiment_rig:### Script:/home/dh1723/SIRD-Simulator/scripts/r2p2/coord/config/dale_experiments/FE_1rtt_delay_/ExpressPass-FE_1rtt_delay__500Bto100KB_0pt8GbpsFlo_5usRTT_allproto__40flo-1Gbps-10000B-100000ns-2025-08-21T_10-55-28Z.sh
INFO:dale_experiment_rig:### Output path (stdout): /home/dh1723/SIRD-Simulator/scripts/r2p2/coord/outputs/FE_1rtt_delay_/DCTCP-50_FE_1rtt_delay__500Bto100KB_0pt8GbpsFlo_5usRTT_allproto__40flo-1Gbps-5000B-50000ns-2025-08-21T_10-55-28Z_stdout.out
INFO:dale_experiment_rig:### Script:/home/dh1723/SIRD-Simulator/scripts/r2p2/coord/config/dale_experiments/FE_1rtt_delay_/ExpressPass-FE_1rtt_delay__500Bto100KB_0pt8GbpsFlo_5usRTT_allproto__40flo-1Gbps-500B-5000ns-2025-08-21T_10-55-28Z.sh
INFO:dale_experiment_rig:### Script:/home/dh1723/SIRD-Simulator/scripts/r2p2/coord/config/dale_experiments/FE_1rtt_delay_/SSIRD-FE_1rtt_delay__500Bto100KB_0pt8GbpsFlo_5usRTT_allproto__40flo-1Gbps-1000B-10000ns-2025-08-21T_10-55-28Z.sh
INFO:dale_experiment_rig:### Output path (stderr): /home/dh1723/SIRD-Simulator/scripts/r2p2/coord/outputs/FE_1rtt_delay_/ssird_FE_1rtt_delay__500Bto100KB_0pt8GbpsFlo_5usRTT_allproto__40flo-1Gbps-10000B-100000ns-2025-08-21T_10-55-28Z_stderr.out
INFO:dale_experiment_rig:### Output path (stdout): /home/dh1723/SIRD-Simulator/scripts/r2p2/coord/outputs/FE_1rtt_delay_/ssird_FE_1rtt_delay__500Bto100KB_0pt8GbpsFlo_5usRTT_allproto__40flo-1Gbps-5000B-50000ns-2025-08-21T_10-55-28Z_stdout.out
INFO:dale_experiment_rig:### Output path (stderr): /home/dh1723/SIRD-Simulator/scripts/r2p2/coord/outputs/FE_1rtt_delay_/DCTCP-50_FE_1rtt_delay__500Bto100KB_0pt8GbpsFlo_5usRTT_allproto__40flo-1Gbps-10000B-100000ns-2025-08-21T_10-55-28Z_stderr.out
INFO:dale_experiment_rig:### Script:/home/dh1723/SIRD-Simulator/scripts/r2p2/coord/config/dale_experiments/FE_1rtt_delay_/ExpressPass-FE_1rtt_delay__500Bto100KB_0pt8GbpsFlo_5usRTT_allproto__40flo-1Gbps-1000B-10000ns-2025-08-21T_10-55-28Z.sh
INFO:dale_experiment_rig:### Output path (stdout): /home/dh1723/SIRD-Simulator/scripts/r2p2/coord/outputs/FE_1rtt_delay_/ExpressPass_FE_1rtt_delay__500Bto100KB_0pt8GbpsFlo_5usRTT_allproto__40flo-1Gbps-10000B-100000ns-2025-08-21T_10-55-28Z_stdout.out
INFO:dale_experiment_rig:### Output path (stderr): /home/dh1723/SIRD-Simulator/scripts/r2p2/coord/outputs/FE_1rtt_delay_/DCTCP-50_FE_1rtt_delay__500Bto100KB_0pt8GbpsFlo_5usRTT_allproto__40flo-1Gbps-5000B-50000ns-2025-08-21T_10-55-28Z_stderr.out
INFO:dale_experiment_rig:### Output path (stdout): /home/dh1723/SIRD-Simulator/scripts/r2p2/coord/outputs/FE_1rtt_delay_/ExpressPass_FE_1rtt_delay__500Bto100KB_0pt8GbpsFlo_5usRTT_allproto__40flo-1Gbps-500B-5000ns-2025-08-21T_10-55-28Z_stdout.out
INFO:dale_experiment_rig:### Output path (stdout): /home/dh1723/SIRD-Simulator/scripts/r2p2/coord/outputs/FE_1rtt_delay_/ssird_FE_1rtt_delay__500Bto100KB_0pt8GbpsFlo_5usRTT_allproto__40flo-1Gbps-1000B-10000ns-2025-08-21T_10-55-28Z_stdout.out
INFO:dale_experiment_rig:### Output path (stderr): /home/dh1723/SIRD-Simulator/scripts/r2p2/coord/outputs/FE_1rtt_delay_/ssird_FE_1rtt_delay__500Bto100KB_0pt8GbpsFlo_5usRTT_allproto__40flo-1Gbps-5000B-50000ns-2025-08-21T_10-55-28Z_stderr.out
INFO:dale_experiment_rig:### Output path (stdout): /home/dh1723/SIRD-Simulator/scripts/r2p2/coord/outputs/FE_1rtt_delay_/ExpressPass_FE_1rtt_delay__500Bto100KB_0pt8GbpsFlo_5usRTT_allproto__40flo-1Gbps-1000B-10000ns-2025-08-21T_10-55-28Z_stdout.out
INFO:dale_experiment_rig:### Output path (stderr): /home/dh1723/SIRD-Simulator/scripts/r2p2/coord/outputs/FE_1rtt_delay_/ExpressPass_FE_1rtt_delay__500Bto100KB_0pt8GbpsFlo_5usRTT_allproto__40flo-1Gbps-10000B-100000ns-2025-08-21T_10-55-28Z_stderr.out
INFO:dale_experiment_rig:### Output path (stderr): /home/dh1723/SIRD-Simulator/scripts/r2p2/coord/outputs/FE_1rtt_delay_/ExpressPass_FE_1rtt_delay__500Bto100KB_0pt8GbpsFlo_5usRTT_allproto__40flo-1Gbps-500B-5000ns-2025-08-21T_10-55-28Z_stderr.out
INFO:dale_experiment_rig:### Output path (stderr): /home/dh1723/SIRD-Simulator/scripts/r2p2/coord/outputs/FE_1rtt_delay_/ssird_FE_1rtt_delay__500Bto100KB_0pt8GbpsFlo_5usRTT_allproto__40flo-1Gbps-1000B-10000ns-2025-08-21T_10-55-28Z_stderr.out
INFO:dale_experiment_rig:### Output path (stderr): /home/dh1723/SIRD-Simulator/scripts/r2p2/coord/outputs/FE_1rtt_delay_/ExpressPass_FE_1rtt_delay__500Bto100KB_0pt8GbpsFlo_5usRTT_allproto__40flo-1Gbps-1000B-10000ns-2025-08-21T_10-55-28Z_stderr.out
INFO:dale_experiment_rig:
=====
Execute experiment FE_1rtt_delay__500Bto100KB_0pt8GbpsFlo_5usRTT_allproto__40flo-1Gbps-50000B-500000ns-2025-08-21T_10-55-28Z
INFO:dale_experiment_rig:Flags: 1, 1, 1, 1, 0
INFO:dale_experiment_rig:ssird_sim_duration=0.050000; dctcp_sim_duration=0.050000
INFO:dale_experiment_rig:-----
Preparing experiment input MRIs
INFO:dale_experiment_rig:### Creating MRI inputs parent dir: /home/dh1723/SIRD-Simulator/scripts/r2p2/coord/config/manual-req-intervals/dale_experiments/FE_1rtt_delay_/
INFO:dale_experiment_rig:File /home/dh1723/SIRD-Simulator/scripts/r2p2/coord/config/manual-req-intervals/dale_experiments/FE_1rtt_delay_/ aready exists.
DEBUG:dale_experiment_rig:num flows: 40
INFO:dale_experiment_rig:-----
Preparing experiment spec scripts
INFO:dale_experiment_rig:### Creating spec scripts parent dir: /home/dh1723/SIRD-Simulator/scripts/r2p2/coord/config/dale_experiments/FE_1rtt_delay_/
INFO:dale_experiment_rig:#### WARNING: File /home/dh1723/SIRD-Simulator/scripts/r2p2/coord/config/dale_experiments/FE_1rtt_delay_/ aready exists.
INFO:dale_experiment_rig:-----
Running experiment for SSIRD
INFO:dale_experiment_rig:### Script:/home/dh1723/SIRD-Simulator/scripts/r2p2/coord/config/dale_experiments/FE_1rtt_delay_/SSIRD-FE_1rtt_delay__500Bto100KB_0pt8GbpsFlo_5usRTT_allproto__40flo-1Gbps-50000B-500000ns-2025-08-21T_10-55-28Z.sh
INFO:dale_experiment_rig:### Output path (stdout): /home/dh1723/SIRD-Simulator/scripts/r2p2/coord/outputs/FE_1rtt_delay_/ssird_FE_1rtt_delay__500Bto100KB_0pt8GbpsFlo_5usRTT_allproto__40flo-1Gbps-50000B-500000ns-2025-08-21T_10-55-28Z_stdout.out
INFO:dale_experiment_rig:### Output path (stderr): /home/dh1723/SIRD-Simulator/scripts/r2p2/coord/outputs/FE_1rtt_delay_/ssird_FE_1rtt_delay__500Bto100KB_0pt8GbpsFlo_5usRTT_allproto__40flo-1Gbps-50000B-500000ns-2025-08-21T_10-55-28Z_stderr.out
INFO:dale_experiment_rig:
=====
Execute experiment FE_1rtt_delay__500Bto100KB_0pt8GbpsFlo_5usRTT_allproto__40flo-1Gbps-50000B-500000ns-2025-08-21T_10-55-28Z
INFO:dale_experiment_rig:Flags: 1, 1, 1, 1, 0
INFO:dale_experiment_rig:ssird_sim_duration=0.050000; dctcp_sim_duration=0.050000
INFO:dale_experiment_rig:-----
Preparing experiment input MRIs
INFO:dale_experiment_rig:### Creating MRI inputs parent dir: /home/dh1723/SIRD-Simulator/scripts/r2p2/coord/config/manual-req-intervals/dale_experiments/FE_1rtt_delay_/
INFO:dale_experiment_rig:File /home/dh1723/SIRD-Simulator/scripts/r2p2/coord/config/manual-req-intervals/dale_experiments/FE_1rtt_delay_/ aready exists.
DEBUG:dale_experiment_rig:num flows: 40
INFO:dale_experiment_rig:-----
Preparing experiment spec scripts
INFO:dale_experiment_rig:### Creating spec scripts parent dir: /home/dh1723/SIRD-Simulator/scripts/r2p2/coord/config/dale_experiments/FE_1rtt_delay_/
INFO:dale_experiment_rig:#### WARNING: File /home/dh1723/SIRD-Simulator/scripts/r2p2/coord/config/dale_experiments/FE_1rtt_delay_/ aready exists.
INFO:dale_experiment_rig:-----
Running experiment for DCTCP-50
INFO:dale_experiment_rig:### Script:/home/dh1723/SIRD-Simulator/scripts/r2p2/coord/config/dale_experiments/FE_1rtt_delay_/DCTCP-50-FE_1rtt_delay__500Bto100KB_0pt8GbpsFlo_5usRTT_allproto__40flo-1Gbps-50000B-500000ns-2025-08-21T_10-55-28Z.sh
INFO:dale_experiment_rig:### Output path (stdout): /home/dh1723/SIRD-Simulator/scripts/r2p2/coord/outputs/FE_1rtt_delay_/DCTCP-50_FE_1rtt_delay__500Bto100KB_0pt8GbpsFlo_5usRTT_allproto__40flo-1Gbps-50000B-500000ns-2025-08-21T_10-55-28Z_stdout.out
INFO:dale_experiment_rig:### Output path (stderr): /home/dh1723/SIRD-Simulator/scripts/r2p2/coord/outputs/FE_1rtt_delay_/DCTCP-50_FE_1rtt_delay__500Bto100KB_0pt8GbpsFlo_5usRTT_allproto__40flo-1Gbps-50000B-500000ns-2025-08-21T_10-55-28Z_stderr.out
INFO:dale_experiment_rig:
=====
Execute experiment FE_1rtt_delay__500Bto100KB_0pt8GbpsFlo_5usRTT_allproto__40flo-1Gbps-50000B-500000ns-2025-08-21T_10-55-28Z
INFO:dale_experiment_rig:Flags: 1, 1, 1, 1, 0
INFO:dale_experiment_rig:ssird_sim_duration=0.050000; dctcp_sim_duration=0.050000
INFO:dale_experiment_rig:-----
Preparing experiment input MRIs
INFO:dale_experiment_rig:### Creating MRI inputs parent dir: /home/dh1723/SIRD-Simulator/scripts/r2p2/coord/config/manual-req-intervals/dale_experiments/FE_1rtt_delay_/
INFO:dale_experiment_rig:File /home/dh1723/SIRD-Simulator/scripts/r2p2/coord/config/manual-req-intervals/dale_experiments/FE_1rtt_delay_/ aready exists.
DEBUG:dale_experiment_rig:num flows: 40
INFO:dale_experiment_rig:-----
Preparing experiment spec scripts
INFO:dale_experiment_rig:### Creating spec scripts parent dir: /home/dh1723/SIRD-Simulator/scripts/r2p2/coord/config/dale_experiments/FE_1rtt_delay_/
INFO:dale_experiment_rig:#### WARNING: File /home/dh1723/SIRD-Simulator/scripts/r2p2/coord/config/dale_experiments/FE_1rtt_delay_/ aready exists.
INFO:dale_experiment_rig:-----
Running experiment for ExpressPass
INFO:dale_experiment_rig:### Script:/home/dh1723/SIRD-Simulator/scripts/r2p2/coord/config/dale_experiments/FE_1rtt_delay_/ExpressPass-FE_1rtt_delay__500Bto100KB_0pt8GbpsFlo_5usRTT_allproto__40flo-1Gbps-50000B-500000ns-2025-08-21T_10-55-28Z.sh
INFO:dale_experiment_rig:### Output path (stdout): /home/dh1723/SIRD-Simulator/scripts/r2p2/coord/outputs/FE_1rtt_delay_/ExpressPass_FE_1rtt_delay__500Bto100KB_0pt8GbpsFlo_5usRTT_allproto__40flo-1Gbps-50000B-500000ns-2025-08-21T_10-55-28Z_stdout.out
INFO:dale_experiment_rig:### Output path (stderr): /home/dh1723/SIRD-Simulator/scripts/r2p2/coord/outputs/FE_1rtt_delay_/ExpressPass_FE_1rtt_delay__500Bto100KB_0pt8GbpsFlo_5usRTT_allproto__40flo-1Gbps-50000B-500000ns-2025-08-21T_10-55-28Z_stderr.out
INFO:dale_experiment_rig:
=====
Execute experiment FE_1rtt_delay__500Bto100KB_0pt8GbpsFlo_5usRTT_allproto__40flo-1Gbps-100000B-1000000ns-2025-08-21T_10-55-28Z
INFO:dale_experiment_rig:Flags: 1, 1, 1, 1, 0
INFO:dale_experiment_rig:ssird_sim_duration=0.050000; dctcp_sim_duration=0.050000
INFO:dale_experiment_rig:-----
Preparing experiment input MRIs
INFO:dale_experiment_rig:### Creating MRI inputs parent dir: /home/dh1723/SIRD-Simulator/scripts/r2p2/coord/config/manual-req-intervals/dale_experiments/FE_1rtt_delay_/
INFO:dale_experiment_rig:File /home/dh1723/SIRD-Simulator/scripts/r2p2/coord/config/manual-req-intervals/dale_experiments/FE_1rtt_delay_/ aready exists.
DEBUG:dale_experiment_rig:num flows: 40
INFO:dale_experiment_rig:-----
Preparing experiment spec scripts
INFO:dale_experiment_rig:### Creating spec scripts parent dir: /home/dh1723/SIRD-Simulator/scripts/r2p2/coord/config/dale_experiments/FE_1rtt_delay_/
INFO:dale_experiment_rig:#### WARNING: File /home/dh1723/SIRD-Simulator/scripts/r2p2/coord/config/dale_experiments/FE_1rtt_delay_/ aready exists.
INFO:dale_experiment_rig:-----
Running experiment for SSIRD
INFO:dale_experiment_rig:### Script:/home/dh1723/SIRD-Simulator/scripts/r2p2/coord/config/dale_experiments/FE_1rtt_delay_/SSIRD-FE_1rtt_delay__500Bto100KB_0pt8GbpsFlo_5usRTT_allproto__40flo-1Gbps-100000B-1000000ns-2025-08-21T_10-55-28Z.sh
INFO:dale_experiment_rig:### Output path (stdout): /home/dh1723/SIRD-Simulator/scripts/r2p2/coord/outputs/FE_1rtt_delay_/ssird_FE_1rtt_delay__500Bto100KB_0pt8GbpsFlo_5usRTT_allproto__40flo-1Gbps-100000B-1000000ns-2025-08-21T_10-55-28Z_stdout.out
INFO:dale_experiment_rig:### Output path (stderr): /home/dh1723/SIRD-Simulator/scripts/r2p2/coord/outputs/FE_1rtt_delay_/ssird_FE_1rtt_delay__500Bto100KB_0pt8GbpsFlo_5usRTT_allproto__40flo-1Gbps-100000B-1000000ns-2025-08-21T_10-55-28Z_stderr.out
INFO:dale_experiment_rig:
=====
Execute experiment FE_1rtt_delay__500Bto100KB_0pt8GbpsFlo_5usRTT_allproto__40flo-1Gbps-100000B-1000000ns-2025-08-21T_10-55-28Z
INFO:dale_experiment_rig:Flags: 1, 1, 1, 1, 0
INFO:dale_experiment_rig:ssird_sim_duration=0.050000; dctcp_sim_duration=0.050000
INFO:dale_experiment_rig:-----
Preparing experiment input MRIs
INFO:dale_experiment_rig:### Creating MRI inputs parent dir: /home/dh1723/SIRD-Simulator/scripts/r2p2/coord/config/manual-req-intervals/dale_experiments/FE_1rtt_delay_/
INFO:dale_experiment_rig:File /home/dh1723/SIRD-Simulator/scripts/r2p2/coord/config/manual-req-intervals/dale_experiments/FE_1rtt_delay_/ aready exists.
DEBUG:dale_experiment_rig:num flows: 40
INFO:dale_experiment_rig:-----
Preparing experiment spec scripts
INFO:dale_experiment_rig:### Creating spec scripts parent dir: /home/dh1723/SIRD-Simulator/scripts/r2p2/coord/config/dale_experiments/FE_1rtt_delay_/
INFO:dale_experiment_rig:#### WARNING: File /home/dh1723/SIRD-Simulator/scripts/r2p2/coord/config/dale_experiments/FE_1rtt_delay_/ aready exists.
INFO:dale_experiment_rig:-----
Running experiment for DCTCP-50
INFO:dale_experiment_rig:### Script:/home/dh1723/SIRD-Simulator/scripts/r2p2/coord/config/dale_experiments/FE_1rtt_delay_/DCTCP-50-FE_1rtt_delay__500Bto100KB_0pt8GbpsFlo_5usRTT_allproto__40flo-1Gbps-100000B-1000000ns-2025-08-21T_10-55-28Z.sh
INFO:dale_experiment_rig:### Output path (stdout): /home/dh1723/SIRD-Simulator/scripts/r2p2/coord/outputs/FE_1rtt_delay_/DCTCP-50_FE_1rtt_delay__500Bto100KB_0pt8GbpsFlo_5usRTT_allproto__40flo-1Gbps-100000B-1000000ns-2025-08-21T_10-55-28Z_stdout.out
INFO:dale_experiment_rig:### Output path (stderr): /home/dh1723/SIRD-Simulator/scripts/r2p2/coord/outputs/FE_1rtt_delay_/DCTCP-50_FE_1rtt_delay__500Bto100KB_0pt8GbpsFlo_5usRTT_allproto__40flo-1Gbps-100000B-1000000ns-2025-08-21T_10-55-28Z_stderr.out
INFO:dale_experiment_rig:
=====
Execute experiment FE_1rtt_delay__500Bto100KB_0pt8GbpsFlo_5usRTT_allproto__40flo-1Gbps-100000B-1000000ns-2025-08-21T_10-55-28Z
INFO:dale_experiment_rig:Flags: 1, 1, 1, 1, 0
INFO:dale_experiment_rig:ssird_sim_duration=0.050000; dctcp_sim_duration=0.050000
INFO:dale_experiment_rig:-----
Preparing experiment input MRIs
INFO:dale_experiment_rig:### Creating MRI inputs parent dir: /home/dh1723/SIRD-Simulator/scripts/r2p2/coord/config/manual-req-intervals/dale_experiments/FE_1rtt_delay_/
INFO:dale_experiment_rig:File /home/dh1723/SIRD-Simulator/scripts/r2p2/coord/config/manual-req-intervals/dale_experiments/FE_1rtt_delay_/ aready exists.
DEBUG:dale_experiment_rig:num flows: 40
INFO:dale_experiment_rig:-----
Preparing experiment spec scripts
INFO:dale_experiment_rig:### Creating spec scripts parent dir: /home/dh1723/SIRD-Simulator/scripts/r2p2/coord/config/dale_experiments/FE_1rtt_delay_/
INFO:dale_experiment_rig:#### WARNING: File /home/dh1723/SIRD-Simulator/scripts/r2p2/coord/config/dale_experiments/FE_1rtt_delay_/ aready exists.
INFO:dale_experiment_rig:-----
Running experiment for ExpressPass
INFO:dale_experiment_rig:### Script:/home/dh1723/SIRD-Simulator/scripts/r2p2/coord/config/dale_experiments/FE_1rtt_delay_/ExpressPass-FE_1rtt_delay__500Bto100KB_0pt8GbpsFlo_5usRTT_allproto__40flo-1Gbps-100000B-1000000ns-2025-08-21T_10-55-28Z.sh
INFO:dale_experiment_rig:### Output path (stdout): /home/dh1723/SIRD-Simulator/scripts/r2p2/coord/outputs/FE_1rtt_delay_/ExpressPass_FE_1rtt_delay__500Bto100KB_0pt8GbpsFlo_5usRTT_allproto__40flo-1Gbps-100000B-1000000ns-2025-08-21T_10-55-28Z_stdout.out
INFO:dale_experiment_rig:### Output path (stderr): /home/dh1723/SIRD-Simulator/scripts/r2p2/coord/outputs/FE_1rtt_delay_/ExpressPass_FE_1rtt_delay__500Bto100KB_0pt8GbpsFlo_5usRTT_allproto__40flo-1Gbps-100000B-1000000ns-2025-08-21T_10-55-28Z_stderr.out
INFO:dale_experiment_rig:-----
Backing up app trace file paths
DEBUG:dale_experiment_rig:/home/dh1723/SIRD-Simulator/scripts/r2p2/post-process/experiment_app_trace_paths/FE_1rtt_delay_/_500Bto100KB_0pt8GbpsFlo_5usRTT_allproto_40+40+40+40+40+40flo_1Gbps_2025-08-21T_10-55-28Z/SSIRD_app_traces.txt
INFO:dale_experiment_rig:-----
Backing up app trace file paths
DEBUG:dale_experiment_rig:/home/dh1723/SIRD-Simulator/scripts/r2p2/post-process/experiment_app_trace_paths/FE_1rtt_delay_/_500Bto100KB_0pt8GbpsFlo_5usRTT_allproto_40+40+40+40+40+40flo_1Gbps_2025-08-21T_10-55-28Z/DCTCP-50_app_traces.txt
INFO:dale_experiment_rig:-----
Backing up app trace file paths
DEBUG:dale_experiment_rig:/home/dh1723/SIRD-Simulator/scripts/r2p2/post-process/experiment_app_trace_paths/FE_1rtt_delay_/_500Bto100KB_0pt8GbpsFlo_5usRTT_allproto_40+40+40+40+40+40flo_1Gbps_2025-08-21T_10-55-28Z/ExpressPass_app_traces.txt
INFO:dale_experiment_rig:Simulations ended at: 2025-08-21 12:20:18.219534
INFO:dale_experiment_rig:
##### POST PROCESS RESULTS #####
INFO:dale_experiment_rig:=====
** Num Flows: 40, Target Flow Rate (Gbps): 0.7999999999999999, ssird_sim_dur (s): 0.05, dctcp_sim_dur (s): 0.05
INFO:dale_experiment_rig:Processing SIRD results exp_id 0:: 40flo-0.7999999999999999Gbps_target
INFO:dale_experiment_rig:Processing results from /home/dh1723/SIRD-Simulator/scripts/r2p2/coord/results/SSIRD-FE_1rtt_delay__500Bto100KB_0pt8GbpsFlo_5usRTT_allproto__40flo-1Gbps-500B-5000ns-2025-08-21T_10-55-28Z/data/SSIRD/60/applications_trace.str
INFO:dale_experiment_rig:srcdst:(0, 1) Flow 0:: num of byteloads: 2000, num srq events: 2000, num rrq events: 1
DEBUG:dale_experiment_rig:Flow 0:: first_event_name: srq, final_event_name: rrq, expected_data_B: 1000000, recv_data_B: 1000000
INFO:dale_experiment_rig:srcdst:(0, 1) Flow 1:: num of byteloads: 2000, num srq events: 2000, num rrq events: 2000
DEBUG:dale_experiment_rig:Flow 1:: first_event_name: srq, final_event_name: rrq, expected_data_B: 1000000, recv_data_B: 1000000
INFO:dale_experiment_rig:srcdst:(0, 1) Flow 2:: num of byteloads: 2000, num srq events: 2000, num rrq events: 1998
DEBUG:dale_experiment_rig:Flow 2:: first_event_name: srq, final_event_name: rrq, expected_data_B: 1000000, recv_data_B: 1000000
INFO:dale_experiment_rig:srcdst:(0, 1) Flow 3:: num of byteloads: 2000, num srq events: 2000, num rrq events: 1995
DEBUG:dale_experiment_rig:Flow 3:: first_event_name: srq, final_event_name: rrq, expected_data_B: 1000000, recv_data_B: 1000000
INFO:dale_experiment_rig:srcdst:(0, 1) Flow 4:: num of byteloads: 2000, num srq events: 2000, num rrq events: 2000
DEBUG:dale_experiment_rig:Flow 4:: first_event_name: srq, final_event_name: rrq, expected_data_B: 1000000, recv_data_B: 1000000
INFO:dale_experiment_rig:srcdst:(0, 1) Flow 5:: num of byteloads: 2000, num srq events: 2000, num rrq events: 2000
DEBUG:dale_experiment_rig:Flow 5:: first_event_name: srq, final_event_name: rrq, expected_data_B: 1000000, recv_data_B: 1000000
INFO:dale_experiment_rig:srcdst:(0, 1) Flow 6:: num of byteloads: 2000, num srq events: 2000, num rrq events: 1996
DEBUG:dale_experiment_rig:Flow 6:: first_event_name: srq, final_event_name: rrq, expected_data_B: 1000000, recv_data_B: 1000000
INFO:dale_experiment_rig:srcdst:(0, 1) Flow 7:: num of byteloads: 2000, num srq events: 2000, num rrq events: 1996
DEBUG:dale_experiment_rig:Flow 7:: first_event_name: srq, final_event_name: rrq, expected_data_B: 1000000, recv_data_B: 1000000
INFO:dale_experiment_rig:srcdst:(0, 1) Flow 8:: num of byteloads: 2000, num srq events: 2000, num rrq events: 2000
DEBUG:dale_experiment_rig:Flow 8:: first_event_name: srq, final_event_name: rrq, expected_data_B: 1000000, recv_data_B: 1000000
INFO:dale_experiment_rig:srcdst:(0, 1) Flow 9:: num of byteloads: 2000, num srq events: 2000, num rrq events: 2000
DEBUG:dale_experiment_rig:Flow 9:: first_event_name: srq, final_event_name: rrq, expected_data_B: 1000000, recv_data_B: 1000000
INFO:dale_experiment_rig:srcdst:(0, 1) Flow 10:: num of byteloads: 2000, num srq events: 2000, num rrq events: 1981
DEBUG:dale_experiment_rig:Flow 10:: first_event_name: srq, final_event_name: rrq, expected_data_B: 1000000, recv_data_B: 1000000
INFO:dale_experiment_rig:srcdst:(0, 1) Flow 11:: num of byteloads: 2000, num srq events: 2000, num rrq events: 1998
DEBUG:dale_experiment_rig:Flow 11:: first_event_name: srq, final_event_name: rrq, expected_data_B: 1000000, recv_data_B: 1000000
INFO:dale_experiment_rig:srcdst:(0, 1) Flow 12:: num of byteloads: 2000, num srq events: 2000, num rrq events: 1993
DEBUG:dale_experiment_rig:Flow 12:: first_event_name: srq, final_event_name: rrq, expected_data_B: 1000000, recv_data_B: 1000000
INFO:dale_experiment_rig:srcdst:(0, 1) Flow 13:: num of byteloads: 2000, num srq events: 2000, num rrq events: 1991
DEBUG:dale_experiment_rig:Flow 13:: first_event_name: srq, final_event_name: rrq, expected_data_B: 1000000, recv_data_B: 1000000
INFO:dale_experiment_rig:srcdst:(0, 1) Flow 14:: num of byteloads: 2000, num srq events: 2000, num rrq events: 1998
DEBUG:dale_experiment_rig:Flow 14:: first_event_name: srq, final_event_name: rrq, expected_data_B: 1000000, recv_data_B: 1000000
INFO:dale_experiment_rig:srcdst:(0, 1) Flow 15:: num of byteloads: 2000, num srq events: 2000, num rrq events: 1997
DEBUG:dale_experiment_rig:Flow 15:: first_event_name: srq, final_event_name: rrq, expected_data_B: 1000000, recv_data_B: 1000000
INFO:dale_experiment_rig:srcdst:(0, 1) Flow 16:: num of byteloads: 2000, num srq events: 2000, num rrq events: 2000
DEBUG:dale_experiment_rig:Flow 16:: first_event_name: srq, final_event_name: rrq, expected_data_B: 1000000, recv_data_B: 1000000
INFO:dale_experiment_rig:srcdst:(0, 1) Flow 17:: num of byteloads: 2000, num srq events: 2000, num rrq events: 1997
DEBUG:dale_experiment_rig:Flow 17:: first_event_name: srq, final_event_name: rrq, expected_data_B: 1000000, recv_data_B: 1000000
INFO:dale_experiment_rig:srcdst:(0, 1) Flow 18:: num of byteloads: 2000, num srq events: 2000, num rrq events: 1998
DEBUG:dale_experiment_rig:Flow 18:: first_event_name: srq, final_event_name: rrq, expected_data_B: 1000000, recv_data_B: 1000000
INFO:dale_experiment_rig:srcdst:(0, 1) Flow 19:: num of byteloads: 2000, num srq events: 2000, num rrq events: 2000
DEBUG:dale_experiment_rig:Flow 19:: first_event_name: srq, final_event_name: rrq, expected_data_B: 1000000, recv_data_B: 1000000
INFO:dale_experiment_rig:srcdst:(0, 1) Flow 20:: num of byteloads: 2000, num srq events: 2000, num rrq events: 2000
DEBUG:dale_experiment_rig:Flow 20:: first_event_name: srq, final_event_name: rrq, expected_data_B: 1000000, recv_data_B: 1000000
INFO:dale_experiment_rig:srcdst:(0, 1) Flow 21:: num of byteloads: 2000, num srq events: 2000, num rrq events: 2000
DEBUG:dale_experiment_rig:Flow 21:: first_event_name: srq, final_event_name: rrq, expected_data_B: 1000000, recv_data_B: 1000000
INFO:dale_experiment_rig:srcdst:(0, 1) Flow 22:: num of byteloads: 2000, num srq events: 2000, num rrq events: 2000
DEBUG:dale_experiment_rig:Flow 22:: first_event_name: srq, final_event_name: rrq, expected_data_B: 1000000, recv_data_B: 1000000
INFO:dale_experiment_rig:srcdst:(0, 1) Flow 23:: num of byteloads: 2000, num srq events: 2000, num rrq events: 2000
DEBUG:dale_experiment_rig:Flow 23:: first_event_name: srq, final_event_name: rrq, expected_data_B: 1000000, recv_data_B: 1000000
INFO:dale_experiment_rig:srcdst:(0, 1) Flow 24:: num of byteloads: 2000, num srq events: 2000, num rrq events: 1994
DEBUG:dale_experiment_rig:Flow 24:: first_event_name: srq, final_event_name: rrq, expected_data_B: 1000000, recv_data_B: 1000000
INFO:dale_experiment_rig:srcdst:(0, 1) Flow 25:: num of byteloads: 2000, num srq events: 2000, num rrq events: 1961
DEBUG:dale_experiment_rig:Flow 25:: first_event_name: srq, final_event_name: rrq, expected_data_B: 1000000, recv_data_B: 1000000
INFO:dale_experiment_rig:srcdst:(0, 1) Flow 26:: num of byteloads: 2000, num srq events: 2000, num rrq events: 1987
DEBUG:dale_experiment_rig:Flow 26:: first_event_name: srq, final_event_name: rrq, expected_data_B: 1000000, recv_data_B: 1000000
INFO:dale_experiment_rig:srcdst:(0, 1) Flow 27:: num of byteloads: 2000, num srq events: 2000, num rrq events: 2000
DEBUG:dale_experiment_rig:Flow 27:: first_event_name: srq, final_event_name: rrq, expected_data_B: 1000000, recv_data_B: 1000000
INFO:dale_experiment_rig:srcdst:(0, 1) Flow 28:: num of byteloads: 2000, num srq events: 2000, num rrq events: 2000
DEBUG:dale_experiment_rig:Flow 28:: first_event_name: srq, final_event_name: rrq, expected_data_B: 1000000, recv_data_B: 1000000
INFO:dale_experiment_rig:srcdst:(0, 1) Flow 29:: num of byteloads: 2000, num srq events: 2000, num rrq events: 2000
DEBUG:dale_experiment_rig:Flow 29:: first_event_name: srq, final_event_name: rrq, expected_data_B: 1000000, recv_data_B: 1000000
INFO:dale_experiment_rig:srcdst:(0, 1) Flow 30:: num of byteloads: 2000, num srq events: 2000, num rrq events: 2000
DEBUG:dale_experiment_rig:Flow 30:: first_event_name: srq, final_event_name: rrq, expected_data_B: 1000000, recv_data_B: 1000000
INFO:dale_experiment_rig:srcdst:(0, 1) Flow 31:: num of byteloads: 2000, num srq events: 2000, num rrq events: 1998
DEBUG:dale_experiment_rig:Flow 31:: first_event_name: srq, final_event_name: rrq, expected_data_B: 1000000, recv_data_B: 1000000
INFO:dale_experiment_rig:srcdst:(0, 1) Flow 32:: num of byteloads: 2000, num srq events: 2000, num rrq events: 1998
DEBUG:dale_experiment_rig:Flow 32:: first_event_name: srq, final_event_name: rrq, expected_data_B: 1000000, recv_data_B: 1000000
INFO:dale_experiment_rig:srcdst:(0, 1) Flow 33:: num of byteloads: 2000, num srq events: 2000, num rrq events: 2000
DEBUG:dale_experiment_rig:Flow 33:: first_event_name: srq, final_event_name: rrq, expected_data_B: 1000000, recv_data_B: 1000000
INFO:dale_experiment_rig:srcdst:(0, 1) Flow 34:: num of byteloads: 2000, num srq events: 2000, num rrq events: 2000
DEBUG:dale_experiment_rig:Flow 34:: first_event_name: srq, final_event_name: rrq, expected_data_B: 1000000, recv_data_B: 1000000
INFO:dale_experiment_rig:srcdst:(0, 1) Flow 35:: num of byteloads: 2000, num srq events: 2000, num rrq events: 2000
DEBUG:dale_experiment_rig:Flow 35:: first_event_name: srq, final_event_name: rrq, expected_data_B: 1000000, recv_data_B: 1000000
INFO:dale_experiment_rig:srcdst:(0, 1) Flow 36:: num of byteloads: 2000, num srq events: 2000, num rrq events: 2000
DEBUG:dale_experiment_rig:Flow 36:: first_event_name: srq, final_event_name: rrq, expected_data_B: 1000000, recv_data_B: 1000000
INFO:dale_experiment_rig:srcdst:(0, 1) Flow 37:: num of byteloads: 2000, num srq events: 2000, num rrq events: 2000
DEBUG:dale_experiment_rig:Flow 37:: first_event_name: srq, final_event_name: rrq, expected_data_B: 1000000, recv_data_B: 1000000
INFO:dale_experiment_rig:srcdst:(0, 1) Flow 38:: num of byteloads: 2000, num srq events: 2000, num rrq events: 1997
DEBUG:dale_experiment_rig:Flow 38:: first_event_name: srq, final_event_name: rrq, expected_data_B: 1000000, recv_data_B: 1000000
INFO:dale_experiment_rig:srcdst:(0, 1) Flow 39:: num of byteloads: 2000, num srq events: 2000, num rrq events: 1997
DEBUG:dale_experiment_rig:Flow 39:: first_event_name: srq, final_event_name: rrq, expected_data_B: 1000000, recv_data_B: 1000000
INFO:dale_experiment_rig:SSIRD FCT (ms): [0.010004453000000524, 0.009998893000000564, 0.00999815000000126, 0.009999496000000718, 0.009998475000001505, 0.009997918000001604, 0.009999356999999875, 0.00999898500000107, 0.009997872000001351, 0.009998568000000319, 0.009998104000001007, 0.009998753000001415, 0.00999805700000067, 0.009998799999999974, 0.00999912500000022, 0.009999449000000382, 0.009998429000001252, 0.009999589000001308, 0.009998520999999982, 0.009998382000000916, 0.009998846000000228, 0.009998011000000417, 0.009998939000000817, 0.009999217000000726, 0.009998614000000572, 0.009998197000001596, 0.009999077999999884, 0.009999032000001407, 0.009999635000001561, 0.009998336000000663, 0.009999403000000129, 0.009998243000000073, 0.009998661000000908, 0.009998289000000327, 0.009999310000001316, 0.009999264000001062, 0.009998707000001161, 0.009997965000000164, 0.009999542000000972, 0.009999171000000473]
App Gdpt (overall): 32.01560780390203 Gbps
App Gdpt (per flow): [0.8000000000000019, 0.8000000000000019, 0.8000000000000019, 0.8000000000000019, 0.8000000000000019, 0.8000000000000019, 0.8000000000000019, 0.8000000000000019, 0.8000000000000019, 0.8000000000000019, 0.8000000000000019, 0.8000000000000019, 0.8000000000000019, 0.8000000000000019, 0.8000000000000019, 0.8000000000000019, 0.8000000000000019, 0.8000000000000019, 0.8000000000000019, 0.8000000000000019, 0.8000000000000019, 0.8000000000000019, 0.8000000000000019, 0.8000000000000019, 0.8000000000000019, 0.8000000000000019, 0.8000000000000019, 0.8000000000000019, 0.8000000000000019, 0.8000000000000019, 0.8000000000000019, 0.8000000000000019, 0.8000000000000019, 0.8000000000000019, 0.8000000000000019, 0.8000000000000019, 0.8000000000000019, 0.8000000000000019, 0.8000000000000019, 0.8000000000000019]
Network Gdpt (overall): 31.985756742520884
Network Gdpt (per flow): [0.7996439185630221, 0.8000885698046324, 0.8001480273849655, 0.800040322032173, 0.8001220186077174, 0.800166594684885, 0.8000514433078146, 0.800081208242551, 0.8001702762346747, 0.8001145764073161, 0.8001517087639012, 0.8000997724415103, 0.8001554702078078, 0.8000960115213847, 0.8000700061255185, 0.8000440824289112, 0.8001256997473302, 0.800032881351319, 0.800118337502118, 0.8001294609467079, 0.8000923306549395, 0.8001591516552309, 0.8000848890066582, 0.8000626449050381, 0.8001108953700526, 0.800144266011034, 0.8000737668013085, 0.8000774474968052, 0.8000292010657141, 0.8001331421548016, 0.800047762851432, 0.8001405847007261, 0.8001071343452162, 0.8001369034241498, 0.8000552038089577, 0.800058884333802, 0.8001034533764286, 0.8001628331365302, 0.8000366416781112, 0.800066325498346]
INFO:dale_experiment_rig:Processing DCTCP results exp_id 0:: 40flo-0.7999999999999999Gbps_target
INFO:dale_experiment_rig:Processing results from /home/dh1723/SIRD-Simulator/scripts/r2p2/coord/results/DCTCP-50-FE_1rtt_delay__500Bto100KB_0pt8GbpsFlo_5usRTT_allproto__40flo-1Gbps-500B-5000ns-2025-08-21T_10-55-28Z/data/DCTCP-50/60/applications_trace.str
INFO:dale_experiment_rig:srcdst:(0, 1) Flow 0:: num of byteloads: 2000, num srq events: 2000, num rrq events: 1
DEBUG:dale_experiment_rig:Flow 0:: first_event_name: srq, final_event_name: rrq, expected_data_B: 1000000, recv_data_B: 1000000
INFO:dale_experiment_rig:srcdst:(0, 1) Flow 1:: num of byteloads: 2000, num srq events: 2000, num rrq events: 1
DEBUG:dale_experiment_rig:Flow 1:: first_event_name: srq, final_event_name: rrq, expected_data_B: 1000000, recv_data_B: 1000000
INFO:dale_experiment_rig:srcdst:(0, 1) Flow 2:: num of byteloads: 2000, num srq events: 2000, num rrq events: 1
DEBUG:dale_experiment_rig:Flow 2:: first_event_name: srq, final_event_name: rrq, expected_data_B: 1000000, recv_data_B: 1000000
INFO:dale_experiment_rig:srcdst:(0, 1) Flow 3:: num of byteloads: 2000, num srq events: 2000, num rrq events: 1
DEBUG:dale_experiment_rig:Flow 3:: first_event_name: srq, final_event_name: rrq, expected_data_B: 1000000, recv_data_B: 1000000
INFO:dale_experiment_rig:srcdst:(0, 1) Flow 4:: num of byteloads: 2000, num srq events: 2000, num rrq events: 1
DEBUG:dale_experiment_rig:Flow 4:: first_event_name: srq, final_event_name: rrq, expected_data_B: 1000000, recv_data_B: 1000000
INFO:dale_experiment_rig:srcdst:(0, 1) Flow 5:: num of byteloads: 2000, num srq events: 2000, num rrq events: 1
DEBUG:dale_experiment_rig:Flow 5:: first_event_name: srq, final_event_name: rrq, expected_data_B: 1000000, recv_data_B: 1000000
INFO:dale_experiment_rig:srcdst:(0, 1) Flow 6:: num of byteloads: 2000, num srq events: 2000, num rrq events: 1
DEBUG:dale_experiment_rig:Flow 6:: first_event_name: srq, final_event_name: rrq, expected_data_B: 1000000, recv_data_B: 1000000
INFO:dale_experiment_rig:srcdst:(0, 1) Flow 7:: num of byteloads: 2000, num srq events: 2000, num rrq events: 1
DEBUG:dale_experiment_rig:Flow 7:: first_event_name: srq, final_event_name: rrq, expected_data_B: 1000000, recv_data_B: 1000000
INFO:dale_experiment_rig:srcdst:(0, 1) Flow 8:: num of byteloads: 2000, num srq events: 2000, num rrq events: 1
DEBUG:dale_experiment_rig:Flow 8:: first_event_name: srq, final_event_name: rrq, expected_data_B: 1000000, recv_data_B: 1000000
INFO:dale_experiment_rig:srcdst:(0, 1) Flow 9:: num of byteloads: 2000, num srq events: 2000, num rrq events: 1
DEBUG:dale_experiment_rig:Flow 9:: first_event_name: srq, final_event_name: rrq, expected_data_B: 1000000, recv_data_B: 1000000
INFO:dale_experiment_rig:srcdst:(0, 1) Flow 10:: num of byteloads: 2000, num srq events: 2000, num rrq events: 1
DEBUG:dale_experiment_rig:Flow 10:: first_event_name: srq, final_event_name: rrq, expected_data_B: 1000000, recv_data_B: 1000000
INFO:dale_experiment_rig:srcdst:(0, 1) Flow 11:: num of byteloads: 2000, num srq events: 2000, num rrq events: 1
DEBUG:dale_experiment_rig:Flow 11:: first_event_name: srq, final_event_name: rrq, expected_data_B: 1000000, recv_data_B: 1000000
INFO:dale_experiment_rig:srcdst:(0, 1) Flow 12:: num of byteloads: 2000, num srq events: 2000, num rrq events: 1
DEBUG:dale_experiment_rig:Flow 12:: first_event_name: srq, final_event_name: rrq, expected_data_B: 1000000, recv_data_B: 1000000
INFO:dale_experiment_rig:srcdst:(0, 1) Flow 13:: num of byteloads: 2000, num srq events: 2000, num rrq events: 1
DEBUG:dale_experiment_rig:Flow 13:: first_event_name: srq, final_event_name: rrq, expected_data_B: 1000000, recv_data_B: 1000000
INFO:dale_experiment_rig:srcdst:(0, 1) Flow 14:: num of byteloads: 2000, num srq events: 2000, num rrq events: 1
DEBUG:dale_experiment_rig:Flow 14:: first_event_name: srq, final_event_name: rrq, expected_data_B: 1000000, recv_data_B: 1000000
INFO:dale_experiment_rig:srcdst:(0, 1) Flow 15:: num of byteloads: 2000, num srq events: 2000, num rrq events: 1
DEBUG:dale_experiment_rig:Flow 15:: first_event_name: srq, final_event_name: rrq, expected_data_B: 1000000, recv_data_B: 1000000
INFO:dale_experiment_rig:srcdst:(0, 1) Flow 16:: num of byteloads: 2000, num srq events: 2000, num rrq events: 1
DEBUG:dale_experiment_rig:Flow 16:: first_event_name: srq, final_event_name: rrq, expected_data_B: 1000000, recv_data_B: 1000000
INFO:dale_experiment_rig:srcdst:(0, 1) Flow 17:: num of byteloads: 2000, num srq events: 2000, num rrq events: 1
DEBUG:dale_experiment_rig:Flow 17:: first_event_name: srq, final_event_name: rrq, expected_data_B: 1000000, recv_data_B: 1000000
INFO:dale_experiment_rig:srcdst:(0, 1) Flow 18:: num of byteloads: 2000, num srq events: 2000, num rrq events: 1
DEBUG:dale_experiment_rig:Flow 18:: first_event_name: srq, final_event_name: rrq, expected_data_B: 1000000, recv_data_B: 1000000
INFO:dale_experiment_rig:srcdst:(0, 1) Flow 19:: num of byteloads: 2000, num srq events: 2000, num rrq events: 1
DEBUG:dale_experiment_rig:Flow 19:: first_event_name: srq, final_event_name: rrq, expected_data_B: 1000000, recv_data_B: 1000000
INFO:dale_experiment_rig:srcdst:(0, 1) Flow 20:: num of byteloads: 2000, num srq events: 2000, num rrq events: 1
DEBUG:dale_experiment_rig:Flow 20:: first_event_name: srq, final_event_name: rrq, expected_data_B: 1000000, recv_data_B: 1000000
INFO:dale_experiment_rig:srcdst:(0, 1) Flow 21:: num of byteloads: 2000, num srq events: 2000, num rrq events: 1
DEBUG:dale_experiment_rig:Flow 21:: first_event_name: srq, final_event_name: rrq, expected_data_B: 1000000, recv_data_B: 1000000
INFO:dale_experiment_rig:srcdst:(0, 1) Flow 22:: num of byteloads: 2000, num srq events: 2000, num rrq events: 1
DEBUG:dale_experiment_rig:Flow 22:: first_event_name: srq, final_event_name: rrq, expected_data_B: 1000000, recv_data_B: 1000000
INFO:dale_experiment_rig:srcdst:(0, 1) Flow 23:: num of byteloads: 2000, num srq events: 2000, num rrq events: 1
DEBUG:dale_experiment_rig:Flow 23:: first_event_name: srq, final_event_name: rrq, expected_data_B: 1000000, recv_data_B: 1000000
INFO:dale_experiment_rig:srcdst:(0, 1) Flow 24:: num of byteloads: 2000, num srq events: 2000, num rrq events: 1
DEBUG:dale_experiment_rig:Flow 24:: first_event_name: srq, final_event_name: rrq, expected_data_B: 1000000, recv_data_B: 1000000
INFO:dale_experiment_rig:srcdst:(0, 1) Flow 25:: num of byteloads: 2000, num srq events: 2000, num rrq events: 1
DEBUG:dale_experiment_rig:Flow 25:: first_event_name: srq, final_event_name: rrq, expected_data_B: 1000000, recv_data_B: 1000000
INFO:dale_experiment_rig:srcdst:(0, 1) Flow 26:: num of byteloads: 2000, num srq events: 2000, num rrq events: 1
DEBUG:dale_experiment_rig:Flow 26:: first_event_name: srq, final_event_name: rrq, expected_data_B: 1000000, recv_data_B: 1000000
INFO:dale_experiment_rig:srcdst:(0, 1) Flow 27:: num of byteloads: 2000, num srq events: 2000, num rrq events: 1
DEBUG:dale_experiment_rig:Flow 27:: first_event_name: srq, final_event_name: rrq, expected_data_B: 1000000, recv_data_B: 1000000
INFO:dale_experiment_rig:srcdst:(0, 1) Flow 28:: num of byteloads: 2000, num srq events: 2000, num rrq events: 1
DEBUG:dale_experiment_rig:Flow 28:: first_event_name: srq, final_event_name: rrq, expected_data_B: 1000000, recv_data_B: 1000000
INFO:dale_experiment_rig:srcdst:(0, 1) Flow 29:: num of byteloads: 2000, num srq events: 2000, num rrq events: 1
DEBUG:dale_experiment_rig:Flow 29:: first_event_name: srq, final_event_name: rrq, expected_data_B: 1000000, recv_data_B: 1000000
INFO:dale_experiment_rig:srcdst:(0, 1) Flow 30:: num of byteloads: 2000, num srq events: 2000, num rrq events: 1
DEBUG:dale_experiment_rig:Flow 30:: first_event_name: srq, final_event_name: rrq, expected_data_B: 1000000, recv_data_B: 1000000
INFO:dale_experiment_rig:srcdst:(0, 1) Flow 31:: num of byteloads: 2000, num srq events: 2000, num rrq events: 1
DEBUG:dale_experiment_rig:Flow 31:: first_event_name: srq, final_event_name: rrq, expected_data_B: 1000000, recv_data_B: 1000000
INFO:dale_experiment_rig:srcdst:(0, 1) Flow 32:: num of byteloads: 2000, num srq events: 2000, num rrq events: 1
DEBUG:dale_experiment_rig:Flow 32:: first_event_name: srq, final_event_name: rrq, expected_data_B: 1000000, recv_data_B: 1000000
INFO:dale_experiment_rig:srcdst:(0, 1) Flow 33:: num of byteloads: 2000, num srq events: 2000, num rrq events: 1
DEBUG:dale_experiment_rig:Flow 33:: first_event_name: srq, final_event_name: rrq, expected_data_B: 1000000, recv_data_B: 1000000
INFO:dale_experiment_rig:srcdst:(0, 1) Flow 34:: num of byteloads: 2000, num srq events: 2000, num rrq events: 1
DEBUG:dale_experiment_rig:Flow 34:: first_event_name: srq, final_event_name: rrq, expected_data_B: 1000000, recv_data_B: 1000000
INFO:dale_experiment_rig:srcdst:(0, 1) Flow 35:: num of byteloads: 2000, num srq events: 2000, num rrq events: 1
DEBUG:dale_experiment_rig:Flow 35:: first_event_name: srq, final_event_name: rrq, expected_data_B: 1000000, recv_data_B: 1000000
INFO:dale_experiment_rig:srcdst:(0, 1) Flow 36:: num of byteloads: 2000, num srq events: 2000, num rrq events: 1
DEBUG:dale_experiment_rig:Flow 36:: first_event_name: srq, final_event_name: rrq, expected_data_B: 1000000, recv_data_B: 1000000
INFO:dale_experiment_rig:srcdst:(0, 1) Flow 37:: num of byteloads: 2000, num srq events: 2000, num rrq events: 1
DEBUG:dale_experiment_rig:Flow 37:: first_event_name: srq, final_event_name: rrq, expected_data_B: 1000000, recv_data_B: 1000000
INFO:dale_experiment_rig:srcdst:(0, 1) Flow 38:: num of byteloads: 2000, num srq events: 2000, num rrq events: 1
DEBUG:dale_experiment_rig:Flow 38:: first_event_name: srq, final_event_name: rrq, expected_data_B: 1000000, recv_data_B: 1000000
INFO:dale_experiment_rig:srcdst:(0, 1) Flow 39:: num of byteloads: 2000, num srq events: 2000, num rrq events: 1
DEBUG:dale_experiment_rig:Flow 39:: first_event_name: srq, final_event_name: rrq, expected_data_B: 1000000, recv_data_B: 1000000
INFO:dale_experiment_rig:DCTCP-50 FCT (ms): [0.009997592000001276, 0.009997639000001612, 0.00999768500000009, 0.009997731000000343, 0.009997777000000596, 0.009997824000000932, 0.009997870000001186, 0.009997916000001439, 0.009997961999999916, 0.009998009000000252, 0.009998055000000505, 0.009998101000000759, 0.009998147000001012, 0.009998194000001348, 0.009998240000001601, 0.009998286000000078, 0.009998332000000332, 0.009998379000000668, 0.009998425000000921, 0.009998471000001175, 0.009998517000001428, 0.009998563999999988, 0.009998610000000241, 0.009998656000000494, 0.009998702000000748, 0.009998748000001001, 0.009998795000001337, 0.00999884100000159, 0.009998887000000067, 0.00999893300000032, 0.009998980000000657, 0.00999902600000091, 0.009999072000001163, 0.009999118000001417, 0.009999164999999977, 0.00999921100000023, 0.009999257000000483, 0.009999303000000737, 0.009999350000001073, 0.009999396000001326]
App Gdpt (overall): 32.01560780390203 Gbps
App Gdpt (per flow): [0.8000000000000019, 0.8000000000000019, 0.8000000000000019, 0.8000000000000019, 0.8000000000000019, 0.8000000000000019, 0.8000000000000019, 0.8000000000000019, 0.8000000000000019, 0.8000000000000019, 0.8000000000000019, 0.8000000000000019, 0.8000000000000019, 0.8000000000000019, 0.8000000000000019, 0.8000000000000019, 0.8000000000000019, 0.8000000000000019, 0.8000000000000019, 0.8000000000000019, 0.8000000000000019, 0.8000000000000019, 0.8000000000000019, 0.8000000000000019, 0.8000000000000019, 0.8000000000000019, 0.8000000000000019, 0.8000000000000019, 0.8000000000000019, 0.8000000000000019, 0.8000000000000019, 0.8000000000000019, 0.8000000000000019, 0.8000000000000019, 0.8000000000000019, 0.8000000000000019, 0.8000000000000019, 0.8000000000000019, 0.8000000000000019, 0.8000000000000019]
Network Gdpt (overall): 32.00193291674393
Network Gdpt (per flow): [0.8001926863987828, 0.8001889246049703, 0.8001852428837204, 0.8001815611962081, 0.8001778795425747, 0.8001741178879779, 0.8001704363028377, 0.8001667547515752, 0.8001630732343319, 0.8001593117189432, 0.8001556302700471, 0.8001519488550269, 0.800148267473882, 0.8001445060976934, 0.8001408247850341, 0.8001371435063908, 0.8001334622614787, 0.8001297010244827, 0.8001260198480524, 0.8001223387054941, 0.8001186575968074, 0.8001148964991383, 0.8001112154589296, 0.8001075344525909, 0.8001038534801219, 0.8001001725415222, 0.800096411617493, 0.8000927307473665, 0.8000890499112498, 0.8000853691088583, 0.8000816083239966, 0.8000779275900745, 0.8000742468900184, 0.8000705662238277, 0.8000668055782677, 0.8000631249805426, 0.8000594444166815, 0.800055763886684, 0.8000520033801339, 0.8000483229185982]
INFO:dale_experiment_rig:Processing ExpressPass results exp_id 0:: 40flo-0.7999999999999999Gbps_target
INFO:dale_experiment_rig:Processing results from /home/dh1723/SIRD-Simulator/scripts/r2p2/coord/results/ExpressPass-FE_1rtt_delay__500Bto100KB_0pt8GbpsFlo_5usRTT_allproto__40flo-1Gbps-500B-5000ns-2025-08-21T_10-55-28Z/data/ExpressPass/60/applications_trace.str
INFO:dale_experiment_rig:srcdst:(0, 1) Flow 0:: num of byteloads: 2000, num srq events: 2000, num rrq events: 1
DEBUG:dale_experiment_rig:Flow 0:: first_event_name: srq, final_event_name: rrq, expected_data_B: 1000000, recv_data_B: 1000000
INFO:dale_experiment_rig:srcdst:(0, 1) Flow 1:: num of byteloads: 2000, num srq events: 2000, num rrq events: 1
DEBUG:dale_experiment_rig:Flow 1:: first_event_name: srq, final_event_name: rrq, expected_data_B: 1000000, recv_data_B: 1000000
INFO:dale_experiment_rig:srcdst:(0, 1) Flow 2:: num of byteloads: 2000, num srq events: 2000, num rrq events: 1
DEBUG:dale_experiment_rig:Flow 2:: first_event_name: srq, final_event_name: rrq, expected_data_B: 1000000, recv_data_B: 1000000
INFO:dale_experiment_rig:srcdst:(0, 1) Flow 3:: num of byteloads: 2000, num srq events: 2000, num rrq events: 1
DEBUG:dale_experiment_rig:Flow 3:: first_event_name: srq, final_event_name: rrq, expected_data_B: 1000000, recv_data_B: 1000000
INFO:dale_experiment_rig:srcdst:(0, 1) Flow 4:: num of byteloads: 2000, num srq events: 2000, num rrq events: 1
DEBUG:dale_experiment_rig:Flow 4:: first_event_name: srq, final_event_name: rrq, expected_data_B: 1000000, recv_data_B: 1000000
INFO:dale_experiment_rig:srcdst:(0, 1) Flow 5:: num of byteloads: 2000, num srq events: 2000, num rrq events: 1
DEBUG:dale_experiment_rig:Flow 5:: first_event_name: srq, final_event_name: rrq, expected_data_B: 1000000, recv_data_B: 1000000
INFO:dale_experiment_rig:srcdst:(0, 1) Flow 6:: num of byteloads: 2000, num srq events: 2000, num rrq events: 1
DEBUG:dale_experiment_rig:Flow 6:: first_event_name: srq, final_event_name: rrq, expected_data_B: 1000000, recv_data_B: 1000000
INFO:dale_experiment_rig:srcdst:(0, 1) Flow 7:: num of byteloads: 2000, num srq events: 2000, num rrq events: 1
DEBUG:dale_experiment_rig:Flow 7:: first_event_name: srq, final_event_name: rrq, expected_data_B: 1000000, recv_data_B: 1000000
INFO:dale_experiment_rig:srcdst:(0, 1) Flow 8:: num of byteloads: 2000, num srq events: 2000, num rrq events: 1
DEBUG:dale_experiment_rig:Flow 8:: first_event_name: srq, final_event_name: rrq, expected_data_B: 1000000, recv_data_B: 1000000
INFO:dale_experiment_rig:srcdst:(0, 1) Flow 9:: num of byteloads: 2000, num srq events: 2000, num rrq events: 1
DEBUG:dale_experiment_rig:Flow 9:: first_event_name: srq, final_event_name: rrq, expected_data_B: 1000000, recv_data_B: 1000000
INFO:dale_experiment_rig:srcdst:(0, 1) Flow 10:: num of byteloads: 2000, num srq events: 2000, num rrq events: 1
DEBUG:dale_experiment_rig:Flow 10:: first_event_name: srq, final_event_name: rrq, expected_data_B: 1000000, recv_data_B: 1000000
INFO:dale_experiment_rig:srcdst:(0, 1) Flow 11:: num of byteloads: 2000, num srq events: 2000, num rrq events: 1
DEBUG:dale_experiment_rig:Flow 11:: first_event_name: srq, final_event_name: rrq, expected_data_B: 1000000, recv_data_B: 1000000
INFO:dale_experiment_rig:srcdst:(0, 1) Flow 12:: num of byteloads: 2000, num srq events: 2000, num rrq events: 1
DEBUG:dale_experiment_rig:Flow 12:: first_event_name: srq, final_event_name: rrq, expected_data_B: 1000000, recv_data_B: 1000000
INFO:dale_experiment_rig:srcdst:(0, 1) Flow 13:: num of byteloads: 2000, num srq events: 2000, num rrq events: 1
DEBUG:dale_experiment_rig:Flow 13:: first_event_name: srq, final_event_name: rrq, expected_data_B: 1000000, recv_data_B: 1000000
INFO:dale_experiment_rig:srcdst:(0, 1) Flow 14:: num of byteloads: 2000, num srq events: 2000, num rrq events: 1
DEBUG:dale_experiment_rig:Flow 14:: first_event_name: srq, final_event_name: rrq, expected_data_B: 1000000, recv_data_B: 1000000
INFO:dale_experiment_rig:srcdst:(0, 1) Flow 15:: num of byteloads: 2000, num srq events: 2000, num rrq events: 1
DEBUG:dale_experiment_rig:Flow 15:: first_event_name: srq, final_event_name: rrq, expected_data_B: 1000000, recv_data_B: 1000000
INFO:dale_experiment_rig:srcdst:(0, 1) Flow 16:: num of byteloads: 2000, num srq events: 2000, num rrq events: 1
DEBUG:dale_experiment_rig:Flow 16:: first_event_name: srq, final_event_name: rrq, expected_data_B: 1000000, recv_data_B: 1000000
INFO:dale_experiment_rig:srcdst:(0, 1) Flow 17:: num of byteloads: 2000, num srq events: 2000, num rrq events: 1
DEBUG:dale_experiment_rig:Flow 17:: first_event_name: srq, final_event_name: rrq, expected_data_B: 1000000, recv_data_B: 1000000
INFO:dale_experiment_rig:srcdst:(0, 1) Flow 18:: num of byteloads: 2000, num srq events: 2000, num rrq events: 1
DEBUG:dale_experiment_rig:Flow 18:: first_event_name: srq, final_event_name: rrq, expected_data_B: 1000000, recv_data_B: 1000000
INFO:dale_experiment_rig:srcdst:(0, 1) Flow 19:: num of byteloads: 2000, num srq events: 2000, num rrq events: 1
DEBUG:dale_experiment_rig:Flow 19:: first_event_name: srq, final_event_name: rrq, expected_data_B: 1000000, recv_data_B: 1000000
INFO:dale_experiment_rig:srcdst:(0, 1) Flow 20:: num of byteloads: 2000, num srq events: 2000, num rrq events: 1
DEBUG:dale_experiment_rig:Flow 20:: first_event_name: srq, final_event_name: rrq, expected_data_B: 1000000, recv_data_B: 1000000
INFO:dale_experiment_rig:srcdst:(0, 1) Flow 21:: num of byteloads: 2000, num srq events: 2000, num rrq events: 1
DEBUG:dale_experiment_rig:Flow 21:: first_event_name: srq, final_event_name: rrq, expected_data_B: 1000000, recv_data_B: 1000000
INFO:dale_experiment_rig:srcdst:(0, 1) Flow 22:: num of byteloads: 2000, num srq events: 2000, num rrq events: 1
DEBUG:dale_experiment_rig:Flow 22:: first_event_name: srq, final_event_name: rrq, expected_data_B: 1000000, recv_data_B: 1000000
INFO:dale_experiment_rig:srcdst:(0, 1) Flow 23:: num of byteloads: 2000, num srq events: 2000, num rrq events: 1
DEBUG:dale_experiment_rig:Flow 23:: first_event_name: srq, final_event_name: rrq, expected_data_B: 1000000, recv_data_B: 1000000
INFO:dale_experiment_rig:srcdst:(0, 1) Flow 24:: num of byteloads: 2000, num srq events: 2000, num rrq events: 1
DEBUG:dale_experiment_rig:Flow 24:: first_event_name: srq, final_event_name: rrq, expected_data_B: 1000000, recv_data_B: 1000000
INFO:dale_experiment_rig:srcdst:(0, 1) Flow 25:: num of byteloads: 2000, num srq events: 2000, num rrq events: 1
DEBUG:dale_experiment_rig:Flow 25:: first_event_name: srq, final_event_name: rrq, expected_data_B: 1000000, recv_data_B: 1000000
INFO:dale_experiment_rig:srcdst:(0, 1) Flow 26:: num of byteloads: 2000, num srq events: 2000, num rrq events: 1
DEBUG:dale_experiment_rig:Flow 26:: first_event_name: srq, final_event_name: rrq, expected_data_B: 1000000, recv_data_B: 1000000
INFO:dale_experiment_rig:srcdst:(0, 1) Flow 27:: num of byteloads: 2000, num srq events: 2000, num rrq events: 1
DEBUG:dale_experiment_rig:Flow 27:: first_event_name: srq, final_event_name: rrq, expected_data_B: 1000000, recv_data_B: 1000000
INFO:dale_experiment_rig:srcdst:(0, 1) Flow 28:: num of byteloads: 2000, num srq events: 2000, num rrq events: 1
DEBUG:dale_experiment_rig:Flow 28:: first_event_name: srq, final_event_name: rrq, expected_data_B: 1000000, recv_data_B: 1000000
INFO:dale_experiment_rig:srcdst:(0, 1) Flow 29:: num of byteloads: 2000, num srq events: 2000, num rrq events: 1
DEBUG:dale_experiment_rig:Flow 29:: first_event_name: srq, final_event_name: rrq, expected_data_B: 1000000, recv_data_B: 1000000
INFO:dale_experiment_rig:srcdst:(0, 1) Flow 30:: num of byteloads: 2000, num srq events: 2000, num rrq events: 1
DEBUG:dale_experiment_rig:Flow 30:: first_event_name: srq, final_event_name: rrq, expected_data_B: 1000000, recv_data_B: 1000000
INFO:dale_experiment_rig:srcdst:(0, 1) Flow 31:: num of byteloads: 2000, num srq events: 2000, num rrq events: 1
DEBUG:dale_experiment_rig:Flow 31:: first_event_name: srq, final_event_name: rrq, expected_data_B: 1000000, recv_data_B: 1000000
INFO:dale_experiment_rig:srcdst:(0, 1) Flow 32:: num of byteloads: 2000, num srq events: 2000, num rrq events: 1
DEBUG:dale_experiment_rig:Flow 32:: first_event_name: srq, final_event_name: rrq, expected_data_B: 1000000, recv_data_B: 1000000
INFO:dale_experiment_rig:srcdst:(0, 1) Flow 33:: num of byteloads: 2000, num srq events: 2000, num rrq events: 1
DEBUG:dale_experiment_rig:Flow 33:: first_event_name: srq, final_event_name: rrq, expected_data_B: 1000000, recv_data_B: 1000000
INFO:dale_experiment_rig:srcdst:(0, 1) Flow 34:: num of byteloads: 2000, num srq events: 2000, num rrq events: 1
DEBUG:dale_experiment_rig:Flow 34:: first_event_name: srq, final_event_name: rrq, expected_data_B: 1000000, recv_data_B: 1000000
INFO:dale_experiment_rig:srcdst:(0, 1) Flow 35:: num of byteloads: 2000, num srq events: 2000, num rrq events: 1
DEBUG:dale_experiment_rig:Flow 35:: first_event_name: srq, final_event_name: rrq, expected_data_B: 1000000, recv_data_B: 1000000
INFO:dale_experiment_rig:srcdst:(0, 1) Flow 36:: num of byteloads: 2000, num srq events: 2000, num rrq events: 1
DEBUG:dale_experiment_rig:Flow 36:: first_event_name: srq, final_event_name: rrq, expected_data_B: 1000000, recv_data_B: 1000000
INFO:dale_experiment_rig:srcdst:(0, 1) Flow 37:: num of byteloads: 2000, num srq events: 2000, num rrq events: 1
DEBUG:dale_experiment_rig:Flow 37:: first_event_name: srq, final_event_name: rrq, expected_data_B: 1000000, recv_data_B: 1000000
INFO:dale_experiment_rig:srcdst:(0, 1) Flow 38:: num of byteloads: 2000, num srq events: 2000, num rrq events: 1
DEBUG:dale_experiment_rig:Flow 38:: first_event_name: srq, final_event_name: rrq, expected_data_B: 1000000, recv_data_B: 1000000
INFO:dale_experiment_rig:srcdst:(0, 1) Flow 39:: num of byteloads: 2000, num srq events: 2000, num rrq events: 1
DEBUG:dale_experiment_rig:Flow 39:: first_event_name: srq, final_event_name: rrq, expected_data_B: 1000000, recv_data_B: 1000000
INFO:dale_experiment_rig:ExpressPass FCT (ms): [0.009998059000000836, 0.009998152000001426, 0.009998245000000239, 0.009998338000000828, 0.009998390999999884, 0.009998444000000717, 0.00999849700000155, 0.010003124000000696, 0.010003248000000298, 0.010003377000000313, 0.01000371599999994, 0.009998549000000523, 0.010012169000001236, 0.010042287000000982, 0.010067035000000502, 0.010054981000001462, 0.010070716000001312, 0.010028004000000479, 0.010056091000000933, 0.010061856000000091, 0.010007426000001374, 0.010015343000000954, 0.009998602000001355, 0.009998769000000962, 0.01002700500000131, 0.010028674000000848, 0.010016567000000975, 0.009998822000000018, 0.010047029000000762, 0.010075406000000342, 0.010061066000000451, 0.010064016000001175, 0.010044309000001306, 0.01000692600000086, 0.010042215000000354, 0.010000967999999943, 0.01001153400000021, 0.010077346000000986, 0.010083970000000164, 0.01001959600000113]
App Gdpt (overall): 32.01560780390203 Gbps
App Gdpt (per flow): [0.8000000000000019, 0.8000000000000019, 0.8000000000000019, 0.8000000000000019, 0.8000000000000019, 0.8000000000000019, 0.8000000000000019, 0.8000000000000019, 0.8000000000000019, 0.8000000000000019, 0.8000000000000019, 0.8000000000000019, 0.8000000000000019, 0.8000000000000019, 0.8000000000000019, 0.8000000000000019, 0.8000000000000019, 0.8000000000000019, 0.8000000000000019, 0.8000000000000019, 0.8000000000000019, 0.8000000000000019, 0.8000000000000019, 0.8000000000000019, 0.8000000000000019, 0.8000000000000019, 0.8000000000000019, 0.8000000000000019, 0.8000000000000019, 0.8000000000000019, 0.8000000000000019, 0.8000000000000019, 0.8000000000000019, 0.8000000000000019, 0.8000000000000019, 0.8000000000000019, 0.8000000000000019, 0.8000000000000019, 0.8000000000000019, 0.8000000000000019]
Network Gdpt (overall): 31.7335335190401
Network Gdpt (per flow): [0.8001553101456325, 0.8001478673257678, 0.8001404246445061, 0.8001329821015591, 0.8001287407143902, 0.800124499372045, 0.8001202580746647, 0.7997501580505694, 0.7997402443686054, 0.7997299312022079, 0.7997028304282177, 0.8001160968456106, 0.7990276632365088, 0.796631285283842, 0.7946729101467912, 0.7956255710477064, 0.7943824451011188, 0.7977659362720256, 0.7955377492108274, 0.7950819411448472, 0.7994063608363332, 0.7987744403760549, 0.8001118556373097, 0.8000984921243036, 0.7978454184473783, 0.7977126387794962, 0.798676832092195, 0.8000942511027784, 0.7962552909919334, 0.794012668075086, 0.7951443713816847, 0.7949112958484035, 0.7964709170137001, 0.799446303490134, 0.7966369969174847, 0.7999225674954711, 0.799078343039122, 0.7938598118988093, 0.7933383379760025, 0.7984353860174701]
INFO:dale_experiment_rig:=====
** Num Flows: 40, Target Flow Rate (Gbps): 0.7999999999999999, ssird_sim_dur (s): 0.05, dctcp_sim_dur (s): 0.05
INFO:dale_experiment_rig:Processing SIRD results exp_id 1:: 40flo-0.7999999999999999Gbps_target
INFO:dale_experiment_rig:Processing results from /home/dh1723/SIRD-Simulator/scripts/r2p2/coord/results/SSIRD-FE_1rtt_delay__500Bto100KB_0pt8GbpsFlo_5usRTT_allproto__40flo-1Gbps-1000B-10000ns-2025-08-21T_10-55-28Z/data/SSIRD/60/applications_trace.str
INFO:dale_experiment_rig:srcdst:(0, 1) Flow 0:: num of byteloads: 1000, num srq events: 1000, num rrq events: 1000
DEBUG:dale_experiment_rig:Flow 0:: first_event_name: srq, final_event_name: rrq, expected_data_B: 1000000, recv_data_B: 1000000
INFO:dale_experiment_rig:srcdst:(0, 1) Flow 1:: num of byteloads: 1000, num srq events: 1000, num rrq events: 1000
DEBUG:dale_experiment_rig:Flow 1:: first_event_name: srq, final_event_name: rrq, expected_data_B: 1000000, recv_data_B: 1000000
INFO:dale_experiment_rig:srcdst:(0, 1) Flow 2:: num of byteloads: 1000, num srq events: 1000, num rrq events: 1000
DEBUG:dale_experiment_rig:Flow 2:: first_event_name: srq, final_event_name: rrq, expected_data_B: 1000000, recv_data_B: 1000000
INFO:dale_experiment_rig:srcdst:(0, 1) Flow 3:: num of byteloads: 1000, num srq events: 1000, num rrq events: 1000
DEBUG:dale_experiment_rig:Flow 3:: first_event_name: srq, final_event_name: rrq, expected_data_B: 1000000, recv_data_B: 1000000
INFO:dale_experiment_rig:srcdst:(0, 1) Flow 4:: num of byteloads: 1000, num srq events: 1000, num rrq events: 1000
DEBUG:dale_experiment_rig:Flow 4:: first_event_name: srq, final_event_name: rrq, expected_data_B: 1000000, recv_data_B: 1000000
INFO:dale_experiment_rig:srcdst:(0, 1) Flow 5:: num of byteloads: 1000, num srq events: 1000, num rrq events: 1000
DEBUG:dale_experiment_rig:Flow 5:: first_event_name: srq, final_event_name: rrq, expected_data_B: 1000000, recv_data_B: 1000000
INFO:dale_experiment_rig:srcdst:(0, 1) Flow 6:: num of byteloads: 1000, num srq events: 1000, num rrq events: 1000
DEBUG:dale_experiment_rig:Flow 6:: first_event_name: srq, final_event_name: rrq, expected_data_B: 1000000, recv_data_B: 1000000
INFO:dale_experiment_rig:srcdst:(0, 1) Flow 7:: num of byteloads: 1000, num srq events: 1000, num rrq events: 1000
DEBUG:dale_experiment_rig:Flow 7:: first_event_name: srq, final_event_name: rrq, expected_data_B: 1000000, recv_data_B: 1000000
INFO:dale_experiment_rig:srcdst:(0, 1) Flow 8:: num of byteloads: 1000, num srq events: 1000, num rrq events: 1000
DEBUG:dale_experiment_rig:Flow 8:: first_event_name: srq, final_event_name: rrq, expected_data_B: 1000000, recv_data_B: 1000000
INFO:dale_experiment_rig:srcdst:(0, 1) Flow 9:: num of byteloads: 1000, num srq events: 1000, num rrq events: 1000
DEBUG:dale_experiment_rig:Flow 9:: first_event_name: srq, final_event_name: rrq, expected_data_B: 1000000, recv_data_B: 1000000
INFO:dale_experiment_rig:srcdst:(0, 1) Flow 10:: num of byteloads: 1000, num srq events: 1000, num rrq events: 1000
DEBUG:dale_experiment_rig:Flow 10:: first_event_name: srq, final_event_name: rrq, expected_data_B: 1000000, recv_data_B: 1000000
INFO:dale_experiment_rig:srcdst:(0, 1) Flow 11:: num of byteloads: 1000, num srq events: 1000, num rrq events: 1000
DEBUG:dale_experiment_rig:Flow 11:: first_event_name: srq, final_event_name: rrq, expected_data_B: 1000000, recv_data_B: 1000000
INFO:dale_experiment_rig:srcdst:(0, 1) Flow 12:: num of byteloads: 1000, num srq events: 1000, num rrq events: 1000
DEBUG:dale_experiment_rig:Flow 12:: first_event_name: srq, final_event_name: rrq, expected_data_B: 1000000, recv_data_B: 1000000
INFO:dale_experiment_rig:srcdst:(0, 1) Flow 13:: num of byteloads: 1000, num srq events: 1000, num rrq events: 1000
DEBUG:dale_experiment_rig:Flow 13:: first_event_name: srq, final_event_name: rrq, expected_data_B: 1000000, recv_data_B: 1000000
INFO:dale_experiment_rig:srcdst:(0, 1) Flow 14:: num of byteloads: 1000, num srq events: 1000, num rrq events: 1000
DEBUG:dale_experiment_rig:Flow 14:: first_event_name: srq, final_event_name: rrq, expected_data_B: 1000000, recv_data_B: 1000000
INFO:dale_experiment_rig:srcdst:(0, 1) Flow 15:: num of byteloads: 1000, num srq events: 1000, num rrq events: 1000
DEBUG:dale_experiment_rig:Flow 15:: first_event_name: srq, final_event_name: rrq, expected_data_B: 1000000, recv_data_B: 1000000
INFO:dale_experiment_rig:srcdst:(0, 1) Flow 16:: num of byteloads: 1000, num srq events: 1000, num rrq events: 1000
DEBUG:dale_experiment_rig:Flow 16:: first_event_name: srq, final_event_name: rrq, expected_data_B: 1000000, recv_data_B: 1000000
INFO:dale_experiment_rig:srcdst:(0, 1) Flow 17:: num of byteloads: 1000, num srq events: 1000, num rrq events: 1000
DEBUG:dale_experiment_rig:Flow 17:: first_event_name: srq, final_event_name: rrq, expected_data_B: 1000000, recv_data_B: 1000000
INFO:dale_experiment_rig:srcdst:(0, 1) Flow 18:: num of byteloads: 1000, num srq events: 1000, num rrq events: 1000
DEBUG:dale_experiment_rig:Flow 18:: first_event_name: srq, final_event_name: rrq, expected_data_B: 1000000, recv_data_B: 1000000
INFO:dale_experiment_rig:srcdst:(0, 1) Flow 19:: num of byteloads: 1000, num srq events: 1000, num rrq events: 1000
DEBUG:dale_experiment_rig:Flow 19:: first_event_name: srq, final_event_name: rrq, expected_data_B: 1000000, recv_data_B: 1000000
INFO:dale_experiment_rig:srcdst:(0, 1) Flow 20:: num of byteloads: 1000, num srq events: 1000, num rrq events: 1000
DEBUG:dale_experiment_rig:Flow 20:: first_event_name: srq, final_event_name: rrq, expected_data_B: 1000000, recv_data_B: 1000000
INFO:dale_experiment_rig:srcdst:(0, 1) Flow 21:: num of byteloads: 1000, num srq events: 1000, num rrq events: 1000
DEBUG:dale_experiment_rig:Flow 21:: first_event_name: srq, final_event_name: rrq, expected_data_B: 1000000, recv_data_B: 1000000
INFO:dale_experiment_rig:srcdst:(0, 1) Flow 22:: num of byteloads: 1000, num srq events: 1000, num rrq events: 1000
DEBUG:dale_experiment_rig:Flow 22:: first_event_name: srq, final_event_name: rrq, expected_data_B: 1000000, recv_data_B: 1000000
INFO:dale_experiment_rig:srcdst:(0, 1) Flow 23:: num of byteloads: 1000, num srq events: 1000, num rrq events: 1000
DEBUG:dale_experiment_rig:Flow 23:: first_event_name: srq, final_event_name: rrq, expected_data_B: 1000000, recv_data_B: 1000000
INFO:dale_experiment_rig:srcdst:(0, 1) Flow 24:: num of byteloads: 1000, num srq events: 1000, num rrq events: 1000
DEBUG:dale_experiment_rig:Flow 24:: first_event_name: srq, final_event_name: rrq, expected_data_B: 1000000, recv_data_B: 1000000
INFO:dale_experiment_rig:srcdst:(0, 1) Flow 25:: num of byteloads: 1000, num srq events: 1000, num rrq events: 1000
DEBUG:dale_experiment_rig:Flow 25:: first_event_name: srq, final_event_name: rrq, expected_data_B: 1000000, recv_data_B: 1000000
INFO:dale_experiment_rig:srcdst:(0, 1) Flow 26:: num of byteloads: 1000, num srq events: 1000, num rrq events: 1000
DEBUG:dale_experiment_rig:Flow 26:: first_event_name: srq, final_event_name: rrq, expected_data_B: 1000000, recv_data_B: 1000000
INFO:dale_experiment_rig:srcdst:(0, 1) Flow 27:: num of byteloads: 1000, num srq events: 1000, num rrq events: 1000
DEBUG:dale_experiment_rig:Flow 27:: first_event_name: srq, final_event_name: rrq, expected_data_B: 1000000, recv_data_B: 1000000
INFO:dale_experiment_rig:srcdst:(0, 1) Flow 28:: num of byteloads: 1000, num srq events: 1000, num rrq events: 1000
DEBUG:dale_experiment_rig:Flow 28:: first_event_name: srq, final_event_name: rrq, expected_data_B: 1000000, recv_data_B: 1000000
INFO:dale_experiment_rig:srcdst:(0, 1) Flow 29:: num of byteloads: 1000, num srq events: 1000, num rrq events: 1000
DEBUG:dale_experiment_rig:Flow 29:: first_event_name: srq, final_event_name: rrq, expected_data_B: 1000000, recv_data_B: 1000000
INFO:dale_experiment_rig:srcdst:(0, 1) Flow 30:: num of byteloads: 1000, num srq events: 1000, num rrq events: 1000
DEBUG:dale_experiment_rig:Flow 30:: first_event_name: srq, final_event_name: rrq, expected_data_B: 1000000, recv_data_B: 1000000
INFO:dale_experiment_rig:srcdst:(0, 1) Flow 31:: num of byteloads: 1000, num srq events: 1000, num rrq events: 1000
DEBUG:dale_experiment_rig:Flow 31:: first_event_name: srq, final_event_name: rrq, expected_data_B: 1000000, recv_data_B: 1000000
INFO:dale_experiment_rig:srcdst:(0, 1) Flow 32:: num of byteloads: 1000, num srq events: 1000, num rrq events: 1000
DEBUG:dale_experiment_rig:Flow 32:: first_event_name: srq, final_event_name: rrq, expected_data_B: 1000000, recv_data_B: 1000000
INFO:dale_experiment_rig:srcdst:(0, 1) Flow 33:: num of byteloads: 1000, num srq events: 1000, num rrq events: 1000
DEBUG:dale_experiment_rig:Flow 33:: first_event_name: srq, final_event_name: rrq, expected_data_B: 1000000, recv_data_B: 1000000
INFO:dale_experiment_rig:srcdst:(0, 1) Flow 34:: num of byteloads: 1000, num srq events: 1000, num rrq events: 1000
DEBUG:dale_experiment_rig:Flow 34:: first_event_name: srq, final_event_name: rrq, expected_data_B: 1000000, recv_data_B: 1000000
INFO:dale_experiment_rig:srcdst:(0, 1) Flow 35:: num of byteloads: 1000, num srq events: 1000, num rrq events: 1000
DEBUG:dale_experiment_rig:Flow 35:: first_event_name: srq, final_event_name: rrq, expected_data_B: 1000000, recv_data_B: 1000000
INFO:dale_experiment_rig:srcdst:(0, 1) Flow 36:: num of byteloads: 1000, num srq events: 1000, num rrq events: 1000
DEBUG:dale_experiment_rig:Flow 36:: first_event_name: srq, final_event_name: rrq, expected_data_B: 1000000, recv_data_B: 1000000
INFO:dale_experiment_rig:srcdst:(0, 1) Flow 37:: num of byteloads: 1000, num srq events: 1000, num rrq events: 1000
DEBUG:dale_experiment_rig:Flow 37:: first_event_name: srq, final_event_name: rrq, expected_data_B: 1000000, recv_data_B: 1000000
INFO:dale_experiment_rig:srcdst:(0, 1) Flow 38:: num of byteloads: 1000, num srq events: 1000, num rrq events: 1000
DEBUG:dale_experiment_rig:Flow 38:: first_event_name: srq, final_event_name: rrq, expected_data_B: 1000000, recv_data_B: 1000000
INFO:dale_experiment_rig:srcdst:(0, 1) Flow 39:: num of byteloads: 1000, num srq events: 1000, num rrq events: 1000
DEBUG:dale_experiment_rig:Flow 39:: first_event_name: srq, final_event_name: rrq, expected_data_B: 1000000, recv_data_B: 1000000
INFO:dale_experiment_rig:SSIRD FCT (ms): [0.009999268000001393, 0.00999771300000063, 0.009998663000001073, 0.009999872999999937, 0.009999355000001486, 0.009999958999999947, 0.010000910000000474, 0.009999786999999927, 0.01000073700000037, 0.010000305000000154, 0.00999831800000095, 0.00999900900000128, 0.009998750000001166, 0.009999441000001497, 0.009998491000001053, 0.00999970000000161, 0.010000564000000267, 0.00999840400000096, 0.009998577000001063, 0.009998231000000857, 0.00999909500000129, 0.009999527000001507, 0.00999892300000127, 0.009997972000000743, 0.009998059000000836, 0.010000478000000257, 0.009998836000001177, 0.010001083000000577, 0.010000219000000143, 0.01000004600000004, 0.009997886000000733, 0.009999182000001383, 0.009998145000000846, 0.01000013200000005, 0.0099996140000016, 0.01000082300000038, 0.010000996000000484, 0.00999779900000064, 0.010000391000000164, 0.01000065100000036]
App Gdpt (overall): 32.031231231230706 Gbps
App Gdpt (per flow): [0.7999999999999868, 0.7999999999999868, 0.7999999999999868, 0.7999999999999868, 0.7999999999999868, 0.7999999999999868, 0.7999999999999868, 0.7999999999999868, 0.7999999999999868, 0.7999999999999868, 0.7999999999999868, 0.7999999999999868, 0.7999999999999868, 0.7999999999999868, 0.7999999999999868, 0.7999999999999868, 0.7999999999999868, 0.7999999999999868, 0.7999999999999868, 0.7999999999999868, 0.7999999999999868, 0.7999999999999868, 0.7999999999999868, 0.7999999999999868, 0.7999999999999868, 0.7999999999999868, 0.7999999999999868, 0.7999999999999868, 0.7999999999999868, 0.7999999999999868, 0.7999999999999868, 0.7999999999999868, 0.7999999999999868, 0.7999999999999868, 0.7999999999999868, 0.7999999999999868, 0.7999999999999868, 0.7999999999999868, 0.7999999999999868, 0.7999999999999868]
Network Gdpt (overall): 31.996534775281994
Network Gdpt (per flow): [0.8000585642867943, 0.8001830018524733, 0.8001069743023783, 0.8000101601290387, 0.8000516033282957, 0.8000032800134523, 0.7999272066241594, 0.8000170403629656, 0.7999410443450022, 0.7999756007441651, 0.8001345826367235, 0.8000792878573243, 0.8001000125014694, 0.8000447224998681, 0.8001207382193131, 0.8000240007198928, 0.7999548825446031, 0.800127700380904, 0.8001138562016524, 0.800141545039249, 0.8000724065526899, 0.8000378417897962, 0.8000861692803299, 0.8001622729088865, 0.8001553101456325, 0.7999617618277641, 0.8000931308403357, 0.7999133693820498, 0.7999824803836683, 0.7999963200169248, 0.800169155759469, 0.8000654453533194, 0.8001484275332398, 0.7999894401393862, 0.8000308811918861, 0.7999341654181558, 0.799920327935299, 0.8001761187636888, 0.7999687212229871, 0.7999479233901586]
INFO:dale_experiment_rig:Processing DCTCP results exp_id 1:: 40flo-0.7999999999999999Gbps_target
INFO:dale_experiment_rig:Processing results from /home/dh1723/SIRD-Simulator/scripts/r2p2/coord/results/DCTCP-50-FE_1rtt_delay__500Bto100KB_0pt8GbpsFlo_5usRTT_allproto__40flo-1Gbps-1000B-10000ns-2025-08-21T_10-55-28Z/data/DCTCP-50/60/applications_trace.str
INFO:dale_experiment_rig:srcdst:(0, 1) Flow 0:: num of byteloads: 1000, num srq events: 1000, num rrq events: 1
DEBUG:dale_experiment_rig:Flow 0:: first_event_name: srq, final_event_name: rrq, expected_data_B: 1000000, recv_data_B: 1000000
INFO:dale_experiment_rig:srcdst:(0, 1) Flow 1:: num of byteloads: 1000, num srq events: 1000, num rrq events: 1
DEBUG:dale_experiment_rig:Flow 1:: first_event_name: srq, final_event_name: rrq, expected_data_B: 1000000, recv_data_B: 1000000
INFO:dale_experiment_rig:srcdst:(0, 1) Flow 2:: num of byteloads: 1000, num srq events: 1000, num rrq events: 1
DEBUG:dale_experiment_rig:Flow 2:: first_event_name: srq, final_event_name: rrq, expected_data_B: 1000000, recv_data_B: 1000000
INFO:dale_experiment_rig:srcdst:(0, 1) Flow 3:: num of byteloads: 1000, num srq events: 1000, num rrq events: 1
DEBUG:dale_experiment_rig:Flow 3:: first_event_name: srq, final_event_name: rrq, expected_data_B: 1000000, recv_data_B: 1000000
INFO:dale_experiment_rig:srcdst:(0, 1) Flow 4:: num of byteloads: 1000, num srq events: 1000, num rrq events: 1
DEBUG:dale_experiment_rig:Flow 4:: first_event_name: srq, final_event_name: rrq, expected_data_B: 1000000, recv_data_B: 1000000
INFO:dale_experiment_rig:srcdst:(0, 1) Flow 5:: num of byteloads: 1000, num srq events: 1000, num rrq events: 1
DEBUG:dale_experiment_rig:Flow 5:: first_event_name: srq, final_event_name: rrq, expected_data_B: 1000000, recv_data_B: 1000000
INFO:dale_experiment_rig:srcdst:(0, 1) Flow 6:: num of byteloads: 1000, num srq events: 1000, num rrq events: 1
DEBUG:dale_experiment_rig:Flow 6:: first_event_name: srq, final_event_name: rrq, expected_data_B: 1000000, recv_data_B: 1000000
INFO:dale_experiment_rig:srcdst:(0, 1) Flow 7:: num of byteloads: 1000, num srq events: 1000, num rrq events: 1
DEBUG:dale_experiment_rig:Flow 7:: first_event_name: srq, final_event_name: rrq, expected_data_B: 1000000, recv_data_B: 1000000
INFO:dale_experiment_rig:srcdst:(0, 1) Flow 8:: num of byteloads: 1000, num srq events: 1000, num rrq events: 1
DEBUG:dale_experiment_rig:Flow 8:: first_event_name: srq, final_event_name: rrq, expected_data_B: 1000000, recv_data_B: 1000000
INFO:dale_experiment_rig:srcdst:(0, 1) Flow 9:: num of byteloads: 1000, num srq events: 1000, num rrq events: 1
DEBUG:dale_experiment_rig:Flow 9:: first_event_name: srq, final_event_name: rrq, expected_data_B: 1000000, recv_data_B: 1000000
INFO:dale_experiment_rig:srcdst:(0, 1) Flow 10:: num of byteloads: 1000, num srq events: 1000, num rrq events: 1
DEBUG:dale_experiment_rig:Flow 10:: first_event_name: srq, final_event_name: rrq, expected_data_B: 1000000, recv_data_B: 1000000
INFO:dale_experiment_rig:srcdst:(0, 1) Flow 11:: num of byteloads: 1000, num srq events: 1000, num rrq events: 1
DEBUG:dale_experiment_rig:Flow 11:: first_event_name: srq, final_event_name: rrq, expected_data_B: 1000000, recv_data_B: 1000000
INFO:dale_experiment_rig:srcdst:(0, 1) Flow 12:: num of byteloads: 1000, num srq events: 1000, num rrq events: 1
DEBUG:dale_experiment_rig:Flow 12:: first_event_name: srq, final_event_name: rrq, expected_data_B: 1000000, recv_data_B: 1000000
INFO:dale_experiment_rig:srcdst:(0, 1) Flow 13:: num of byteloads: 1000, num srq events: 1000, num rrq events: 1
DEBUG:dale_experiment_rig:Flow 13:: first_event_name: srq, final_event_name: rrq, expected_data_B: 1000000, recv_data_B: 1000000
INFO:dale_experiment_rig:srcdst:(0, 1) Flow 14:: num of byteloads: 1000, num srq events: 1000, num rrq events: 1
DEBUG:dale_experiment_rig:Flow 14:: first_event_name: srq, final_event_name: rrq, expected_data_B: 1000000, recv_data_B: 1000000
INFO:dale_experiment_rig:srcdst:(0, 1) Flow 15:: num of byteloads: 1000, num srq events: 1000, num rrq events: 1
DEBUG:dale_experiment_rig:Flow 15:: first_event_name: srq, final_event_name: rrq, expected_data_B: 1000000, recv_data_B: 1000000
INFO:dale_experiment_rig:srcdst:(0, 1) Flow 16:: num of byteloads: 1000, num srq events: 1000, num rrq events: 1
DEBUG:dale_experiment_rig:Flow 16:: first_event_name: srq, final_event_name: rrq, expected_data_B: 1000000, recv_data_B: 1000000
INFO:dale_experiment_rig:srcdst:(0, 1) Flow 17:: num of byteloads: 1000, num srq events: 1000, num rrq events: 1
DEBUG:dale_experiment_rig:Flow 17:: first_event_name: srq, final_event_name: rrq, expected_data_B: 1000000, recv_data_B: 1000000
INFO:dale_experiment_rig:srcdst:(0, 1) Flow 18:: num of byteloads: 1000, num srq events: 1000, num rrq events: 1
DEBUG:dale_experiment_rig:Flow 18:: first_event_name: srq, final_event_name: rrq, expected_data_B: 1000000, recv_data_B: 1000000
INFO:dale_experiment_rig:srcdst:(0, 1) Flow 19:: num of byteloads: 1000, num srq events: 1000, num rrq events: 1
DEBUG:dale_experiment_rig:Flow 19:: first_event_name: srq, final_event_name: rrq, expected_data_B: 1000000, recv_data_B: 1000000
INFO:dale_experiment_rig:srcdst:(0, 1) Flow 20:: num of byteloads: 1000, num srq events: 1000, num rrq events: 1
DEBUG:dale_experiment_rig:Flow 20:: first_event_name: srq, final_event_name: rrq, expected_data_B: 1000000, recv_data_B: 1000000
INFO:dale_experiment_rig:srcdst:(0, 1) Flow 21:: num of byteloads: 1000, num srq events: 1000, num rrq events: 1
DEBUG:dale_experiment_rig:Flow 21:: first_event_name: srq, final_event_name: rrq, expected_data_B: 1000000, recv_data_B: 1000000
INFO:dale_experiment_rig:srcdst:(0, 1) Flow 22:: num of byteloads: 1000, num srq events: 1000, num rrq events: 1
DEBUG:dale_experiment_rig:Flow 22:: first_event_name: srq, final_event_name: rrq, expected_data_B: 1000000, recv_data_B: 1000000
INFO:dale_experiment_rig:srcdst:(0, 1) Flow 23:: num of byteloads: 1000, num srq events: 1000, num rrq events: 1
DEBUG:dale_experiment_rig:Flow 23:: first_event_name: srq, final_event_name: rrq, expected_data_B: 1000000, recv_data_B: 1000000
INFO:dale_experiment_rig:srcdst:(0, 1) Flow 24:: num of byteloads: 1000, num srq events: 1000, num rrq events: 1
DEBUG:dale_experiment_rig:Flow 24:: first_event_name: srq, final_event_name: rrq, expected_data_B: 1000000, recv_data_B: 1000000
INFO:dale_experiment_rig:srcdst:(0, 1) Flow 25:: num of byteloads: 1000, num srq events: 1000, num rrq events: 1
DEBUG:dale_experiment_rig:Flow 25:: first_event_name: srq, final_event_name: rrq, expected_data_B: 1000000, recv_data_B: 1000000
INFO:dale_experiment_rig:srcdst:(0, 1) Flow 26:: num of byteloads: 1000, num srq events: 1000, num rrq events: 1
DEBUG:dale_experiment_rig:Flow 26:: first_event_name: srq, final_event_name: rrq, expected_data_B: 1000000, recv_data_B: 1000000
INFO:dale_experiment_rig:srcdst:(0, 1) Flow 27:: num of byteloads: 1000, num srq events: 1000, num rrq events: 1
DEBUG:dale_experiment_rig:Flow 27:: first_event_name: srq, final_event_name: rrq, expected_data_B: 1000000, recv_data_B: 1000000
INFO:dale_experiment_rig:srcdst:(0, 1) Flow 28:: num of byteloads: 1000, num srq events: 1000, num rrq events: 1
DEBUG:dale_experiment_rig:Flow 28:: first_event_name: srq, final_event_name: rrq, expected_data_B: 1000000, recv_data_B: 1000000
INFO:dale_experiment_rig:srcdst:(0, 1) Flow 29:: num of byteloads: 1000, num srq events: 1000, num rrq events: 1
DEBUG:dale_experiment_rig:Flow 29:: first_event_name: srq, final_event_name: rrq, expected_data_B: 1000000, recv_data_B: 1000000
INFO:dale_experiment_rig:srcdst:(0, 1) Flow 30:: num of byteloads: 1000, num srq events: 1000, num rrq events: 1
DEBUG:dale_experiment_rig:Flow 30:: first_event_name: srq, final_event_name: rrq, expected_data_B: 1000000, recv_data_B: 1000000
INFO:dale_experiment_rig:srcdst:(0, 1) Flow 31:: num of byteloads: 1000, num srq events: 1000, num rrq events: 1
DEBUG:dale_experiment_rig:Flow 31:: first_event_name: srq, final_event_name: rrq, expected_data_B: 1000000, recv_data_B: 1000000
INFO:dale_experiment_rig:srcdst:(0, 1) Flow 32:: num of byteloads: 1000, num srq events: 1000, num rrq events: 1
DEBUG:dale_experiment_rig:Flow 32:: first_event_name: srq, final_event_name: rrq, expected_data_B: 1000000, recv_data_B: 1000000
INFO:dale_experiment_rig:srcdst:(0, 1) Flow 33:: num of byteloads: 1000, num srq events: 1000, num rrq events: 1
DEBUG:dale_experiment_rig:Flow 33:: first_event_name: srq, final_event_name: rrq, expected_data_B: 1000000, recv_data_B: 1000000
INFO:dale_experiment_rig:srcdst:(0, 1) Flow 34:: num of byteloads: 1000, num srq events: 1000, num rrq events: 1
DEBUG:dale_experiment_rig:Flow 34:: first_event_name: srq, final_event_name: rrq, expected_data_B: 1000000, recv_data_B: 1000000
INFO:dale_experiment_rig:srcdst:(0, 1) Flow 35:: num of byteloads: 1000, num srq events: 1000, num rrq events: 1
DEBUG:dale_experiment_rig:Flow 35:: first_event_name: srq, final_event_name: rrq, expected_data_B: 1000000, recv_data_B: 1000000
INFO:dale_experiment_rig:srcdst:(0, 1) Flow 36:: num of byteloads: 1000, num srq events: 1000, num rrq events: 1
DEBUG:dale_experiment_rig:Flow 36:: first_event_name: srq, final_event_name: rrq, expected_data_B: 1000000, recv_data_B: 1000000
INFO:dale_experiment_rig:srcdst:(0, 1) Flow 37:: num of byteloads: 1000, num srq events: 1000, num rrq events: 1
DEBUG:dale_experiment_rig:Flow 37:: first_event_name: srq, final_event_name: rrq, expected_data_B: 1000000, recv_data_B: 1000000
INFO:dale_experiment_rig:srcdst:(0, 1) Flow 38:: num of byteloads: 1000, num srq events: 1000, num rrq events: 1
DEBUG:dale_experiment_rig:Flow 38:: first_event_name: srq, final_event_name: rrq, expected_data_B: 1000000, recv_data_B: 1000000
INFO:dale_experiment_rig:srcdst:(0, 1) Flow 39:: num of byteloads: 1000, num srq events: 1000, num rrq events: 1
DEBUG:dale_experiment_rig:Flow 39:: first_event_name: srq, final_event_name: rrq, expected_data_B: 1000000, recv_data_B: 1000000
INFO:dale_experiment_rig:DCTCP-50 FCT (ms): [0.00999267200000098, 0.009992759000001072, 0.009992845000001083, 0.009992931000001093, 0.009993017000001103, 0.009993104000001196, 0.009993190000001206, 0.009993276000001217, 0.009993362000001227, 0.00999344900000132, 0.00999353500000133, 0.00999362100000134, 0.00999370700000135, 0.009993794000001444, 0.009993880000001454, 0.009993966000001464, 0.009994052000001474, 0.009994139000001567, 0.009994225000001578, 0.009994311000001588, 0.009994397000001598, 0.009994483999999915, 0.009994569999999925, 0.009994655999999935, 0.009994741999999945, 0.009994827999999956, 0.009994915000000049, 0.009995001000000059, 0.009995087000000069, 0.00999517300000008, 0.009995260000000172, 0.009995346000000183, 0.009995432000000193, 0.009995518000000203, 0.009995605000000296, 0.009995691000000306, 0.009995777000000317, 0.009995863000000327, 0.00999595000000042, 0.00999603600000043]
App Gdpt (overall): 32.031231231230706 Gbps
App Gdpt (per flow): [0.7999999999999868, 0.7999999999999868, 0.7999999999999868, 0.7999999999999868, 0.7999999999999868, 0.7999999999999868, 0.7999999999999868, 0.7999999999999868, 0.7999999999999868, 0.7999999999999868, 0.7999999999999868, 0.7999999999999868, 0.7999999999999868, 0.7999999999999868, 0.7999999999999868, 0.7999999999999868, 0.7999999999999868, 0.7999999999999868, 0.7999999999999868, 0.7999999999999868, 0.7999999999999868, 0.7999999999999868, 0.7999999999999868, 0.7999999999999868, 0.7999999999999868, 0.7999999999999868, 0.7999999999999868, 0.7999999999999868, 0.7999999999999868, 0.7999999999999868, 0.7999999999999868, 0.7999999999999868, 0.7999999999999868, 0.7999999999999868, 0.7999999999999868, 0.7999999999999868, 0.7999999999999868, 0.7999999999999868, 0.7999999999999868, 0.7999999999999868]
Network Gdpt (overall): 32.01268983024733
Network Gdpt (per flow): [0.8005866699116329, 0.8005796997605107, 0.8005728098453577, 0.800565920048795, 0.8005590303708198, 0.8005520607009636, 0.8005451712615326, 0.8005382819406796, 0.8005313927384016, 0.8005244235497618, 0.8005175345860035, 0.8005106457408108, 0.800503757014181, 0.8004967883067077, 0.8004898998185727, 0.8004830114489913, 0.8004761231979602, 0.8004691549716034, 0.8004622669590425, 0.800455379065023, 0.8004484912895417, 0.8004415235443939, 0.800434636007358, 0.8004277485888511, 0.8004208612888701, 0.8004139741074119, 0.8004070069630368, 0.8004001200199934, 0.8003932331954635, 0.8003863464894442, 0.8003793798260237, 0.8003724933583944, 0.8003656070092664, 0.8003587207786368, 0.8003517545961214, 0.800344868603857, 0.8003379827300816, 0.8003310969747924, 0.8003241312731321, 0.8003172457561835]
INFO:dale_experiment_rig:Processing ExpressPass results exp_id 1:: 40flo-0.7999999999999999Gbps_target
INFO:dale_experiment_rig:Processing results from /home/dh1723/SIRD-Simulator/scripts/r2p2/coord/results/ExpressPass-FE_1rtt_delay__500Bto100KB_0pt8GbpsFlo_5usRTT_allproto__40flo-1Gbps-1000B-10000ns-2025-08-21T_10-55-28Z/data/ExpressPass/60/applications_trace.str
INFO:dale_experiment_rig:srcdst:(0, 1) Flow 0:: num of byteloads: 1000, num srq events: 1000, num rrq events: 1
DEBUG:dale_experiment_rig:Flow 0:: first_event_name: srq, final_event_name: rrq, expected_data_B: 1000000, recv_data_B: 1000000
INFO:dale_experiment_rig:srcdst:(0, 1) Flow 1:: num of byteloads: 1000, num srq events: 1000, num rrq events: 1
DEBUG:dale_experiment_rig:Flow 1:: first_event_name: srq, final_event_name: rrq, expected_data_B: 1000000, recv_data_B: 1000000
INFO:dale_experiment_rig:srcdst:(0, 1) Flow 2:: num of byteloads: 1000, num srq events: 1000, num rrq events: 1
DEBUG:dale_experiment_rig:Flow 2:: first_event_name: srq, final_event_name: rrq, expected_data_B: 1000000, recv_data_B: 1000000
INFO:dale_experiment_rig:srcdst:(0, 1) Flow 3:: num of byteloads: 1000, num srq events: 1000, num rrq events: 1
DEBUG:dale_experiment_rig:Flow 3:: first_event_name: srq, final_event_name: rrq, expected_data_B: 1000000, recv_data_B: 1000000
INFO:dale_experiment_rig:srcdst:(0, 1) Flow 4:: num of byteloads: 1000, num srq events: 1000, num rrq events: 1
DEBUG:dale_experiment_rig:Flow 4:: first_event_name: srq, final_event_name: rrq, expected_data_B: 1000000, recv_data_B: 1000000
INFO:dale_experiment_rig:srcdst:(0, 1) Flow 5:: num of byteloads: 1000, num srq events: 1000, num rrq events: 1
DEBUG:dale_experiment_rig:Flow 5:: first_event_name: srq, final_event_name: rrq, expected_data_B: 1000000, recv_data_B: 1000000
INFO:dale_experiment_rig:srcdst:(0, 1) Flow 6:: num of byteloads: 1000, num srq events: 1000, num rrq events: 1
DEBUG:dale_experiment_rig:Flow 6:: first_event_name: srq, final_event_name: rrq, expected_data_B: 1000000, recv_data_B: 1000000
INFO:dale_experiment_rig:srcdst:(0, 1) Flow 7:: num of byteloads: 1000, num srq events: 1000, num rrq events: 1
DEBUG:dale_experiment_rig:Flow 7:: first_event_name: srq, final_event_name: rrq, expected_data_B: 1000000, recv_data_B: 1000000
INFO:dale_experiment_rig:srcdst:(0, 1) Flow 8:: num of byteloads: 1000, num srq events: 1000, num rrq events: 1
DEBUG:dale_experiment_rig:Flow 8:: first_event_name: srq, final_event_name: rrq, expected_data_B: 1000000, recv_data_B: 1000000
INFO:dale_experiment_rig:srcdst:(0, 1) Flow 9:: num of byteloads: 1000, num srq events: 1000, num rrq events: 1
DEBUG:dale_experiment_rig:Flow 9:: first_event_name: srq, final_event_name: rrq, expected_data_B: 1000000, recv_data_B: 1000000
INFO:dale_experiment_rig:srcdst:(0, 1) Flow 10:: num of byteloads: 1000, num srq events: 1000, num rrq events: 1
DEBUG:dale_experiment_rig:Flow 10:: first_event_name: srq, final_event_name: rrq, expected_data_B: 1000000, recv_data_B: 1000000
INFO:dale_experiment_rig:srcdst:(0, 1) Flow 11:: num of byteloads: 1000, num srq events: 1000, num rrq events: 1
DEBUG:dale_experiment_rig:Flow 11:: first_event_name: srq, final_event_name: rrq, expected_data_B: 1000000, recv_data_B: 1000000
INFO:dale_experiment_rig:srcdst:(0, 1) Flow 12:: num of byteloads: 1000, num srq events: 1000, num rrq events: 1
DEBUG:dale_experiment_rig:Flow 12:: first_event_name: srq, final_event_name: rrq, expected_data_B: 1000000, recv_data_B: 1000000
INFO:dale_experiment_rig:srcdst:(0, 1) Flow 13:: num of byteloads: 1000, num srq events: 1000, num rrq events: 1
DEBUG:dale_experiment_rig:Flow 13:: first_event_name: srq, final_event_name: rrq, expected_data_B: 1000000, recv_data_B: 1000000
INFO:dale_experiment_rig:srcdst:(0, 1) Flow 14:: num of byteloads: 1000, num srq events: 1000, num rrq events: 1
DEBUG:dale_experiment_rig:Flow 14:: first_event_name: srq, final_event_name: rrq, expected_data_B: 1000000, recv_data_B: 1000000
INFO:dale_experiment_rig:srcdst:(0, 1) Flow 15:: num of byteloads: 1000, num srq events: 1000, num rrq events: 1
DEBUG:dale_experiment_rig:Flow 15:: first_event_name: srq, final_event_name: rrq, expected_data_B: 1000000, recv_data_B: 1000000
INFO:dale_experiment_rig:srcdst:(0, 1) Flow 16:: num of byteloads: 1000, num srq events: 1000, num rrq events: 1
DEBUG:dale_experiment_rig:Flow 16:: first_event_name: srq, final_event_name: rrq, expected_data_B: 1000000, recv_data_B: 1000000
INFO:dale_experiment_rig:srcdst:(0, 1) Flow 17:: num of byteloads: 1000, num srq events: 1000, num rrq events: 1
DEBUG:dale_experiment_rig:Flow 17:: first_event_name: srq, final_event_name: rrq, expected_data_B: 1000000, recv_data_B: 1000000
INFO:dale_experiment_rig:srcdst:(0, 1) Flow 18:: num of byteloads: 1000, num srq events: 1000, num rrq events: 1
DEBUG:dale_experiment_rig:Flow 18:: first_event_name: srq, final_event_name: rrq, expected_data_B: 1000000, recv_data_B: 1000000
INFO:dale_experiment_rig:srcdst:(0, 1) Flow 19:: num of byteloads: 1000, num srq events: 1000, num rrq events: 1
DEBUG:dale_experiment_rig:Flow 19:: first_event_name: srq, final_event_name: rrq, expected_data_B: 1000000, recv_data_B: 1000000
INFO:dale_experiment_rig:srcdst:(0, 1) Flow 20:: num of byteloads: 1000, num srq events: 1000, num rrq events: 1
DEBUG:dale_experiment_rig:Flow 20:: first_event_name: srq, final_event_name: rrq, expected_data_B: 1000000, recv_data_B: 1000000
INFO:dale_experiment_rig:srcdst:(0, 1) Flow 21:: num of byteloads: 1000, num srq events: 1000, num rrq events: 1
DEBUG:dale_experiment_rig:Flow 21:: first_event_name: srq, final_event_name: rrq, expected_data_B: 1000000, recv_data_B: 1000000
INFO:dale_experiment_rig:srcdst:(0, 1) Flow 22:: num of byteloads: 1000, num srq events: 1000, num rrq events: 1
DEBUG:dale_experiment_rig:Flow 22:: first_event_name: srq, final_event_name: rrq, expected_data_B: 1000000, recv_data_B: 1000000
INFO:dale_experiment_rig:srcdst:(0, 1) Flow 23:: num of byteloads: 1000, num srq events: 1000, num rrq events: 1
DEBUG:dale_experiment_rig:Flow 23:: first_event_name: srq, final_event_name: rrq, expected_data_B: 1000000, recv_data_B: 1000000
INFO:dale_experiment_rig:srcdst:(0, 1) Flow 24:: num of byteloads: 1000, num srq events: 1000, num rrq events: 1
DEBUG:dale_experiment_rig:Flow 24:: first_event_name: srq, final_event_name: rrq, expected_data_B: 1000000, recv_data_B: 1000000
INFO:dale_experiment_rig:srcdst:(0, 1) Flow 25:: num of byteloads: 1000, num srq events: 1000, num rrq events: 1
DEBUG:dale_experiment_rig:Flow 25:: first_event_name: srq, final_event_name: rrq, expected_data_B: 1000000, recv_data_B: 1000000
INFO:dale_experiment_rig:srcdst:(0, 1) Flow 26:: num of byteloads: 1000, num srq events: 1000, num rrq events: 1
DEBUG:dale_experiment_rig:Flow 26:: first_event_name: srq, final_event_name: rrq, expected_data_B: 1000000, recv_data_B: 1000000
INFO:dale_experiment_rig:srcdst:(0, 1) Flow 27:: num of byteloads: 1000, num srq events: 1000, num rrq events: 1
DEBUG:dale_experiment_rig:Flow 27:: first_event_name: srq, final_event_name: rrq, expected_data_B: 1000000, recv_data_B: 1000000
INFO:dale_experiment_rig:srcdst:(0, 1) Flow 28:: num of byteloads: 1000, num srq events: 1000, num rrq events: 1
DEBUG:dale_experiment_rig:Flow 28:: first_event_name: srq, final_event_name: rrq, expected_data_B: 1000000, recv_data_B: 1000000
INFO:dale_experiment_rig:srcdst:(0, 1) Flow 29:: num of byteloads: 1000, num srq events: 1000, num rrq events: 1
DEBUG:dale_experiment_rig:Flow 29:: first_event_name: srq, final_event_name: rrq, expected_data_B: 1000000, recv_data_B: 1000000
INFO:dale_experiment_rig:srcdst:(0, 1) Flow 30:: num of byteloads: 1000, num srq events: 1000, num rrq events: 1
DEBUG:dale_experiment_rig:Flow 30:: first_event_name: srq, final_event_name: rrq, expected_data_B: 1000000, recv_data_B: 1000000
INFO:dale_experiment_rig:srcdst:(0, 1) Flow 31:: num of byteloads: 1000, num srq events: 1000, num rrq events: 1
DEBUG:dale_experiment_rig:Flow 31:: first_event_name: srq, final_event_name: rrq, expected_data_B: 1000000, recv_data_B: 1000000
INFO:dale_experiment_rig:srcdst:(0, 1) Flow 32:: num of byteloads: 1000, num srq events: 1000, num rrq events: 1
DEBUG:dale_experiment_rig:Flow 32:: first_event_name: srq, final_event_name: rrq, expected_data_B: 1000000, recv_data_B: 1000000
INFO:dale_experiment_rig:srcdst:(0, 1) Flow 33:: num of byteloads: 1000, num srq events: 1000, num rrq events: 1
DEBUG:dale_experiment_rig:Flow 33:: first_event_name: srq, final_event_name: rrq, expected_data_B: 1000000, recv_data_B: 1000000
INFO:dale_experiment_rig:srcdst:(0, 1) Flow 34:: num of byteloads: 1000, num srq events: 1000, num rrq events: 1
DEBUG:dale_experiment_rig:Flow 34:: first_event_name: srq, final_event_name: rrq, expected_data_B: 1000000, recv_data_B: 1000000
INFO:dale_experiment_rig:srcdst:(0, 1) Flow 35:: num of byteloads: 1000, num srq events: 1000, num rrq events: 1
DEBUG:dale_experiment_rig:Flow 35:: first_event_name: srq, final_event_name: rrq, expected_data_B: 1000000, recv_data_B: 1000000
INFO:dale_experiment_rig:srcdst:(0, 1) Flow 36:: num of byteloads: 1000, num srq events: 1000, num rrq events: 1
DEBUG:dale_experiment_rig:Flow 36:: first_event_name: srq, final_event_name: rrq, expected_data_B: 1000000, recv_data_B: 1000000
INFO:dale_experiment_rig:srcdst:(0, 1) Flow 37:: num of byteloads: 1000, num srq events: 1000, num rrq events: 1
DEBUG:dale_experiment_rig:Flow 37:: first_event_name: srq, final_event_name: rrq, expected_data_B: 1000000, recv_data_B: 1000000
INFO:dale_experiment_rig:srcdst:(0, 1) Flow 38:: num of byteloads: 1000, num srq events: 1000, num rrq events: 1
DEBUG:dale_experiment_rig:Flow 38:: first_event_name: srq, final_event_name: rrq, expected_data_B: 1000000, recv_data_B: 1000000
INFO:dale_experiment_rig:srcdst:(0, 1) Flow 39:: num of byteloads: 1000, num srq events: 1000, num rrq events: 1
DEBUG:dale_experiment_rig:Flow 39:: first_event_name: srq, final_event_name: rrq, expected_data_B: 1000000, recv_data_B: 1000000
INFO:dale_experiment_rig:ExpressPass FCT (ms): [0.009997699000001248, 0.00999779200000006, 0.00999791899999991, 0.009998046000001537, 0.009998165000000725, 0.009998287000000161, 0.009998412999999928, 0.009998552000000771, 0.010066410000000303, 0.01005591100000025, 0.010070235000000594, 0.010041396000000091, 0.010049802000001051, 0.010066926000000365, 0.010039710000000923, 0.010029009000000144, 0.009998851000000641, 0.010009521000000632, 0.010013578000000578, 0.010045954000000634, 0.010056077000001551, 0.010050151000001506, 0.010052976000000768, 0.010031356000000713, 0.010027843000001369, 0.01008157000000054, 0.009993474999999918, 0.009996307000001536, 0.01005116900000047, 0.01002791099999989, 0.010079986000000929, 0.01004004500000022, 0.010004810999999947, 0.009998990000001484, 0.010027272000000309, 0.010014995000000582, 0.010084552000000357, 0.009993959000000885, 0.010004174000000532, 0.010041306000001526]
App Gdpt (overall): 32.031231231230706 Gbps
App Gdpt (per flow): [0.7999999999999868, 0.7999999999999868, 0.7999999999999868, 0.7999999999999868, 0.7999999999999868, 0.7999999999999868, 0.7999999999999868, 0.7999999999999868, 0.7999999999999868, 0.7999999999999868, 0.7999999999999868, 0.7999999999999868, 0.7999999999999868, 0.7999999999999868, 0.7999999999999868, 0.7999999999999868, 0.7999999999999868, 0.7999999999999868, 0.7999999999999868, 0.7999999999999868, 0.7999999999999868, 0.7999999999999868, 0.7999999999999868, 0.7999999999999868, 0.7999999999999868, 0.7999999999999868, 0.7999999999999868, 0.7999999999999868, 0.7999999999999868, 0.7999999999999868, 0.7999999999999868, 0.7999999999999868, 0.7999999999999868, 0.7999999999999868, 0.7999999999999868, 0.7999999999999868, 0.7999999999999868, 0.7999999999999868, 0.7999999999999868, 0.7999999999999868]
Network Gdpt (overall): 31.731702112298954
Network Gdpt (per flow): [0.8001841223664566, 0.8001766790107208, 0.8001665146517063, 0.8001563505507747, 0.800146826942686, 0.8001370634789612, 0.8001269801517559, 0.8001158567759995, 0.7947222495407757, 0.7955519892727573, 0.7944203884020113, 0.7967019725145715, 0.7960355835865387, 0.7946815144960548, 0.796835765176411, 0.7976859927037543, 0.8000919305627704, 0.7992390445056757, 0.7989152328967266, 0.7963404968805845, 0.7955388567528636, 0.796007940577092, 0.7957842533394478, 0.7974993610035804, 0.7977787446411864, 0.7935271986406456, 0.8005223408273965, 0.8002955491461767, 0.795927319498819, 0.7977733348451226, 0.7936518959450205, 0.7968091776480908, 0.7996153050767318, 0.8000808081615056, 0.7978241739128802, 0.7988021961068913, 0.7932925528074739, 0.8004835721258505, 0.7996662193200134, 0.7967091133363314]
INFO:dale_experiment_rig:=====
** Num Flows: 40, Target Flow Rate (Gbps): 0.7999999999999999, ssird_sim_dur (s): 0.05, dctcp_sim_dur (s): 0.05
INFO:dale_experiment_rig:Processing SIRD results exp_id 2:: 40flo-0.7999999999999999Gbps_target
INFO:dale_experiment_rig:Processing results from /home/dh1723/SIRD-Simulator/scripts/r2p2/coord/results/SSIRD-FE_1rtt_delay__500Bto100KB_0pt8GbpsFlo_5usRTT_allproto__40flo-1Gbps-5000B-50000ns-2025-08-21T_10-55-28Z/data/SSIRD/60/applications_trace.str
INFO:dale_experiment_rig:srcdst:(0, 1) Flow 0:: num of byteloads: 200, num srq events: 200, num rrq events: 200
DEBUG:dale_experiment_rig:Flow 0:: first_event_name: srq, final_event_name: rrq, expected_data_B: 1000000, recv_data_B: 1000000
INFO:dale_experiment_rig:srcdst:(0, 1) Flow 1:: num of byteloads: 200, num srq events: 200, num rrq events: 200
DEBUG:dale_experiment_rig:Flow 1:: first_event_name: srq, final_event_name: rrq, expected_data_B: 1000000, recv_data_B: 1000000
INFO:dale_experiment_rig:srcdst:(0, 1) Flow 2:: num of byteloads: 200, num srq events: 200, num rrq events: 200
DEBUG:dale_experiment_rig:Flow 2:: first_event_name: srq, final_event_name: rrq, expected_data_B: 1000000, recv_data_B: 1000000
INFO:dale_experiment_rig:srcdst:(0, 1) Flow 3:: num of byteloads: 200, num srq events: 200, num rrq events: 200
DEBUG:dale_experiment_rig:Flow 3:: first_event_name: srq, final_event_name: rrq, expected_data_B: 1000000, recv_data_B: 1000000
INFO:dale_experiment_rig:srcdst:(0, 1) Flow 4:: num of byteloads: 200, num srq events: 200, num rrq events: 200
DEBUG:dale_experiment_rig:Flow 4:: first_event_name: srq, final_event_name: rrq, expected_data_B: 1000000, recv_data_B: 1000000
INFO:dale_experiment_rig:srcdst:(0, 1) Flow 5:: num of byteloads: 200, num srq events: 200, num rrq events: 200
DEBUG:dale_experiment_rig:Flow 5:: first_event_name: srq, final_event_name: rrq, expected_data_B: 1000000, recv_data_B: 1000000
INFO:dale_experiment_rig:srcdst:(0, 1) Flow 6:: num of byteloads: 200, num srq events: 200, num rrq events: 200
DEBUG:dale_experiment_rig:Flow 6:: first_event_name: srq, final_event_name: rrq, expected_data_B: 1000000, recv_data_B: 1000000
INFO:dale_experiment_rig:srcdst:(0, 1) Flow 7:: num of byteloads: 200, num srq events: 200, num rrq events: 200
DEBUG:dale_experiment_rig:Flow 7:: first_event_name: srq, final_event_name: rrq, expected_data_B: 1000000, recv_data_B: 1000000
INFO:dale_experiment_rig:srcdst:(0, 1) Flow 8:: num of byteloads: 200, num srq events: 200, num rrq events: 200
DEBUG:dale_experiment_rig:Flow 8:: first_event_name: srq, final_event_name: rrq, expected_data_B: 1000000, recv_data_B: 1000000
INFO:dale_experiment_rig:srcdst:(0, 1) Flow 9:: num of byteloads: 200, num srq events: 200, num rrq events: 200
DEBUG:dale_experiment_rig:Flow 9:: first_event_name: srq, final_event_name: rrq, expected_data_B: 1000000, recv_data_B: 1000000
INFO:dale_experiment_rig:srcdst:(0, 1) Flow 10:: num of byteloads: 200, num srq events: 200, num rrq events: 200
DEBUG:dale_experiment_rig:Flow 10:: first_event_name: srq, final_event_name: rrq, expected_data_B: 1000000, recv_data_B: 1000000
INFO:dale_experiment_rig:srcdst:(0, 1) Flow 11:: num of byteloads: 200, num srq events: 200, num rrq events: 200
DEBUG:dale_experiment_rig:Flow 11:: first_event_name: srq, final_event_name: rrq, expected_data_B: 1000000, recv_data_B: 1000000
INFO:dale_experiment_rig:srcdst:(0, 1) Flow 12:: num of byteloads: 200, num srq events: 200, num rrq events: 200
DEBUG:dale_experiment_rig:Flow 12:: first_event_name: srq, final_event_name: rrq, expected_data_B: 1000000, recv_data_B: 1000000
INFO:dale_experiment_rig:srcdst:(0, 1) Flow 13:: num of byteloads: 200, num srq events: 200, num rrq events: 200
DEBUG:dale_experiment_rig:Flow 13:: first_event_name: srq, final_event_name: rrq, expected_data_B: 1000000, recv_data_B: 1000000
INFO:dale_experiment_rig:srcdst:(0, 1) Flow 14:: num of byteloads: 200, num srq events: 200, num rrq events: 200
DEBUG:dale_experiment_rig:Flow 14:: first_event_name: srq, final_event_name: rrq, expected_data_B: 1000000, recv_data_B: 1000000
INFO:dale_experiment_rig:srcdst:(0, 1) Flow 15:: num of byteloads: 200, num srq events: 200, num rrq events: 200
DEBUG:dale_experiment_rig:Flow 15:: first_event_name: srq, final_event_name: rrq, expected_data_B: 1000000, recv_data_B: 1000000
INFO:dale_experiment_rig:srcdst:(0, 1) Flow 16:: num of byteloads: 200, num srq events: 200, num rrq events: 200
DEBUG:dale_experiment_rig:Flow 16:: first_event_name: srq, final_event_name: rrq, expected_data_B: 1000000, recv_data_B: 1000000
INFO:dale_experiment_rig:srcdst:(0, 1) Flow 17:: num of byteloads: 200, num srq events: 200, num rrq events: 200
DEBUG:dale_experiment_rig:Flow 17:: first_event_name: srq, final_event_name: rrq, expected_data_B: 1000000, recv_data_B: 1000000
INFO:dale_experiment_rig:srcdst:(0, 1) Flow 18:: num of byteloads: 200, num srq events: 200, num rrq events: 200
DEBUG:dale_experiment_rig:Flow 18:: first_event_name: srq, final_event_name: rrq, expected_data_B: 1000000, recv_data_B: 1000000
INFO:dale_experiment_rig:srcdst:(0, 1) Flow 19:: num of byteloads: 200, num srq events: 200, num rrq events: 200
DEBUG:dale_experiment_rig:Flow 19:: first_event_name: srq, final_event_name: rrq, expected_data_B: 1000000, recv_data_B: 1000000
INFO:dale_experiment_rig:srcdst:(0, 1) Flow 20:: num of byteloads: 200, num srq events: 200, num rrq events: 200
DEBUG:dale_experiment_rig:Flow 20:: first_event_name: srq, final_event_name: rrq, expected_data_B: 1000000, recv_data_B: 1000000
INFO:dale_experiment_rig:srcdst:(0, 1) Flow 21:: num of byteloads: 200, num srq events: 200, num rrq events: 200
DEBUG:dale_experiment_rig:Flow 21:: first_event_name: srq, final_event_name: rrq, expected_data_B: 1000000, recv_data_B: 1000000
INFO:dale_experiment_rig:srcdst:(0, 1) Flow 22:: num of byteloads: 200, num srq events: 200, num rrq events: 200
DEBUG:dale_experiment_rig:Flow 22:: first_event_name: srq, final_event_name: rrq, expected_data_B: 1000000, recv_data_B: 1000000
INFO:dale_experiment_rig:srcdst:(0, 1) Flow 23:: num of byteloads: 200, num srq events: 200, num rrq events: 200
DEBUG:dale_experiment_rig:Flow 23:: first_event_name: srq, final_event_name: rrq, expected_data_B: 1000000, recv_data_B: 1000000
INFO:dale_experiment_rig:srcdst:(0, 1) Flow 24:: num of byteloads: 200, num srq events: 200, num rrq events: 200
DEBUG:dale_experiment_rig:Flow 24:: first_event_name: srq, final_event_name: rrq, expected_data_B: 1000000, recv_data_B: 1000000
INFO:dale_experiment_rig:srcdst:(0, 1) Flow 25:: num of byteloads: 200, num srq events: 200, num rrq events: 200
DEBUG:dale_experiment_rig:Flow 25:: first_event_name: srq, final_event_name: rrq, expected_data_B: 1000000, recv_data_B: 1000000
INFO:dale_experiment_rig:srcdst:(0, 1) Flow 26:: num of byteloads: 200, num srq events: 200, num rrq events: 200
DEBUG:dale_experiment_rig:Flow 26:: first_event_name: srq, final_event_name: rrq, expected_data_B: 1000000, recv_data_B: 1000000
INFO:dale_experiment_rig:srcdst:(0, 1) Flow 27:: num of byteloads: 200, num srq events: 200, num rrq events: 200
DEBUG:dale_experiment_rig:Flow 27:: first_event_name: srq, final_event_name: rrq, expected_data_B: 1000000, recv_data_B: 1000000
INFO:dale_experiment_rig:srcdst:(0, 1) Flow 28:: num of byteloads: 200, num srq events: 200, num rrq events: 200
DEBUG:dale_experiment_rig:Flow 28:: first_event_name: srq, final_event_name: rrq, expected_data_B: 1000000, recv_data_B: 1000000
INFO:dale_experiment_rig:srcdst:(0, 1) Flow 29:: num of byteloads: 200, num srq events: 200, num rrq events: 200
DEBUG:dale_experiment_rig:Flow 29:: first_event_name: srq, final_event_name: rrq, expected_data_B: 1000000, recv_data_B: 1000000
INFO:dale_experiment_rig:srcdst:(0, 1) Flow 30:: num of byteloads: 200, num srq events: 200, num rrq events: 200
DEBUG:dale_experiment_rig:Flow 30:: first_event_name: srq, final_event_name: rrq, expected_data_B: 1000000, recv_data_B: 1000000
INFO:dale_experiment_rig:srcdst:(0, 1) Flow 31:: num of byteloads: 200, num srq events: 200, num rrq events: 200
DEBUG:dale_experiment_rig:Flow 31:: first_event_name: srq, final_event_name: rrq, expected_data_B: 1000000, recv_data_B: 1000000
INFO:dale_experiment_rig:srcdst:(0, 1) Flow 32:: num of byteloads: 200, num srq events: 200, num rrq events: 200
DEBUG:dale_experiment_rig:Flow 32:: first_event_name: srq, final_event_name: rrq, expected_data_B: 1000000, recv_data_B: 1000000
INFO:dale_experiment_rig:srcdst:(0, 1) Flow 33:: num of byteloads: 200, num srq events: 200, num rrq events: 200
DEBUG:dale_experiment_rig:Flow 33:: first_event_name: srq, final_event_name: rrq, expected_data_B: 1000000, recv_data_B: 1000000
INFO:dale_experiment_rig:srcdst:(0, 1) Flow 34:: num of byteloads: 200, num srq events: 200, num rrq events: 200
DEBUG:dale_experiment_rig:Flow 34:: first_event_name: srq, final_event_name: rrq, expected_data_B: 1000000, recv_data_B: 1000000
INFO:dale_experiment_rig:srcdst:(0, 1) Flow 35:: num of byteloads: 200, num srq events: 200, num rrq events: 200
DEBUG:dale_experiment_rig:Flow 35:: first_event_name: srq, final_event_name: rrq, expected_data_B: 1000000, recv_data_B: 1000000
INFO:dale_experiment_rig:srcdst:(0, 1) Flow 36:: num of byteloads: 200, num srq events: 200, num rrq events: 200
DEBUG:dale_experiment_rig:Flow 36:: first_event_name: srq, final_event_name: rrq, expected_data_B: 1000000, recv_data_B: 1000000
INFO:dale_experiment_rig:srcdst:(0, 1) Flow 37:: num of byteloads: 200, num srq events: 200, num rrq events: 200
DEBUG:dale_experiment_rig:Flow 37:: first_event_name: srq, final_event_name: rrq, expected_data_B: 1000000, recv_data_B: 1000000
INFO:dale_experiment_rig:srcdst:(0, 1) Flow 38:: num of byteloads: 200, num srq events: 200, num rrq events: 200
DEBUG:dale_experiment_rig:Flow 38:: first_event_name: srq, final_event_name: rrq, expected_data_B: 1000000, recv_data_B: 1000000
INFO:dale_experiment_rig:srcdst:(0, 1) Flow 39:: num of byteloads: 200, num srq events: 200, num rrq events: 200
DEBUG:dale_experiment_rig:Flow 39:: first_event_name: srq, final_event_name: rrq, expected_data_B: 1000000, recv_data_B: 1000000
INFO:dale_experiment_rig:SSIRD FCT (ms): [0.00996325700000078, 0.009973056000001534, 0.009970926000001157, 0.009970075000000023, 0.00997050100000152, 0.009967947000001587, 0.009966666000000401, 0.009959001000000356, 0.009969224000000665, 0.009961129000000568, 0.009971352000000877, 0.00997433200000053, 0.009965389000001323, 0.009961981000000009, 0.009959853000001573, 0.009958099000000331, 0.009973481000001172, 0.009965814000000961, 0.009972630000000038, 0.009972204000000318, 0.009961555000000288, 0.009962832000001143, 0.009964534000001635, 0.009964960000001355, 0.009967096000000453, 0.009969649000000302, 0.0099636830000005, 0.009973907000000892, 0.009968373000001307, 0.00996027800000121, 0.00996410900000022, 0.00996752100000009, 0.009968798000000945, 0.009966240000000681, 0.009958576000000718, 0.009962406000001423, 0.00997177900000068, 0.00996070400000093, 0.00997475800000025, 0.009959427000000076]
App Gdpt (overall): 32.156783919598304 Gbps
App Gdpt (per flow): [0.8000000000000078, 0.8000000000000078, 0.8000000000000078, 0.8000000000000078, 0.8000000000000078, 0.8000000000000078, 0.8000000000000078, 0.8000000000000078, 0.8000000000000078, 0.8000000000000078, 0.8000000000000078, 0.8000000000000078, 0.8000000000000078, 0.8000000000000078, 0.8000000000000078, 0.8000000000000078, 0.8000000000000078, 0.8000000000000078, 0.8000000000000078, 0.8000000000000078, 0.8000000000000078, 0.8000000000000078, 0.8000000000000078, 0.8000000000000078, 0.8000000000000078, 0.8000000000000078, 0.8000000000000078, 0.8000000000000078, 0.8000000000000078, 0.8000000000000078, 0.8000000000000078, 0.8000000000000078, 0.8000000000000078, 0.8000000000000078, 0.8000000000000078, 0.8000000000000078, 0.8000000000000078, 0.8000000000000078, 0.8000000000000078, 0.8000000000000078]
Network Gdpt (overall): 32.08097880670308
Network Gdpt (per flow): [0.8029502802145296, 0.8021613435238677, 0.8023327020979869, 0.80240118554775, 0.802366902124455, 0.8025724855879276, 0.8026756389749269, 0.8032934227037144, 0.8024696806892359, 0.803121814806288, 0.8022984245265132, 0.802058724333577, 0.8027784966546653, 0.8030531276861493, 0.8032247062279672, 0.8033661846502765, 0.8021271610182102, 0.8027442615323975, 0.802195609382878, 0.8022298781693341, 0.8030874697775366, 0.802984532911835, 0.8028473785125013, 0.8028130569514492, 0.8026410099791992, 0.8024354719007417, 0.8029159498550484, 0.8020929010065249, 0.8025381875255824, 0.8031904330380165, 0.8028816224310497, 0.8026067865821329, 0.8025039728961548, 0.8027099487870504, 0.8033277046838246, 0.8030188691365177, 0.8022640694302847, 0.8031560821403039, 0.8020244701675769, 0.8032590629962888]
INFO:dale_experiment_rig:Processing DCTCP results exp_id 2:: 40flo-0.7999999999999999Gbps_target
INFO:dale_experiment_rig:Processing results from /home/dh1723/SIRD-Simulator/scripts/r2p2/coord/results/DCTCP-50-FE_1rtt_delay__500Bto100KB_0pt8GbpsFlo_5usRTT_allproto__40flo-1Gbps-5000B-50000ns-2025-08-21T_10-55-28Z/data/DCTCP-50/60/applications_trace.str
INFO:dale_experiment_rig:srcdst:(0, 1) Flow 0:: num of byteloads: 200, num srq events: 200, num rrq events: 1
DEBUG:dale_experiment_rig:Flow 0:: first_event_name: srq, final_event_name: rrq, expected_data_B: 1000000, recv_data_B: 1000000
INFO:dale_experiment_rig:srcdst:(0, 1) Flow 1:: num of byteloads: 200, num srq events: 200, num rrq events: 1
DEBUG:dale_experiment_rig:Flow 1:: first_event_name: srq, final_event_name: rrq, expected_data_B: 1000000, recv_data_B: 1000000
INFO:dale_experiment_rig:srcdst:(0, 1) Flow 2:: num of byteloads: 200, num srq events: 200, num rrq events: 1
DEBUG:dale_experiment_rig:Flow 2:: first_event_name: srq, final_event_name: rrq, expected_data_B: 1000000, recv_data_B: 1000000
INFO:dale_experiment_rig:srcdst:(0, 1) Flow 3:: num of byteloads: 200, num srq events: 200, num rrq events: 1
DEBUG:dale_experiment_rig:Flow 3:: first_event_name: srq, final_event_name: rrq, expected_data_B: 1000000, recv_data_B: 1000000
INFO:dale_experiment_rig:srcdst:(0, 1) Flow 4:: num of byteloads: 200, num srq events: 200, num rrq events: 1
DEBUG:dale_experiment_rig:Flow 4:: first_event_name: srq, final_event_name: rrq, expected_data_B: 1000000, recv_data_B: 1000000
INFO:dale_experiment_rig:srcdst:(0, 1) Flow 5:: num of byteloads: 200, num srq events: 200, num rrq events: 1
DEBUG:dale_experiment_rig:Flow 5:: first_event_name: srq, final_event_name: rrq, expected_data_B: 1000000, recv_data_B: 1000000
INFO:dale_experiment_rig:srcdst:(0, 1) Flow 6:: num of byteloads: 200, num srq events: 200, num rrq events: 1
DEBUG:dale_experiment_rig:Flow 6:: first_event_name: srq, final_event_name: rrq, expected_data_B: 1000000, recv_data_B: 1000000
INFO:dale_experiment_rig:srcdst:(0, 1) Flow 7:: num of byteloads: 200, num srq events: 200, num rrq events: 1
DEBUG:dale_experiment_rig:Flow 7:: first_event_name: srq, final_event_name: rrq, expected_data_B: 1000000, recv_data_B: 1000000
INFO:dale_experiment_rig:srcdst:(0, 1) Flow 8:: num of byteloads: 200, num srq events: 200, num rrq events: 1
DEBUG:dale_experiment_rig:Flow 8:: first_event_name: srq, final_event_name: rrq, expected_data_B: 1000000, recv_data_B: 1000000
INFO:dale_experiment_rig:srcdst:(0, 1) Flow 9:: num of byteloads: 200, num srq events: 200, num rrq events: 1
DEBUG:dale_experiment_rig:Flow 9:: first_event_name: srq, final_event_name: rrq, expected_data_B: 1000000, recv_data_B: 1000000
INFO:dale_experiment_rig:srcdst:(0, 1) Flow 10:: num of byteloads: 200, num srq events: 200, num rrq events: 1
DEBUG:dale_experiment_rig:Flow 10:: first_event_name: srq, final_event_name: rrq, expected_data_B: 1000000, recv_data_B: 1000000
INFO:dale_experiment_rig:srcdst:(0, 1) Flow 11:: num of byteloads: 200, num srq events: 200, num rrq events: 1
DEBUG:dale_experiment_rig:Flow 11:: first_event_name: srq, final_event_name: rrq, expected_data_B: 1000000, recv_data_B: 1000000
INFO:dale_experiment_rig:srcdst:(0, 1) Flow 12:: num of byteloads: 200, num srq events: 200, num rrq events: 1
DEBUG:dale_experiment_rig:Flow 12:: first_event_name: srq, final_event_name: rrq, expected_data_B: 1000000, recv_data_B: 1000000
INFO:dale_experiment_rig:srcdst:(0, 1) Flow 13:: num of byteloads: 200, num srq events: 200, num rrq events: 1
DEBUG:dale_experiment_rig:Flow 13:: first_event_name: srq, final_event_name: rrq, expected_data_B: 1000000, recv_data_B: 1000000
INFO:dale_experiment_rig:srcdst:(0, 1) Flow 14:: num of byteloads: 200, num srq events: 200, num rrq events: 1
DEBUG:dale_experiment_rig:Flow 14:: first_event_name: srq, final_event_name: rrq, expected_data_B: 1000000, recv_data_B: 1000000
INFO:dale_experiment_rig:srcdst:(0, 1) Flow 15:: num of byteloads: 200, num srq events: 200, num rrq events: 1
DEBUG:dale_experiment_rig:Flow 15:: first_event_name: srq, final_event_name: rrq, expected_data_B: 1000000, recv_data_B: 1000000
INFO:dale_experiment_rig:srcdst:(0, 1) Flow 16:: num of byteloads: 200, num srq events: 200, num rrq events: 1
DEBUG:dale_experiment_rig:Flow 16:: first_event_name: srq, final_event_name: rrq, expected_data_B: 1000000, recv_data_B: 1000000
INFO:dale_experiment_rig:srcdst:(0, 1) Flow 17:: num of byteloads: 200, num srq events: 200, num rrq events: 1
DEBUG:dale_experiment_rig:Flow 17:: first_event_name: srq, final_event_name: rrq, expected_data_B: 1000000, recv_data_B: 1000000
INFO:dale_experiment_rig:srcdst:(0, 1) Flow 18:: num of byteloads: 200, num srq events: 200, num rrq events: 1
DEBUG:dale_experiment_rig:Flow 18:: first_event_name: srq, final_event_name: rrq, expected_data_B: 1000000, recv_data_B: 1000000
INFO:dale_experiment_rig:srcdst:(0, 1) Flow 19:: num of byteloads: 200, num srq events: 200, num rrq events: 1
DEBUG:dale_experiment_rig:Flow 19:: first_event_name: srq, final_event_name: rrq, expected_data_B: 1000000, recv_data_B: 1000000
INFO:dale_experiment_rig:srcdst:(0, 1) Flow 20:: num of byteloads: 200, num srq events: 200, num rrq events: 1
DEBUG:dale_experiment_rig:Flow 20:: first_event_name: srq, final_event_name: rrq, expected_data_B: 1000000, recv_data_B: 1000000
INFO:dale_experiment_rig:srcdst:(0, 1) Flow 21:: num of byteloads: 200, num srq events: 200, num rrq events: 1
DEBUG:dale_experiment_rig:Flow 21:: first_event_name: srq, final_event_name: rrq, expected_data_B: 1000000, recv_data_B: 1000000
INFO:dale_experiment_rig:srcdst:(0, 1) Flow 22:: num of byteloads: 200, num srq events: 200, num rrq events: 1
DEBUG:dale_experiment_rig:Flow 22:: first_event_name: srq, final_event_name: rrq, expected_data_B: 1000000, recv_data_B: 1000000
INFO:dale_experiment_rig:srcdst:(0, 1) Flow 23:: num of byteloads: 200, num srq events: 200, num rrq events: 1
DEBUG:dale_experiment_rig:Flow 23:: first_event_name: srq, final_event_name: rrq, expected_data_B: 1000000, recv_data_B: 1000000
INFO:dale_experiment_rig:srcdst:(0, 1) Flow 24:: num of byteloads: 200, num srq events: 200, num rrq events: 1
DEBUG:dale_experiment_rig:Flow 24:: first_event_name: srq, final_event_name: rrq, expected_data_B: 1000000, recv_data_B: 1000000
INFO:dale_experiment_rig:srcdst:(0, 1) Flow 25:: num of byteloads: 200, num srq events: 200, num rrq events: 1
DEBUG:dale_experiment_rig:Flow 25:: first_event_name: srq, final_event_name: rrq, expected_data_B: 1000000, recv_data_B: 1000000
INFO:dale_experiment_rig:srcdst:(0, 1) Flow 26:: num of byteloads: 200, num srq events: 200, num rrq events: 1
DEBUG:dale_experiment_rig:Flow 26:: first_event_name: srq, final_event_name: rrq, expected_data_B: 1000000, recv_data_B: 1000000
INFO:dale_experiment_rig:srcdst:(0, 1) Flow 27:: num of byteloads: 200, num srq events: 200, num rrq events: 1
DEBUG:dale_experiment_rig:Flow 27:: first_event_name: srq, final_event_name: rrq, expected_data_B: 1000000, recv_data_B: 1000000
INFO:dale_experiment_rig:srcdst:(0, 1) Flow 28:: num of byteloads: 200, num srq events: 200, num rrq events: 1
DEBUG:dale_experiment_rig:Flow 28:: first_event_name: srq, final_event_name: rrq, expected_data_B: 1000000, recv_data_B: 1000000
INFO:dale_experiment_rig:srcdst:(0, 1) Flow 29:: num of byteloads: 200, num srq events: 200, num rrq events: 1
DEBUG:dale_experiment_rig:Flow 29:: first_event_name: srq, final_event_name: rrq, expected_data_B: 1000000, recv_data_B: 1000000
INFO:dale_experiment_rig:srcdst:(0, 1) Flow 30:: num of byteloads: 200, num srq events: 200, num rrq events: 1
DEBUG:dale_experiment_rig:Flow 30:: first_event_name: srq, final_event_name: rrq, expected_data_B: 1000000, recv_data_B: 1000000
INFO:dale_experiment_rig:srcdst:(0, 1) Flow 31:: num of byteloads: 200, num srq events: 200, num rrq events: 1
DEBUG:dale_experiment_rig:Flow 31:: first_event_name: srq, final_event_name: rrq, expected_data_B: 1000000, recv_data_B: 1000000
INFO:dale_experiment_rig:srcdst:(0, 1) Flow 32:: num of byteloads: 200, num srq events: 200, num rrq events: 1
DEBUG:dale_experiment_rig:Flow 32:: first_event_name: srq, final_event_name: rrq, expected_data_B: 1000000, recv_data_B: 1000000
INFO:dale_experiment_rig:srcdst:(0, 1) Flow 33:: num of byteloads: 200, num srq events: 200, num rrq events: 1
DEBUG:dale_experiment_rig:Flow 33:: first_event_name: srq, final_event_name: rrq, expected_data_B: 1000000, recv_data_B: 1000000
INFO:dale_experiment_rig:srcdst:(0, 1) Flow 34:: num of byteloads: 200, num srq events: 200, num rrq events: 1
DEBUG:dale_experiment_rig:Flow 34:: first_event_name: srq, final_event_name: rrq, expected_data_B: 1000000, recv_data_B: 1000000
INFO:dale_experiment_rig:srcdst:(0, 1) Flow 35:: num of byteloads: 200, num srq events: 200, num rrq events: 1
DEBUG:dale_experiment_rig:Flow 35:: first_event_name: srq, final_event_name: rrq, expected_data_B: 1000000, recv_data_B: 1000000
INFO:dale_experiment_rig:srcdst:(0, 1) Flow 36:: num of byteloads: 200, num srq events: 200, num rrq events: 1
DEBUG:dale_experiment_rig:Flow 36:: first_event_name: srq, final_event_name: rrq, expected_data_B: 1000000, recv_data_B: 1000000
INFO:dale_experiment_rig:srcdst:(0, 1) Flow 37:: num of byteloads: 200, num srq events: 200, num rrq events: 1
DEBUG:dale_experiment_rig:Flow 37:: first_event_name: srq, final_event_name: rrq, expected_data_B: 1000000, recv_data_B: 1000000
INFO:dale_experiment_rig:srcdst:(0, 1) Flow 38:: num of byteloads: 200, num srq events: 200, num rrq events: 1
DEBUG:dale_experiment_rig:Flow 38:: first_event_name: srq, final_event_name: rrq, expected_data_B: 1000000, recv_data_B: 1000000
INFO:dale_experiment_rig:srcdst:(0, 1) Flow 39:: num of byteloads: 200, num srq events: 200, num rrq events: 1
DEBUG:dale_experiment_rig:Flow 39:: first_event_name: srq, final_event_name: rrq, expected_data_B: 1000000, recv_data_B: 1000000
INFO:dale_experiment_rig:DCTCP-50 FCT (ms): [0.00995304800000163, 0.009953473000001267, 0.009953898000000905, 0.009954323000000542, 0.00995474800000018, 0.009955173000001594, 0.009955598000001231, 0.009956023000000869, 0.009956448000000506, 0.009956873000000144, 0.009957298000001558, 0.009957723000001195, 0.009958148000000833, 0.009958572000000387, 0.009958997000000025, 0.009959422000001439, 0.009959847000001076, 0.009960272000000714, 0.009960697000000351, 0.009961121999999989, 0.009961547000001403, 0.00996197200000104, 0.009962397000000678, 0.009962822000000315, 0.009963246999999953, 0.009963672000001367, 0.009964097000001004, 0.009964522000000642, 0.00996494700000028, 0.009965371999999917, 0.00996579700000133, 0.009966222000000968, 0.009966647000000606, 0.009967072000000243, 0.00996749699999988, 0.009967922000001295, 0.009968347000000932, 0.00996877200000057, 0.009969196000000125, 0.009969621000001538]
App Gdpt (overall): 32.156783919598304 Gbps
App Gdpt (per flow): [0.8000000000000078, 0.8000000000000078, 0.8000000000000078, 0.8000000000000078, 0.8000000000000078, 0.8000000000000078, 0.8000000000000078, 0.8000000000000078, 0.8000000000000078, 0.8000000000000078, 0.8000000000000078, 0.8000000000000078, 0.8000000000000078, 0.8000000000000078, 0.8000000000000078, 0.8000000000000078, 0.8000000000000078, 0.8000000000000078, 0.8000000000000078, 0.8000000000000078, 0.8000000000000078, 0.8000000000000078, 0.8000000000000078, 0.8000000000000078, 0.8000000000000078, 0.8000000000000078, 0.8000000000000078, 0.8000000000000078, 0.8000000000000078, 0.8000000000000078, 0.8000000000000078, 0.8000000000000078, 0.8000000000000078, 0.8000000000000078, 0.8000000000000078, 0.8000000000000078, 0.8000000000000078, 0.8000000000000078, 0.8000000000000078, 0.8000000000000078]
Network Gdpt (overall): 32.09750902265499
Network Gdpt (per flow): [0.8037738791170997, 0.8037395590462728, 0.8037052419061631, 0.8036709276963954, 0.803636616416594, 0.8036023080662404, 0.8035680026452465, 0.8035337001530936, 0.8034994005894063, 0.8034651039538101, 0.8034308102457864, 0.8033965194652471, 0.8033622316116743, 0.8033280273516815, 0.8032937453440322, 0.8032594662620828, 0.8032251901057452, 0.8031909168745017, 0.8031566465679779, 0.8031223791857995, 0.8030881147274489, 0.8030538531928383, 0.8030195945814502, 0.8029853388929108, 0.8029510861268458, 0.8029168362827382, 0.8028825893605004, 0.8028483453596154, 0.8028141042797092, 0.8027798661204084, 0.8027456308811962, 0.8027113985619849, 0.8026771691622583, 0.8026429426816426, 0.8026087191197646, 0.8025744984761077, 0.802540280750585, 0.8025060659426801, 0.8024719345471691, 0.8024377255663747]
INFO:dale_experiment_rig:Processing ExpressPass results exp_id 2:: 40flo-0.7999999999999999Gbps_target
INFO:dale_experiment_rig:Processing results from /home/dh1723/SIRD-Simulator/scripts/r2p2/coord/results/ExpressPass-FE_1rtt_delay__500Bto100KB_0pt8GbpsFlo_5usRTT_allproto__40flo-1Gbps-5000B-50000ns-2025-08-21T_10-55-28Z/data/ExpressPass/60/applications_trace.str
INFO:dale_experiment_rig:srcdst:(0, 1) Flow 0:: num of byteloads: 200, num srq events: 200, num rrq events: 1
DEBUG:dale_experiment_rig:Flow 0:: first_event_name: srq, final_event_name: rrq, expected_data_B: 1000000, recv_data_B: 1000000
INFO:dale_experiment_rig:srcdst:(0, 1) Flow 1:: num of byteloads: 200, num srq events: 200, num rrq events: 1
DEBUG:dale_experiment_rig:Flow 1:: first_event_name: srq, final_event_name: rrq, expected_data_B: 1000000, recv_data_B: 1000000
INFO:dale_experiment_rig:srcdst:(0, 1) Flow 2:: num of byteloads: 200, num srq events: 200, num rrq events: 1
DEBUG:dale_experiment_rig:Flow 2:: first_event_name: srq, final_event_name: rrq, expected_data_B: 1000000, recv_data_B: 1000000
INFO:dale_experiment_rig:srcdst:(0, 1) Flow 3:: num of byteloads: 200, num srq events: 200, num rrq events: 1
DEBUG:dale_experiment_rig:Flow 3:: first_event_name: srq, final_event_name: rrq, expected_data_B: 1000000, recv_data_B: 1000000
INFO:dale_experiment_rig:srcdst:(0, 1) Flow 4:: num of byteloads: 200, num srq events: 200, num rrq events: 1
DEBUG:dale_experiment_rig:Flow 4:: first_event_name: srq, final_event_name: rrq, expected_data_B: 1000000, recv_data_B: 1000000
INFO:dale_experiment_rig:srcdst:(0, 1) Flow 5:: num of byteloads: 200, num srq events: 200, num rrq events: 1
DEBUG:dale_experiment_rig:Flow 5:: first_event_name: srq, final_event_name: rrq, expected_data_B: 1000000, recv_data_B: 1000000
INFO:dale_experiment_rig:srcdst:(0, 1) Flow 6:: num of byteloads: 200, num srq events: 200, num rrq events: 1
DEBUG:dale_experiment_rig:Flow 6:: first_event_name: srq, final_event_name: rrq, expected_data_B: 1000000, recv_data_B: 1000000
INFO:dale_experiment_rig:srcdst:(0, 1) Flow 7:: num of byteloads: 200, num srq events: 200, num rrq events: 1
DEBUG:dale_experiment_rig:Flow 7:: first_event_name: srq, final_event_name: rrq, expected_data_B: 1000000, recv_data_B: 1000000
INFO:dale_experiment_rig:srcdst:(0, 1) Flow 8:: num of byteloads: 200, num srq events: 200, num rrq events: 1
DEBUG:dale_experiment_rig:Flow 8:: first_event_name: srq, final_event_name: rrq, expected_data_B: 1000000, recv_data_B: 1000000
INFO:dale_experiment_rig:srcdst:(0, 1) Flow 9:: num of byteloads: 200, num srq events: 200, num rrq events: 1
DEBUG:dale_experiment_rig:Flow 9:: first_event_name: srq, final_event_name: rrq, expected_data_B: 1000000, recv_data_B: 1000000
INFO:dale_experiment_rig:srcdst:(0, 1) Flow 10:: num of byteloads: 200, num srq events: 200, num rrq events: 1
DEBUG:dale_experiment_rig:Flow 10:: first_event_name: srq, final_event_name: rrq, expected_data_B: 1000000, recv_data_B: 1000000
INFO:dale_experiment_rig:srcdst:(0, 1) Flow 11:: num of byteloads: 200, num srq events: 200, num rrq events: 1
DEBUG:dale_experiment_rig:Flow 11:: first_event_name: srq, final_event_name: rrq, expected_data_B: 1000000, recv_data_B: 1000000
INFO:dale_experiment_rig:srcdst:(0, 1) Flow 12:: num of byteloads: 200, num srq events: 200, num rrq events: 1
DEBUG:dale_experiment_rig:Flow 12:: first_event_name: srq, final_event_name: rrq, expected_data_B: 1000000, recv_data_B: 1000000
INFO:dale_experiment_rig:srcdst:(0, 1) Flow 13:: num of byteloads: 200, num srq events: 200, num rrq events: 1
DEBUG:dale_experiment_rig:Flow 13:: first_event_name: srq, final_event_name: rrq, expected_data_B: 1000000, recv_data_B: 1000000
INFO:dale_experiment_rig:srcdst:(0, 1) Flow 14:: num of byteloads: 200, num srq events: 200, num rrq events: 1
DEBUG:dale_experiment_rig:Flow 14:: first_event_name: srq, final_event_name: rrq, expected_data_B: 1000000, recv_data_B: 1000000
INFO:dale_experiment_rig:srcdst:(0, 1) Flow 15:: num of byteloads: 200, num srq events: 200, num rrq events: 1
DEBUG:dale_experiment_rig:Flow 15:: first_event_name: srq, final_event_name: rrq, expected_data_B: 1000000, recv_data_B: 1000000
INFO:dale_experiment_rig:srcdst:(0, 1) Flow 16:: num of byteloads: 200, num srq events: 200, num rrq events: 1
DEBUG:dale_experiment_rig:Flow 16:: first_event_name: srq, final_event_name: rrq, expected_data_B: 1000000, recv_data_B: 1000000
INFO:dale_experiment_rig:srcdst:(0, 1) Flow 17:: num of byteloads: 200, num srq events: 200, num rrq events: 1
DEBUG:dale_experiment_rig:Flow 17:: first_event_name: srq, final_event_name: rrq, expected_data_B: 1000000, recv_data_B: 1000000
INFO:dale_experiment_rig:srcdst:(0, 1) Flow 18:: num of byteloads: 200, num srq events: 200, num rrq events: 1
DEBUG:dale_experiment_rig:Flow 18:: first_event_name: srq, final_event_name: rrq, expected_data_B: 1000000, recv_data_B: 1000000
INFO:dale_experiment_rig:srcdst:(0, 1) Flow 19:: num of byteloads: 200, num srq events: 200, num rrq events: 1
DEBUG:dale_experiment_rig:Flow 19:: first_event_name: srq, final_event_name: rrq, expected_data_B: 1000000, recv_data_B: 1000000
INFO:dale_experiment_rig:srcdst:(0, 1) Flow 20:: num of byteloads: 200, num srq events: 200, num rrq events: 1
DEBUG:dale_experiment_rig:Flow 20:: first_event_name: srq, final_event_name: rrq, expected_data_B: 1000000, recv_data_B: 1000000
INFO:dale_experiment_rig:srcdst:(0, 1) Flow 21:: num of byteloads: 200, num srq events: 200, num rrq events: 1
DEBUG:dale_experiment_rig:Flow 21:: first_event_name: srq, final_event_name: rrq, expected_data_B: 1000000, recv_data_B: 1000000
INFO:dale_experiment_rig:srcdst:(0, 1) Flow 22:: num of byteloads: 200, num srq events: 200, num rrq events: 1
DEBUG:dale_experiment_rig:Flow 22:: first_event_name: srq, final_event_name: rrq, expected_data_B: 1000000, recv_data_B: 1000000
INFO:dale_experiment_rig:srcdst:(0, 1) Flow 23:: num of byteloads: 200, num srq events: 200, num rrq events: 1
DEBUG:dale_experiment_rig:Flow 23:: first_event_name: srq, final_event_name: rrq, expected_data_B: 1000000, recv_data_B: 1000000
INFO:dale_experiment_rig:srcdst:(0, 1) Flow 24:: num of byteloads: 200, num srq events: 200, num rrq events: 1
DEBUG:dale_experiment_rig:Flow 24:: first_event_name: srq, final_event_name: rrq, expected_data_B: 1000000, recv_data_B: 1000000
INFO:dale_experiment_rig:srcdst:(0, 1) Flow 25:: num of byteloads: 200, num srq events: 200, num rrq events: 1
DEBUG:dale_experiment_rig:Flow 25:: first_event_name: srq, final_event_name: rrq, expected_data_B: 1000000, recv_data_B: 1000000
INFO:dale_experiment_rig:srcdst:(0, 1) Flow 26:: num of byteloads: 200, num srq events: 200, num rrq events: 1
DEBUG:dale_experiment_rig:Flow 26:: first_event_name: srq, final_event_name: rrq, expected_data_B: 1000000, recv_data_B: 1000000
INFO:dale_experiment_rig:srcdst:(0, 1) Flow 27:: num of byteloads: 200, num srq events: 200, num rrq events: 1
DEBUG:dale_experiment_rig:Flow 27:: first_event_name: srq, final_event_name: rrq, expected_data_B: 1000000, recv_data_B: 1000000
INFO:dale_experiment_rig:srcdst:(0, 1) Flow 28:: num of byteloads: 200, num srq events: 200, num rrq events: 1
DEBUG:dale_experiment_rig:Flow 28:: first_event_name: srq, final_event_name: rrq, expected_data_B: 1000000, recv_data_B: 1000000
INFO:dale_experiment_rig:srcdst:(0, 1) Flow 29:: num of byteloads: 200, num srq events: 200, num rrq events: 1
DEBUG:dale_experiment_rig:Flow 29:: first_event_name: srq, final_event_name: rrq, expected_data_B: 1000000, recv_data_B: 1000000
INFO:dale_experiment_rig:srcdst:(0, 1) Flow 30:: num of byteloads: 200, num srq events: 200, num rrq events: 1
DEBUG:dale_experiment_rig:Flow 30:: first_event_name: srq, final_event_name: rrq, expected_data_B: 1000000, recv_data_B: 1000000
INFO:dale_experiment_rig:srcdst:(0, 1) Flow 31:: num of byteloads: 200, num srq events: 200, num rrq events: 1
DEBUG:dale_experiment_rig:Flow 31:: first_event_name: srq, final_event_name: rrq, expected_data_B: 1000000, recv_data_B: 1000000
INFO:dale_experiment_rig:srcdst:(0, 1) Flow 32:: num of byteloads: 200, num srq events: 200, num rrq events: 1
DEBUG:dale_experiment_rig:Flow 32:: first_event_name: srq, final_event_name: rrq, expected_data_B: 1000000, recv_data_B: 1000000
INFO:dale_experiment_rig:srcdst:(0, 1) Flow 33:: num of byteloads: 200, num srq events: 200, num rrq events: 1
DEBUG:dale_experiment_rig:Flow 33:: first_event_name: srq, final_event_name: rrq, expected_data_B: 1000000, recv_data_B: 1000000
INFO:dale_experiment_rig:srcdst:(0, 1) Flow 34:: num of byteloads: 200, num srq events: 200, num rrq events: 1
DEBUG:dale_experiment_rig:Flow 34:: first_event_name: srq, final_event_name: rrq, expected_data_B: 1000000, recv_data_B: 1000000
INFO:dale_experiment_rig:srcdst:(0, 1) Flow 35:: num of byteloads: 200, num srq events: 200, num rrq events: 1
DEBUG:dale_experiment_rig:Flow 35:: first_event_name: srq, final_event_name: rrq, expected_data_B: 1000000, recv_data_B: 1000000
INFO:dale_experiment_rig:srcdst:(0, 1) Flow 36:: num of byteloads: 200, num srq events: 200, num rrq events: 1
DEBUG:dale_experiment_rig:Flow 36:: first_event_name: srq, final_event_name: rrq, expected_data_B: 1000000, recv_data_B: 1000000
INFO:dale_experiment_rig:srcdst:(0, 1) Flow 37:: num of byteloads: 200, num srq events: 200, num rrq events: 1
DEBUG:dale_experiment_rig:Flow 37:: first_event_name: srq, final_event_name: rrq, expected_data_B: 1000000, recv_data_B: 1000000
INFO:dale_experiment_rig:srcdst:(0, 1) Flow 38:: num of byteloads: 200, num srq events: 200, num rrq events: 1
DEBUG:dale_experiment_rig:Flow 38:: first_event_name: srq, final_event_name: rrq, expected_data_B: 1000000, recv_data_B: 1000000
INFO:dale_experiment_rig:srcdst:(0, 1) Flow 39:: num of byteloads: 200, num srq events: 200, num rrq events: 1
DEBUG:dale_experiment_rig:Flow 39:: first_event_name: srq, final_event_name: rrq, expected_data_B: 1000000, recv_data_B: 1000000
INFO:dale_experiment_rig:ExpressPass FCT (ms): [0.009996164000000363, 0.00999507400000077, 0.010038928000000169, 0.009996471000000895, 0.009994203000001534, 0.010032657, 0.010045850000000911, 0.009996540000001275, 0.010045738000000526, 0.010041992000001443, 0.009981240000000113, 0.009983272000001264, 0.00999852400000023, 0.009982937000000192, 0.009983346000000282, 0.00998719100000045, 0.01000395100000162, 0.009998996000000204, 0.009997824000000932, 0.009997247000001153, 0.009989589999999993, 0.010052082000001406, 0.009984643000001014, 0.009988784000000805, 0.009995249000001039, 0.009997530000001476, 0.009990340999999958, 0.009989227000000156, 0.00999137000000161, 0.009998229000000691, 0.009987843000001106, 0.010005072000000226, 0.009983945000000105, 0.009991089000001452, 0.009992045000000616, 0.009982869999999977, 0.009982246999999944, 0.009987721999999977, 0.009997184000001269, 0.00996371400000129]
App Gdpt (overall): 32.156783919598304 Gbps
App Gdpt (per flow): [0.8000000000000078, 0.8000000000000078, 0.8000000000000078, 0.8000000000000078, 0.8000000000000078, 0.8000000000000078, 0.8000000000000078, 0.8000000000000078, 0.8000000000000078, 0.8000000000000078, 0.8000000000000078, 0.8000000000000078, 0.8000000000000078, 0.8000000000000078, 0.8000000000000078, 0.8000000000000078, 0.8000000000000078, 0.8000000000000078, 0.8000000000000078, 0.8000000000000078, 0.8000000000000078, 0.8000000000000078, 0.8000000000000078, 0.8000000000000078, 0.8000000000000078, 0.8000000000000078, 0.8000000000000078, 0.8000000000000078, 0.8000000000000078, 0.8000000000000078, 0.8000000000000078, 0.8000000000000078, 0.8000000000000078, 0.8000000000000078, 0.8000000000000078, 0.8000000000000078, 0.8000000000000078, 0.8000000000000078, 0.8000000000000078, 0.8000000000000078]
Network Gdpt (overall): 31.83420111375487
Network Gdpt (per flow): [0.8003069977643134, 0.8003942742194189, 0.7968978361036024, 0.8002824196658285, 0.8004640289974871, 0.7973959440654654, 0.7963487410223401, 0.8002768958058468, 0.7963576195197986, 0.7966546876355658, 0.8015036207925978, 0.8013404823587885, 0.8001180974311624, 0.8013673731487885, 0.8013345425471355, 0.8010260342472313, 0.7996840448337567, 0.8000803280649215, 0.8001741178879779, 0.8002203006486764, 0.8008336678482306, 0.7958550278438717, 0.8012304496013716, 0.8008982875192171, 0.8003802606617573, 0.8001976488191404, 0.8007734670918674, 0.8008627694615285, 0.8006909963297038, 0.8001417050959173, 0.8009737437802251, 0.7995944456971245, 0.8012864654202237, 0.8007135158138255, 0.8006369066591982, 0.8013727515233614, 0.8014227658361935, 0.8009834474768139, 0.8002253434566159, 0.80291345175092]
INFO:dale_experiment_rig:=====
** Num Flows: 40, Target Flow Rate (Gbps): 0.7999999999999999, ssird_sim_dur (s): 0.05, dctcp_sim_dur (s): 0.05
INFO:dale_experiment_rig:Processing SIRD results exp_id 3:: 40flo-0.7999999999999999Gbps_target
INFO:dale_experiment_rig:Processing results from /home/dh1723/SIRD-Simulator/scripts/r2p2/coord/results/SSIRD-FE_1rtt_delay__500Bto100KB_0pt8GbpsFlo_5usRTT_allproto__40flo-1Gbps-10000B-100000ns-2025-08-21T_10-55-28Z/data/SSIRD/60/applications_trace.str
INFO:dale_experiment_rig:srcdst:(0, 1) Flow 0:: num of byteloads: 100, num srq events: 100, num rrq events: 100
DEBUG:dale_experiment_rig:Flow 0:: first_event_name: srq, final_event_name: rrq, expected_data_B: 1000000, recv_data_B: 1000000
INFO:dale_experiment_rig:srcdst:(0, 1) Flow 1:: num of byteloads: 100, num srq events: 100, num rrq events: 100
DEBUG:dale_experiment_rig:Flow 1:: first_event_name: srq, final_event_name: rrq, expected_data_B: 1000000, recv_data_B: 1000000
INFO:dale_experiment_rig:srcdst:(0, 1) Flow 2:: num of byteloads: 100, num srq events: 100, num rrq events: 100
DEBUG:dale_experiment_rig:Flow 2:: first_event_name: srq, final_event_name: rrq, expected_data_B: 1000000, recv_data_B: 1000000
INFO:dale_experiment_rig:srcdst:(0, 1) Flow 3:: num of byteloads: 100, num srq events: 100, num rrq events: 100
DEBUG:dale_experiment_rig:Flow 3:: first_event_name: srq, final_event_name: rrq, expected_data_B: 1000000, recv_data_B: 1000000
INFO:dale_experiment_rig:srcdst:(0, 1) Flow 4:: num of byteloads: 100, num srq events: 100, num rrq events: 100
DEBUG:dale_experiment_rig:Flow 4:: first_event_name: srq, final_event_name: rrq, expected_data_B: 1000000, recv_data_B: 1000000
INFO:dale_experiment_rig:srcdst:(0, 1) Flow 5:: num of byteloads: 100, num srq events: 100, num rrq events: 100
DEBUG:dale_experiment_rig:Flow 5:: first_event_name: srq, final_event_name: rrq, expected_data_B: 1000000, recv_data_B: 1000000
INFO:dale_experiment_rig:srcdst:(0, 1) Flow 6:: num of byteloads: 100, num srq events: 100, num rrq events: 100
DEBUG:dale_experiment_rig:Flow 6:: first_event_name: srq, final_event_name: rrq, expected_data_B: 1000000, recv_data_B: 1000000
INFO:dale_experiment_rig:srcdst:(0, 1) Flow 7:: num of byteloads: 100, num srq events: 100, num rrq events: 100
DEBUG:dale_experiment_rig:Flow 7:: first_event_name: srq, final_event_name: rrq, expected_data_B: 1000000, recv_data_B: 1000000
INFO:dale_experiment_rig:srcdst:(0, 1) Flow 8:: num of byteloads: 100, num srq events: 100, num rrq events: 100
DEBUG:dale_experiment_rig:Flow 8:: first_event_name: srq, final_event_name: rrq, expected_data_B: 1000000, recv_data_B: 1000000
INFO:dale_experiment_rig:srcdst:(0, 1) Flow 9:: num of byteloads: 100, num srq events: 100, num rrq events: 100
DEBUG:dale_experiment_rig:Flow 9:: first_event_name: srq, final_event_name: rrq, expected_data_B: 1000000, recv_data_B: 1000000
INFO:dale_experiment_rig:srcdst:(0, 1) Flow 10:: num of byteloads: 100, num srq events: 100, num rrq events: 100
DEBUG:dale_experiment_rig:Flow 10:: first_event_name: srq, final_event_name: rrq, expected_data_B: 1000000, recv_data_B: 1000000
INFO:dale_experiment_rig:srcdst:(0, 1) Flow 11:: num of byteloads: 100, num srq events: 100, num rrq events: 100
DEBUG:dale_experiment_rig:Flow 11:: first_event_name: srq, final_event_name: rrq, expected_data_B: 1000000, recv_data_B: 1000000
INFO:dale_experiment_rig:srcdst:(0, 1) Flow 12:: num of byteloads: 100, num srq events: 100, num rrq events: 100
DEBUG:dale_experiment_rig:Flow 12:: first_event_name: srq, final_event_name: rrq, expected_data_B: 1000000, recv_data_B: 1000000
INFO:dale_experiment_rig:srcdst:(0, 1) Flow 13:: num of byteloads: 100, num srq events: 100, num rrq events: 100
DEBUG:dale_experiment_rig:Flow 13:: first_event_name: srq, final_event_name: rrq, expected_data_B: 1000000, recv_data_B: 1000000
INFO:dale_experiment_rig:srcdst:(0, 1) Flow 14:: num of byteloads: 100, num srq events: 100, num rrq events: 100
DEBUG:dale_experiment_rig:Flow 14:: first_event_name: srq, final_event_name: rrq, expected_data_B: 1000000, recv_data_B: 1000000
INFO:dale_experiment_rig:srcdst:(0, 1) Flow 15:: num of byteloads: 100, num srq events: 100, num rrq events: 100
DEBUG:dale_experiment_rig:Flow 15:: first_event_name: srq, final_event_name: rrq, expected_data_B: 1000000, recv_data_B: 1000000
INFO:dale_experiment_rig:srcdst:(0, 1) Flow 16:: num of byteloads: 100, num srq events: 100, num rrq events: 100
DEBUG:dale_experiment_rig:Flow 16:: first_event_name: srq, final_event_name: rrq, expected_data_B: 1000000, recv_data_B: 1000000
INFO:dale_experiment_rig:srcdst:(0, 1) Flow 17:: num of byteloads: 100, num srq events: 100, num rrq events: 100
DEBUG:dale_experiment_rig:Flow 17:: first_event_name: srq, final_event_name: rrq, expected_data_B: 1000000, recv_data_B: 1000000
INFO:dale_experiment_rig:srcdst:(0, 1) Flow 18:: num of byteloads: 100, num srq events: 100, num rrq events: 100
DEBUG:dale_experiment_rig:Flow 18:: first_event_name: srq, final_event_name: rrq, expected_data_B: 1000000, recv_data_B: 1000000
INFO:dale_experiment_rig:srcdst:(0, 1) Flow 19:: num of byteloads: 100, num srq events: 100, num rrq events: 100
DEBUG:dale_experiment_rig:Flow 19:: first_event_name: srq, final_event_name: rrq, expected_data_B: 1000000, recv_data_B: 1000000
INFO:dale_experiment_rig:srcdst:(0, 1) Flow 20:: num of byteloads: 100, num srq events: 100, num rrq events: 100
DEBUG:dale_experiment_rig:Flow 20:: first_event_name: srq, final_event_name: rrq, expected_data_B: 1000000, recv_data_B: 1000000
INFO:dale_experiment_rig:srcdst:(0, 1) Flow 21:: num of byteloads: 100, num srq events: 100, num rrq events: 100
DEBUG:dale_experiment_rig:Flow 21:: first_event_name: srq, final_event_name: rrq, expected_data_B: 1000000, recv_data_B: 1000000
INFO:dale_experiment_rig:srcdst:(0, 1) Flow 22:: num of byteloads: 100, num srq events: 100, num rrq events: 100
DEBUG:dale_experiment_rig:Flow 22:: first_event_name: srq, final_event_name: rrq, expected_data_B: 1000000, recv_data_B: 1000000
INFO:dale_experiment_rig:srcdst:(0, 1) Flow 23:: num of byteloads: 100, num srq events: 100, num rrq events: 100
DEBUG:dale_experiment_rig:Flow 23:: first_event_name: srq, final_event_name: rrq, expected_data_B: 1000000, recv_data_B: 1000000
INFO:dale_experiment_rig:srcdst:(0, 1) Flow 24:: num of byteloads: 100, num srq events: 100, num rrq events: 100
DEBUG:dale_experiment_rig:Flow 24:: first_event_name: srq, final_event_name: rrq, expected_data_B: 1000000, recv_data_B: 1000000
INFO:dale_experiment_rig:srcdst:(0, 1) Flow 25:: num of byteloads: 100, num srq events: 100, num rrq events: 100
DEBUG:dale_experiment_rig:Flow 25:: first_event_name: srq, final_event_name: rrq, expected_data_B: 1000000, recv_data_B: 1000000
INFO:dale_experiment_rig:srcdst:(0, 1) Flow 26:: num of byteloads: 100, num srq events: 100, num rrq events: 100
DEBUG:dale_experiment_rig:Flow 26:: first_event_name: srq, final_event_name: rrq, expected_data_B: 1000000, recv_data_B: 1000000
INFO:dale_experiment_rig:srcdst:(0, 1) Flow 27:: num of byteloads: 100, num srq events: 100, num rrq events: 100
DEBUG:dale_experiment_rig:Flow 27:: first_event_name: srq, final_event_name: rrq, expected_data_B: 1000000, recv_data_B: 1000000
INFO:dale_experiment_rig:srcdst:(0, 1) Flow 28:: num of byteloads: 100, num srq events: 100, num rrq events: 100
DEBUG:dale_experiment_rig:Flow 28:: first_event_name: srq, final_event_name: rrq, expected_data_B: 1000000, recv_data_B: 1000000
INFO:dale_experiment_rig:srcdst:(0, 1) Flow 29:: num of byteloads: 100, num srq events: 100, num rrq events: 100
DEBUG:dale_experiment_rig:Flow 29:: first_event_name: srq, final_event_name: rrq, expected_data_B: 1000000, recv_data_B: 1000000
INFO:dale_experiment_rig:srcdst:(0, 1) Flow 30:: num of byteloads: 100, num srq events: 100, num rrq events: 100
DEBUG:dale_experiment_rig:Flow 30:: first_event_name: srq, final_event_name: rrq, expected_data_B: 1000000, recv_data_B: 1000000
INFO:dale_experiment_rig:srcdst:(0, 1) Flow 31:: num of byteloads: 100, num srq events: 100, num rrq events: 100
DEBUG:dale_experiment_rig:Flow 31:: first_event_name: srq, final_event_name: rrq, expected_data_B: 1000000, recv_data_B: 1000000
INFO:dale_experiment_rig:srcdst:(0, 1) Flow 32:: num of byteloads: 100, num srq events: 100, num rrq events: 100
DEBUG:dale_experiment_rig:Flow 32:: first_event_name: srq, final_event_name: rrq, expected_data_B: 1000000, recv_data_B: 1000000
INFO:dale_experiment_rig:srcdst:(0, 1) Flow 33:: num of byteloads: 100, num srq events: 100, num rrq events: 100
DEBUG:dale_experiment_rig:Flow 33:: first_event_name: srq, final_event_name: rrq, expected_data_B: 1000000, recv_data_B: 1000000
INFO:dale_experiment_rig:srcdst:(0, 1) Flow 34:: num of byteloads: 100, num srq events: 100, num rrq events: 100
DEBUG:dale_experiment_rig:Flow 34:: first_event_name: srq, final_event_name: rrq, expected_data_B: 1000000, recv_data_B: 1000000
INFO:dale_experiment_rig:srcdst:(0, 1) Flow 35:: num of byteloads: 100, num srq events: 100, num rrq events: 100
DEBUG:dale_experiment_rig:Flow 35:: first_event_name: srq, final_event_name: rrq, expected_data_B: 1000000, recv_data_B: 1000000
INFO:dale_experiment_rig:srcdst:(0, 1) Flow 36:: num of byteloads: 100, num srq events: 100, num rrq events: 100
DEBUG:dale_experiment_rig:Flow 36:: first_event_name: srq, final_event_name: rrq, expected_data_B: 1000000, recv_data_B: 1000000
INFO:dale_experiment_rig:srcdst:(0, 1) Flow 37:: num of byteloads: 100, num srq events: 100, num rrq events: 100
DEBUG:dale_experiment_rig:Flow 37:: first_event_name: srq, final_event_name: rrq, expected_data_B: 1000000, recv_data_B: 1000000
INFO:dale_experiment_rig:srcdst:(0, 1) Flow 38:: num of byteloads: 100, num srq events: 100, num rrq events: 100
DEBUG:dale_experiment_rig:Flow 38:: first_event_name: srq, final_event_name: rrq, expected_data_B: 1000000, recv_data_B: 1000000
INFO:dale_experiment_rig:srcdst:(0, 1) Flow 39:: num of byteloads: 100, num srq events: 100, num rrq events: 100
DEBUG:dale_experiment_rig:Flow 39:: first_event_name: srq, final_event_name: rrq, expected_data_B: 1000000, recv_data_B: 1000000
INFO:dale_experiment_rig:SSIRD FCT (ms): [0.009909353000001175, 0.009921214000000234, 0.009938126000001546, 0.009914439000000996, 0.009912749000001497, 0.009922059000000871, 0.009926283000000424, 0.009931368000000163, 0.009915284000001634, 0.009927128000001062, 0.0099322130000008, 0.009913594000000359, 0.009934747000000854, 0.009910215000001443, 0.009922904000001509, 0.009941506000000544, 0.009911905000000942, 0.009925438000001563, 0.00993050800000006, 0.009933902000000217, 0.00992374900000037, 0.009916129000000495, 0.009938971000000407, 0.009940660999999906, 0.009937282000000991, 0.00991868000000018, 0.009929663000001199, 0.009936437000000353, 0.009939816000001045, 0.009927972999999923, 0.009920369000001372, 0.009933058000001438, 0.00991697300000105, 0.009908508000000538, 0.009928818000000561, 0.009917835000001318, 0.009911060000000305, 0.009919525000000817, 0.009924593000000925, 0.009935592000001492]
App Gdpt (overall): 32.315151515151456 Gbps
App Gdpt (per flow): [0.7999999999999985, 0.7999999999999985, 0.7999999999999985, 0.7999999999999985, 0.7999999999999985, 0.7999999999999985, 0.7999999999999985, 0.7999999999999985, 0.7999999999999985, 0.7999999999999985, 0.7999999999999985, 0.7999999999999985, 0.7999999999999985, 0.7999999999999985, 0.7999999999999985, 0.7999999999999985, 0.7999999999999985, 0.7999999999999985, 0.7999999999999985, 0.7999999999999985, 0.7999999999999985, 0.7999999999999985, 0.7999999999999985, 0.7999999999999985, 0.7999999999999985, 0.7999999999999985, 0.7999999999999985, 0.7999999999999985, 0.7999999999999985, 0.7999999999999985, 0.7999999999999985, 0.7999999999999985, 0.7999999999999985, 0.7999999999999985, 0.7999999999999985, 0.7999999999999985, 0.7999999999999985, 0.7999999999999985, 0.7999999999999985, 0.7999999999999985]
Network Gdpt (overall): 32.18828213753354
Network Gdpt (per flow): [0.8073180963478697, 0.8063529322117043, 0.8049807378170448, 0.8069039508941652, 0.8070415179481284, 0.8062842601519803, 0.8059411564227675, 0.8055285032233092, 0.8068351849527137, 0.8058725544789133, 0.8054599715088023, 0.8069727285583524, 0.8052545273673615, 0.8072478750459839, 0.806215599788004, 0.8047070534383385, 0.8071102376383995, 0.8060097700473008, 0.8055982634523784, 0.805323024124843, 0.806146951116932, 0.8067664307311453, 0.8049122992711893, 0.8047754570848031, 0.8050491069891347, 0.8065589372779297, 0.8056668187026121, 0.8051175688025514, 0.8048438723613355, 0.8058039642130435, 0.8064216159700203, 0.805391451454209, 0.8066977695713352, 0.8073869446338002, 0.8057353856218886, 0.8066276561365396, 0.8071790504748992, 0.8064902301268803, 0.8060783953557848, 0.8051860422608738]
INFO:dale_experiment_rig:Processing DCTCP results exp_id 3:: 40flo-0.7999999999999999Gbps_target
INFO:dale_experiment_rig:Processing results from /home/dh1723/SIRD-Simulator/scripts/r2p2/coord/results/DCTCP-50-FE_1rtt_delay__500Bto100KB_0pt8GbpsFlo_5usRTT_allproto__40flo-1Gbps-10000B-100000ns-2025-08-21T_10-55-28Z/data/DCTCP-50/60/applications_trace.str
INFO:dale_experiment_rig:srcdst:(0, 1) Flow 0:: num of byteloads: 100, num srq events: 100, num rrq events: 1
DEBUG:dale_experiment_rig:Flow 0:: first_event_name: srq, final_event_name: rrq, expected_data_B: 1000000, recv_data_B: 1000000
INFO:dale_experiment_rig:srcdst:(0, 1) Flow 1:: num of byteloads: 100, num srq events: 100, num rrq events: 1
DEBUG:dale_experiment_rig:Flow 1:: first_event_name: srq, final_event_name: rrq, expected_data_B: 1000000, recv_data_B: 1000000
INFO:dale_experiment_rig:srcdst:(0, 1) Flow 2:: num of byteloads: 100, num srq events: 100, num rrq events: 1
DEBUG:dale_experiment_rig:Flow 2:: first_event_name: srq, final_event_name: rrq, expected_data_B: 1000000, recv_data_B: 1000000
INFO:dale_experiment_rig:srcdst:(0, 1) Flow 3:: num of byteloads: 100, num srq events: 100, num rrq events: 1
DEBUG:dale_experiment_rig:Flow 3:: first_event_name: srq, final_event_name: rrq, expected_data_B: 1000000, recv_data_B: 1000000
INFO:dale_experiment_rig:srcdst:(0, 1) Flow 4:: num of byteloads: 100, num srq events: 100, num rrq events: 1
DEBUG:dale_experiment_rig:Flow 4:: first_event_name: srq, final_event_name: rrq, expected_data_B: 1000000, recv_data_B: 1000000
INFO:dale_experiment_rig:srcdst:(0, 1) Flow 5:: num of byteloads: 100, num srq events: 100, num rrq events: 1
DEBUG:dale_experiment_rig:Flow 5:: first_event_name: srq, final_event_name: rrq, expected_data_B: 1000000, recv_data_B: 1000000
INFO:dale_experiment_rig:srcdst:(0, 1) Flow 6:: num of byteloads: 100, num srq events: 100, num rrq events: 1
DEBUG:dale_experiment_rig:Flow 6:: first_event_name: srq, final_event_name: rrq, expected_data_B: 1000000, recv_data_B: 1000000
INFO:dale_experiment_rig:srcdst:(0, 1) Flow 7:: num of byteloads: 100, num srq events: 100, num rrq events: 1
DEBUG:dale_experiment_rig:Flow 7:: first_event_name: srq, final_event_name: rrq, expected_data_B: 1000000, recv_data_B: 1000000
INFO:dale_experiment_rig:srcdst:(0, 1) Flow 8:: num of byteloads: 100, num srq events: 100, num rrq events: 1
DEBUG:dale_experiment_rig:Flow 8:: first_event_name: srq, final_event_name: rrq, expected_data_B: 1000000, recv_data_B: 1000000
INFO:dale_experiment_rig:srcdst:(0, 1) Flow 9:: num of byteloads: 100, num srq events: 100, num rrq events: 1
DEBUG:dale_experiment_rig:Flow 9:: first_event_name: srq, final_event_name: rrq, expected_data_B: 1000000, recv_data_B: 1000000
INFO:dale_experiment_rig:srcdst:(0, 1) Flow 10:: num of byteloads: 100, num srq events: 100, num rrq events: 1
DEBUG:dale_experiment_rig:Flow 10:: first_event_name: srq, final_event_name: rrq, expected_data_B: 1000000, recv_data_B: 1000000
INFO:dale_experiment_rig:srcdst:(0, 1) Flow 11:: num of byteloads: 100, num srq events: 100, num rrq events: 1
DEBUG:dale_experiment_rig:Flow 11:: first_event_name: srq, final_event_name: rrq, expected_data_B: 1000000, recv_data_B: 1000000
INFO:dale_experiment_rig:srcdst:(0, 1) Flow 12:: num of byteloads: 100, num srq events: 100, num rrq events: 1
DEBUG:dale_experiment_rig:Flow 12:: first_event_name: srq, final_event_name: rrq, expected_data_B: 1000000, recv_data_B: 1000000
INFO:dale_experiment_rig:srcdst:(0, 1) Flow 13:: num of byteloads: 100, num srq events: 100, num rrq events: 1
DEBUG:dale_experiment_rig:Flow 13:: first_event_name: srq, final_event_name: rrq, expected_data_B: 1000000, recv_data_B: 1000000
INFO:dale_experiment_rig:srcdst:(0, 1) Flow 14:: num of byteloads: 100, num srq events: 100, num rrq events: 1
DEBUG:dale_experiment_rig:Flow 14:: first_event_name: srq, final_event_name: rrq, expected_data_B: 1000000, recv_data_B: 1000000
INFO:dale_experiment_rig:srcdst:(0, 1) Flow 15:: num of byteloads: 100, num srq events: 100, num rrq events: 1
DEBUG:dale_experiment_rig:Flow 15:: first_event_name: srq, final_event_name: rrq, expected_data_B: 1000000, recv_data_B: 1000000
INFO:dale_experiment_rig:srcdst:(0, 1) Flow 16:: num of byteloads: 100, num srq events: 100, num rrq events: 1
DEBUG:dale_experiment_rig:Flow 16:: first_event_name: srq, final_event_name: rrq, expected_data_B: 1000000, recv_data_B: 1000000
INFO:dale_experiment_rig:srcdst:(0, 1) Flow 17:: num of byteloads: 100, num srq events: 100, num rrq events: 1
DEBUG:dale_experiment_rig:Flow 17:: first_event_name: srq, final_event_name: rrq, expected_data_B: 1000000, recv_data_B: 1000000
INFO:dale_experiment_rig:srcdst:(0, 1) Flow 18:: num of byteloads: 100, num srq events: 100, num rrq events: 1
DEBUG:dale_experiment_rig:Flow 18:: first_event_name: srq, final_event_name: rrq, expected_data_B: 1000000, recv_data_B: 1000000
INFO:dale_experiment_rig:srcdst:(0, 1) Flow 19:: num of byteloads: 100, num srq events: 100, num rrq events: 1
DEBUG:dale_experiment_rig:Flow 19:: first_event_name: srq, final_event_name: rrq, expected_data_B: 1000000, recv_data_B: 1000000
INFO:dale_experiment_rig:srcdst:(0, 1) Flow 20:: num of byteloads: 100, num srq events: 100, num rrq events: 1
DEBUG:dale_experiment_rig:Flow 20:: first_event_name: srq, final_event_name: rrq, expected_data_B: 1000000, recv_data_B: 1000000
INFO:dale_experiment_rig:srcdst:(0, 1) Flow 21:: num of byteloads: 100, num srq events: 100, num rrq events: 1
DEBUG:dale_experiment_rig:Flow 21:: first_event_name: srq, final_event_name: rrq, expected_data_B: 1000000, recv_data_B: 1000000
INFO:dale_experiment_rig:srcdst:(0, 1) Flow 22:: num of byteloads: 100, num srq events: 100, num rrq events: 1
DEBUG:dale_experiment_rig:Flow 22:: first_event_name: srq, final_event_name: rrq, expected_data_B: 1000000, recv_data_B: 1000000
INFO:dale_experiment_rig:srcdst:(0, 1) Flow 23:: num of byteloads: 100, num srq events: 100, num rrq events: 1
DEBUG:dale_experiment_rig:Flow 23:: first_event_name: srq, final_event_name: rrq, expected_data_B: 1000000, recv_data_B: 1000000
INFO:dale_experiment_rig:srcdst:(0, 1) Flow 24:: num of byteloads: 100, num srq events: 100, num rrq events: 1
DEBUG:dale_experiment_rig:Flow 24:: first_event_name: srq, final_event_name: rrq, expected_data_B: 1000000, recv_data_B: 1000000
INFO:dale_experiment_rig:srcdst:(0, 1) Flow 25:: num of byteloads: 100, num srq events: 100, num rrq events: 1
DEBUG:dale_experiment_rig:Flow 25:: first_event_name: srq, final_event_name: rrq, expected_data_B: 1000000, recv_data_B: 1000000
INFO:dale_experiment_rig:srcdst:(0, 1) Flow 26:: num of byteloads: 100, num srq events: 100, num rrq events: 1
DEBUG:dale_experiment_rig:Flow 26:: first_event_name: srq, final_event_name: rrq, expected_data_B: 1000000, recv_data_B: 1000000
INFO:dale_experiment_rig:srcdst:(0, 1) Flow 27:: num of byteloads: 100, num srq events: 100, num rrq events: 1
DEBUG:dale_experiment_rig:Flow 27:: first_event_name: srq, final_event_name: rrq, expected_data_B: 1000000, recv_data_B: 1000000
INFO:dale_experiment_rig:srcdst:(0, 1) Flow 28:: num of byteloads: 100, num srq events: 100, num rrq events: 1
DEBUG:dale_experiment_rig:Flow 28:: first_event_name: srq, final_event_name: rrq, expected_data_B: 1000000, recv_data_B: 1000000
INFO:dale_experiment_rig:srcdst:(0, 1) Flow 29:: num of byteloads: 100, num srq events: 100, num rrq events: 1
DEBUG:dale_experiment_rig:Flow 29:: first_event_name: srq, final_event_name: rrq, expected_data_B: 1000000, recv_data_B: 1000000
INFO:dale_experiment_rig:srcdst:(0, 1) Flow 30:: num of byteloads: 100, num srq events: 100, num rrq events: 1
DEBUG:dale_experiment_rig:Flow 30:: first_event_name: srq, final_event_name: rrq, expected_data_B: 1000000, recv_data_B: 1000000
INFO:dale_experiment_rig:srcdst:(0, 1) Flow 31:: num of byteloads: 100, num srq events: 100, num rrq events: 1
DEBUG:dale_experiment_rig:Flow 31:: first_event_name: srq, final_event_name: rrq, expected_data_B: 1000000, recv_data_B: 1000000
INFO:dale_experiment_rig:srcdst:(0, 1) Flow 32:: num of byteloads: 100, num srq events: 100, num rrq events: 1
DEBUG:dale_experiment_rig:Flow 32:: first_event_name: srq, final_event_name: rrq, expected_data_B: 1000000, recv_data_B: 1000000
INFO:dale_experiment_rig:srcdst:(0, 1) Flow 33:: num of byteloads: 100, num srq events: 100, num rrq events: 1
DEBUG:dale_experiment_rig:Flow 33:: first_event_name: srq, final_event_name: rrq, expected_data_B: 1000000, recv_data_B: 1000000
INFO:dale_experiment_rig:srcdst:(0, 1) Flow 34:: num of byteloads: 100, num srq events: 100, num rrq events: 1
DEBUG:dale_experiment_rig:Flow 34:: first_event_name: srq, final_event_name: rrq, expected_data_B: 1000000, recv_data_B: 1000000
INFO:dale_experiment_rig:srcdst:(0, 1) Flow 35:: num of byteloads: 100, num srq events: 100, num rrq events: 1
DEBUG:dale_experiment_rig:Flow 35:: first_event_name: srq, final_event_name: rrq, expected_data_B: 1000000, recv_data_B: 1000000
INFO:dale_experiment_rig:srcdst:(0, 1) Flow 36:: num of byteloads: 100, num srq events: 100, num rrq events: 1
DEBUG:dale_experiment_rig:Flow 36:: first_event_name: srq, final_event_name: rrq, expected_data_B: 1000000, recv_data_B: 1000000
INFO:dale_experiment_rig:srcdst:(0, 1) Flow 37:: num of byteloads: 100, num srq events: 100, num rrq events: 1
DEBUG:dale_experiment_rig:Flow 37:: first_event_name: srq, final_event_name: rrq, expected_data_B: 1000000, recv_data_B: 1000000
INFO:dale_experiment_rig:srcdst:(0, 1) Flow 38:: num of byteloads: 100, num srq events: 100, num rrq events: 1
DEBUG:dale_experiment_rig:Flow 38:: first_event_name: srq, final_event_name: rrq, expected_data_B: 1000000, recv_data_B: 1000000
INFO:dale_experiment_rig:srcdst:(0, 1) Flow 39:: num of byteloads: 100, num srq events: 100, num rrq events: 1
DEBUG:dale_experiment_rig:Flow 39:: first_event_name: srq, final_event_name: rrq, expected_data_B: 1000000, recv_data_B: 1000000
INFO:dale_experiment_rig:DCTCP-50 FCT (ms): [0.009903467000000887, 0.00990431000000136, 0.009905154000000138, 0.009905998000000693, 0.009906841000001165, 0.009907684999999944, 0.009908529000000499, 0.009909372000000971, 0.009910216000001526, 0.009911060000000305, 0.00991190400000086, 0.009912747000001332, 0.00991359100000011, 0.009914435000000665, 0.009915278000001138, 0.009916121999999916, 0.009916966000000471, 0.009917809000000943, 0.009918653000001498, 0.009919497000000277, 0.009920340000000749, 0.009921184000001304, 0.009922028000000083, 0.009922871000000555, 0.00992371500000111, 0.009924558999999888, 0.00992540200000036, 0.009926246000000916, 0.00992709000000147, 0.009927933000000166, 0.009928777000000721, 0.009929621000001276, 0.009930463999999972, 0.009931308000000527, 0.009932152000001082, 0.00993299599999986, 0.009933839000000333, 0.009934683000000888, 0.009935527000001443, 0.009936370000000139]
App Gdpt (overall): 32.315151515151456 Gbps
App Gdpt (per flow): [0.7999999999999985, 0.7999999999999985, 0.7999999999999985, 0.7999999999999985, 0.7999999999999985, 0.7999999999999985, 0.7999999999999985, 0.7999999999999985, 0.7999999999999985, 0.7999999999999985, 0.7999999999999985, 0.7999999999999985, 0.7999999999999985, 0.7999999999999985, 0.7999999999999985, 0.7999999999999985, 0.7999999999999985, 0.7999999999999985, 0.7999999999999985, 0.7999999999999985, 0.7999999999999985, 0.7999999999999985, 0.7999999999999985, 0.7999999999999985, 0.7999999999999985, 0.7999999999999985, 0.7999999999999985, 0.7999999999999985, 0.7999999999999985, 0.7999999999999985, 0.7999999999999985, 0.7999999999999985, 0.7999999999999985, 0.7999999999999985, 0.7999999999999985, 0.7999999999999985, 0.7999999999999985, 0.7999999999999985, 0.7999999999999985, 0.7999999999999985]
Network Gdpt (overall): 32.20491990535734
Network Gdpt (per flow): [0.807797915618771, 0.8077291603351372, 0.8076603352153726, 0.8075915218233882, 0.8075228016679645, 0.807454011709097, 0.8073852334690242, 0.8073165484148962, 0.8072477935898439, 0.8071790504748992, 0.8071103190667813, 0.8070416807771776, 0.8069729727603157, 0.8069042764413166, 0.8068356731903112, 0.806767000244659, 0.8066983389879142, 0.8066297707486845, 0.8065611328472517, 0.8064925066260696, 0.8064239733718196, 0.8063553704879326, 0.8062867792753592, 0.8062182809793207, 0.8061497130861887, 0.8060811568554422, 0.8060126934908742, 0.8059441605617333, 0.8058756392859152, 0.8058072108262482, 0.805738712834362, 0.8056702264868892, 0.8056018329052925, 0.8055333698239523, 0.8054649183781247, 0.8053964785649881, 0.8053281314504627, 0.8052597148796077, 0.8051913099324112, 0.8051229976339336]
INFO:dale_experiment_rig:Processing ExpressPass results exp_id 3:: 40flo-0.7999999999999999Gbps_target
INFO:dale_experiment_rig:Processing results from /home/dh1723/SIRD-Simulator/scripts/r2p2/coord/results/ExpressPass-FE_1rtt_delay__500Bto100KB_0pt8GbpsFlo_5usRTT_allproto__40flo-1Gbps-10000B-100000ns-2025-08-21T_10-55-28Z/data/ExpressPass/60/applications_trace.str
INFO:dale_experiment_rig:srcdst:(0, 1) Flow 0:: num of byteloads: 100, num srq events: 100, num rrq events: 1
DEBUG:dale_experiment_rig:Flow 0:: first_event_name: srq, final_event_name: rrq, expected_data_B: 1000000, recv_data_B: 1000000
INFO:dale_experiment_rig:srcdst:(0, 1) Flow 1:: num of byteloads: 100, num srq events: 100, num rrq events: 1
DEBUG:dale_experiment_rig:Flow 1:: first_event_name: srq, final_event_name: rrq, expected_data_B: 1000000, recv_data_B: 1000000
INFO:dale_experiment_rig:srcdst:(0, 1) Flow 2:: num of byteloads: 100, num srq events: 100, num rrq events: 1
DEBUG:dale_experiment_rig:Flow 2:: first_event_name: srq, final_event_name: rrq, expected_data_B: 1000000, recv_data_B: 1000000
INFO:dale_experiment_rig:srcdst:(0, 1) Flow 3:: num of byteloads: 100, num srq events: 100, num rrq events: 1
DEBUG:dale_experiment_rig:Flow 3:: first_event_name: srq, final_event_name: rrq, expected_data_B: 1000000, recv_data_B: 1000000
INFO:dale_experiment_rig:srcdst:(0, 1) Flow 4:: num of byteloads: 100, num srq events: 100, num rrq events: 1
DEBUG:dale_experiment_rig:Flow 4:: first_event_name: srq, final_event_name: rrq, expected_data_B: 1000000, recv_data_B: 1000000
INFO:dale_experiment_rig:srcdst:(0, 1) Flow 5:: num of byteloads: 100, num srq events: 100, num rrq events: 1
DEBUG:dale_experiment_rig:Flow 5:: first_event_name: srq, final_event_name: rrq, expected_data_B: 1000000, recv_data_B: 1000000
INFO:dale_experiment_rig:srcdst:(0, 1) Flow 6:: num of byteloads: 100, num srq events: 100, num rrq events: 1
DEBUG:dale_experiment_rig:Flow 6:: first_event_name: srq, final_event_name: rrq, expected_data_B: 1000000, recv_data_B: 1000000
INFO:dale_experiment_rig:srcdst:(0, 1) Flow 7:: num of byteloads: 100, num srq events: 100, num rrq events: 1
DEBUG:dale_experiment_rig:Flow 7:: first_event_name: srq, final_event_name: rrq, expected_data_B: 1000000, recv_data_B: 1000000
INFO:dale_experiment_rig:srcdst:(0, 1) Flow 8:: num of byteloads: 100, num srq events: 100, num rrq events: 1
DEBUG:dale_experiment_rig:Flow 8:: first_event_name: srq, final_event_name: rrq, expected_data_B: 1000000, recv_data_B: 1000000
INFO:dale_experiment_rig:srcdst:(0, 1) Flow 9:: num of byteloads: 100, num srq events: 100, num rrq events: 1
DEBUG:dale_experiment_rig:Flow 9:: first_event_name: srq, final_event_name: rrq, expected_data_B: 1000000, recv_data_B: 1000000
INFO:dale_experiment_rig:srcdst:(0, 1) Flow 10:: num of byteloads: 100, num srq events: 100, num rrq events: 1
DEBUG:dale_experiment_rig:Flow 10:: first_event_name: srq, final_event_name: rrq, expected_data_B: 1000000, recv_data_B: 1000000
INFO:dale_experiment_rig:srcdst:(0, 1) Flow 11:: num of byteloads: 100, num srq events: 100, num rrq events: 1
DEBUG:dale_experiment_rig:Flow 11:: first_event_name: srq, final_event_name: rrq, expected_data_B: 1000000, recv_data_B: 1000000
INFO:dale_experiment_rig:srcdst:(0, 1) Flow 12:: num of byteloads: 100, num srq events: 100, num rrq events: 1
DEBUG:dale_experiment_rig:Flow 12:: first_event_name: srq, final_event_name: rrq, expected_data_B: 1000000, recv_data_B: 1000000
INFO:dale_experiment_rig:srcdst:(0, 1) Flow 13:: num of byteloads: 100, num srq events: 100, num rrq events: 1
DEBUG:dale_experiment_rig:Flow 13:: first_event_name: srq, final_event_name: rrq, expected_data_B: 1000000, recv_data_B: 1000000
INFO:dale_experiment_rig:srcdst:(0, 1) Flow 14:: num of byteloads: 100, num srq events: 100, num rrq events: 1
DEBUG:dale_experiment_rig:Flow 14:: first_event_name: srq, final_event_name: rrq, expected_data_B: 1000000, recv_data_B: 1000000
INFO:dale_experiment_rig:srcdst:(0, 1) Flow 15:: num of byteloads: 100, num srq events: 100, num rrq events: 1
DEBUG:dale_experiment_rig:Flow 15:: first_event_name: srq, final_event_name: rrq, expected_data_B: 1000000, recv_data_B: 1000000
INFO:dale_experiment_rig:srcdst:(0, 1) Flow 16:: num of byteloads: 100, num srq events: 100, num rrq events: 1
DEBUG:dale_experiment_rig:Flow 16:: first_event_name: srq, final_event_name: rrq, expected_data_B: 1000000, recv_data_B: 1000000
INFO:dale_experiment_rig:srcdst:(0, 1) Flow 17:: num of byteloads: 100, num srq events: 100, num rrq events: 1
DEBUG:dale_experiment_rig:Flow 17:: first_event_name: srq, final_event_name: rrq, expected_data_B: 1000000, recv_data_B: 1000000
INFO:dale_experiment_rig:srcdst:(0, 1) Flow 18:: num of byteloads: 100, num srq events: 100, num rrq events: 1
DEBUG:dale_experiment_rig:Flow 18:: first_event_name: srq, final_event_name: rrq, expected_data_B: 1000000, recv_data_B: 1000000
INFO:dale_experiment_rig:srcdst:(0, 1) Flow 19:: num of byteloads: 100, num srq events: 100, num rrq events: 1
DEBUG:dale_experiment_rig:Flow 19:: first_event_name: srq, final_event_name: rrq, expected_data_B: 1000000, recv_data_B: 1000000
INFO:dale_experiment_rig:srcdst:(0, 1) Flow 20:: num of byteloads: 100, num srq events: 100, num rrq events: 1
DEBUG:dale_experiment_rig:Flow 20:: first_event_name: srq, final_event_name: rrq, expected_data_B: 1000000, recv_data_B: 1000000
INFO:dale_experiment_rig:srcdst:(0, 1) Flow 21:: num of byteloads: 100, num srq events: 100, num rrq events: 1
DEBUG:dale_experiment_rig:Flow 21:: first_event_name: srq, final_event_name: rrq, expected_data_B: 1000000, recv_data_B: 1000000
INFO:dale_experiment_rig:srcdst:(0, 1) Flow 22:: num of byteloads: 100, num srq events: 100, num rrq events: 1
DEBUG:dale_experiment_rig:Flow 22:: first_event_name: srq, final_event_name: rrq, expected_data_B: 1000000, recv_data_B: 1000000
INFO:dale_experiment_rig:srcdst:(0, 1) Flow 23:: num of byteloads: 100, num srq events: 100, num rrq events: 1
DEBUG:dale_experiment_rig:Flow 23:: first_event_name: srq, final_event_name: rrq, expected_data_B: 1000000, recv_data_B: 1000000
INFO:dale_experiment_rig:srcdst:(0, 1) Flow 24:: num of byteloads: 100, num srq events: 100, num rrq events: 1
DEBUG:dale_experiment_rig:Flow 24:: first_event_name: srq, final_event_name: rrq, expected_data_B: 1000000, recv_data_B: 1000000
INFO:dale_experiment_rig:srcdst:(0, 1) Flow 25:: num of byteloads: 100, num srq events: 100, num rrq events: 1
DEBUG:dale_experiment_rig:Flow 25:: first_event_name: srq, final_event_name: rrq, expected_data_B: 1000000, recv_data_B: 1000000
INFO:dale_experiment_rig:srcdst:(0, 1) Flow 26:: num of byteloads: 100, num srq events: 100, num rrq events: 1
DEBUG:dale_experiment_rig:Flow 26:: first_event_name: srq, final_event_name: rrq, expected_data_B: 1000000, recv_data_B: 1000000
INFO:dale_experiment_rig:srcdst:(0, 1) Flow 27:: num of byteloads: 100, num srq events: 100, num rrq events: 1
DEBUG:dale_experiment_rig:Flow 27:: first_event_name: srq, final_event_name: rrq, expected_data_B: 1000000, recv_data_B: 1000000
INFO:dale_experiment_rig:srcdst:(0, 1) Flow 28:: num of byteloads: 100, num srq events: 100, num rrq events: 1
DEBUG:dale_experiment_rig:Flow 28:: first_event_name: srq, final_event_name: rrq, expected_data_B: 1000000, recv_data_B: 1000000
INFO:dale_experiment_rig:srcdst:(0, 1) Flow 29:: num of byteloads: 100, num srq events: 100, num rrq events: 1
DEBUG:dale_experiment_rig:Flow 29:: first_event_name: srq, final_event_name: rrq, expected_data_B: 1000000, recv_data_B: 1000000
INFO:dale_experiment_rig:srcdst:(0, 1) Flow 30:: num of byteloads: 100, num srq events: 100, num rrq events: 1
DEBUG:dale_experiment_rig:Flow 30:: first_event_name: srq, final_event_name: rrq, expected_data_B: 1000000, recv_data_B: 1000000
INFO:dale_experiment_rig:srcdst:(0, 1) Flow 31:: num of byteloads: 100, num srq events: 100, num rrq events: 1
DEBUG:dale_experiment_rig:Flow 31:: first_event_name: srq, final_event_name: rrq, expected_data_B: 1000000, recv_data_B: 1000000
INFO:dale_experiment_rig:srcdst:(0, 1) Flow 32:: num of byteloads: 100, num srq events: 100, num rrq events: 1
DEBUG:dale_experiment_rig:Flow 32:: first_event_name: srq, final_event_name: rrq, expected_data_B: 1000000, recv_data_B: 1000000
INFO:dale_experiment_rig:srcdst:(0, 1) Flow 33:: num of byteloads: 100, num srq events: 100, num rrq events: 1
DEBUG:dale_experiment_rig:Flow 33:: first_event_name: srq, final_event_name: rrq, expected_data_B: 1000000, recv_data_B: 1000000
INFO:dale_experiment_rig:srcdst:(0, 1) Flow 34:: num of byteloads: 100, num srq events: 100, num rrq events: 1
DEBUG:dale_experiment_rig:Flow 34:: first_event_name: srq, final_event_name: rrq, expected_data_B: 1000000, recv_data_B: 1000000
INFO:dale_experiment_rig:srcdst:(0, 1) Flow 35:: num of byteloads: 100, num srq events: 100, num rrq events: 1
DEBUG:dale_experiment_rig:Flow 35:: first_event_name: srq, final_event_name: rrq, expected_data_B: 1000000, recv_data_B: 1000000
INFO:dale_experiment_rig:srcdst:(0, 1) Flow 36:: num of byteloads: 100, num srq events: 100, num rrq events: 1
DEBUG:dale_experiment_rig:Flow 36:: first_event_name: srq, final_event_name: rrq, expected_data_B: 1000000, recv_data_B: 1000000
INFO:dale_experiment_rig:srcdst:(0, 1) Flow 37:: num of byteloads: 100, num srq events: 100, num rrq events: 1
DEBUG:dale_experiment_rig:Flow 37:: first_event_name: srq, final_event_name: rrq, expected_data_B: 1000000, recv_data_B: 1000000
INFO:dale_experiment_rig:srcdst:(0, 1) Flow 38:: num of byteloads: 100, num srq events: 100, num rrq events: 1
DEBUG:dale_experiment_rig:Flow 38:: first_event_name: srq, final_event_name: rrq, expected_data_B: 1000000, recv_data_B: 1000000
INFO:dale_experiment_rig:srcdst:(0, 1) Flow 39:: num of byteloads: 100, num srq events: 100, num rrq events: 1
DEBUG:dale_experiment_rig:Flow 39:: first_event_name: srq, final_event_name: rrq, expected_data_B: 1000000, recv_data_B: 1000000
INFO:dale_experiment_rig:ExpressPass FCT (ms): [0.009915335000000525, 0.00996039400000015, 0.009987221000001156, 0.009953743000000514, 0.009944639000000421, 0.010018725000000117, 0.009940105000000088, 0.009962085000001508, 0.009969007000000474, 0.009982761000001616, 0.009984045000001274, 0.00994539100000047, 0.009958598000000762, 0.009946734000001456, 0.009962265000000414, 0.010012611000000504, 0.010022951999999918, 0.009937148000000562, 0.010017415000000085, 0.009939363000000867, 0.00991403500000132, 0.010017164000000633, 0.009995635000001002, 0.01002710800000095, 0.009977090000001354, 0.010021392000000517, 0.009953837000001187, 0.009929614000000697, 0.009956657000000035, 0.009999488000000056, 0.009960895000000747, 0.009999190000000269, 0.009938054000000918, 0.010034907000001425, 0.00993025400000036, 0.010011646000000596, 0.009954994000000994, 0.009926021000000063, 0.009937934999999953, 0.010011775000000611]
App Gdpt (overall): 32.315151515151456 Gbps
App Gdpt (per flow): [0.7999999999999985, 0.7999999999999985, 0.7999999999999985, 0.7999999999999985, 0.7999999999999985, 0.7999999999999985, 0.7999999999999985, 0.7999999999999985, 0.7999999999999985, 0.7999999999999985, 0.7999999999999985, 0.7999999999999985, 0.7999999999999985, 0.7999999999999985, 0.7999999999999985, 0.7999999999999985, 0.7999999999999985, 0.7999999999999985, 0.7999999999999985, 0.7999999999999985, 0.7999999999999985, 0.7999999999999985, 0.7999999999999985, 0.7999999999999985, 0.7999999999999985, 0.7999999999999985, 0.7999999999999985, 0.7999999999999985, 0.7999999999999985, 0.7999999999999985, 0.7999999999999985, 0.7999999999999985, 0.7999999999999985, 0.7999999999999985, 0.7999999999999985, 0.7999999999999985, 0.7999999999999985, 0.7999999999999985, 0.7999999999999985, 0.7999999999999985]
Network Gdpt (overall): 31.888686163205556
Network Gdpt (per flow): [0.8068310349574248, 0.8031810789814018, 0.8010236280942491, 0.8037177572295756, 0.8044535352162769, 0.7985047997624355, 0.8048204722183447, 0.8030447441473135, 0.8024871484190572, 0.8013815015704279, 0.8012784397505199, 0.8043927081398432, 0.8033259300153885, 0.8042840996852666, 0.8030302345901928, 0.798992390696053, 0.7981680447038024, 0.8050599628786397, 0.798609222039811, 0.8048805542165332, 0.8069368324803105, 0.7986292327847976, 0.8003493524922828, 0.7978372228562056, 0.8018370085865633, 0.7982922931265025, 0.8037101672449576, 0.8056707944537863, 0.8034825343486244, 0.800040962097255, 0.8031406816354756, 0.8000648052492038, 0.8049865698052417, 0.7972171540801388, 0.8056188693662529, 0.7990694037723193, 0.8036167575790807, 0.805962429456874, 0.8049962089709822, 0.7990591079003986]
INFO:dale_experiment_rig:=====
** Num Flows: 40, Target Flow Rate (Gbps): 0.7999999999999999, ssird_sim_dur (s): 0.05, dctcp_sim_dur (s): 0.05
INFO:dale_experiment_rig:Processing SIRD results exp_id 4:: 40flo-0.7999999999999999Gbps_target
INFO:dale_experiment_rig:Processing results from /home/dh1723/SIRD-Simulator/scripts/r2p2/coord/results/SSIRD-FE_1rtt_delay__500Bto100KB_0pt8GbpsFlo_5usRTT_allproto__40flo-1Gbps-50000B-500000ns-2025-08-21T_10-55-28Z/data/SSIRD/60/applications_trace.str
INFO:dale_experiment_rig:srcdst:(0, 1) Flow 0:: num of byteloads: 20, num srq events: 20, num rrq events: 20
DEBUG:dale_experiment_rig:Flow 0:: first_event_name: srq, final_event_name: rrq, expected_data_B: 1000000, recv_data_B: 1000000
INFO:dale_experiment_rig:srcdst:(0, 1) Flow 1:: num of byteloads: 20, num srq events: 20, num rrq events: 20
DEBUG:dale_experiment_rig:Flow 1:: first_event_name: srq, final_event_name: rrq, expected_data_B: 1000000, recv_data_B: 1000000
INFO:dale_experiment_rig:srcdst:(0, 1) Flow 2:: num of byteloads: 20, num srq events: 20, num rrq events: 20
DEBUG:dale_experiment_rig:Flow 2:: first_event_name: srq, final_event_name: rrq, expected_data_B: 1000000, recv_data_B: 1000000
INFO:dale_experiment_rig:srcdst:(0, 1) Flow 3:: num of byteloads: 20, num srq events: 20, num rrq events: 20
DEBUG:dale_experiment_rig:Flow 3:: first_event_name: srq, final_event_name: rrq, expected_data_B: 1000000, recv_data_B: 1000000
INFO:dale_experiment_rig:srcdst:(0, 1) Flow 4:: num of byteloads: 20, num srq events: 20, num rrq events: 20
DEBUG:dale_experiment_rig:Flow 4:: first_event_name: srq, final_event_name: rrq, expected_data_B: 1000000, recv_data_B: 1000000
INFO:dale_experiment_rig:srcdst:(0, 1) Flow 5:: num of byteloads: 20, num srq events: 20, num rrq events: 20
DEBUG:dale_experiment_rig:Flow 5:: first_event_name: srq, final_event_name: rrq, expected_data_B: 1000000, recv_data_B: 1000000
INFO:dale_experiment_rig:srcdst:(0, 1) Flow 6:: num of byteloads: 20, num srq events: 20, num rrq events: 20
DEBUG:dale_experiment_rig:Flow 6:: first_event_name: srq, final_event_name: rrq, expected_data_B: 1000000, recv_data_B: 1000000
INFO:dale_experiment_rig:srcdst:(0, 1) Flow 7:: num of byteloads: 20, num srq events: 20, num rrq events: 20
DEBUG:dale_experiment_rig:Flow 7:: first_event_name: srq, final_event_name: rrq, expected_data_B: 1000000, recv_data_B: 1000000
INFO:dale_experiment_rig:srcdst:(0, 1) Flow 8:: num of byteloads: 20, num srq events: 20, num rrq events: 20
DEBUG:dale_experiment_rig:Flow 8:: first_event_name: srq, final_event_name: rrq, expected_data_B: 1000000, recv_data_B: 1000000
INFO:dale_experiment_rig:srcdst:(0, 1) Flow 9:: num of byteloads: 20, num srq events: 20, num rrq events: 20
DEBUG:dale_experiment_rig:Flow 9:: first_event_name: srq, final_event_name: rrq, expected_data_B: 1000000, recv_data_B: 1000000
INFO:dale_experiment_rig:srcdst:(0, 1) Flow 10:: num of byteloads: 20, num srq events: 20, num rrq events: 20
DEBUG:dale_experiment_rig:Flow 10:: first_event_name: srq, final_event_name: rrq, expected_data_B: 1000000, recv_data_B: 1000000
INFO:dale_experiment_rig:srcdst:(0, 1) Flow 11:: num of byteloads: 20, num srq events: 20, num rrq events: 20
DEBUG:dale_experiment_rig:Flow 11:: first_event_name: srq, final_event_name: rrq, expected_data_B: 1000000, recv_data_B: 1000000
INFO:dale_experiment_rig:srcdst:(0, 1) Flow 12:: num of byteloads: 20, num srq events: 20, num rrq events: 20
DEBUG:dale_experiment_rig:Flow 12:: first_event_name: srq, final_event_name: rrq, expected_data_B: 1000000, recv_data_B: 1000000
INFO:dale_experiment_rig:srcdst:(0, 1) Flow 13:: num of byteloads: 20, num srq events: 20, num rrq events: 20
DEBUG:dale_experiment_rig:Flow 13:: first_event_name: srq, final_event_name: rrq, expected_data_B: 1000000, recv_data_B: 1000000
INFO:dale_experiment_rig:srcdst:(0, 1) Flow 14:: num of byteloads: 20, num srq events: 20, num rrq events: 20
DEBUG:dale_experiment_rig:Flow 14:: first_event_name: srq, final_event_name: rrq, expected_data_B: 1000000, recv_data_B: 1000000
INFO:dale_experiment_rig:srcdst:(0, 1) Flow 15:: num of byteloads: 20, num srq events: 20, num rrq events: 20
DEBUG:dale_experiment_rig:Flow 15:: first_event_name: srq, final_event_name: rrq, expected_data_B: 1000000, recv_data_B: 1000000
INFO:dale_experiment_rig:srcdst:(0, 1) Flow 16:: num of byteloads: 20, num srq events: 20, num rrq events: 20
DEBUG:dale_experiment_rig:Flow 16:: first_event_name: srq, final_event_name: rrq, expected_data_B: 1000000, recv_data_B: 1000000
INFO:dale_experiment_rig:srcdst:(0, 1) Flow 17:: num of byteloads: 20, num srq events: 20, num rrq events: 20
DEBUG:dale_experiment_rig:Flow 17:: first_event_name: srq, final_event_name: rrq, expected_data_B: 1000000, recv_data_B: 1000000
INFO:dale_experiment_rig:srcdst:(0, 1) Flow 18:: num of byteloads: 20, num srq events: 20, num rrq events: 20
DEBUG:dale_experiment_rig:Flow 18:: first_event_name: srq, final_event_name: rrq, expected_data_B: 1000000, recv_data_B: 1000000
INFO:dale_experiment_rig:srcdst:(0, 1) Flow 19:: num of byteloads: 20, num srq events: 20, num rrq events: 20
DEBUG:dale_experiment_rig:Flow 19:: first_event_name: srq, final_event_name: rrq, expected_data_B: 1000000, recv_data_B: 1000000
INFO:dale_experiment_rig:srcdst:(0, 1) Flow 20:: num of byteloads: 20, num srq events: 20, num rrq events: 20
DEBUG:dale_experiment_rig:Flow 20:: first_event_name: srq, final_event_name: rrq, expected_data_B: 1000000, recv_data_B: 1000000
INFO:dale_experiment_rig:srcdst:(0, 1) Flow 21:: num of byteloads: 20, num srq events: 20, num rrq events: 20
DEBUG:dale_experiment_rig:Flow 21:: first_event_name: srq, final_event_name: rrq, expected_data_B: 1000000, recv_data_B: 1000000
INFO:dale_experiment_rig:srcdst:(0, 1) Flow 22:: num of byteloads: 20, num srq events: 20, num rrq events: 20
DEBUG:dale_experiment_rig:Flow 22:: first_event_name: srq, final_event_name: rrq, expected_data_B: 1000000, recv_data_B: 1000000
INFO:dale_experiment_rig:srcdst:(0, 1) Flow 23:: num of byteloads: 20, num srq events: 20, num rrq events: 20
DEBUG:dale_experiment_rig:Flow 23:: first_event_name: srq, final_event_name: rrq, expected_data_B: 1000000, recv_data_B: 1000000
INFO:dale_experiment_rig:srcdst:(0, 1) Flow 24:: num of byteloads: 20, num srq events: 20, num rrq events: 20
DEBUG:dale_experiment_rig:Flow 24:: first_event_name: srq, final_event_name: rrq, expected_data_B: 1000000, recv_data_B: 1000000
INFO:dale_experiment_rig:srcdst:(0, 1) Flow 25:: num of byteloads: 20, num srq events: 20, num rrq events: 20
DEBUG:dale_experiment_rig:Flow 25:: first_event_name: srq, final_event_name: rrq, expected_data_B: 1000000, recv_data_B: 1000000
INFO:dale_experiment_rig:srcdst:(0, 1) Flow 26:: num of byteloads: 20, num srq events: 20, num rrq events: 20
DEBUG:dale_experiment_rig:Flow 26:: first_event_name: srq, final_event_name: rrq, expected_data_B: 1000000, recv_data_B: 1000000
INFO:dale_experiment_rig:srcdst:(0, 1) Flow 27:: num of byteloads: 20, num srq events: 20, num rrq events: 20
DEBUG:dale_experiment_rig:Flow 27:: first_event_name: srq, final_event_name: rrq, expected_data_B: 1000000, recv_data_B: 1000000
INFO:dale_experiment_rig:srcdst:(0, 1) Flow 28:: num of byteloads: 20, num srq events: 20, num rrq events: 20
DEBUG:dale_experiment_rig:Flow 28:: first_event_name: srq, final_event_name: rrq, expected_data_B: 1000000, recv_data_B: 1000000
INFO:dale_experiment_rig:srcdst:(0, 1) Flow 29:: num of byteloads: 20, num srq events: 20, num rrq events: 20
DEBUG:dale_experiment_rig:Flow 29:: first_event_name: srq, final_event_name: rrq, expected_data_B: 1000000, recv_data_B: 1000000
INFO:dale_experiment_rig:srcdst:(0, 1) Flow 30:: num of byteloads: 20, num srq events: 20, num rrq events: 20
DEBUG:dale_experiment_rig:Flow 30:: first_event_name: srq, final_event_name: rrq, expected_data_B: 1000000, recv_data_B: 1000000
INFO:dale_experiment_rig:srcdst:(0, 1) Flow 31:: num of byteloads: 20, num srq events: 20, num rrq events: 20
DEBUG:dale_experiment_rig:Flow 31:: first_event_name: srq, final_event_name: rrq, expected_data_B: 1000000, recv_data_B: 1000000
INFO:dale_experiment_rig:srcdst:(0, 1) Flow 32:: num of byteloads: 20, num srq events: 20, num rrq events: 20
DEBUG:dale_experiment_rig:Flow 32:: first_event_name: srq, final_event_name: rrq, expected_data_B: 1000000, recv_data_B: 1000000
INFO:dale_experiment_rig:srcdst:(0, 1) Flow 33:: num of byteloads: 20, num srq events: 20, num rrq events: 20
DEBUG:dale_experiment_rig:Flow 33:: first_event_name: srq, final_event_name: rrq, expected_data_B: 1000000, recv_data_B: 1000000
INFO:dale_experiment_rig:srcdst:(0, 1) Flow 34:: num of byteloads: 20, num srq events: 20, num rrq events: 20
DEBUG:dale_experiment_rig:Flow 34:: first_event_name: srq, final_event_name: rrq, expected_data_B: 1000000, recv_data_B: 1000000
INFO:dale_experiment_rig:srcdst:(0, 1) Flow 35:: num of byteloads: 20, num srq events: 20, num rrq events: 20
DEBUG:dale_experiment_rig:Flow 35:: first_event_name: srq, final_event_name: rrq, expected_data_B: 1000000, recv_data_B: 1000000
INFO:dale_experiment_rig:srcdst:(0, 1) Flow 36:: num of byteloads: 20, num srq events: 20, num rrq events: 20
DEBUG:dale_experiment_rig:Flow 36:: first_event_name: srq, final_event_name: rrq, expected_data_B: 1000000, recv_data_B: 1000000
INFO:dale_experiment_rig:srcdst:(0, 1) Flow 37:: num of byteloads: 20, num srq events: 20, num rrq events: 20
DEBUG:dale_experiment_rig:Flow 37:: first_event_name: srq, final_event_name: rrq, expected_data_B: 1000000, recv_data_B: 1000000
INFO:dale_experiment_rig:srcdst:(0, 1) Flow 38:: num of byteloads: 20, num srq events: 20, num rrq events: 20
DEBUG:dale_experiment_rig:Flow 38:: first_event_name: srq, final_event_name: rrq, expected_data_B: 1000000, recv_data_B: 1000000
INFO:dale_experiment_rig:srcdst:(0, 1) Flow 39:: num of byteloads: 20, num srq events: 20, num rrq events: 20
DEBUG:dale_experiment_rig:Flow 39:: first_event_name: srq, final_event_name: rrq, expected_data_B: 1000000, recv_data_B: 1000000
INFO:dale_experiment_rig:SSIRD FCT (ms): [0.00955842699999998, 0.009642906999999923, 0.009575322999999969, 0.009609114999999946, 0.009651355000000805, 0.009617563000000828, 0.009659802999999911, 0.009524635000000004, 0.009634459000000817, 0.009511897000001213, 0.00956265100000131, 0.009596443000001287, 0.00963868300000037, 0.009613339000001275, 0.009541530999999992, 0.009583771000000851, 0.009587995000000404, 0.009516187000000897, 0.009554203000000427, 0.009528859000001333, 0.009604891000000393, 0.00960066700000084, 0.00952041100000045, 0.009549979000000874, 0.009566875000000863, 0.009592218999999957, 0.00966402700000124, 0.009579547000001298, 0.009655579000000358, 0.009647131000001252, 0.009545755000001321, 0.009621787000000381, 0.009571099000000416, 0.009630235000001264, 0.009537307000000439, 0.009668251000000794, 0.009626010999999934, 0.0096766989999999, 0.009533083000000886, 0.009672475000000347]
App Gdpt (overall): 33.64210526315453 Gbps
App Gdpt (per flow): [0.7999999999999198, 0.7999999999999198, 0.7999999999999198, 0.7999999999999198, 0.7999999999999198, 0.7999999999999198, 0.7999999999999198, 0.7999999999999198, 0.7999999999999198, 0.7999999999999198, 0.7999999999999198, 0.7999999999999198, 0.7999999999999198, 0.7999999999999198, 0.7999999999999198, 0.7999999999999198, 0.7999999999999198, 0.7999999999999198, 0.7999999999999198, 0.7999999999999198, 0.7999999999999198, 0.7999999999999198, 0.7999999999999198, 0.7999999999999198, 0.7999999999999198, 0.7999999999999198, 0.7999999999999198, 0.7999999999999198, 0.7999999999999198, 0.7999999999999198, 0.7999999999999198, 0.7999999999999198, 0.7999999999999198, 0.7999999999999198, 0.7999999999999198, 0.7999999999999198, 0.7999999999999198, 0.7999999999999198, 0.7999999999999198, 0.7999999999999198]
Network Gdpt (overall): 33.069128222341455
Network Gdpt (per flow): [0.8369577965077326, 0.8296253401593591, 0.8354809545328159, 0.8325428512407277, 0.8288991545745994, 0.8318115514293289, 0.8281742391640983, 0.8399271993099995, 0.8303527992593379, 0.8410520004578457, 0.8365880967525537, 0.8336422151414777, 0.8299889103106403, 0.8321770406722304, 0.8384398688218911, 0.8347444862778222, 0.8343767388280515, 0.8406728451216067, 0.837327823158001, 0.8395548722044142, 0.8329089835584468, 0.8332754380502209, 0.840299856802361, 0.8376981771372762, 0.8362187234597795, 0.8340093152585482, 0.827812256733034, 0.8351125580362951, 0.828536538305958, 0.8292620883865848, 0.8380688588800879, 0.8314463830886802, 0.8358496761970232, 0.8307170074249435, 0.8388112073984441, 0.8274505905979627, 0.8310815352278379, 0.8267282055585363, 0.8391828750467458, 0.8270892403443497]
INFO:dale_experiment_rig:Processing DCTCP results exp_id 4:: 40flo-0.7999999999999999Gbps_target
INFO:dale_experiment_rig:Processing results from /home/dh1723/SIRD-Simulator/scripts/r2p2/coord/results/DCTCP-50-FE_1rtt_delay__500Bto100KB_0pt8GbpsFlo_5usRTT_allproto__40flo-1Gbps-50000B-500000ns-2025-08-21T_10-55-28Z/data/DCTCP-50/60/applications_trace.str
INFO:dale_experiment_rig:srcdst:(0, 1) Flow 0:: num of byteloads: 20, num srq events: 20, num rrq events: 1
DEBUG:dale_experiment_rig:Flow 0:: first_event_name: srq, final_event_name: rrq, expected_data_B: 1000000, recv_data_B: 1000000
INFO:dale_experiment_rig:srcdst:(0, 1) Flow 1:: num of byteloads: 20, num srq events: 20, num rrq events: 1
DEBUG:dale_experiment_rig:Flow 1:: first_event_name: srq, final_event_name: rrq, expected_data_B: 1000000, recv_data_B: 1000000
INFO:dale_experiment_rig:srcdst:(0, 1) Flow 2:: num of byteloads: 20, num srq events: 20, num rrq events: 1
DEBUG:dale_experiment_rig:Flow 2:: first_event_name: srq, final_event_name: rrq, expected_data_B: 1000000, recv_data_B: 1000000
INFO:dale_experiment_rig:srcdst:(0, 1) Flow 3:: num of byteloads: 20, num srq events: 20, num rrq events: 1
DEBUG:dale_experiment_rig:Flow 3:: first_event_name: srq, final_event_name: rrq, expected_data_B: 1000000, recv_data_B: 1000000
INFO:dale_experiment_rig:srcdst:(0, 1) Flow 4:: num of byteloads: 20, num srq events: 20, num rrq events: 1
DEBUG:dale_experiment_rig:Flow 4:: first_event_name: srq, final_event_name: rrq, expected_data_B: 1000000, recv_data_B: 1000000
INFO:dale_experiment_rig:srcdst:(0, 1) Flow 5:: num of byteloads: 20, num srq events: 20, num rrq events: 1
DEBUG:dale_experiment_rig:Flow 5:: first_event_name: srq, final_event_name: rrq, expected_data_B: 1000000, recv_data_B: 1000000
INFO:dale_experiment_rig:srcdst:(0, 1) Flow 6:: num of byteloads: 20, num srq events: 20, num rrq events: 1
DEBUG:dale_experiment_rig:Flow 6:: first_event_name: srq, final_event_name: rrq, expected_data_B: 1000000, recv_data_B: 1000000
INFO:dale_experiment_rig:srcdst:(0, 1) Flow 7:: num of byteloads: 20, num srq events: 20, num rrq events: 1
DEBUG:dale_experiment_rig:Flow 7:: first_event_name: srq, final_event_name: rrq, expected_data_B: 1000000, recv_data_B: 1000000
INFO:dale_experiment_rig:srcdst:(0, 1) Flow 8:: num of byteloads: 20, num srq events: 20, num rrq events: 1
DEBUG:dale_experiment_rig:Flow 8:: first_event_name: srq, final_event_name: rrq, expected_data_B: 1000000, recv_data_B: 1000000
INFO:dale_experiment_rig:srcdst:(0, 1) Flow 9:: num of byteloads: 20, num srq events: 20, num rrq events: 1
DEBUG:dale_experiment_rig:Flow 9:: first_event_name: srq, final_event_name: rrq, expected_data_B: 1000000, recv_data_B: 1000000
INFO:dale_experiment_rig:srcdst:(0, 1) Flow 10:: num of byteloads: 20, num srq events: 20, num rrq events: 1
DEBUG:dale_experiment_rig:Flow 10:: first_event_name: srq, final_event_name: rrq, expected_data_B: 1000000, recv_data_B: 1000000
INFO:dale_experiment_rig:srcdst:(0, 1) Flow 11:: num of byteloads: 20, num srq events: 20, num rrq events: 1
DEBUG:dale_experiment_rig:Flow 11:: first_event_name: srq, final_event_name: rrq, expected_data_B: 1000000, recv_data_B: 1000000
INFO:dale_experiment_rig:srcdst:(0, 1) Flow 12:: num of byteloads: 20, num srq events: 20, num rrq events: 1
DEBUG:dale_experiment_rig:Flow 12:: first_event_name: srq, final_event_name: rrq, expected_data_B: 1000000, recv_data_B: 1000000
INFO:dale_experiment_rig:srcdst:(0, 1) Flow 13:: num of byteloads: 20, num srq events: 20, num rrq events: 1
DEBUG:dale_experiment_rig:Flow 13:: first_event_name: srq, final_event_name: rrq, expected_data_B: 1000000, recv_data_B: 1000000
INFO:dale_experiment_rig:srcdst:(0, 1) Flow 14:: num of byteloads: 20, num srq events: 20, num rrq events: 1
DEBUG:dale_experiment_rig:Flow 14:: first_event_name: srq, final_event_name: rrq, expected_data_B: 1000000, recv_data_B: 1000000
INFO:dale_experiment_rig:srcdst:(0, 1) Flow 15:: num of byteloads: 20, num srq events: 20, num rrq events: 1
DEBUG:dale_experiment_rig:Flow 15:: first_event_name: srq, final_event_name: rrq, expected_data_B: 1000000, recv_data_B: 1000000
INFO:dale_experiment_rig:srcdst:(0, 1) Flow 16:: num of byteloads: 20, num srq events: 20, num rrq events: 1
DEBUG:dale_experiment_rig:Flow 16:: first_event_name: srq, final_event_name: rrq, expected_data_B: 1000000, recv_data_B: 1000000
INFO:dale_experiment_rig:srcdst:(0, 1) Flow 17:: num of byteloads: 20, num srq events: 20, num rrq events: 1
DEBUG:dale_experiment_rig:Flow 17:: first_event_name: srq, final_event_name: rrq, expected_data_B: 1000000, recv_data_B: 1000000
INFO:dale_experiment_rig:srcdst:(0, 1) Flow 18:: num of byteloads: 20, num srq events: 20, num rrq events: 1
DEBUG:dale_experiment_rig:Flow 18:: first_event_name: srq, final_event_name: rrq, expected_data_B: 1000000, recv_data_B: 1000000
INFO:dale_experiment_rig:srcdst:(0, 1) Flow 19:: num of byteloads: 20, num srq events: 20, num rrq events: 1
DEBUG:dale_experiment_rig:Flow 19:: first_event_name: srq, final_event_name: rrq, expected_data_B: 1000000, recv_data_B: 1000000
INFO:dale_experiment_rig:srcdst:(0, 1) Flow 20:: num of byteloads: 20, num srq events: 20, num rrq events: 1
DEBUG:dale_experiment_rig:Flow 20:: first_event_name: srq, final_event_name: rrq, expected_data_B: 1000000, recv_data_B: 1000000
INFO:dale_experiment_rig:srcdst:(0, 1) Flow 21:: num of byteloads: 20, num srq events: 20, num rrq events: 1
DEBUG:dale_experiment_rig:Flow 21:: first_event_name: srq, final_event_name: rrq, expected_data_B: 1000000, recv_data_B: 1000000
INFO:dale_experiment_rig:srcdst:(0, 1) Flow 22:: num of byteloads: 20, num srq events: 20, num rrq events: 1
DEBUG:dale_experiment_rig:Flow 22:: first_event_name: srq, final_event_name: rrq, expected_data_B: 1000000, recv_data_B: 1000000
INFO:dale_experiment_rig:srcdst:(0, 1) Flow 23:: num of byteloads: 20, num srq events: 20, num rrq events: 1
DEBUG:dale_experiment_rig:Flow 23:: first_event_name: srq, final_event_name: rrq, expected_data_B: 1000000, recv_data_B: 1000000
INFO:dale_experiment_rig:srcdst:(0, 1) Flow 24:: num of byteloads: 20, num srq events: 20, num rrq events: 1
DEBUG:dale_experiment_rig:Flow 24:: first_event_name: srq, final_event_name: rrq, expected_data_B: 1000000, recv_data_B: 1000000
INFO:dale_experiment_rig:srcdst:(0, 1) Flow 25:: num of byteloads: 20, num srq events: 20, num rrq events: 1
DEBUG:dale_experiment_rig:Flow 25:: first_event_name: srq, final_event_name: rrq, expected_data_B: 1000000, recv_data_B: 1000000
INFO:dale_experiment_rig:srcdst:(0, 1) Flow 26:: num of byteloads: 20, num srq events: 20, num rrq events: 1
DEBUG:dale_experiment_rig:Flow 26:: first_event_name: srq, final_event_name: rrq, expected_data_B: 1000000, recv_data_B: 1000000
INFO:dale_experiment_rig:srcdst:(0, 1) Flow 27:: num of byteloads: 20, num srq events: 20, num rrq events: 1
DEBUG:dale_experiment_rig:Flow 27:: first_event_name: srq, final_event_name: rrq, expected_data_B: 1000000, recv_data_B: 1000000
INFO:dale_experiment_rig:srcdst:(0, 1) Flow 28:: num of byteloads: 20, num srq events: 20, num rrq events: 1
DEBUG:dale_experiment_rig:Flow 28:: first_event_name: srq, final_event_name: rrq, expected_data_B: 1000000, recv_data_B: 1000000
INFO:dale_experiment_rig:srcdst:(0, 1) Flow 29:: num of byteloads: 20, num srq events: 20, num rrq events: 1
DEBUG:dale_experiment_rig:Flow 29:: first_event_name: srq, final_event_name: rrq, expected_data_B: 1000000, recv_data_B: 1000000
INFO:dale_experiment_rig:srcdst:(0, 1) Flow 30:: num of byteloads: 20, num srq events: 20, num rrq events: 1
DEBUG:dale_experiment_rig:Flow 30:: first_event_name: srq, final_event_name: rrq, expected_data_B: 1000000, recv_data_B: 1000000
INFO:dale_experiment_rig:srcdst:(0, 1) Flow 31:: num of byteloads: 20, num srq events: 20, num rrq events: 1
DEBUG:dale_experiment_rig:Flow 31:: first_event_name: srq, final_event_name: rrq, expected_data_B: 1000000, recv_data_B: 1000000
INFO:dale_experiment_rig:srcdst:(0, 1) Flow 32:: num of byteloads: 20, num srq events: 20, num rrq events: 1
DEBUG:dale_experiment_rig:Flow 32:: first_event_name: srq, final_event_name: rrq, expected_data_B: 1000000, recv_data_B: 1000000
INFO:dale_experiment_rig:srcdst:(0, 1) Flow 33:: num of byteloads: 20, num srq events: 20, num rrq events: 1
DEBUG:dale_experiment_rig:Flow 33:: first_event_name: srq, final_event_name: rrq, expected_data_B: 1000000, recv_data_B: 1000000
INFO:dale_experiment_rig:srcdst:(0, 1) Flow 34:: num of byteloads: 20, num srq events: 20, num rrq events: 1
DEBUG:dale_experiment_rig:Flow 34:: first_event_name: srq, final_event_name: rrq, expected_data_B: 1000000, recv_data_B: 1000000
INFO:dale_experiment_rig:srcdst:(0, 1) Flow 35:: num of byteloads: 20, num srq events: 20, num rrq events: 1
DEBUG:dale_experiment_rig:Flow 35:: first_event_name: srq, final_event_name: rrq, expected_data_B: 1000000, recv_data_B: 1000000
INFO:dale_experiment_rig:srcdst:(0, 1) Flow 36:: num of byteloads: 20, num srq events: 20, num rrq events: 1
DEBUG:dale_experiment_rig:Flow 36:: first_event_name: srq, final_event_name: rrq, expected_data_B: 1000000, recv_data_B: 1000000
INFO:dale_experiment_rig:srcdst:(0, 1) Flow 37:: num of byteloads: 20, num srq events: 20, num rrq events: 1
DEBUG:dale_experiment_rig:Flow 37:: first_event_name: srq, final_event_name: rrq, expected_data_B: 1000000, recv_data_B: 1000000
INFO:dale_experiment_rig:srcdst:(0, 1) Flow 38:: num of byteloads: 20, num srq events: 20, num rrq events: 1
DEBUG:dale_experiment_rig:Flow 38:: first_event_name: srq, final_event_name: rrq, expected_data_B: 1000000, recv_data_B: 1000000
INFO:dale_experiment_rig:srcdst:(0, 1) Flow 39:: num of byteloads: 20, num srq events: 20, num rrq events: 1
DEBUG:dale_experiment_rig:Flow 39:: first_event_name: srq, final_event_name: rrq, expected_data_B: 1000000, recv_data_B: 1000000
INFO:dale_experiment_rig:DCTCP-50 FCT (ms): [0.009506841000000321, 0.009511060000001237, 0.009515278000000293, 0.009519497000001209, 0.009523715000000266, 0.009527933000001099, 0.009532152000000238, 0.009536370000001071, 0.00954058900000021, 0.009544807000001043, 0.0095490250000001, 0.009553244000001015, 0.009557462000000072, 0.009561681000000988, 0.009565899000000044, 0.009570117000000877, 0.009574336000000017, 0.00957855400000085, 0.009582772999999989, 0.009586991000000822, 0.009591208999999878, 0.009595428000000794, 0.009599646000001627, 0.009603865000000766, 0.0096080830000016, 0.009612301000000656, 0.009616520000001572, 0.009620738000000628, 0.009624957000001544, 0.0096291750000006, 0.009633393000001433, 0.009637612000000573, 0.009641830000001406, 0.009646049000000545, 0.009650267000001378, 0.009654485000000435, 0.00965870400000135, 0.009662922000000407, 0.009667141000001322, 0.009671359000000379]
App Gdpt (overall): 33.64210526315453 Gbps
App Gdpt (per flow): [0.7999999999999198, 0.7999999999999198, 0.7999999999999198, 0.7999999999999198, 0.7999999999999198, 0.7999999999999198, 0.7999999999999198, 0.7999999999999198, 0.7999999999999198, 0.7999999999999198, 0.7999999999999198, 0.7999999999999198, 0.7999999999999198, 0.7999999999999198, 0.7999999999999198, 0.7999999999999198, 0.7999999999999198, 0.7999999999999198, 0.7999999999999198, 0.7999999999999198, 0.7999999999999198, 0.7999999999999198, 0.7999999999999198, 0.7999999999999198, 0.7999999999999198, 0.7999999999999198, 0.7999999999999198, 0.7999999999999198, 0.7999999999999198, 0.7999999999999198, 0.7999999999999198, 0.7999999999999198, 0.7999999999999198, 0.7999999999999198, 0.7999999999999198, 0.7999999999999198, 0.7999999999999198, 0.7999999999999198, 0.7999999999999198, 0.7999999999999198]
Network Gdpt (overall): 33.0873872017353
Network Gdpt (per flow): [0.8414992950865309, 0.8411260153967023, 0.8407531550838299, 0.8403805369127155, 0.8400083370827222, 0.8396364667970564, 0.8392648375728587, 0.8388936251423867, 0.8385226530563076, 0.8381520967369089, 0.8377818677823041, 0.8374118781012136, 0.8370423026531458, 0.8366729657681714, 0.8363040420978691, 0.8359354436313858, 0.8355670826676636, 0.8351991333973052, 0.8348314209258645, 0.8344641191380398, 0.834097140412653, 0.833730397435043, 0.8333640636330386, 0.8329979648817807, 0.8326322743047359, 0.8322669046672024, 0.8319017690389761, 0.8315370400898016, 0.8311725444590264, 0.8308084545144835, 0.8304446834047785, 0.8300811445822394, 0.829718009962718, 0.8293551069458126, 0.8289926071474353, 0.8286304240981928, 0.8282684716292044, 0.8279069209085682, 0.8275456000899238, 0.8271846800433824]
INFO:dale_experiment_rig:Processing ExpressPass results exp_id 4:: 40flo-0.7999999999999999Gbps_target
INFO:dale_experiment_rig:Processing results from /home/dh1723/SIRD-Simulator/scripts/r2p2/coord/results/ExpressPass-FE_1rtt_delay__500Bto100KB_0pt8GbpsFlo_5usRTT_allproto__40flo-1Gbps-50000B-500000ns-2025-08-21T_10-55-28Z/data/ExpressPass/60/applications_trace.str
INFO:dale_experiment_rig:srcdst:(0, 1) Flow 0:: num of byteloads: 20, num srq events: 20, num rrq events: 1
DEBUG:dale_experiment_rig:Flow 0:: first_event_name: srq, final_event_name: rrq, expected_data_B: 1000000, recv_data_B: 1000000
INFO:dale_experiment_rig:srcdst:(0, 1) Flow 1:: num of byteloads: 20, num srq events: 20, num rrq events: 1
DEBUG:dale_experiment_rig:Flow 1:: first_event_name: srq, final_event_name: rrq, expected_data_B: 1000000, recv_data_B: 1000000
INFO:dale_experiment_rig:srcdst:(0, 1) Flow 2:: num of byteloads: 20, num srq events: 20, num rrq events: 1
DEBUG:dale_experiment_rig:Flow 2:: first_event_name: srq, final_event_name: rrq, expected_data_B: 1000000, recv_data_B: 1000000
INFO:dale_experiment_rig:srcdst:(0, 1) Flow 3:: num of byteloads: 20, num srq events: 20, num rrq events: 1
DEBUG:dale_experiment_rig:Flow 3:: first_event_name: srq, final_event_name: rrq, expected_data_B: 1000000, recv_data_B: 1000000
INFO:dale_experiment_rig:srcdst:(0, 1) Flow 4:: num of byteloads: 20, num srq events: 20, num rrq events: 1
DEBUG:dale_experiment_rig:Flow 4:: first_event_name: srq, final_event_name: rrq, expected_data_B: 1000000, recv_data_B: 1000000
INFO:dale_experiment_rig:srcdst:(0, 1) Flow 5:: num of byteloads: 20, num srq events: 20, num rrq events: 1
DEBUG:dale_experiment_rig:Flow 5:: first_event_name: srq, final_event_name: rrq, expected_data_B: 1000000, recv_data_B: 1000000
INFO:dale_experiment_rig:srcdst:(0, 1) Flow 6:: num of byteloads: 20, num srq events: 20, num rrq events: 1
DEBUG:dale_experiment_rig:Flow 6:: first_event_name: srq, final_event_name: rrq, expected_data_B: 1000000, recv_data_B: 1000000
INFO:dale_experiment_rig:srcdst:(0, 1) Flow 7:: num of byteloads: 20, num srq events: 20, num rrq events: 1
DEBUG:dale_experiment_rig:Flow 7:: first_event_name: srq, final_event_name: rrq, expected_data_B: 1000000, recv_data_B: 1000000
INFO:dale_experiment_rig:srcdst:(0, 1) Flow 8:: num of byteloads: 20, num srq events: 20, num rrq events: 1
DEBUG:dale_experiment_rig:Flow 8:: first_event_name: srq, final_event_name: rrq, expected_data_B: 1000000, recv_data_B: 1000000
INFO:dale_experiment_rig:srcdst:(0, 1) Flow 9:: num of byteloads: 20, num srq events: 20, num rrq events: 1
DEBUG:dale_experiment_rig:Flow 9:: first_event_name: srq, final_event_name: rrq, expected_data_B: 1000000, recv_data_B: 1000000
INFO:dale_experiment_rig:srcdst:(0, 1) Flow 10:: num of byteloads: 20, num srq events: 20, num rrq events: 1
DEBUG:dale_experiment_rig:Flow 10:: first_event_name: srq, final_event_name: rrq, expected_data_B: 1000000, recv_data_B: 1000000
INFO:dale_experiment_rig:srcdst:(0, 1) Flow 11:: num of byteloads: 20, num srq events: 20, num rrq events: 1
DEBUG:dale_experiment_rig:Flow 11:: first_event_name: srq, final_event_name: rrq, expected_data_B: 1000000, recv_data_B: 1000000
INFO:dale_experiment_rig:srcdst:(0, 1) Flow 12:: num of byteloads: 20, num srq events: 20, num rrq events: 1
DEBUG:dale_experiment_rig:Flow 12:: first_event_name: srq, final_event_name: rrq, expected_data_B: 1000000, recv_data_B: 1000000
INFO:dale_experiment_rig:srcdst:(0, 1) Flow 13:: num of byteloads: 20, num srq events: 20, num rrq events: 1
DEBUG:dale_experiment_rig:Flow 13:: first_event_name: srq, final_event_name: rrq, expected_data_B: 1000000, recv_data_B: 1000000
INFO:dale_experiment_rig:srcdst:(0, 1) Flow 14:: num of byteloads: 20, num srq events: 20, num rrq events: 1
DEBUG:dale_experiment_rig:Flow 14:: first_event_name: srq, final_event_name: rrq, expected_data_B: 1000000, recv_data_B: 1000000
INFO:dale_experiment_rig:srcdst:(0, 1) Flow 15:: num of byteloads: 20, num srq events: 20, num rrq events: 1
DEBUG:dale_experiment_rig:Flow 15:: first_event_name: srq, final_event_name: rrq, expected_data_B: 1000000, recv_data_B: 1000000
INFO:dale_experiment_rig:srcdst:(0, 1) Flow 16:: num of byteloads: 20, num srq events: 20, num rrq events: 1
DEBUG:dale_experiment_rig:Flow 16:: first_event_name: srq, final_event_name: rrq, expected_data_B: 1000000, recv_data_B: 1000000
INFO:dale_experiment_rig:srcdst:(0, 1) Flow 17:: num of byteloads: 20, num srq events: 20, num rrq events: 1
DEBUG:dale_experiment_rig:Flow 17:: first_event_name: srq, final_event_name: rrq, expected_data_B: 1000000, recv_data_B: 1000000
INFO:dale_experiment_rig:srcdst:(0, 1) Flow 18:: num of byteloads: 20, num srq events: 20, num rrq events: 1
DEBUG:dale_experiment_rig:Flow 18:: first_event_name: srq, final_event_name: rrq, expected_data_B: 1000000, recv_data_B: 1000000
INFO:dale_experiment_rig:srcdst:(0, 1) Flow 19:: num of byteloads: 20, num srq events: 20, num rrq events: 1
DEBUG:dale_experiment_rig:Flow 19:: first_event_name: srq, final_event_name: rrq, expected_data_B: 1000000, recv_data_B: 1000000
INFO:dale_experiment_rig:srcdst:(0, 1) Flow 20:: num of byteloads: 20, num srq events: 20, num rrq events: 1
DEBUG:dale_experiment_rig:Flow 20:: first_event_name: srq, final_event_name: rrq, expected_data_B: 1000000, recv_data_B: 1000000
INFO:dale_experiment_rig:srcdst:(0, 1) Flow 21:: num of byteloads: 20, num srq events: 20, num rrq events: 1
DEBUG:dale_experiment_rig:Flow 21:: first_event_name: srq, final_event_name: rrq, expected_data_B: 1000000, recv_data_B: 1000000
INFO:dale_experiment_rig:srcdst:(0, 1) Flow 22:: num of byteloads: 20, num srq events: 20, num rrq events: 1
DEBUG:dale_experiment_rig:Flow 22:: first_event_name: srq, final_event_name: rrq, expected_data_B: 1000000, recv_data_B: 1000000
INFO:dale_experiment_rig:srcdst:(0, 1) Flow 23:: num of byteloads: 20, num srq events: 20, num rrq events: 1
DEBUG:dale_experiment_rig:Flow 23:: first_event_name: srq, final_event_name: rrq, expected_data_B: 1000000, recv_data_B: 1000000
INFO:dale_experiment_rig:srcdst:(0, 1) Flow 24:: num of byteloads: 20, num srq events: 20, num rrq events: 1
DEBUG:dale_experiment_rig:Flow 24:: first_event_name: srq, final_event_name: rrq, expected_data_B: 1000000, recv_data_B: 1000000
INFO:dale_experiment_rig:srcdst:(0, 1) Flow 25:: num of byteloads: 20, num srq events: 20, num rrq events: 1
DEBUG:dale_experiment_rig:Flow 25:: first_event_name: srq, final_event_name: rrq, expected_data_B: 1000000, recv_data_B: 1000000
INFO:dale_experiment_rig:srcdst:(0, 1) Flow 26:: num of byteloads: 20, num srq events: 20, num rrq events: 1
DEBUG:dale_experiment_rig:Flow 26:: first_event_name: srq, final_event_name: rrq, expected_data_B: 1000000, recv_data_B: 1000000
INFO:dale_experiment_rig:srcdst:(0, 1) Flow 27:: num of byteloads: 20, num srq events: 20, num rrq events: 1
DEBUG:dale_experiment_rig:Flow 27:: first_event_name: srq, final_event_name: rrq, expected_data_B: 1000000, recv_data_B: 1000000
INFO:dale_experiment_rig:srcdst:(0, 1) Flow 28:: num of byteloads: 20, num srq events: 20, num rrq events: 1
DEBUG:dale_experiment_rig:Flow 28:: first_event_name: srq, final_event_name: rrq, expected_data_B: 1000000, recv_data_B: 1000000
INFO:dale_experiment_rig:srcdst:(0, 1) Flow 29:: num of byteloads: 20, num srq events: 20, num rrq events: 1
DEBUG:dale_experiment_rig:Flow 29:: first_event_name: srq, final_event_name: rrq, expected_data_B: 1000000, recv_data_B: 1000000
INFO:dale_experiment_rig:srcdst:(0, 1) Flow 30:: num of byteloads: 20, num srq events: 20, num rrq events: 1
DEBUG:dale_experiment_rig:Flow 30:: first_event_name: srq, final_event_name: rrq, expected_data_B: 1000000, recv_data_B: 1000000
INFO:dale_experiment_rig:srcdst:(0, 1) Flow 31:: num of byteloads: 20, num srq events: 20, num rrq events: 1
DEBUG:dale_experiment_rig:Flow 31:: first_event_name: srq, final_event_name: rrq, expected_data_B: 1000000, recv_data_B: 1000000
INFO:dale_experiment_rig:srcdst:(0, 1) Flow 32:: num of byteloads: 20, num srq events: 20, num rrq events: 1
DEBUG:dale_experiment_rig:Flow 32:: first_event_name: srq, final_event_name: rrq, expected_data_B: 1000000, recv_data_B: 1000000
INFO:dale_experiment_rig:srcdst:(0, 1) Flow 33:: num of byteloads: 20, num srq events: 20, num rrq events: 1
DEBUG:dale_experiment_rig:Flow 33:: first_event_name: srq, final_event_name: rrq, expected_data_B: 1000000, recv_data_B: 1000000
INFO:dale_experiment_rig:srcdst:(0, 1) Flow 34:: num of byteloads: 20, num srq events: 20, num rrq events: 1
DEBUG:dale_experiment_rig:Flow 34:: first_event_name: srq, final_event_name: rrq, expected_data_B: 1000000, recv_data_B: 1000000
INFO:dale_experiment_rig:srcdst:(0, 1) Flow 35:: num of byteloads: 20, num srq events: 20, num rrq events: 1
DEBUG:dale_experiment_rig:Flow 35:: first_event_name: srq, final_event_name: rrq, expected_data_B: 1000000, recv_data_B: 1000000
INFO:dale_experiment_rig:srcdst:(0, 1) Flow 36:: num of byteloads: 20, num srq events: 20, num rrq events: 1
DEBUG:dale_experiment_rig:Flow 36:: first_event_name: srq, final_event_name: rrq, expected_data_B: 1000000, recv_data_B: 1000000
INFO:dale_experiment_rig:srcdst:(0, 1) Flow 37:: num of byteloads: 20, num srq events: 20, num rrq events: 1
DEBUG:dale_experiment_rig:Flow 37:: first_event_name: srq, final_event_name: rrq, expected_data_B: 1000000, recv_data_B: 1000000
INFO:dale_experiment_rig:srcdst:(0, 1) Flow 38:: num of byteloads: 20, num srq events: 20, num rrq events: 1
DEBUG:dale_experiment_rig:Flow 38:: first_event_name: srq, final_event_name: rrq, expected_data_B: 1000000, recv_data_B: 1000000
INFO:dale_experiment_rig:srcdst:(0, 1) Flow 39:: num of byteloads: 20, num srq events: 20, num rrq events: 1
DEBUG:dale_experiment_rig:Flow 39:: first_event_name: srq, final_event_name: rrq, expected_data_B: 1000000, recv_data_B: 1000000
INFO:dale_experiment_rig:ExpressPass FCT (ms): [0.009648729000000245, 0.009732044000001494, 0.009669479000001147, 0.00970475100000101, 0.009693654000001217, 0.009710125000001568, 0.009729276000001619, 0.00972190900000136, 0.009663512000001262, 0.009602558000000982, 0.009707298000000364, 0.009699308000000073, 0.009721000000000757, 0.009601783000000808, 0.009682629000000276, 0.009745768000000155, 0.009684158000000664, 0.009658211000001415, 0.009668319000001091, 0.009686813000000072, 0.009627013000001128, 0.009735184000000174, 0.009758615000000859, 0.009663167000001138, 0.009706258000001355, 0.009743135000000791, 0.009613949000000233, 0.009643830999999992, 0.00968279300000141, 0.009697098000000182, 0.009700987000000438, 0.009710877000001616, 0.00976683500000064, 0.009691478000000586, 0.009677445000001228, 0.009661170000001107, 0.009663547000000605, 0.009707879000000474, 0.009670824000000522, 0.009681898000000189]
App Gdpt (overall): 33.64210526315453 Gbps
App Gdpt (per flow): [0.7999999999999198, 0.7999999999999198, 0.7999999999999198, 0.7999999999999198, 0.7999999999999198, 0.7999999999999198, 0.7999999999999198, 0.7999999999999198, 0.7999999999999198, 0.7999999999999198, 0.7999999999999198, 0.7999999999999198, 0.7999999999999198, 0.7999999999999198, 0.7999999999999198, 0.7999999999999198, 0.7999999999999198, 0.7999999999999198, 0.7999999999999198, 0.7999999999999198, 0.7999999999999198, 0.7999999999999198, 0.7999999999999198, 0.7999999999999198, 0.7999999999999198, 0.7999999999999198, 0.7999999999999198, 0.7999999999999198, 0.7999999999999198, 0.7999999999999198, 0.7999999999999198, 0.7999999999999198, 0.7999999999999198, 0.7999999999999198, 0.7999999999999198, 0.7999999999999198, 0.7999999999999198, 0.7999999999999198, 0.7999999999999198, 0.7999999999999198]
Network Gdpt (overall): 32.76394041672446
Network Gdpt (per flow): [0.8291247479331006, 0.8220266986050179, 0.8273455064123983, 0.8243385121369078, 0.8252821897706475, 0.823882287817995, 0.822260566973192, 0.8228836538172576, 0.8278563735419333, 0.8331113438730786, 0.8241222222702651, 0.8248011095224463, 0.8229606007611745, 0.8331785877684726, 0.8262218866384091, 0.8208691198066559, 0.8260914371698037, 0.8283107503034287, 0.8274447709057902, 0.825865018763131, 0.8309950344929484, 0.8217615609525056, 0.8197884638341912, 0.8278859301509597, 0.824210524797392, 0.8210909527579523, 0.8321242394774309, 0.8295458516433984, 0.8262078927019131, 0.8249890843631621, 0.8246583569279744, 0.8238184872487488, 0.8190985104181115, 0.8254674880342829, 0.8266644760057004, 0.8280570572714365, 0.8278533751633329, 0.824072899960909, 0.8272304407566066, 0.8262842678160671]
INFO:dale_experiment_rig:=====
** Num Flows: 40, Target Flow Rate (Gbps): 0.7999999999999999, ssird_sim_dur (s): 0.05, dctcp_sim_dur (s): 0.05
INFO:dale_experiment_rig:Processing SIRD results exp_id 5:: 40flo-0.7999999999999999Gbps_target
INFO:dale_experiment_rig:Processing results from /home/dh1723/SIRD-Simulator/scripts/r2p2/coord/results/SSIRD-FE_1rtt_delay__500Bto100KB_0pt8GbpsFlo_5usRTT_allproto__40flo-1Gbps-100000B-1000000ns-2025-08-21T_10-55-28Z/data/SSIRD/60/applications_trace.str
INFO:dale_experiment_rig:srcdst:(0, 1) Flow 0:: num of byteloads: 10, num srq events: 10, num rrq events: 10
DEBUG:dale_experiment_rig:Flow 0:: first_event_name: srq, final_event_name: rrq, expected_data_B: 1000000, recv_data_B: 1000000
INFO:dale_experiment_rig:srcdst:(0, 1) Flow 1:: num of byteloads: 10, num srq events: 10, num rrq events: 10
DEBUG:dale_experiment_rig:Flow 1:: first_event_name: srq, final_event_name: rrq, expected_data_B: 1000000, recv_data_B: 1000000
INFO:dale_experiment_rig:srcdst:(0, 1) Flow 2:: num of byteloads: 10, num srq events: 10, num rrq events: 10
DEBUG:dale_experiment_rig:Flow 2:: first_event_name: srq, final_event_name: rrq, expected_data_B: 1000000, recv_data_B: 1000000
INFO:dale_experiment_rig:srcdst:(0, 1) Flow 3:: num of byteloads: 10, num srq events: 10, num rrq events: 10
DEBUG:dale_experiment_rig:Flow 3:: first_event_name: srq, final_event_name: rrq, expected_data_B: 1000000, recv_data_B: 1000000
INFO:dale_experiment_rig:srcdst:(0, 1) Flow 4:: num of byteloads: 10, num srq events: 10, num rrq events: 10
DEBUG:dale_experiment_rig:Flow 4:: first_event_name: srq, final_event_name: rrq, expected_data_B: 1000000, recv_data_B: 1000000
INFO:dale_experiment_rig:srcdst:(0, 1) Flow 5:: num of byteloads: 10, num srq events: 10, num rrq events: 10
DEBUG:dale_experiment_rig:Flow 5:: first_event_name: srq, final_event_name: rrq, expected_data_B: 1000000, recv_data_B: 1000000
INFO:dale_experiment_rig:srcdst:(0, 1) Flow 6:: num of byteloads: 10, num srq events: 10, num rrq events: 10
DEBUG:dale_experiment_rig:Flow 6:: first_event_name: srq, final_event_name: rrq, expected_data_B: 1000000, recv_data_B: 1000000
INFO:dale_experiment_rig:srcdst:(0, 1) Flow 7:: num of byteloads: 10, num srq events: 10, num rrq events: 10
DEBUG:dale_experiment_rig:Flow 7:: first_event_name: srq, final_event_name: rrq, expected_data_B: 1000000, recv_data_B: 1000000
INFO:dale_experiment_rig:srcdst:(0, 1) Flow 8:: num of byteloads: 10, num srq events: 10, num rrq events: 10
DEBUG:dale_experiment_rig:Flow 8:: first_event_name: srq, final_event_name: rrq, expected_data_B: 1000000, recv_data_B: 1000000
INFO:dale_experiment_rig:srcdst:(0, 1) Flow 9:: num of byteloads: 10, num srq events: 10, num rrq events: 10
DEBUG:dale_experiment_rig:Flow 9:: first_event_name: srq, final_event_name: rrq, expected_data_B: 1000000, recv_data_B: 1000000
INFO:dale_experiment_rig:srcdst:(0, 1) Flow 10:: num of byteloads: 10, num srq events: 10, num rrq events: 10
DEBUG:dale_experiment_rig:Flow 10:: first_event_name: srq, final_event_name: rrq, expected_data_B: 1000000, recv_data_B: 1000000
INFO:dale_experiment_rig:srcdst:(0, 1) Flow 11:: num of byteloads: 10, num srq events: 10, num rrq events: 10
DEBUG:dale_experiment_rig:Flow 11:: first_event_name: srq, final_event_name: rrq, expected_data_B: 1000000, recv_data_B: 1000000
INFO:dale_experiment_rig:srcdst:(0, 1) Flow 12:: num of byteloads: 10, num srq events: 10, num rrq events: 10
DEBUG:dale_experiment_rig:Flow 12:: first_event_name: srq, final_event_name: rrq, expected_data_B: 1000000, recv_data_B: 1000000
INFO:dale_experiment_rig:srcdst:(0, 1) Flow 13:: num of byteloads: 10, num srq events: 10, num rrq events: 10
DEBUG:dale_experiment_rig:Flow 13:: first_event_name: srq, final_event_name: rrq, expected_data_B: 1000000, recv_data_B: 1000000
INFO:dale_experiment_rig:srcdst:(0, 1) Flow 14:: num of byteloads: 10, num srq events: 10, num rrq events: 10
DEBUG:dale_experiment_rig:Flow 14:: first_event_name: srq, final_event_name: rrq, expected_data_B: 1000000, recv_data_B: 1000000
INFO:dale_experiment_rig:srcdst:(0, 1) Flow 15:: num of byteloads: 10, num srq events: 10, num rrq events: 10
DEBUG:dale_experiment_rig:Flow 15:: first_event_name: srq, final_event_name: rrq, expected_data_B: 1000000, recv_data_B: 1000000
INFO:dale_experiment_rig:srcdst:(0, 1) Flow 16:: num of byteloads: 10, num srq events: 10, num rrq events: 10
DEBUG:dale_experiment_rig:Flow 16:: first_event_name: srq, final_event_name: rrq, expected_data_B: 1000000, recv_data_B: 1000000
INFO:dale_experiment_rig:srcdst:(0, 1) Flow 17:: num of byteloads: 10, num srq events: 10, num rrq events: 10
DEBUG:dale_experiment_rig:Flow 17:: first_event_name: srq, final_event_name: rrq, expected_data_B: 1000000, recv_data_B: 1000000
INFO:dale_experiment_rig:srcdst:(0, 1) Flow 18:: num of byteloads: 10, num srq events: 10, num rrq events: 10
DEBUG:dale_experiment_rig:Flow 18:: first_event_name: srq, final_event_name: rrq, expected_data_B: 1000000, recv_data_B: 1000000
INFO:dale_experiment_rig:srcdst:(0, 1) Flow 19:: num of byteloads: 10, num srq events: 10, num rrq events: 10
DEBUG:dale_experiment_rig:Flow 19:: first_event_name: srq, final_event_name: rrq, expected_data_B: 1000000, recv_data_B: 1000000
INFO:dale_experiment_rig:srcdst:(0, 1) Flow 20:: num of byteloads: 10, num srq events: 10, num rrq events: 10
DEBUG:dale_experiment_rig:Flow 20:: first_event_name: srq, final_event_name: rrq, expected_data_B: 1000000, recv_data_B: 1000000
INFO:dale_experiment_rig:srcdst:(0, 1) Flow 21:: num of byteloads: 10, num srq events: 10, num rrq events: 10
DEBUG:dale_experiment_rig:Flow 21:: first_event_name: srq, final_event_name: rrq, expected_data_B: 1000000, recv_data_B: 1000000
INFO:dale_experiment_rig:srcdst:(0, 1) Flow 22:: num of byteloads: 10, num srq events: 10, num rrq events: 10
DEBUG:dale_experiment_rig:Flow 22:: first_event_name: srq, final_event_name: rrq, expected_data_B: 1000000, recv_data_B: 1000000
INFO:dale_experiment_rig:srcdst:(0, 1) Flow 23:: num of byteloads: 10, num srq events: 10, num rrq events: 10
DEBUG:dale_experiment_rig:Flow 23:: first_event_name: srq, final_event_name: rrq, expected_data_B: 1000000, recv_data_B: 1000000
INFO:dale_experiment_rig:srcdst:(0, 1) Flow 24:: num of byteloads: 10, num srq events: 10, num rrq events: 10
DEBUG:dale_experiment_rig:Flow 24:: first_event_name: srq, final_event_name: rrq, expected_data_B: 1000000, recv_data_B: 1000000
INFO:dale_experiment_rig:srcdst:(0, 1) Flow 25:: num of byteloads: 10, num srq events: 10, num rrq events: 10
DEBUG:dale_experiment_rig:Flow 25:: first_event_name: srq, final_event_name: rrq, expected_data_B: 1000000, recv_data_B: 1000000
INFO:dale_experiment_rig:srcdst:(0, 1) Flow 26:: num of byteloads: 10, num srq events: 10, num rrq events: 10
DEBUG:dale_experiment_rig:Flow 26:: first_event_name: srq, final_event_name: rrq, expected_data_B: 1000000, recv_data_B: 1000000
INFO:dale_experiment_rig:srcdst:(0, 1) Flow 27:: num of byteloads: 10, num srq events: 10, num rrq events: 10
DEBUG:dale_experiment_rig:Flow 27:: first_event_name: srq, final_event_name: rrq, expected_data_B: 1000000, recv_data_B: 1000000
INFO:dale_experiment_rig:srcdst:(0, 1) Flow 28:: num of byteloads: 10, num srq events: 10, num rrq events: 10
DEBUG:dale_experiment_rig:Flow 28:: first_event_name: srq, final_event_name: rrq, expected_data_B: 1000000, recv_data_B: 1000000
INFO:dale_experiment_rig:srcdst:(0, 1) Flow 29:: num of byteloads: 10, num srq events: 10, num rrq events: 10
DEBUG:dale_experiment_rig:Flow 29:: first_event_name: srq, final_event_name: rrq, expected_data_B: 1000000, recv_data_B: 1000000
INFO:dale_experiment_rig:srcdst:(0, 1) Flow 30:: num of byteloads: 10, num srq events: 10, num rrq events: 10
DEBUG:dale_experiment_rig:Flow 30:: first_event_name: srq, final_event_name: rrq, expected_data_B: 1000000, recv_data_B: 1000000
INFO:dale_experiment_rig:srcdst:(0, 1) Flow 31:: num of byteloads: 10, num srq events: 10, num rrq events: 10
DEBUG:dale_experiment_rig:Flow 31:: first_event_name: srq, final_event_name: rrq, expected_data_B: 1000000, recv_data_B: 1000000
INFO:dale_experiment_rig:srcdst:(0, 1) Flow 32:: num of byteloads: 10, num srq events: 10, num rrq events: 10
DEBUG:dale_experiment_rig:Flow 32:: first_event_name: srq, final_event_name: rrq, expected_data_B: 1000000, recv_data_B: 1000000
INFO:dale_experiment_rig:srcdst:(0, 1) Flow 33:: num of byteloads: 10, num srq events: 10, num rrq events: 10
DEBUG:dale_experiment_rig:Flow 33:: first_event_name: srq, final_event_name: rrq, expected_data_B: 1000000, recv_data_B: 1000000
INFO:dale_experiment_rig:srcdst:(0, 1) Flow 34:: num of byteloads: 10, num srq events: 10, num rrq events: 10
DEBUG:dale_experiment_rig:Flow 34:: first_event_name: srq, final_event_name: rrq, expected_data_B: 1000000, recv_data_B: 1000000
INFO:dale_experiment_rig:srcdst:(0, 1) Flow 35:: num of byteloads: 10, num srq events: 10, num rrq events: 10
DEBUG:dale_experiment_rig:Flow 35:: first_event_name: srq, final_event_name: rrq, expected_data_B: 1000000, recv_data_B: 1000000
INFO:dale_experiment_rig:srcdst:(0, 1) Flow 36:: num of byteloads: 10, num srq events: 10, num rrq events: 10
DEBUG:dale_experiment_rig:Flow 36:: first_event_name: srq, final_event_name: rrq, expected_data_B: 1000000, recv_data_B: 1000000
INFO:dale_experiment_rig:srcdst:(0, 1) Flow 37:: num of byteloads: 10, num srq events: 10, num rrq events: 10
DEBUG:dale_experiment_rig:Flow 37:: first_event_name: srq, final_event_name: rrq, expected_data_B: 1000000, recv_data_B: 1000000
INFO:dale_experiment_rig:srcdst:(0, 1) Flow 38:: num of byteloads: 10, num srq events: 10, num rrq events: 10
DEBUG:dale_experiment_rig:Flow 38:: first_event_name: srq, final_event_name: rrq, expected_data_B: 1000000, recv_data_B: 1000000
INFO:dale_experiment_rig:srcdst:(0, 1) Flow 39:: num of byteloads: 10, num srq events: 10, num rrq events: 10
DEBUG:dale_experiment_rig:Flow 39:: first_event_name: srq, final_event_name: rrq, expected_data_B: 1000000, recv_data_B: 1000000
INFO:dale_experiment_rig:SSIRD FCT (ms): [0.009201853000000426, 0.009176528000001127, 0.009277828000000099, 0.009303152000001091, 0.009311594000001477, 0.009075229000000462, 0.00913432000000114, 0.009210295000000812, 0.009108996000000147, 0.009066788000000159, 0.009286269000000402, 0.009016105000000607, 0.00905834600000155, 0.009320036000000087, 0.009184970000001513, 0.0092525030000008, 0.009218736000001115, 0.009083671000000848, 0.009336919000000776, 0.009100554000001537, 0.009244061000000414, 0.00932847700000039, 0.009142762000001525, 0.009151204000000135, 0.009049904000001163, 0.009193412000000123, 0.009033021000000474, 0.00926938600000149, 0.009260944000001103, 0.009159645000000438, 0.00934536000000108, 0.009227178000001501, 0.009092112000001151, 0.009168087000000824, 0.009235620000000111, 0.00902458000000017, 0.009125879000000836, 0.00911743700000045, 0.00904146300000086, 0.009294711000000788]
App Gdpt (overall): 35.466666666665326 Gbps
App Gdpt (per flow): [0.7999999999999697, 0.7999999999999697, 0.7999999999999697, 0.7999999999999697, 0.7999999999999697, 0.7999999999999697, 0.7999999999999697, 0.7999999999999697, 0.7999999999999697, 0.7999999999999697, 0.7999999999999697, 0.7999999999999697, 0.7999999999999697, 0.7999999999999697, 0.7999999999999697, 0.7999999999999697, 0.7999999999999697, 0.7999999999999697, 0.7999999999999697, 0.7999999999999697, 0.7999999999999697, 0.7999999999999697, 0.7999999999999697, 0.7999999999999697, 0.7999999999999697, 0.7999999999999697, 0.7999999999999697, 0.7999999999999697, 0.7999999999999697, 0.7999999999999697, 0.7999999999999697, 0.7999999999999697, 0.7999999999999697, 0.7999999999999697, 0.7999999999999697, 0.7999999999999697, 0.7999999999999697, 0.7999999999999697, 0.7999999999999697, 0.7999999999999697]
Network Gdpt (overall): 34.241591549171254
Network Gdpt (per flow): [0.8693901108830612, 0.8717894175225115, 0.8622707814803114, 0.8599236043868854, 0.8591439875921063, 0.8815204552964551, 0.8758177948658469, 0.868593242670218, 0.8782526636305331, 0.8823411333759937, 0.8614869976305505, 0.8873011128419048, 0.8831634384465588, 0.8583657831364521, 0.8709881469399119, 0.8646309004168179, 0.8677979280455621, 0.8807012054927191, 0.8568136876842709, 0.879067362272522, 0.8654205116127687, 0.857589079117595, 0.8750091055633589, 0.8742019082953328, 0.8839872776549864, 0.8701883479169532, 0.8856394776453614, 0.8630560859153686, 0.8638428220707357, 0.8733962942886562, 0.8560397887292813, 0.8670039745628294, 0.8798835738054027, 0.8725920685524997, 0.8662114725378377, 0.8864678467030986, 0.8766278842837242, 0.8774395699141772, 0.8848125574366936, 0.860704544767376]
INFO:dale_experiment_rig:Processing DCTCP results exp_id 5:: 40flo-0.7999999999999999Gbps_target
INFO:dale_experiment_rig:Processing results from /home/dh1723/SIRD-Simulator/scripts/r2p2/coord/results/DCTCP-50-FE_1rtt_delay__500Bto100KB_0pt8GbpsFlo_5usRTT_allproto__40flo-1Gbps-100000B-1000000ns-2025-08-21T_10-55-28Z/data/DCTCP-50/60/applications_trace.str
INFO:dale_experiment_rig:srcdst:(0, 1) Flow 0:: num of byteloads: 10, num srq events: 10, num rrq events: 1
DEBUG:dale_experiment_rig:Flow 0:: first_event_name: srq, final_event_name: rrq, expected_data_B: 1000000, recv_data_B: 1000000
INFO:dale_experiment_rig:srcdst:(0, 1) Flow 1:: num of byteloads: 10, num srq events: 10, num rrq events: 1
DEBUG:dale_experiment_rig:Flow 1:: first_event_name: srq, final_event_name: rrq, expected_data_B: 1000000, recv_data_B: 1000000
INFO:dale_experiment_rig:srcdst:(0, 1) Flow 2:: num of byteloads: 10, num srq events: 10, num rrq events: 1
DEBUG:dale_experiment_rig:Flow 2:: first_event_name: srq, final_event_name: rrq, expected_data_B: 1000000, recv_data_B: 1000000
INFO:dale_experiment_rig:srcdst:(0, 1) Flow 3:: num of byteloads: 10, num srq events: 10, num rrq events: 1
DEBUG:dale_experiment_rig:Flow 3:: first_event_name: srq, final_event_name: rrq, expected_data_B: 1000000, recv_data_B: 1000000
INFO:dale_experiment_rig:srcdst:(0, 1) Flow 4:: num of byteloads: 10, num srq events: 10, num rrq events: 1
DEBUG:dale_experiment_rig:Flow 4:: first_event_name: srq, final_event_name: rrq, expected_data_B: 1000000, recv_data_B: 1000000
INFO:dale_experiment_rig:srcdst:(0, 1) Flow 5:: num of byteloads: 10, num srq events: 10, num rrq events: 1
DEBUG:dale_experiment_rig:Flow 5:: first_event_name: srq, final_event_name: rrq, expected_data_B: 1000000, recv_data_B: 1000000
INFO:dale_experiment_rig:srcdst:(0, 1) Flow 6:: num of byteloads: 10, num srq events: 10, num rrq events: 1
DEBUG:dale_experiment_rig:Flow 6:: first_event_name: srq, final_event_name: rrq, expected_data_B: 1000000, recv_data_B: 1000000
INFO:dale_experiment_rig:srcdst:(0, 1) Flow 7:: num of byteloads: 10, num srq events: 10, num rrq events: 1
DEBUG:dale_experiment_rig:Flow 7:: first_event_name: srq, final_event_name: rrq, expected_data_B: 1000000, recv_data_B: 1000000
INFO:dale_experiment_rig:srcdst:(0, 1) Flow 8:: num of byteloads: 10, num srq events: 10, num rrq events: 1
DEBUG:dale_experiment_rig:Flow 8:: first_event_name: srq, final_event_name: rrq, expected_data_B: 1000000, recv_data_B: 1000000
INFO:dale_experiment_rig:srcdst:(0, 1) Flow 9:: num of byteloads: 10, num srq events: 10, num rrq events: 1
DEBUG:dale_experiment_rig:Flow 9:: first_event_name: srq, final_event_name: rrq, expected_data_B: 1000000, recv_data_B: 1000000
INFO:dale_experiment_rig:srcdst:(0, 1) Flow 10:: num of byteloads: 10, num srq events: 10, num rrq events: 1
DEBUG:dale_experiment_rig:Flow 10:: first_event_name: srq, final_event_name: rrq, expected_data_B: 1000000, recv_data_B: 1000000
INFO:dale_experiment_rig:srcdst:(0, 1) Flow 11:: num of byteloads: 10, num srq events: 10, num rrq events: 1
DEBUG:dale_experiment_rig:Flow 11:: first_event_name: srq, final_event_name: rrq, expected_data_B: 1000000, recv_data_B: 1000000
INFO:dale_experiment_rig:srcdst:(0, 1) Flow 12:: num of byteloads: 10, num srq events: 10, num rrq events: 1
DEBUG:dale_experiment_rig:Flow 12:: first_event_name: srq, final_event_name: rrq, expected_data_B: 1000000, recv_data_B: 1000000
INFO:dale_experiment_rig:srcdst:(0, 1) Flow 13:: num of byteloads: 10, num srq events: 10, num rrq events: 1
DEBUG:dale_experiment_rig:Flow 13:: first_event_name: srq, final_event_name: rrq, expected_data_B: 1000000, recv_data_B: 1000000
INFO:dale_experiment_rig:srcdst:(0, 1) Flow 14:: num of byteloads: 10, num srq events: 10, num rrq events: 1
DEBUG:dale_experiment_rig:Flow 14:: first_event_name: srq, final_event_name: rrq, expected_data_B: 1000000, recv_data_B: 1000000
INFO:dale_experiment_rig:srcdst:(0, 1) Flow 15:: num of byteloads: 10, num srq events: 10, num rrq events: 1
DEBUG:dale_experiment_rig:Flow 15:: first_event_name: srq, final_event_name: rrq, expected_data_B: 1000000, recv_data_B: 1000000
INFO:dale_experiment_rig:srcdst:(0, 1) Flow 16:: num of byteloads: 10, num srq events: 10, num rrq events: 1
DEBUG:dale_experiment_rig:Flow 16:: first_event_name: srq, final_event_name: rrq, expected_data_B: 1000000, recv_data_B: 1000000
INFO:dale_experiment_rig:srcdst:(0, 1) Flow 17:: num of byteloads: 10, num srq events: 10, num rrq events: 1
DEBUG:dale_experiment_rig:Flow 17:: first_event_name: srq, final_event_name: rrq, expected_data_B: 1000000, recv_data_B: 1000000
INFO:dale_experiment_rig:srcdst:(0, 1) Flow 18:: num of byteloads: 10, num srq events: 10, num rrq events: 1
DEBUG:dale_experiment_rig:Flow 18:: first_event_name: srq, final_event_name: rrq, expected_data_B: 1000000, recv_data_B: 1000000
INFO:dale_experiment_rig:srcdst:(0, 1) Flow 19:: num of byteloads: 10, num srq events: 10, num rrq events: 1
DEBUG:dale_experiment_rig:Flow 19:: first_event_name: srq, final_event_name: rrq, expected_data_B: 1000000, recv_data_B: 1000000
INFO:dale_experiment_rig:srcdst:(0, 1) Flow 20:: num of byteloads: 10, num srq events: 10, num rrq events: 1
DEBUG:dale_experiment_rig:Flow 20:: first_event_name: srq, final_event_name: rrq, expected_data_B: 1000000, recv_data_B: 1000000
INFO:dale_experiment_rig:srcdst:(0, 1) Flow 21:: num of byteloads: 10, num srq events: 10, num rrq events: 1
DEBUG:dale_experiment_rig:Flow 21:: first_event_name: srq, final_event_name: rrq, expected_data_B: 1000000, recv_data_B: 1000000
INFO:dale_experiment_rig:srcdst:(0, 1) Flow 22:: num of byteloads: 10, num srq events: 10, num rrq events: 1
DEBUG:dale_experiment_rig:Flow 22:: first_event_name: srq, final_event_name: rrq, expected_data_B: 1000000, recv_data_B: 1000000
INFO:dale_experiment_rig:srcdst:(0, 1) Flow 23:: num of byteloads: 10, num srq events: 10, num rrq events: 1
DEBUG:dale_experiment_rig:Flow 23:: first_event_name: srq, final_event_name: rrq, expected_data_B: 1000000, recv_data_B: 1000000
INFO:dale_experiment_rig:srcdst:(0, 1) Flow 24:: num of byteloads: 10, num srq events: 10, num rrq events: 1
DEBUG:dale_experiment_rig:Flow 24:: first_event_name: srq, final_event_name: rrq, expected_data_B: 1000000, recv_data_B: 1000000
INFO:dale_experiment_rig:srcdst:(0, 1) Flow 25:: num of byteloads: 10, num srq events: 10, num rrq events: 1
DEBUG:dale_experiment_rig:Flow 25:: first_event_name: srq, final_event_name: rrq, expected_data_B: 1000000, recv_data_B: 1000000
INFO:dale_experiment_rig:srcdst:(0, 1) Flow 26:: num of byteloads: 10, num srq events: 10, num rrq events: 1
DEBUG:dale_experiment_rig:Flow 26:: first_event_name: srq, final_event_name: rrq, expected_data_B: 1000000, recv_data_B: 1000000
INFO:dale_experiment_rig:srcdst:(0, 1) Flow 27:: num of byteloads: 10, num srq events: 10, num rrq events: 1
DEBUG:dale_experiment_rig:Flow 27:: first_event_name: srq, final_event_name: rrq, expected_data_B: 1000000, recv_data_B: 1000000
INFO:dale_experiment_rig:srcdst:(0, 1) Flow 28:: num of byteloads: 10, num srq events: 10, num rrq events: 1
DEBUG:dale_experiment_rig:Flow 28:: first_event_name: srq, final_event_name: rrq, expected_data_B: 1000000, recv_data_B: 1000000
INFO:dale_experiment_rig:srcdst:(0, 1) Flow 29:: num of byteloads: 10, num srq events: 10, num rrq events: 1
DEBUG:dale_experiment_rig:Flow 29:: first_event_name: srq, final_event_name: rrq, expected_data_B: 1000000, recv_data_B: 1000000
INFO:dale_experiment_rig:srcdst:(0, 1) Flow 30:: num of byteloads: 10, num srq events: 10, num rrq events: 1
DEBUG:dale_experiment_rig:Flow 30:: first_event_name: srq, final_event_name: rrq, expected_data_B: 1000000, recv_data_B: 1000000
INFO:dale_experiment_rig:srcdst:(0, 1) Flow 31:: num of byteloads: 10, num srq events: 10, num rrq events: 1
DEBUG:dale_experiment_rig:Flow 31:: first_event_name: srq, final_event_name: rrq, expected_data_B: 1000000, recv_data_B: 1000000
INFO:dale_experiment_rig:srcdst:(0, 1) Flow 32:: num of byteloads: 10, num srq events: 10, num rrq events: 1
DEBUG:dale_experiment_rig:Flow 32:: first_event_name: srq, final_event_name: rrq, expected_data_B: 1000000, recv_data_B: 1000000
INFO:dale_experiment_rig:srcdst:(0, 1) Flow 33:: num of byteloads: 10, num srq events: 10, num rrq events: 1
DEBUG:dale_experiment_rig:Flow 33:: first_event_name: srq, final_event_name: rrq, expected_data_B: 1000000, recv_data_B: 1000000
INFO:dale_experiment_rig:srcdst:(0, 1) Flow 34:: num of byteloads: 10, num srq events: 10, num rrq events: 1
DEBUG:dale_experiment_rig:Flow 34:: first_event_name: srq, final_event_name: rrq, expected_data_B: 1000000, recv_data_B: 1000000
INFO:dale_experiment_rig:srcdst:(0, 1) Flow 35:: num of byteloads: 10, num srq events: 10, num rrq events: 1
DEBUG:dale_experiment_rig:Flow 35:: first_event_name: srq, final_event_name: rrq, expected_data_B: 1000000, recv_data_B: 1000000
INFO:dale_experiment_rig:srcdst:(0, 1) Flow 36:: num of byteloads: 10, num srq events: 10, num rrq events: 1
DEBUG:dale_experiment_rig:Flow 36:: first_event_name: srq, final_event_name: rrq, expected_data_B: 1000000, recv_data_B: 1000000
INFO:dale_experiment_rig:srcdst:(0, 1) Flow 37:: num of byteloads: 10, num srq events: 10, num rrq events: 1
DEBUG:dale_experiment_rig:Flow 37:: first_event_name: srq, final_event_name: rrq, expected_data_B: 1000000, recv_data_B: 1000000
INFO:dale_experiment_rig:srcdst:(0, 1) Flow 38:: num of byteloads: 10, num srq events: 10, num rrq events: 1
DEBUG:dale_experiment_rig:Flow 38:: first_event_name: srq, final_event_name: rrq, expected_data_B: 1000000, recv_data_B: 1000000
INFO:dale_experiment_rig:srcdst:(0, 1) Flow 39:: num of byteloads: 10, num srq events: 10, num rrq events: 1
DEBUG:dale_experiment_rig:Flow 39:: first_event_name: srq, final_event_name: rrq, expected_data_B: 1000000, recv_data_B: 1000000
INFO:dale_experiment_rig:DCTCP-50 FCT (ms): [0.009327759000001379, 0.0093280680000003, 0.00932837800000108, 0.009328688000000085, 0.009328998000000865, 0.00932930799999987, 0.00932961800000065, 0.00932992800000143, 0.009330238000000435, 0.009330548000001215, 0.00933085800000022, 0.009331168000001, 0.009331478000000004, 0.009331788000000785, 0.009332097000001482, 0.009332407000000487, 0.009332717000001267, 0.009333027000000271, 0.009333337000001052, 0.009333647000000056, 0.009333957000000837, 0.009334267000001617, 0.009334577000000621, 0.009334887000001402, 0.009335197000000406, 0.009335507000001186, 0.009335940000001486, 0.009336371999999926, 0.009336805000000226, 0.009337238000000525, 0.009337671000000825, 0.009338104000001124, 0.009338537000001423, 0.009338969999999946, 0.009339403000000246, 0.009339836000000545, 0.009340269000000845, 0.009340579000001625, 0.00934088900000063, 0.00934119900000141]
App Gdpt (overall): 35.466666666665326 Gbps
App Gdpt (per flow): [0.7999999999999697, 0.7999999999999697, 0.7999999999999697, 0.7999999999999697, 0.7999999999999697, 0.7999999999999697, 0.7999999999999697, 0.7999999999999697, 0.7999999999999697, 0.7999999999999697, 0.7999999999999697, 0.7999999999999697, 0.7999999999999697, 0.7999999999999697, 0.7999999999999697, 0.7999999999999697, 0.7999999999999697, 0.7999999999999697, 0.7999999999999697, 0.7999999999999697, 0.7999999999999697, 0.7999999999999697, 0.7999999999999697, 0.7999999999999697, 0.7999999999999697, 0.7999999999999697, 0.7999999999999697, 0.7999999999999697, 0.7999999999999697, 0.7999999999999697, 0.7999999999999697, 0.7999999999999697, 0.7999999999999697, 0.7999999999999697, 0.7999999999999697, 0.7999999999999697, 0.7999999999999697, 0.7999999999999697, 0.7999999999999697, 0.7999999999999697]
Network Gdpt (overall): 34.256844330149875
Network Gdpt (per flow): [0.8576550916462162, 0.8576266811090724, 0.8575981805196009, 0.8575696818244889, 0.857541185023221, 0.8575126901159349, 0.8574841971021153, 0.8574557059817368, 0.857427216754774, 0.8573987294207112, 0.8573702439796868, 0.8573417604311854, 0.8573132787753448, 0.85728479901165, 0.8572564130011433, 0.8572279370155613, 0.8571994629215602, 0.8571709907192777, 0.857142520408199, 0.857114051988462, 0.8570855854595519, 0.8570571208214437, 0.8570286580741118, 0.8570001972170418, 0.8569717382503714, 0.8569432811735864, 0.8569035362265318, 0.8568638867431658, 0.8568241491602113, 0.8567844152627951, 0.8567446850504044, 0.8567049585225264, 0.8566652356786487, 0.8566255165184218, 0.8565858010410077, 0.8565460892460567, 0.8565063811330569, 0.8564779549531788, 0.8564495306602468, 0.856421108253747]
INFO:dale_experiment_rig:Processing ExpressPass results exp_id 5:: 40flo-0.7999999999999999Gbps_target
INFO:dale_experiment_rig:Processing results from /home/dh1723/SIRD-Simulator/scripts/r2p2/coord/results/ExpressPass-FE_1rtt_delay__500Bto100KB_0pt8GbpsFlo_5usRTT_allproto__40flo-1Gbps-100000B-1000000ns-2025-08-21T_10-55-28Z/data/ExpressPass/60/applications_trace.str
INFO:dale_experiment_rig:srcdst:(0, 1) Flow 0:: num of byteloads: 10, num srq events: 10, num rrq events: 1
DEBUG:dale_experiment_rig:Flow 0:: first_event_name: srq, final_event_name: rrq, expected_data_B: 1000000, recv_data_B: 1000000
INFO:dale_experiment_rig:srcdst:(0, 1) Flow 1:: num of byteloads: 10, num srq events: 10, num rrq events: 1
DEBUG:dale_experiment_rig:Flow 1:: first_event_name: srq, final_event_name: rrq, expected_data_B: 1000000, recv_data_B: 1000000
INFO:dale_experiment_rig:srcdst:(0, 1) Flow 2:: num of byteloads: 10, num srq events: 10, num rrq events: 1
DEBUG:dale_experiment_rig:Flow 2:: first_event_name: srq, final_event_name: rrq, expected_data_B: 1000000, recv_data_B: 1000000
INFO:dale_experiment_rig:srcdst:(0, 1) Flow 3:: num of byteloads: 10, num srq events: 10, num rrq events: 1
DEBUG:dale_experiment_rig:Flow 3:: first_event_name: srq, final_event_name: rrq, expected_data_B: 1000000, recv_data_B: 1000000
INFO:dale_experiment_rig:srcdst:(0, 1) Flow 4:: num of byteloads: 10, num srq events: 10, num rrq events: 1
DEBUG:dale_experiment_rig:Flow 4:: first_event_name: srq, final_event_name: rrq, expected_data_B: 1000000, recv_data_B: 1000000
INFO:dale_experiment_rig:srcdst:(0, 1) Flow 5:: num of byteloads: 10, num srq events: 10, num rrq events: 1
DEBUG:dale_experiment_rig:Flow 5:: first_event_name: srq, final_event_name: rrq, expected_data_B: 1000000, recv_data_B: 1000000
INFO:dale_experiment_rig:srcdst:(0, 1) Flow 6:: num of byteloads: 10, num srq events: 10, num rrq events: 1
DEBUG:dale_experiment_rig:Flow 6:: first_event_name: srq, final_event_name: rrq, expected_data_B: 1000000, recv_data_B: 1000000
INFO:dale_experiment_rig:srcdst:(0, 1) Flow 7:: num of byteloads: 10, num srq events: 10, num rrq events: 1
DEBUG:dale_experiment_rig:Flow 7:: first_event_name: srq, final_event_name: rrq, expected_data_B: 1000000, recv_data_B: 1000000
INFO:dale_experiment_rig:srcdst:(0, 1) Flow 8:: num of byteloads: 10, num srq events: 10, num rrq events: 1
DEBUG:dale_experiment_rig:Flow 8:: first_event_name: srq, final_event_name: rrq, expected_data_B: 1000000, recv_data_B: 1000000
INFO:dale_experiment_rig:srcdst:(0, 1) Flow 9:: num of byteloads: 10, num srq events: 10, num rrq events: 1
DEBUG:dale_experiment_rig:Flow 9:: first_event_name: srq, final_event_name: rrq, expected_data_B: 1000000, recv_data_B: 1000000
INFO:dale_experiment_rig:srcdst:(0, 1) Flow 10:: num of byteloads: 10, num srq events: 10, num rrq events: 1
DEBUG:dale_experiment_rig:Flow 10:: first_event_name: srq, final_event_name: rrq, expected_data_B: 1000000, recv_data_B: 1000000
INFO:dale_experiment_rig:srcdst:(0, 1) Flow 11:: num of byteloads: 10, num srq events: 10, num rrq events: 1
DEBUG:dale_experiment_rig:Flow 11:: first_event_name: srq, final_event_name: rrq, expected_data_B: 1000000, recv_data_B: 1000000
INFO:dale_experiment_rig:srcdst:(0, 1) Flow 12:: num of byteloads: 10, num srq events: 10, num rrq events: 1
DEBUG:dale_experiment_rig:Flow 12:: first_event_name: srq, final_event_name: rrq, expected_data_B: 1000000, recv_data_B: 1000000
INFO:dale_experiment_rig:srcdst:(0, 1) Flow 13:: num of byteloads: 10, num srq events: 10, num rrq events: 1
DEBUG:dale_experiment_rig:Flow 13:: first_event_name: srq, final_event_name: rrq, expected_data_B: 1000000, recv_data_B: 1000000
INFO:dale_experiment_rig:srcdst:(0, 1) Flow 14:: num of byteloads: 10, num srq events: 10, num rrq events: 1
DEBUG:dale_experiment_rig:Flow 14:: first_event_name: srq, final_event_name: rrq, expected_data_B: 1000000, recv_data_B: 1000000
INFO:dale_experiment_rig:srcdst:(0, 1) Flow 15:: num of byteloads: 10, num srq events: 10, num rrq events: 1
DEBUG:dale_experiment_rig:Flow 15:: first_event_name: srq, final_event_name: rrq, expected_data_B: 1000000, recv_data_B: 1000000
INFO:dale_experiment_rig:srcdst:(0, 1) Flow 16:: num of byteloads: 10, num srq events: 10, num rrq events: 1
DEBUG:dale_experiment_rig:Flow 16:: first_event_name: srq, final_event_name: rrq, expected_data_B: 1000000, recv_data_B: 1000000
INFO:dale_experiment_rig:srcdst:(0, 1) Flow 17:: num of byteloads: 10, num srq events: 10, num rrq events: 1
DEBUG:dale_experiment_rig:Flow 17:: first_event_name: srq, final_event_name: rrq, expected_data_B: 1000000, recv_data_B: 1000000
INFO:dale_experiment_rig:srcdst:(0, 1) Flow 18:: num of byteloads: 10, num srq events: 10, num rrq events: 1
DEBUG:dale_experiment_rig:Flow 18:: first_event_name: srq, final_event_name: rrq, expected_data_B: 1000000, recv_data_B: 1000000
INFO:dale_experiment_rig:srcdst:(0, 1) Flow 19:: num of byteloads: 10, num srq events: 10, num rrq events: 1
DEBUG:dale_experiment_rig:Flow 19:: first_event_name: srq, final_event_name: rrq, expected_data_B: 1000000, recv_data_B: 1000000
INFO:dale_experiment_rig:srcdst:(0, 1) Flow 20:: num of byteloads: 10, num srq events: 10, num rrq events: 1
DEBUG:dale_experiment_rig:Flow 20:: first_event_name: srq, final_event_name: rrq, expected_data_B: 1000000, recv_data_B: 1000000
INFO:dale_experiment_rig:srcdst:(0, 1) Flow 21:: num of byteloads: 10, num srq events: 10, num rrq events: 1
DEBUG:dale_experiment_rig:Flow 21:: first_event_name: srq, final_event_name: rrq, expected_data_B: 1000000, recv_data_B: 1000000
INFO:dale_experiment_rig:srcdst:(0, 1) Flow 22:: num of byteloads: 10, num srq events: 10, num rrq events: 1
DEBUG:dale_experiment_rig:Flow 22:: first_event_name: srq, final_event_name: rrq, expected_data_B: 1000000, recv_data_B: 1000000
INFO:dale_experiment_rig:srcdst:(0, 1) Flow 23:: num of byteloads: 10, num srq events: 10, num rrq events: 1
DEBUG:dale_experiment_rig:Flow 23:: first_event_name: srq, final_event_name: rrq, expected_data_B: 1000000, recv_data_B: 1000000
INFO:dale_experiment_rig:srcdst:(0, 1) Flow 24:: num of byteloads: 10, num srq events: 10, num rrq events: 1
DEBUG:dale_experiment_rig:Flow 24:: first_event_name: srq, final_event_name: rrq, expected_data_B: 1000000, recv_data_B: 1000000
INFO:dale_experiment_rig:srcdst:(0, 1) Flow 25:: num of byteloads: 10, num srq events: 10, num rrq events: 1
DEBUG:dale_experiment_rig:Flow 25:: first_event_name: srq, final_event_name: rrq, expected_data_B: 1000000, recv_data_B: 1000000
INFO:dale_experiment_rig:srcdst:(0, 1) Flow 26:: num of byteloads: 10, num srq events: 10, num rrq events: 1
DEBUG:dale_experiment_rig:Flow 26:: first_event_name: srq, final_event_name: rrq, expected_data_B: 1000000, recv_data_B: 1000000
INFO:dale_experiment_rig:srcdst:(0, 1) Flow 27:: num of byteloads: 10, num srq events: 10, num rrq events: 1
DEBUG:dale_experiment_rig:Flow 27:: first_event_name: srq, final_event_name: rrq, expected_data_B: 1000000, recv_data_B: 1000000
INFO:dale_experiment_rig:srcdst:(0, 1) Flow 28:: num of byteloads: 10, num srq events: 10, num rrq events: 1
DEBUG:dale_experiment_rig:Flow 28:: first_event_name: srq, final_event_name: rrq, expected_data_B: 1000000, recv_data_B: 1000000
INFO:dale_experiment_rig:srcdst:(0, 1) Flow 29:: num of byteloads: 10, num srq events: 10, num rrq events: 1
DEBUG:dale_experiment_rig:Flow 29:: first_event_name: srq, final_event_name: rrq, expected_data_B: 1000000, recv_data_B: 1000000
INFO:dale_experiment_rig:srcdst:(0, 1) Flow 30:: num of byteloads: 10, num srq events: 10, num rrq events: 1
DEBUG:dale_experiment_rig:Flow 30:: first_event_name: srq, final_event_name: rrq, expected_data_B: 1000000, recv_data_B: 1000000
INFO:dale_experiment_rig:srcdst:(0, 1) Flow 31:: num of byteloads: 10, num srq events: 10, num rrq events: 1
DEBUG:dale_experiment_rig:Flow 31:: first_event_name: srq, final_event_name: rrq, expected_data_B: 1000000, recv_data_B: 1000000
INFO:dale_experiment_rig:srcdst:(0, 1) Flow 32:: num of byteloads: 10, num srq events: 10, num rrq events: 1
DEBUG:dale_experiment_rig:Flow 32:: first_event_name: srq, final_event_name: rrq, expected_data_B: 1000000, recv_data_B: 1000000
INFO:dale_experiment_rig:srcdst:(0, 1) Flow 33:: num of byteloads: 10, num srq events: 10, num rrq events: 1
DEBUG:dale_experiment_rig:Flow 33:: first_event_name: srq, final_event_name: rrq, expected_data_B: 1000000, recv_data_B: 1000000
INFO:dale_experiment_rig:srcdst:(0, 1) Flow 34:: num of byteloads: 10, num srq events: 10, num rrq events: 1
DEBUG:dale_experiment_rig:Flow 34:: first_event_name: srq, final_event_name: rrq, expected_data_B: 1000000, recv_data_B: 1000000
INFO:dale_experiment_rig:srcdst:(0, 1) Flow 35:: num of byteloads: 10, num srq events: 10, num rrq events: 1
DEBUG:dale_experiment_rig:Flow 35:: first_event_name: srq, final_event_name: rrq, expected_data_B: 1000000, recv_data_B: 1000000
INFO:dale_experiment_rig:srcdst:(0, 1) Flow 36:: num of byteloads: 10, num srq events: 10, num rrq events: 1
DEBUG:dale_experiment_rig:Flow 36:: first_event_name: srq, final_event_name: rrq, expected_data_B: 1000000, recv_data_B: 1000000
INFO:dale_experiment_rig:srcdst:(0, 1) Flow 37:: num of byteloads: 10, num srq events: 10, num rrq events: 1
DEBUG:dale_experiment_rig:Flow 37:: first_event_name: srq, final_event_name: rrq, expected_data_B: 1000000, recv_data_B: 1000000
INFO:dale_experiment_rig:srcdst:(0, 1) Flow 38:: num of byteloads: 10, num srq events: 10, num rrq events: 1
DEBUG:dale_experiment_rig:Flow 38:: first_event_name: srq, final_event_name: rrq, expected_data_B: 1000000, recv_data_B: 1000000
INFO:dale_experiment_rig:srcdst:(0, 1) Flow 39:: num of byteloads: 10, num srq events: 10, num rrq events: 1
DEBUG:dale_experiment_rig:Flow 39:: first_event_name: srq, final_event_name: rrq, expected_data_B: 1000000, recv_data_B: 1000000
INFO:dale_experiment_rig:ExpressPass FCT (ms): [0.009309393000000554, 0.009337838000000431, 0.009317002000001295, 0.009398079000000337, 0.009321905000000186, 0.009295005000000245, 0.009308576000000457, 0.009334400000000187, 0.009388375000000337, 0.00930018200000049, 0.00924999800000137, 0.0094144310000015, 0.009436938000000339, 0.009362177999999943, 0.00947522300000081, 0.009379326000001242, 0.00935534300000107, 0.009378382000001295, 0.009248419000000396, 0.00936459300000081, 0.00938103600000062, 0.009301724000000178, 0.009329951999999864, 0.009384114000001276, 0.009347550000001092, 0.009341156000001405, 0.009354670000000453, 0.009408984000000231, 0.009326688000001582, 0.009378058000001133, 0.0094378740000014, 0.009371090000000137, 0.00930275199999997, 0.009303784000000093, 0.009346752000000791, 0.009362053000000259, 0.009304679000001315, 0.009319169000001182, 0.009349614000001338, 0.00933059100000122]
App Gdpt (overall): 35.466666666665326 Gbps
App Gdpt (per flow): [0.7999999999999697, 0.7999999999999697, 0.7999999999999697, 0.7999999999999697, 0.7999999999999697, 0.7999999999999697, 0.7999999999999697, 0.7999999999999697, 0.7999999999999697, 0.7999999999999697, 0.7999999999999697, 0.7999999999999697, 0.7999999999999697, 0.7999999999999697, 0.7999999999999697, 0.7999999999999697, 0.7999999999999697, 0.7999999999999697, 0.7999999999999697, 0.7999999999999697, 0.7999999999999697, 0.7999999999999697, 0.7999999999999697, 0.7999999999999697, 0.7999999999999697, 0.7999999999999697, 0.7999999999999697, 0.7999999999999697, 0.7999999999999697, 0.7999999999999697, 0.7999999999999697, 0.7999999999999697, 0.7999999999999697, 0.7999999999999697, 0.7999999999999697, 0.7999999999999697, 0.7999999999999697, 0.7999999999999697, 0.7999999999999697, 0.7999999999999697]
Network Gdpt (overall): 33.77229221939923
Network Gdpt (per flow): [0.8593471131790789, 0.8567293628353405, 0.8586453024265626, 0.8512377901909224, 0.8581936846599317, 0.8606773207760285, 0.8594225368090251, 0.8570449091532225, 0.8521176454924002, 0.8601982197767291, 0.864865051862586, 0.8497592685100911, 0.847732601400975, 0.8545020186542116, 0.8443073054849809, 0.8529397528136821, 0.8551263165871187, 0.8530256071888408, 0.8650127119023974, 0.8542816543120784, 0.8527842767045636, 0.8600556197969159, 0.8574535002966914, 0.8525045624977396, 0.8558392306004318, 0.8564250506038864, 0.8551878366633577, 0.8502512067190043, 0.8577535776900271, 0.8530550781408085, 0.8476485276237862, 0.8536893787168711, 0.8599605794070428, 0.8598651903354507, 0.8559122998020408, 0.8545134277705733, 0.8597824814804326, 0.8584456403783413, 0.8556502974346166, 0.8573947781012965]
INFO:dale_experiment_rig:
##### GENERATE METRICS #####
INFO:dale_experiment_rig:SSIRD POLICY: srpt
INFO:dale_experiment_rig:FE_1rtt_delay__500Bto100KB_0pt8GbpsFlo_5usRTT_allproto
INFO:__main__:Protos tested: ['SSIRD', 'DCTCP-50', 'ExpressPass']
INFO:__main__:Topo Yaml File: 6-hosts-dumbbell.yaml
INFO:__main__:Src-Dst pairs list: [(0, 1)]
INFO:__main__:Num Flows: [40, 40, 40, 40, 40, 40]
INFO:__main__:Byteload Size (B): [500, 1000, 5000, 10000, 50000, 100000]
INFO:__main__:Flow size distr workload: ['NA', 'NA', 'NA', 'NA', 'NA', 'NA']
INFO:__main__:Target Mean Byteload Interval (ns): [5000, 10000, 50000, 100000, 500000, 1000000]
INFO:__main__:  is_use_poisson_byteload_intervals=False
INFO:__main__:Target Mean Flow Interarrival (ns): 0
INFO:__main__:  is_use_poisson_flow_interarr=False
INFO:__main__:Target Flow Rate (Gbps): 0.7999999999999999
INFO:__main__:Num Byteloads: [2000, 2000, 2000, 2000, 2000, 2000, 2000, 2000, 2000, 2000, 2000, 2000, 2000, 2000, 2000, 2000, 2000, 2000, 2000, 2000, 2000, 2000, 2000, 2000, 2000, 2000, 2000, 2000, 2000, 2000, 2000, 2000, 2000, 2000, 2000, 2000, 2000, 2000, 2000, 2000, 1000, 1000, 1000, 1000, 1000, 1000, 1000, 1000, 1000, 1000, 1000, 1000, 1000, 1000, 1000, 1000, 1000, 1000, 1000, 1000, 1000, 1000, 1000, 1000, 1000, 1000, 1000, 1000, 1000, 1000, 1000, 1000, 1000, 1000, 1000, 1000, 1000, 1000, 1000, 1000, 200, 200, 200, 200, 200, 200, 200, 200, 200, 200, 200, 200, 200, 200, 200, 200, 200, 200, 200, 200, 200, 200, 200, 200, 200, 200, 200, 200, 200, 200, 200, 200, 200, 200, 200, 200, 200, 200, 200, 200, 100, 100, 100, 100, 100, 100, 100, 100, 100, 100, 100, 100, 100, 100, 100, 100, 100, 100, 100, 100, 100, 100, 100, 100, 100, 100, 100, 100, 100, 100, 100, 100, 100, 100, 100, 100, 100, 100, 100, 100, 20, 20, 20, 20, 20, 20, 20, 20, 20, 20, 20, 20, 20, 20, 20, 20, 20, 20, 20, 20, 20, 20, 20, 20, 20, 20, 20, 20, 20, 20, 20, 20, 20, 20, 20, 20, 20, 20, 20, 20, 10, 10, 10, 10, 10, 10, 10, 10, 10, 10, 10, 10, 10, 10, 10, 10, 10, 10, 10, 10, 10, 10, 10, 10, 10, 10, 10, 10, 10, 10, 10, 10, 10, 10, 10, 10, 10, 10, 10, 10]
INFO:__main__:Flow Start Times (us): [{(0, 1): [0.0, 0.0, 0.0, 0.0, 0.0, 0.0, 0.0, 0.0, 0.0, 0.0, 0.0, 0.0, 0.0, 0.0, 0.0, 0.0, 0.0, 0.0, 0.0, 0.0, 0.0, 0.0, 0.0, 0.0, 0.0, 0.0, 0.0, 0.0, 0.0, 0.0, 0.0, 0.0, 0.0, 0.0, 0.0, 0.0, 0.0, 0.0, 0.0, 0.0]}, {(0, 1): [0.0, 0.0, 0.0, 0.0, 0.0, 0.0, 0.0, 0.0, 0.0, 0.0, 0.0, 0.0, 0.0, 0.0, 0.0, 0.0, 0.0, 0.0, 0.0, 0.0, 0.0, 0.0, 0.0, 0.0, 0.0, 0.0, 0.0, 0.0, 0.0, 0.0, 0.0, 0.0, 0.0, 0.0, 0.0, 0.0, 0.0, 0.0, 0.0, 0.0]}, {(0, 1): [0.0, 0.0, 0.0, 0.0, 0.0, 0.0, 0.0, 0.0, 0.0, 0.0, 0.0, 0.0, 0.0, 0.0, 0.0, 0.0, 0.0, 0.0, 0.0, 0.0, 0.0, 0.0, 0.0, 0.0, 0.0, 0.0, 0.0, 0.0, 0.0, 0.0, 0.0, 0.0, 0.0, 0.0, 0.0, 0.0, 0.0, 0.0, 0.0, 0.0]}, {(0, 1): [0.0, 0.0, 0.0, 0.0, 0.0, 0.0, 0.0, 0.0, 0.0, 0.0, 0.0, 0.0, 0.0, 0.0, 0.0, 0.0, 0.0, 0.0, 0.0, 0.0, 0.0, 0.0, 0.0, 0.0, 0.0, 0.0, 0.0, 0.0, 0.0, 0.0, 0.0, 0.0, 0.0, 0.0, 0.0, 0.0, 0.0, 0.0, 0.0, 0.0]}, {(0, 1): [0.0, 0.0, 0.0, 0.0, 0.0, 0.0, 0.0, 0.0, 0.0, 0.0, 0.0, 0.0, 0.0, 0.0, 0.0, 0.0, 0.0, 0.0, 0.0, 0.0, 0.0, 0.0, 0.0, 0.0, 0.0, 0.0, 0.0, 0.0, 0.0, 0.0, 0.0, 0.0, 0.0, 0.0, 0.0, 0.0, 0.0, 0.0, 0.0, 0.0]}, {(0, 1): [0.0, 0.0, 0.0, 0.0, 0.0, 0.0, 0.0, 0.0, 0.0, 0.0, 0.0, 0.0, 0.0, 0.0, 0.0, 0.0, 0.0, 0.0, 0.0, 0.0, 0.0, 0.0, 0.0, 0.0, 0.0, 0.0, 0.0, 0.0, 0.0, 0.0, 0.0, 0.0, 0.0, 0.0, 0.0, 0.0, 0.0, 0.0, 0.0, 0.0]}]
INFO:__main__:Flow Rate (Gbps): [0.8, 0.8, 0.8, 0.8, 0.8, 0.8, 0.8, 0.8, 0.8, 0.8, 0.8, 0.8, 0.8, 0.8, 0.8, 0.8, 0.8, 0.8, 0.8, 0.8, 0.8, 0.8, 0.8, 0.8, 0.8, 0.8, 0.8, 0.8, 0.8, 0.8, 0.8, 0.8, 0.8, 0.8, 0.8, 0.8, 0.8, 0.8, 0.8, 0.8, 0.8, 0.8, 0.8, 0.8, 0.8, 0.8, 0.8, 0.8, 0.8, 0.8, 0.8, 0.8, 0.8, 0.8, 0.8, 0.8, 0.8, 0.8, 0.8, 0.8, 0.8, 0.8, 0.8, 0.8, 0.8, 0.8, 0.8, 0.8, 0.8, 0.8, 0.8, 0.8, 0.8, 0.8, 0.8, 0.8, 0.8, 0.8, 0.8, 0.8, 0.8, 0.8, 0.8, 0.8, 0.8, 0.8, 0.8, 0.8, 0.8, 0.8, 0.8, 0.8, 0.8, 0.8, 0.8, 0.8, 0.8, 0.8, 0.8, 0.8, 0.8, 0.8, 0.8, 0.8, 0.8, 0.8, 0.8, 0.8, 0.8, 0.8, 0.8, 0.8, 0.8, 0.8, 0.8, 0.8, 0.8, 0.8, 0.8, 0.8, 0.8, 0.8, 0.8, 0.8, 0.8, 0.8, 0.8, 0.8, 0.8, 0.8, 0.8, 0.8, 0.8, 0.8, 0.8, 0.8, 0.8, 0.8, 0.8, 0.8, 0.8, 0.8, 0.8, 0.8, 0.8, 0.8, 0.8, 0.8, 0.8, 0.8, 0.8, 0.8, 0.8, 0.8, 0.8, 0.8, 0.8, 0.8, 0.8, 0.8, 0.8, 0.8, 0.8, 0.8, 0.8, 0.8, 0.8, 0.8, 0.8, 0.8, 0.8, 0.8, 0.8, 0.8, 0.8, 0.8, 0.8, 0.8, 0.8, 0.8, 0.8, 0.8, 0.8, 0.8, 0.8, 0.8, 0.8, 0.8, 0.8, 0.8, 0.8, 0.8, 0.8, 0.8, 0.8, 0.8, 0.8, 0.8, 0.8, 0.8, 0.8, 0.8, 0.8, 0.8, 0.8, 0.8, 0.8, 0.8, 0.8, 0.8, 0.8, 0.8, 0.8, 0.8, 0.8, 0.8, 0.8, 0.8, 0.8, 0.8, 0.8, 0.8, 0.8, 0.8, 0.8, 0.8, 0.8, 0.8, 0.8, 0.8, 0.8, 0.8, 0.8, 0.8, 0.8, 0.8, 0.8, 0.8, 0.8, 0.8]
INFO:__main__:Flow Size (B): [1000000, 1000000, 1000000, 1000000, 1000000, 1000000, 1000000, 1000000, 1000000, 1000000, 1000000, 1000000, 1000000, 1000000, 1000000, 1000000, 1000000, 1000000, 1000000, 1000000, 1000000, 1000000, 1000000, 1000000, 1000000, 1000000, 1000000, 1000000, 1000000, 1000000, 1000000, 1000000, 1000000, 1000000, 1000000, 1000000, 1000000, 1000000, 1000000, 1000000, 1000000, 1000000, 1000000, 1000000, 1000000, 1000000, 1000000, 1000000, 1000000, 1000000, 1000000, 1000000, 1000000, 1000000, 1000000, 1000000, 1000000, 1000000, 1000000, 1000000, 1000000, 1000000, 1000000, 1000000, 1000000, 1000000, 1000000, 1000000, 1000000, 1000000, 1000000, 1000000, 1000000, 1000000, 1000000, 1000000, 1000000, 1000000, 1000000, 1000000, 1000000, 1000000, 1000000, 1000000, 1000000, 1000000, 1000000, 1000000, 1000000, 1000000, 1000000, 1000000, 1000000, 1000000, 1000000, 1000000, 1000000, 1000000, 1000000, 1000000, 1000000, 1000000, 1000000, 1000000, 1000000, 1000000, 1000000, 1000000, 1000000, 1000000, 1000000, 1000000, 1000000, 1000000, 1000000, 1000000, 1000000, 1000000, 1000000, 1000000, 1000000, 1000000, 1000000, 1000000, 1000000, 1000000, 1000000, 1000000, 1000000, 1000000, 1000000, 1000000, 1000000, 1000000, 1000000, 1000000, 1000000, 1000000, 1000000, 1000000, 1000000, 1000000, 1000000, 1000000, 1000000, 1000000, 1000000, 1000000, 1000000, 1000000, 1000000, 1000000, 1000000, 1000000, 1000000, 1000000, 1000000, 1000000, 1000000, 1000000, 1000000, 1000000, 1000000, 1000000, 1000000, 1000000, 1000000, 1000000, 1000000, 1000000, 1000000, 1000000, 1000000, 1000000, 1000000, 1000000, 1000000, 1000000, 1000000, 1000000, 1000000, 1000000, 1000000, 1000000, 1000000, 1000000, 1000000, 1000000, 1000000, 1000000, 1000000, 1000000, 1000000, 1000000, 1000000, 1000000, 1000000, 1000000, 1000000, 1000000, 1000000, 1000000, 1000000, 1000000, 1000000, 1000000, 1000000, 1000000, 1000000, 1000000, 1000000, 1000000, 1000000, 1000000, 1000000, 1000000, 1000000, 1000000, 1000000, 1000000, 1000000, 1000000, 1000000, 1000000, 1000000, 1000000, 1000000, 1000000, 1000000, 1000000, 1000000, 1000000, 1000000, 1000000, 1000000, 1000000, 1000000, 1000000, 1000000, 1000000]
INFO:__main__:Flow Send Durations (us): [9995.0, 9995.0, 9995.0, 9995.0, 9995.0, 9995.0, 9995.0, 9995.0, 9995.0, 9995.0, 9995.0, 9995.0, 9995.0, 9995.0, 9995.0, 9995.0, 9995.0, 9995.0, 9995.0, 9995.0, 9995.0, 9995.0, 9995.0, 9995.0, 9995.0, 9995.0, 9995.0, 9995.0, 9995.0, 9995.0, 9995.0, 9995.0, 9995.0, 9995.0, 9995.0, 9995.0, 9995.0, 9995.0, 9995.0, 9995.0, 9990.0, 9990.0, 9990.0, 9990.0, 9990.0, 9990.0, 9990.0, 9990.0, 9990.0, 9990.0, 9990.0, 9990.0, 9990.0, 9990.0, 9990.0, 9990.0, 9990.0, 9990.0, 9990.0, 9990.0, 9990.0, 9990.0, 9990.0, 9990.0, 9990.0, 9990.0, 9990.0, 9990.0, 9990.0, 9990.0, 9990.0, 9990.0, 9990.0, 9990.0, 9990.0, 9990.0, 9990.0, 9990.0, 9990.0, 9990.0, 9950.0, 9950.0, 9950.0, 9950.0, 9950.0, 9950.0, 9950.0, 9950.0, 9950.0, 9950.0, 9950.0, 9950.0, 9950.0, 9950.0, 9950.0, 9950.0, 9950.0, 9950.0, 9950.0, 9950.0, 9950.0, 9950.0, 9950.0, 9950.0, 9950.0, 9950.0, 9950.0, 9950.0, 9950.0, 9950.0, 9950.0, 9950.0, 9950.0, 9950.0, 9950.0, 9950.0, 9950.0, 9950.0, 9950.0, 9950.0, 9900.0, 9900.0, 9900.0, 9900.0, 9900.0, 9900.0, 9900.0, 9900.0, 9900.0, 9900.0, 9900.0, 9900.0, 9900.0, 9900.0, 9900.0, 9900.0, 9900.0, 9900.0, 9900.0, 9900.0, 9900.0, 9900.0, 9900.0, 9900.0, 9900.0, 9900.0, 9900.0, 9900.0, 9900.0, 9900.0, 9900.0, 9900.0, 9900.0, 9900.0, 9900.0, 9900.0, 9900.0, 9900.0, 9900.0, 9900.0, 9500.0, 9500.0, 9500.0, 9500.0, 9500.0, 9500.0, 9500.0, 9500.0, 9500.0, 9500.0, 9500.0, 9500.0, 9500.0, 9500.0, 9500.0, 9500.0, 9500.0, 9500.0, 9500.0, 9500.0, 9500.0, 9500.0, 9500.0, 9500.0, 9500.0, 9500.0, 9500.0, 9500.0, 9500.0, 9500.0, 9500.0, 9500.0, 9500.0, 9500.0, 9500.0, 9500.0, 9500.0, 9500.0, 9500.0, 9500.0, 9000.0, 9000.0, 9000.0, 9000.0, 9000.0, 9000.0, 9000.0, 9000.0, 9000.0, 9000.0, 9000.0, 9000.0, 9000.0, 9000.0, 9000.0, 9000.0, 9000.0, 9000.0, 9000.0, 9000.0, 9000.0, 9000.0, 9000.0, 9000.0, 9000.0, 9000.0, 9000.0, 9000.0, 9000.0, 9000.0, 9000.0, 9000.0, 9000.0, 9000.0, 9000.0, 9000.0, 9000.0, 9000.0, 9000.0, 9000.0]
INFO:__main__:Flow Min Byteload Size (B): [500, 500, 500, 500, 500, 500, 500, 500, 500, 500, 500, 500, 500, 500, 500, 500, 500, 500, 500, 500, 500, 500, 500, 500, 500, 500, 500, 500, 500, 500, 500, 500, 500, 500, 500, 500, 500, 500, 500, 500, 1000, 1000, 1000, 1000, 1000, 1000, 1000, 1000, 1000, 1000, 1000, 1000, 1000, 1000, 1000, 1000, 1000, 1000, 1000, 1000, 1000, 1000, 1000, 1000, 1000, 1000, 1000, 1000, 1000, 1000, 1000, 1000, 1000, 1000, 1000, 1000, 1000, 1000, 1000, 1000, 5000, 5000, 5000, 5000, 5000, 5000, 5000, 5000, 5000, 5000, 5000, 5000, 5000, 5000, 5000, 5000, 5000, 5000, 5000, 5000, 5000, 5000, 5000, 5000, 5000, 5000, 5000, 5000, 5000, 5000, 5000, 5000, 5000, 5000, 5000, 5000, 5000, 5000, 5000, 5000, 10000, 10000, 10000, 10000, 10000, 10000, 10000, 10000, 10000, 10000, 10000, 10000, 10000, 10000, 10000, 10000, 10000, 10000, 10000, 10000, 10000, 10000, 10000, 10000, 10000, 10000, 10000, 10000, 10000, 10000, 10000, 10000, 10000, 10000, 10000, 10000, 10000, 10000, 10000, 10000, 50000, 50000, 50000, 50000, 50000, 50000, 50000, 50000, 50000, 50000, 50000, 50000, 50000, 50000, 50000, 50000, 50000, 50000, 50000, 50000, 50000, 50000, 50000, 50000, 50000, 50000, 50000, 50000, 50000, 50000, 50000, 50000, 50000, 50000, 50000, 50000, 50000, 50000, 50000, 50000, 100000, 100000, 100000, 100000, 100000, 100000, 100000, 100000, 100000, 100000, 100000, 100000, 100000, 100000, 100000, 100000, 100000, 100000, 100000, 100000, 100000, 100000, 100000, 100000, 100000, 100000, 100000, 100000, 100000, 100000, 100000, 100000, 100000, 100000, 100000, 100000, 100000, 100000, 100000, 100000]
INFO:__main__:Flow Max Byteload Size (B): [500, 500, 500, 500, 500, 500, 500, 500, 500, 500, 500, 500, 500, 500, 500, 500, 500, 500, 500, 500, 500, 500, 500, 500, 500, 500, 500, 500, 500, 500, 500, 500, 500, 500, 500, 500, 500, 500, 500, 500, 1000, 1000, 1000, 1000, 1000, 1000, 1000, 1000, 1000, 1000, 1000, 1000, 1000, 1000, 1000, 1000, 1000, 1000, 1000, 1000, 1000, 1000, 1000, 1000, 1000, 1000, 1000, 1000, 1000, 1000, 1000, 1000, 1000, 1000, 1000, 1000, 1000, 1000, 1000, 1000, 5000, 5000, 5000, 5000, 5000, 5000, 5000, 5000, 5000, 5000, 5000, 5000, 5000, 5000, 5000, 5000, 5000, 5000, 5000, 5000, 5000, 5000, 5000, 5000, 5000, 5000, 5000, 5000, 5000, 5000, 5000, 5000, 5000, 5000, 5000, 5000, 5000, 5000, 5000, 5000, 10000, 10000, 10000, 10000, 10000, 10000, 10000, 10000, 10000, 10000, 10000, 10000, 10000, 10000, 10000, 10000, 10000, 10000, 10000, 10000, 10000, 10000, 10000, 10000, 10000, 10000, 10000, 10000, 10000, 10000, 10000, 10000, 10000, 10000, 10000, 10000, 10000, 10000, 10000, 10000, 50000, 50000, 50000, 50000, 50000, 50000, 50000, 50000, 50000, 50000, 50000, 50000, 50000, 50000, 50000, 50000, 50000, 50000, 50000, 50000, 50000, 50000, 50000, 50000, 50000, 50000, 50000, 50000, 50000, 50000, 50000, 50000, 50000, 50000, 50000, 50000, 50000, 50000, 50000, 50000, 100000, 100000, 100000, 100000, 100000, 100000, 100000, 100000, 100000, 100000, 100000, 100000, 100000, 100000, 100000, 100000, 100000, 100000, 100000, 100000, 100000, 100000, 100000, 100000, 100000, 100000, 100000, 100000, 100000, 100000, 100000, 100000, 100000, 100000, 100000, 100000, 100000, 100000, 100000, 100000]
INFO:__main__:Flow Min Interval (us): [5.0, 5.0, 5.0, 5.0, 5.0, 5.0, 5.0, 5.0, 5.0, 5.0, 5.0, 5.0, 5.0, 5.0, 5.0, 5.0, 5.0, 5.0, 5.0, 5.0, 5.0, 5.0, 5.0, 5.0, 5.0, 5.0, 5.0, 5.0, 5.0, 5.0, 5.0, 5.0, 5.0, 5.0, 5.0, 5.0, 5.0, 5.0, 5.0, 5.0, 10.0, 10.0, 10.0, 10.0, 10.0, 10.0, 10.0, 10.0, 10.0, 10.0, 10.0, 10.0, 10.0, 10.0, 10.0, 10.0, 10.0, 10.0, 10.0, 10.0, 10.0, 10.0, 10.0, 10.0, 10.0, 10.0, 10.0, 10.0, 10.0, 10.0, 10.0, 10.0, 10.0, 10.0, 10.0, 10.0, 10.0, 10.0, 10.0, 10.0, 50.0, 50.0, 50.0, 50.0, 50.0, 50.0, 50.0, 50.0, 50.0, 50.0, 50.0, 50.0, 50.0, 50.0, 50.0, 50.0, 50.0, 50.0, 50.0, 50.0, 50.0, 50.0, 50.0, 50.0, 50.0, 50.0, 50.0, 50.0, 50.0, 50.0, 50.0, 50.0, 50.0, 50.0, 50.0, 50.0, 50.0, 50.0, 50.0, 50.0, 100.0, 100.0, 100.0, 100.0, 100.0, 100.0, 100.0, 100.0, 100.0, 100.0, 100.0, 100.0, 100.0, 100.0, 100.0, 100.0, 100.0, 100.0, 100.0, 100.0, 100.0, 100.0, 100.0, 100.0, 100.0, 100.0, 100.0, 100.0, 100.0, 100.0, 100.0, 100.0, 100.0, 100.0, 100.0, 100.0, 100.0, 100.0, 100.0, 100.0, 500.0, 500.0, 500.0, 500.0, 500.0, 500.0, 500.0, 500.0, 500.0, 500.0, 500.0, 500.0, 500.0, 500.0, 500.0, 500.0, 500.0, 500.0, 500.0, 500.0, 500.0, 500.0, 500.0, 500.0, 500.0, 500.0, 500.0, 500.0, 500.0, 500.0, 500.0, 500.0, 500.0, 500.0, 500.0, 500.0, 500.0, 500.0, 500.0, 500.0, 1000.0, 1000.0, 1000.0, 1000.0, 1000.0, 1000.0, 1000.0, 1000.0, 1000.0, 1000.0, 1000.0, 1000.0, 1000.0, 1000.0, 1000.0, 1000.0, 1000.0, 1000.0, 1000.0, 1000.0, 1000.0, 1000.0, 1000.0, 1000.0, 1000.0, 1000.0, 1000.0, 1000.0, 1000.0, 1000.0, 1000.0, 1000.0, 1000.0, 1000.0, 1000.0, 1000.0, 1000.0, 1000.0, 1000.0, 1000.0]
INFO:__main__:Flow Max Interval (us): [5.0, 5.0, 5.0, 5.0, 5.0, 5.0, 5.0, 5.0, 5.0, 5.0, 5.0, 5.0, 5.0, 5.0, 5.0, 5.0, 5.0, 5.0, 5.0, 5.0, 5.0, 5.0, 5.0, 5.0, 5.0, 5.0, 5.0, 5.0, 5.0, 5.0, 5.0, 5.0, 5.0, 5.0, 5.0, 5.0, 5.0, 5.0, 5.0, 5.0, 10.0, 10.0, 10.0, 10.0, 10.0, 10.0, 10.0, 10.0, 10.0, 10.0, 10.0, 10.0, 10.0, 10.0, 10.0, 10.0, 10.0, 10.0, 10.0, 10.0, 10.0, 10.0, 10.0, 10.0, 10.0, 10.0, 10.0, 10.0, 10.0, 10.0, 10.0, 10.0, 10.0, 10.0, 10.0, 10.0, 10.0, 10.0, 10.0, 10.0, 50.0, 50.0, 50.0, 50.0, 50.0, 50.0, 50.0, 50.0, 50.0, 50.0, 50.0, 50.0, 50.0, 50.0, 50.0, 50.0, 50.0, 50.0, 50.0, 50.0, 50.0, 50.0, 50.0, 50.0, 50.0, 50.0, 50.0, 50.0, 50.0, 50.0, 50.0, 50.0, 50.0, 50.0, 50.0, 50.0, 50.0, 50.0, 50.0, 50.0, 100.0, 100.0, 100.0, 100.0, 100.0, 100.0, 100.0, 100.0, 100.0, 100.0, 100.0, 100.0, 100.0, 100.0, 100.0, 100.0, 100.0, 100.0, 100.0, 100.0, 100.0, 100.0, 100.0, 100.0, 100.0, 100.0, 100.0, 100.0, 100.0, 100.0, 100.0, 100.0, 100.0, 100.0, 100.0, 100.0, 100.0, 100.0, 100.0, 100.0, 500.0, 500.0, 500.0, 500.0, 500.0, 500.0, 500.0, 500.0, 500.0, 500.0, 500.0, 500.0, 500.0, 500.0, 500.0, 500.0, 500.0, 500.0, 500.0, 500.0, 500.0, 500.0, 500.0, 500.0, 500.0, 500.0, 500.0, 500.0, 500.0, 500.0, 500.0, 500.0, 500.0, 500.0, 500.0, 500.0, 500.0, 500.0, 500.0, 500.0, 1000.0, 1000.0, 1000.0, 1000.0, 1000.0, 1000.0, 1000.0, 1000.0, 1000.0, 1000.0, 1000.0, 1000.0, 1000.0, 1000.0, 1000.0, 1000.0, 1000.0, 1000.0, 1000.0, 1000.0, 1000.0, 1000.0, 1000.0, 1000.0, 1000.0, 1000.0, 1000.0, 1000.0, 1000.0, 1000.0, 1000.0, 1000.0, 1000.0, 1000.0, 1000.0, 1000.0, 1000.0, 1000.0, 1000.0, 1000.0]
INFO:__main__:APP Gdpt Gbps measured (SSIRD): [32.01560780390203, 32.031231231230706, 32.156783919598304, 32.315151515151456, 33.64210526315453, 35.466666666665326]
INFO:__main__:APP Gdpt Gbps measured (DCTCP): [32.01560780390203, 32.031231231230706, 32.156783919598304, 32.315151515151456, 33.64210526315453, 35.466666666665326]
INFO:__main__:APP Gdpt Gbps measured (XPass): [32.01560780390203, 32.031231231230706, 32.156783919598304, 32.315151515151456, 33.64210526315453, 35.466666666665326]
DEBUG:__main__:APP Gdpt Gbps measured per flow (SSIRD): [[0.8000000000000019, 0.8000000000000019, 0.8000000000000019, 0.8000000000000019, 0.8000000000000019, 0.8000000000000019, 0.8000000000000019, 0.8000000000000019, 0.8000000000000019, 0.8000000000000019, 0.8000000000000019, 0.8000000000000019, 0.8000000000000019, 0.8000000000000019, 0.8000000000000019, 0.8000000000000019, 0.8000000000000019, 0.8000000000000019, 0.8000000000000019, 0.8000000000000019, 0.8000000000000019, 0.8000000000000019, 0.8000000000000019, 0.8000000000000019, 0.8000000000000019, 0.8000000000000019, 0.8000000000000019, 0.8000000000000019, 0.8000000000000019, 0.8000000000000019, 0.8000000000000019, 0.8000000000000019, 0.8000000000000019, 0.8000000000000019, 0.8000000000000019, 0.8000000000000019, 0.8000000000000019, 0.8000000000000019, 0.8000000000000019, 0.8000000000000019], [0.7999999999999868, 0.7999999999999868, 0.7999999999999868, 0.7999999999999868, 0.7999999999999868, 0.7999999999999868, 0.7999999999999868, 0.7999999999999868, 0.7999999999999868, 0.7999999999999868, 0.7999999999999868, 0.7999999999999868, 0.7999999999999868, 0.7999999999999868, 0.7999999999999868, 0.7999999999999868, 0.7999999999999868, 0.7999999999999868, 0.7999999999999868, 0.7999999999999868, 0.7999999999999868, 0.7999999999999868, 0.7999999999999868, 0.7999999999999868, 0.7999999999999868, 0.7999999999999868, 0.7999999999999868, 0.7999999999999868, 0.7999999999999868, 0.7999999999999868, 0.7999999999999868, 0.7999999999999868, 0.7999999999999868, 0.7999999999999868, 0.7999999999999868, 0.7999999999999868, 0.7999999999999868, 0.7999999999999868, 0.7999999999999868, 0.7999999999999868], [0.8000000000000078, 0.8000000000000078, 0.8000000000000078, 0.8000000000000078, 0.8000000000000078, 0.8000000000000078, 0.8000000000000078, 0.8000000000000078, 0.8000000000000078, 0.8000000000000078, 0.8000000000000078, 0.8000000000000078, 0.8000000000000078, 0.8000000000000078, 0.8000000000000078, 0.8000000000000078, 0.8000000000000078, 0.8000000000000078, 0.8000000000000078, 0.8000000000000078, 0.8000000000000078, 0.8000000000000078, 0.8000000000000078, 0.8000000000000078, 0.8000000000000078, 0.8000000000000078, 0.8000000000000078, 0.8000000000000078, 0.8000000000000078, 0.8000000000000078, 0.8000000000000078, 0.8000000000000078, 0.8000000000000078, 0.8000000000000078, 0.8000000000000078, 0.8000000000000078, 0.8000000000000078, 0.8000000000000078, 0.8000000000000078, 0.8000000000000078], [0.7999999999999985, 0.7999999999999985, 0.7999999999999985, 0.7999999999999985, 0.7999999999999985, 0.7999999999999985, 0.7999999999999985, 0.7999999999999985, 0.7999999999999985, 0.7999999999999985, 0.7999999999999985, 0.7999999999999985, 0.7999999999999985, 0.7999999999999985, 0.7999999999999985, 0.7999999999999985, 0.7999999999999985, 0.7999999999999985, 0.7999999999999985, 0.7999999999999985, 0.7999999999999985, 0.7999999999999985, 0.7999999999999985, 0.7999999999999985, 0.7999999999999985, 0.7999999999999985, 0.7999999999999985, 0.7999999999999985, 0.7999999999999985, 0.7999999999999985, 0.7999999999999985, 0.7999999999999985, 0.7999999999999985, 0.7999999999999985, 0.7999999999999985, 0.7999999999999985, 0.7999999999999985, 0.7999999999999985, 0.7999999999999985, 0.7999999999999985], [0.7999999999999198, 0.7999999999999198, 0.7999999999999198, 0.7999999999999198, 0.7999999999999198, 0.7999999999999198, 0.7999999999999198, 0.7999999999999198, 0.7999999999999198, 0.7999999999999198, 0.7999999999999198, 0.7999999999999198, 0.7999999999999198, 0.7999999999999198, 0.7999999999999198, 0.7999999999999198, 0.7999999999999198, 0.7999999999999198, 0.7999999999999198, 0.7999999999999198, 0.7999999999999198, 0.7999999999999198, 0.7999999999999198, 0.7999999999999198, 0.7999999999999198, 0.7999999999999198, 0.7999999999999198, 0.7999999999999198, 0.7999999999999198, 0.7999999999999198, 0.7999999999999198, 0.7999999999999198, 0.7999999999999198, 0.7999999999999198, 0.7999999999999198, 0.7999999999999198, 0.7999999999999198, 0.7999999999999198, 0.7999999999999198, 0.7999999999999198], [0.7999999999999697, 0.7999999999999697, 0.7999999999999697, 0.7999999999999697, 0.7999999999999697, 0.7999999999999697, 0.7999999999999697, 0.7999999999999697, 0.7999999999999697, 0.7999999999999697, 0.7999999999999697, 0.7999999999999697, 0.7999999999999697, 0.7999999999999697, 0.7999999999999697, 0.7999999999999697, 0.7999999999999697, 0.7999999999999697, 0.7999999999999697, 0.7999999999999697, 0.7999999999999697, 0.7999999999999697, 0.7999999999999697, 0.7999999999999697, 0.7999999999999697, 0.7999999999999697, 0.7999999999999697, 0.7999999999999697, 0.7999999999999697, 0.7999999999999697, 0.7999999999999697, 0.7999999999999697, 0.7999999999999697, 0.7999999999999697, 0.7999999999999697, 0.7999999999999697, 0.7999999999999697, 0.7999999999999697, 0.7999999999999697, 0.7999999999999697]]
DEBUG:__main__:APP Gdpt Gbps measured per flow (DCTCP): [[0.8000000000000019, 0.8000000000000019, 0.8000000000000019, 0.8000000000000019, 0.8000000000000019, 0.8000000000000019, 0.8000000000000019, 0.8000000000000019, 0.8000000000000019, 0.8000000000000019, 0.8000000000000019, 0.8000000000000019, 0.8000000000000019, 0.8000000000000019, 0.8000000000000019, 0.8000000000000019, 0.8000000000000019, 0.8000000000000019, 0.8000000000000019, 0.8000000000000019, 0.8000000000000019, 0.8000000000000019, 0.8000000000000019, 0.8000000000000019, 0.8000000000000019, 0.8000000000000019, 0.8000000000000019, 0.8000000000000019, 0.8000000000000019, 0.8000000000000019, 0.8000000000000019, 0.8000000000000019, 0.8000000000000019, 0.8000000000000019, 0.8000000000000019, 0.8000000000000019, 0.8000000000000019, 0.8000000000000019, 0.8000000000000019, 0.8000000000000019], [0.7999999999999868, 0.7999999999999868, 0.7999999999999868, 0.7999999999999868, 0.7999999999999868, 0.7999999999999868, 0.7999999999999868, 0.7999999999999868, 0.7999999999999868, 0.7999999999999868, 0.7999999999999868, 0.7999999999999868, 0.7999999999999868, 0.7999999999999868, 0.7999999999999868, 0.7999999999999868, 0.7999999999999868, 0.7999999999999868, 0.7999999999999868, 0.7999999999999868, 0.7999999999999868, 0.7999999999999868, 0.7999999999999868, 0.7999999999999868, 0.7999999999999868, 0.7999999999999868, 0.7999999999999868, 0.7999999999999868, 0.7999999999999868, 0.7999999999999868, 0.7999999999999868, 0.7999999999999868, 0.7999999999999868, 0.7999999999999868, 0.7999999999999868, 0.7999999999999868, 0.7999999999999868, 0.7999999999999868, 0.7999999999999868, 0.7999999999999868], [0.8000000000000078, 0.8000000000000078, 0.8000000000000078, 0.8000000000000078, 0.8000000000000078, 0.8000000000000078, 0.8000000000000078, 0.8000000000000078, 0.8000000000000078, 0.8000000000000078, 0.8000000000000078, 0.8000000000000078, 0.8000000000000078, 0.8000000000000078, 0.8000000000000078, 0.8000000000000078, 0.8000000000000078, 0.8000000000000078, 0.8000000000000078, 0.8000000000000078, 0.8000000000000078, 0.8000000000000078, 0.8000000000000078, 0.8000000000000078, 0.8000000000000078, 0.8000000000000078, 0.8000000000000078, 0.8000000000000078, 0.8000000000000078, 0.8000000000000078, 0.8000000000000078, 0.8000000000000078, 0.8000000000000078, 0.8000000000000078, 0.8000000000000078, 0.8000000000000078, 0.8000000000000078, 0.8000000000000078, 0.8000000000000078, 0.8000000000000078], [0.7999999999999985, 0.7999999999999985, 0.7999999999999985, 0.7999999999999985, 0.7999999999999985, 0.7999999999999985, 0.7999999999999985, 0.7999999999999985, 0.7999999999999985, 0.7999999999999985, 0.7999999999999985, 0.7999999999999985, 0.7999999999999985, 0.7999999999999985, 0.7999999999999985, 0.7999999999999985, 0.7999999999999985, 0.7999999999999985, 0.7999999999999985, 0.7999999999999985, 0.7999999999999985, 0.7999999999999985, 0.7999999999999985, 0.7999999999999985, 0.7999999999999985, 0.7999999999999985, 0.7999999999999985, 0.7999999999999985, 0.7999999999999985, 0.7999999999999985, 0.7999999999999985, 0.7999999999999985, 0.7999999999999985, 0.7999999999999985, 0.7999999999999985, 0.7999999999999985, 0.7999999999999985, 0.7999999999999985, 0.7999999999999985, 0.7999999999999985], [0.7999999999999198, 0.7999999999999198, 0.7999999999999198, 0.7999999999999198, 0.7999999999999198, 0.7999999999999198, 0.7999999999999198, 0.7999999999999198, 0.7999999999999198, 0.7999999999999198, 0.7999999999999198, 0.7999999999999198, 0.7999999999999198, 0.7999999999999198, 0.7999999999999198, 0.7999999999999198, 0.7999999999999198, 0.7999999999999198, 0.7999999999999198, 0.7999999999999198, 0.7999999999999198, 0.7999999999999198, 0.7999999999999198, 0.7999999999999198, 0.7999999999999198, 0.7999999999999198, 0.7999999999999198, 0.7999999999999198, 0.7999999999999198, 0.7999999999999198, 0.7999999999999198, 0.7999999999999198, 0.7999999999999198, 0.7999999999999198, 0.7999999999999198, 0.7999999999999198, 0.7999999999999198, 0.7999999999999198, 0.7999999999999198, 0.7999999999999198], [0.7999999999999697, 0.7999999999999697, 0.7999999999999697, 0.7999999999999697, 0.7999999999999697, 0.7999999999999697, 0.7999999999999697, 0.7999999999999697, 0.7999999999999697, 0.7999999999999697, 0.7999999999999697, 0.7999999999999697, 0.7999999999999697, 0.7999999999999697, 0.7999999999999697, 0.7999999999999697, 0.7999999999999697, 0.7999999999999697, 0.7999999999999697, 0.7999999999999697, 0.7999999999999697, 0.7999999999999697, 0.7999999999999697, 0.7999999999999697, 0.7999999999999697, 0.7999999999999697, 0.7999999999999697, 0.7999999999999697, 0.7999999999999697, 0.7999999999999697, 0.7999999999999697, 0.7999999999999697, 0.7999999999999697, 0.7999999999999697, 0.7999999999999697, 0.7999999999999697, 0.7999999999999697, 0.7999999999999697, 0.7999999999999697, 0.7999999999999697]]
DEBUG:__main__:APP Gdpt Gbps measured per flow (XPass): [[0.8000000000000019, 0.8000000000000019, 0.8000000000000019, 0.8000000000000019, 0.8000000000000019, 0.8000000000000019, 0.8000000000000019, 0.8000000000000019, 0.8000000000000019, 0.8000000000000019, 0.8000000000000019, 0.8000000000000019, 0.8000000000000019, 0.8000000000000019, 0.8000000000000019, 0.8000000000000019, 0.8000000000000019, 0.8000000000000019, 0.8000000000000019, 0.8000000000000019, 0.8000000000000019, 0.8000000000000019, 0.8000000000000019, 0.8000000000000019, 0.8000000000000019, 0.8000000000000019, 0.8000000000000019, 0.8000000000000019, 0.8000000000000019, 0.8000000000000019, 0.8000000000000019, 0.8000000000000019, 0.8000000000000019, 0.8000000000000019, 0.8000000000000019, 0.8000000000000019, 0.8000000000000019, 0.8000000000000019, 0.8000000000000019, 0.8000000000000019], [0.7999999999999868, 0.7999999999999868, 0.7999999999999868, 0.7999999999999868, 0.7999999999999868, 0.7999999999999868, 0.7999999999999868, 0.7999999999999868, 0.7999999999999868, 0.7999999999999868, 0.7999999999999868, 0.7999999999999868, 0.7999999999999868, 0.7999999999999868, 0.7999999999999868, 0.7999999999999868, 0.7999999999999868, 0.7999999999999868, 0.7999999999999868, 0.7999999999999868, 0.7999999999999868, 0.7999999999999868, 0.7999999999999868, 0.7999999999999868, 0.7999999999999868, 0.7999999999999868, 0.7999999999999868, 0.7999999999999868, 0.7999999999999868, 0.7999999999999868, 0.7999999999999868, 0.7999999999999868, 0.7999999999999868, 0.7999999999999868, 0.7999999999999868, 0.7999999999999868, 0.7999999999999868, 0.7999999999999868, 0.7999999999999868, 0.7999999999999868], [0.8000000000000078, 0.8000000000000078, 0.8000000000000078, 0.8000000000000078, 0.8000000000000078, 0.8000000000000078, 0.8000000000000078, 0.8000000000000078, 0.8000000000000078, 0.8000000000000078, 0.8000000000000078, 0.8000000000000078, 0.8000000000000078, 0.8000000000000078, 0.8000000000000078, 0.8000000000000078, 0.8000000000000078, 0.8000000000000078, 0.8000000000000078, 0.8000000000000078, 0.8000000000000078, 0.8000000000000078, 0.8000000000000078, 0.8000000000000078, 0.8000000000000078, 0.8000000000000078, 0.8000000000000078, 0.8000000000000078, 0.8000000000000078, 0.8000000000000078, 0.8000000000000078, 0.8000000000000078, 0.8000000000000078, 0.8000000000000078, 0.8000000000000078, 0.8000000000000078, 0.8000000000000078, 0.8000000000000078, 0.8000000000000078, 0.8000000000000078], [0.7999999999999985, 0.7999999999999985, 0.7999999999999985, 0.7999999999999985, 0.7999999999999985, 0.7999999999999985, 0.7999999999999985, 0.7999999999999985, 0.7999999999999985, 0.7999999999999985, 0.7999999999999985, 0.7999999999999985, 0.7999999999999985, 0.7999999999999985, 0.7999999999999985, 0.7999999999999985, 0.7999999999999985, 0.7999999999999985, 0.7999999999999985, 0.7999999999999985, 0.7999999999999985, 0.7999999999999985, 0.7999999999999985, 0.7999999999999985, 0.7999999999999985, 0.7999999999999985, 0.7999999999999985, 0.7999999999999985, 0.7999999999999985, 0.7999999999999985, 0.7999999999999985, 0.7999999999999985, 0.7999999999999985, 0.7999999999999985, 0.7999999999999985, 0.7999999999999985, 0.7999999999999985, 0.7999999999999985, 0.7999999999999985, 0.7999999999999985], [0.7999999999999198, 0.7999999999999198, 0.7999999999999198, 0.7999999999999198, 0.7999999999999198, 0.7999999999999198, 0.7999999999999198, 0.7999999999999198, 0.7999999999999198, 0.7999999999999198, 0.7999999999999198, 0.7999999999999198, 0.7999999999999198, 0.7999999999999198, 0.7999999999999198, 0.7999999999999198, 0.7999999999999198, 0.7999999999999198, 0.7999999999999198, 0.7999999999999198, 0.7999999999999198, 0.7999999999999198, 0.7999999999999198, 0.7999999999999198, 0.7999999999999198, 0.7999999999999198, 0.7999999999999198, 0.7999999999999198, 0.7999999999999198, 0.7999999999999198, 0.7999999999999198, 0.7999999999999198, 0.7999999999999198, 0.7999999999999198, 0.7999999999999198, 0.7999999999999198, 0.7999999999999198, 0.7999999999999198, 0.7999999999999198, 0.7999999999999198], [0.7999999999999697, 0.7999999999999697, 0.7999999999999697, 0.7999999999999697, 0.7999999999999697, 0.7999999999999697, 0.7999999999999697, 0.7999999999999697, 0.7999999999999697, 0.7999999999999697, 0.7999999999999697, 0.7999999999999697, 0.7999999999999697, 0.7999999999999697, 0.7999999999999697, 0.7999999999999697, 0.7999999999999697, 0.7999999999999697, 0.7999999999999697, 0.7999999999999697, 0.7999999999999697, 0.7999999999999697, 0.7999999999999697, 0.7999999999999697, 0.7999999999999697, 0.7999999999999697, 0.7999999999999697, 0.7999999999999697, 0.7999999999999697, 0.7999999999999697, 0.7999999999999697, 0.7999999999999697, 0.7999999999999697, 0.7999999999999697, 0.7999999999999697, 0.7999999999999697, 0.7999999999999697, 0.7999999999999697, 0.7999999999999697, 0.7999999999999697]]
INFO:__main__:NW Gdpt Gbps measured (SSIRD): [31.985756742520884, 31.996534775281994, 32.08097880670308, 32.18828213753354, 33.069128222341455, 34.241591549171254]
INFO:__main__:NW Gdpt Gbps measured (DCTCP): [32.00193291674393, 32.01268983024733, 32.09750902265499, 32.20491990535734, 33.0873872017353, 34.256844330149875]
INFO:__main__:NW Gdpt Gbps measured (Xpass): [31.7335335190401, 31.731702112298954, 31.83420111375487, 31.888686163205556, 32.76394041672446, 33.77229221939923]
DEBUG:__main__:NW Gdpt Gbps measured per flow (SSIRD): [[0.7996439185630221, 0.8000885698046324, 0.8001480273849655, 0.800040322032173, 0.8001220186077174, 0.800166594684885, 0.8000514433078146, 0.800081208242551, 0.8001702762346747, 0.8001145764073161, 0.8001517087639012, 0.8000997724415103, 0.8001554702078078, 0.8000960115213847, 0.8000700061255185, 0.8000440824289112, 0.8001256997473302, 0.800032881351319, 0.800118337502118, 0.8001294609467079, 0.8000923306549395, 0.8001591516552309, 0.8000848890066582, 0.8000626449050381, 0.8001108953700526, 0.800144266011034, 0.8000737668013085, 0.8000774474968052, 0.8000292010657141, 0.8001331421548016, 0.800047762851432, 0.8001405847007261, 0.8001071343452162, 0.8001369034241498, 0.8000552038089577, 0.800058884333802, 0.8001034533764286, 0.8001628331365302, 0.8000366416781112, 0.800066325498346], [0.8000585642867943, 0.8001830018524733, 0.8001069743023783, 0.8000101601290387, 0.8000516033282957, 0.8000032800134523, 0.7999272066241594, 0.8000170403629656, 0.7999410443450022, 0.7999756007441651, 0.8001345826367235, 0.8000792878573243, 0.8001000125014694, 0.8000447224998681, 0.8001207382193131, 0.8000240007198928, 0.7999548825446031, 0.800127700380904, 0.8001138562016524, 0.800141545039249, 0.8000724065526899, 0.8000378417897962, 0.8000861692803299, 0.8001622729088865, 0.8001553101456325, 0.7999617618277641, 0.8000931308403357, 0.7999133693820498, 0.7999824803836683, 0.7999963200169248, 0.800169155759469, 0.8000654453533194, 0.8001484275332398, 0.7999894401393862, 0.8000308811918861, 0.7999341654181558, 0.799920327935299, 0.8001761187636888, 0.7999687212229871, 0.7999479233901586], [0.8029502802145296, 0.8021613435238677, 0.8023327020979869, 0.80240118554775, 0.802366902124455, 0.8025724855879276, 0.8026756389749269, 0.8032934227037144, 0.8024696806892359, 0.803121814806288, 0.8022984245265132, 0.802058724333577, 0.8027784966546653, 0.8030531276861493, 0.8032247062279672, 0.8033661846502765, 0.8021271610182102, 0.8027442615323975, 0.802195609382878, 0.8022298781693341, 0.8030874697775366, 0.802984532911835, 0.8028473785125013, 0.8028130569514492, 0.8026410099791992, 0.8024354719007417, 0.8029159498550484, 0.8020929010065249, 0.8025381875255824, 0.8031904330380165, 0.8028816224310497, 0.8026067865821329, 0.8025039728961548, 0.8027099487870504, 0.8033277046838246, 0.8030188691365177, 0.8022640694302847, 0.8031560821403039, 0.8020244701675769, 0.8032590629962888], [0.8073180963478697, 0.8063529322117043, 0.8049807378170448, 0.8069039508941652, 0.8070415179481284, 0.8062842601519803, 0.8059411564227675, 0.8055285032233092, 0.8068351849527137, 0.8058725544789133, 0.8054599715088023, 0.8069727285583524, 0.8052545273673615, 0.8072478750459839, 0.806215599788004, 0.8047070534383385, 0.8071102376383995, 0.8060097700473008, 0.8055982634523784, 0.805323024124843, 0.806146951116932, 0.8067664307311453, 0.8049122992711893, 0.8047754570848031, 0.8050491069891347, 0.8065589372779297, 0.8056668187026121, 0.8051175688025514, 0.8048438723613355, 0.8058039642130435, 0.8064216159700203, 0.805391451454209, 0.8066977695713352, 0.8073869446338002, 0.8057353856218886, 0.8066276561365396, 0.8071790504748992, 0.8064902301268803, 0.8060783953557848, 0.8051860422608738], [0.8369577965077326, 0.8296253401593591, 0.8354809545328159, 0.8325428512407277, 0.8288991545745994, 0.8318115514293289, 0.8281742391640983, 0.8399271993099995, 0.8303527992593379, 0.8410520004578457, 0.8365880967525537, 0.8336422151414777, 0.8299889103106403, 0.8321770406722304, 0.8384398688218911, 0.8347444862778222, 0.8343767388280515, 0.8406728451216067, 0.837327823158001, 0.8395548722044142, 0.8329089835584468, 0.8332754380502209, 0.840299856802361, 0.8376981771372762, 0.8362187234597795, 0.8340093152585482, 0.827812256733034, 0.8351125580362951, 0.828536538305958, 0.8292620883865848, 0.8380688588800879, 0.8314463830886802, 0.8358496761970232, 0.8307170074249435, 0.8388112073984441, 0.8274505905979627, 0.8310815352278379, 0.8267282055585363, 0.8391828750467458, 0.8270892403443497], [0.8693901108830612, 0.8717894175225115, 0.8622707814803114, 0.8599236043868854, 0.8591439875921063, 0.8815204552964551, 0.8758177948658469, 0.868593242670218, 0.8782526636305331, 0.8823411333759937, 0.8614869976305505, 0.8873011128419048, 0.8831634384465588, 0.8583657831364521, 0.8709881469399119, 0.8646309004168179, 0.8677979280455621, 0.8807012054927191, 0.8568136876842709, 0.879067362272522, 0.8654205116127687, 0.857589079117595, 0.8750091055633589, 0.8742019082953328, 0.8839872776549864, 0.8701883479169532, 0.8856394776453614, 0.8630560859153686, 0.8638428220707357, 0.8733962942886562, 0.8560397887292813, 0.8670039745628294, 0.8798835738054027, 0.8725920685524997, 0.8662114725378377, 0.8864678467030986, 0.8766278842837242, 0.8774395699141772, 0.8848125574366936, 0.860704544767376]]
DEBUG:__main__:NW Gdpt Gbps measured per flow (DCTCP): [[0.8001926863987828, 0.8001889246049703, 0.8001852428837204, 0.8001815611962081, 0.8001778795425747, 0.8001741178879779, 0.8001704363028377, 0.8001667547515752, 0.8001630732343319, 0.8001593117189432, 0.8001556302700471, 0.8001519488550269, 0.800148267473882, 0.8001445060976934, 0.8001408247850341, 0.8001371435063908, 0.8001334622614787, 0.8001297010244827, 0.8001260198480524, 0.8001223387054941, 0.8001186575968074, 0.8001148964991383, 0.8001112154589296, 0.8001075344525909, 0.8001038534801219, 0.8001001725415222, 0.800096411617493, 0.8000927307473665, 0.8000890499112498, 0.8000853691088583, 0.8000816083239966, 0.8000779275900745, 0.8000742468900184, 0.8000705662238277, 0.8000668055782677, 0.8000631249805426, 0.8000594444166815, 0.800055763886684, 0.8000520033801339, 0.8000483229185982], [0.8005866699116329, 0.8005796997605107, 0.8005728098453577, 0.800565920048795, 0.8005590303708198, 0.8005520607009636, 0.8005451712615326, 0.8005382819406796, 0.8005313927384016, 0.8005244235497618, 0.8005175345860035, 0.8005106457408108, 0.800503757014181, 0.8004967883067077, 0.8004898998185727, 0.8004830114489913, 0.8004761231979602, 0.8004691549716034, 0.8004622669590425, 0.800455379065023, 0.8004484912895417, 0.8004415235443939, 0.800434636007358, 0.8004277485888511, 0.8004208612888701, 0.8004139741074119, 0.8004070069630368, 0.8004001200199934, 0.8003932331954635, 0.8003863464894442, 0.8003793798260237, 0.8003724933583944, 0.8003656070092664, 0.8003587207786368, 0.8003517545961214, 0.800344868603857, 0.8003379827300816, 0.8003310969747924, 0.8003241312731321, 0.8003172457561835], [0.8037738791170997, 0.8037395590462728, 0.8037052419061631, 0.8036709276963954, 0.803636616416594, 0.8036023080662404, 0.8035680026452465, 0.8035337001530936, 0.8034994005894063, 0.8034651039538101, 0.8034308102457864, 0.8033965194652471, 0.8033622316116743, 0.8033280273516815, 0.8032937453440322, 0.8032594662620828, 0.8032251901057452, 0.8031909168745017, 0.8031566465679779, 0.8031223791857995, 0.8030881147274489, 0.8030538531928383, 0.8030195945814502, 0.8029853388929108, 0.8029510861268458, 0.8029168362827382, 0.8028825893605004, 0.8028483453596154, 0.8028141042797092, 0.8027798661204084, 0.8027456308811962, 0.8027113985619849, 0.8026771691622583, 0.8026429426816426, 0.8026087191197646, 0.8025744984761077, 0.802540280750585, 0.8025060659426801, 0.8024719345471691, 0.8024377255663747], [0.807797915618771, 0.8077291603351372, 0.8076603352153726, 0.8075915218233882, 0.8075228016679645, 0.807454011709097, 0.8073852334690242, 0.8073165484148962, 0.8072477935898439, 0.8071790504748992, 0.8071103190667813, 0.8070416807771776, 0.8069729727603157, 0.8069042764413166, 0.8068356731903112, 0.806767000244659, 0.8066983389879142, 0.8066297707486845, 0.8065611328472517, 0.8064925066260696, 0.8064239733718196, 0.8063553704879326, 0.8062867792753592, 0.8062182809793207, 0.8061497130861887, 0.8060811568554422, 0.8060126934908742, 0.8059441605617333, 0.8058756392859152, 0.8058072108262482, 0.805738712834362, 0.8056702264868892, 0.8056018329052925, 0.8055333698239523, 0.8054649183781247, 0.8053964785649881, 0.8053281314504627, 0.8052597148796077, 0.8051913099324112, 0.8051229976339336], [0.8414992950865309, 0.8411260153967023, 0.8407531550838299, 0.8403805369127155, 0.8400083370827222, 0.8396364667970564, 0.8392648375728587, 0.8388936251423867, 0.8385226530563076, 0.8381520967369089, 0.8377818677823041, 0.8374118781012136, 0.8370423026531458, 0.8366729657681714, 0.8363040420978691, 0.8359354436313858, 0.8355670826676636, 0.8351991333973052, 0.8348314209258645, 0.8344641191380398, 0.834097140412653, 0.833730397435043, 0.8333640636330386, 0.8329979648817807, 0.8326322743047359, 0.8322669046672024, 0.8319017690389761, 0.8315370400898016, 0.8311725444590264, 0.8308084545144835, 0.8304446834047785, 0.8300811445822394, 0.829718009962718, 0.8293551069458126, 0.8289926071474353, 0.8286304240981928, 0.8282684716292044, 0.8279069209085682, 0.8275456000899238, 0.8271846800433824], [0.8576550916462162, 0.8576266811090724, 0.8575981805196009, 0.8575696818244889, 0.857541185023221, 0.8575126901159349, 0.8574841971021153, 0.8574557059817368, 0.857427216754774, 0.8573987294207112, 0.8573702439796868, 0.8573417604311854, 0.8573132787753448, 0.85728479901165, 0.8572564130011433, 0.8572279370155613, 0.8571994629215602, 0.8571709907192777, 0.857142520408199, 0.857114051988462, 0.8570855854595519, 0.8570571208214437, 0.8570286580741118, 0.8570001972170418, 0.8569717382503714, 0.8569432811735864, 0.8569035362265318, 0.8568638867431658, 0.8568241491602113, 0.8567844152627951, 0.8567446850504044, 0.8567049585225264, 0.8566652356786487, 0.8566255165184218, 0.8565858010410077, 0.8565460892460567, 0.8565063811330569, 0.8564779549531788, 0.8564495306602468, 0.856421108253747]]
DEBUG:__main__:NW Gdpt Gbps measured per flow (XPass): [[0.8001553101456325, 0.8001478673257678, 0.8001404246445061, 0.8001329821015591, 0.8001287407143902, 0.800124499372045, 0.8001202580746647, 0.7997501580505694, 0.7997402443686054, 0.7997299312022079, 0.7997028304282177, 0.8001160968456106, 0.7990276632365088, 0.796631285283842, 0.7946729101467912, 0.7956255710477064, 0.7943824451011188, 0.7977659362720256, 0.7955377492108274, 0.7950819411448472, 0.7994063608363332, 0.7987744403760549, 0.8001118556373097, 0.8000984921243036, 0.7978454184473783, 0.7977126387794962, 0.798676832092195, 0.8000942511027784, 0.7962552909919334, 0.794012668075086, 0.7951443713816847, 0.7949112958484035, 0.7964709170137001, 0.799446303490134, 0.7966369969174847, 0.7999225674954711, 0.799078343039122, 0.7938598118988093, 0.7933383379760025, 0.7984353860174701], [0.8001841223664566, 0.8001766790107208, 0.8001665146517063, 0.8001563505507747, 0.800146826942686, 0.8001370634789612, 0.8001269801517559, 0.8001158567759995, 0.7947222495407757, 0.7955519892727573, 0.7944203884020113, 0.7967019725145715, 0.7960355835865387, 0.7946815144960548, 0.796835765176411, 0.7976859927037543, 0.8000919305627704, 0.7992390445056757, 0.7989152328967266, 0.7963404968805845, 0.7955388567528636, 0.796007940577092, 0.7957842533394478, 0.7974993610035804, 0.7977787446411864, 0.7935271986406456, 0.8005223408273965, 0.8002955491461767, 0.795927319498819, 0.7977733348451226, 0.7936518959450205, 0.7968091776480908, 0.7996153050767318, 0.8000808081615056, 0.7978241739128802, 0.7988021961068913, 0.7932925528074739, 0.8004835721258505, 0.7996662193200134, 0.7967091133363314], [0.8003069977643134, 0.8003942742194189, 0.7968978361036024, 0.8002824196658285, 0.8004640289974871, 0.7973959440654654, 0.7963487410223401, 0.8002768958058468, 0.7963576195197986, 0.7966546876355658, 0.8015036207925978, 0.8013404823587885, 0.8001180974311624, 0.8013673731487885, 0.8013345425471355, 0.8010260342472313, 0.7996840448337567, 0.8000803280649215, 0.8001741178879779, 0.8002203006486764, 0.8008336678482306, 0.7958550278438717, 0.8012304496013716, 0.8008982875192171, 0.8003802606617573, 0.8001976488191404, 0.8007734670918674, 0.8008627694615285, 0.8006909963297038, 0.8001417050959173, 0.8009737437802251, 0.7995944456971245, 0.8012864654202237, 0.8007135158138255, 0.8006369066591982, 0.8013727515233614, 0.8014227658361935, 0.8009834474768139, 0.8002253434566159, 0.80291345175092], [0.8068310349574248, 0.8031810789814018, 0.8010236280942491, 0.8037177572295756, 0.8044535352162769, 0.7985047997624355, 0.8048204722183447, 0.8030447441473135, 0.8024871484190572, 0.8013815015704279, 0.8012784397505199, 0.8043927081398432, 0.8033259300153885, 0.8042840996852666, 0.8030302345901928, 0.798992390696053, 0.7981680447038024, 0.8050599628786397, 0.798609222039811, 0.8048805542165332, 0.8069368324803105, 0.7986292327847976, 0.8003493524922828, 0.7978372228562056, 0.8018370085865633, 0.7982922931265025, 0.8037101672449576, 0.8056707944537863, 0.8034825343486244, 0.800040962097255, 0.8031406816354756, 0.8000648052492038, 0.8049865698052417, 0.7972171540801388, 0.8056188693662529, 0.7990694037723193, 0.8036167575790807, 0.805962429456874, 0.8049962089709822, 0.7990591079003986], [0.8291247479331006, 0.8220266986050179, 0.8273455064123983, 0.8243385121369078, 0.8252821897706475, 0.823882287817995, 0.822260566973192, 0.8228836538172576, 0.8278563735419333, 0.8331113438730786, 0.8241222222702651, 0.8248011095224463, 0.8229606007611745, 0.8331785877684726, 0.8262218866384091, 0.8208691198066559, 0.8260914371698037, 0.8283107503034287, 0.8274447709057902, 0.825865018763131, 0.8309950344929484, 0.8217615609525056, 0.8197884638341912, 0.8278859301509597, 0.824210524797392, 0.8210909527579523, 0.8321242394774309, 0.8295458516433984, 0.8262078927019131, 0.8249890843631621, 0.8246583569279744, 0.8238184872487488, 0.8190985104181115, 0.8254674880342829, 0.8266644760057004, 0.8280570572714365, 0.8278533751633329, 0.824072899960909, 0.8272304407566066, 0.8262842678160671], [0.8593471131790789, 0.8567293628353405, 0.8586453024265626, 0.8512377901909224, 0.8581936846599317, 0.8606773207760285, 0.8594225368090251, 0.8570449091532225, 0.8521176454924002, 0.8601982197767291, 0.864865051862586, 0.8497592685100911, 0.847732601400975, 0.8545020186542116, 0.8443073054849809, 0.8529397528136821, 0.8551263165871187, 0.8530256071888408, 0.8650127119023974, 0.8542816543120784, 0.8527842767045636, 0.8600556197969159, 0.8574535002966914, 0.8525045624977396, 0.8558392306004318, 0.8564250506038864, 0.8551878366633577, 0.8502512067190043, 0.8577535776900271, 0.8530550781408085, 0.8476485276237862, 0.8536893787168711, 0.8599605794070428, 0.8598651903354507, 0.8559122998020408, 0.8545134277705733, 0.8597824814804326, 0.8584456403783413, 0.8556502974346166, 0.8573947781012965]]
INFO:__main__:* Sim duration (SSIRD): [0.05, 0.05, 0.05, 0.05, 0.05, 0.05]
INFO:__main__:* Sim duration (DCTCP): [0.05, 0.05, 0.05, 0.05, 0.05, 0.05]
INFO:__main__:* Sim duration (XPass): [0.05, 0.05, 0.05, 0.05, 0.05, 0.05]
INFO:__main__:* SSIRD FCT: [[0.010004453000000524, 0.009998893000000564, 0.00999815000000126, 0.009999496000000718, 0.009998475000001505, 0.009997918000001604, 0.009999356999999875, 0.00999898500000107, 0.009997872000001351, 0.009998568000000319, 0.009998104000001007, 0.009998753000001415, 0.00999805700000067, 0.009998799999999974, 0.00999912500000022, 0.009999449000000382, 0.009998429000001252, 0.009999589000001308, 0.009998520999999982, 0.009998382000000916, 0.009998846000000228, 0.009998011000000417, 0.009998939000000817, 0.009999217000000726, 0.009998614000000572, 0.009998197000001596, 0.009999077999999884, 0.009999032000001407, 0.009999635000001561, 0.009998336000000663, 0.009999403000000129, 0.009998243000000073, 0.009998661000000908, 0.009998289000000327, 0.009999310000001316, 0.009999264000001062, 0.009998707000001161, 0.009997965000000164, 0.009999542000000972, 0.009999171000000473], [0.009999268000001393, 0.00999771300000063, 0.009998663000001073, 0.009999872999999937, 0.009999355000001486, 0.009999958999999947, 0.010000910000000474, 0.009999786999999927, 0.01000073700000037, 0.010000305000000154, 0.00999831800000095, 0.00999900900000128, 0.009998750000001166, 0.009999441000001497, 0.009998491000001053, 0.00999970000000161, 0.010000564000000267, 0.00999840400000096, 0.009998577000001063, 0.009998231000000857, 0.00999909500000129, 0.009999527000001507, 0.00999892300000127, 0.009997972000000743, 0.009998059000000836, 0.010000478000000257, 0.009998836000001177, 0.010001083000000577, 0.010000219000000143, 0.01000004600000004, 0.009997886000000733, 0.009999182000001383, 0.009998145000000846, 0.01000013200000005, 0.0099996140000016, 0.01000082300000038, 0.010000996000000484, 0.00999779900000064, 0.010000391000000164, 0.01000065100000036], [0.00996325700000078, 0.009973056000001534, 0.009970926000001157, 0.009970075000000023, 0.00997050100000152, 0.009967947000001587, 0.009966666000000401, 0.009959001000000356, 0.009969224000000665, 0.009961129000000568, 0.009971352000000877, 0.00997433200000053, 0.009965389000001323, 0.009961981000000009, 0.009959853000001573, 0.009958099000000331, 0.009973481000001172, 0.009965814000000961, 0.009972630000000038, 0.009972204000000318, 0.009961555000000288, 0.009962832000001143, 0.009964534000001635, 0.009964960000001355, 0.009967096000000453, 0.009969649000000302, 0.0099636830000005, 0.009973907000000892, 0.009968373000001307, 0.00996027800000121, 0.00996410900000022, 0.00996752100000009, 0.009968798000000945, 0.009966240000000681, 0.009958576000000718, 0.009962406000001423, 0.00997177900000068, 0.00996070400000093, 0.00997475800000025, 0.009959427000000076], [0.009909353000001175, 0.009921214000000234, 0.009938126000001546, 0.009914439000000996, 0.009912749000001497, 0.009922059000000871, 0.009926283000000424, 0.009931368000000163, 0.009915284000001634, 0.009927128000001062, 0.0099322130000008, 0.009913594000000359, 0.009934747000000854, 0.009910215000001443, 0.009922904000001509, 0.009941506000000544, 0.009911905000000942, 0.009925438000001563, 0.00993050800000006, 0.009933902000000217, 0.00992374900000037, 0.009916129000000495, 0.009938971000000407, 0.009940660999999906, 0.009937282000000991, 0.00991868000000018, 0.009929663000001199, 0.009936437000000353, 0.009939816000001045, 0.009927972999999923, 0.009920369000001372, 0.009933058000001438, 0.00991697300000105, 0.009908508000000538, 0.009928818000000561, 0.009917835000001318, 0.009911060000000305, 0.009919525000000817, 0.009924593000000925, 0.009935592000001492], [0.00955842699999998, 0.009642906999999923, 0.009575322999999969, 0.009609114999999946, 0.009651355000000805, 0.009617563000000828, 0.009659802999999911, 0.009524635000000004, 0.009634459000000817, 0.009511897000001213, 0.00956265100000131, 0.009596443000001287, 0.00963868300000037, 0.009613339000001275, 0.009541530999999992, 0.009583771000000851, 0.009587995000000404, 0.009516187000000897, 0.009554203000000427, 0.009528859000001333, 0.009604891000000393, 0.00960066700000084, 0.00952041100000045, 0.009549979000000874, 0.009566875000000863, 0.009592218999999957, 0.00966402700000124, 0.009579547000001298, 0.009655579000000358, 0.009647131000001252, 0.009545755000001321, 0.009621787000000381, 0.009571099000000416, 0.009630235000001264, 0.009537307000000439, 0.009668251000000794, 0.009626010999999934, 0.0096766989999999, 0.009533083000000886, 0.009672475000000347], [0.009201853000000426, 0.009176528000001127, 0.009277828000000099, 0.009303152000001091, 0.009311594000001477, 0.009075229000000462, 0.00913432000000114, 0.009210295000000812, 0.009108996000000147, 0.009066788000000159, 0.009286269000000402, 0.009016105000000607, 0.00905834600000155, 0.009320036000000087, 0.009184970000001513, 0.0092525030000008, 0.009218736000001115, 0.009083671000000848, 0.009336919000000776, 0.009100554000001537, 0.009244061000000414, 0.00932847700000039, 0.009142762000001525, 0.009151204000000135, 0.009049904000001163, 0.009193412000000123, 0.009033021000000474, 0.00926938600000149, 0.009260944000001103, 0.009159645000000438, 0.00934536000000108, 0.009227178000001501, 0.009092112000001151, 0.009168087000000824, 0.009235620000000111, 0.00902458000000017, 0.009125879000000836, 0.00911743700000045, 0.00904146300000086, 0.009294711000000788]]
INFO:__main__:* DCTCP FCT: [[0.009997592000001276, 0.009997639000001612, 0.00999768500000009, 0.009997731000000343, 0.009997777000000596, 0.009997824000000932, 0.009997870000001186, 0.009997916000001439, 0.009997961999999916, 0.009998009000000252, 0.009998055000000505, 0.009998101000000759, 0.009998147000001012, 0.009998194000001348, 0.009998240000001601, 0.009998286000000078, 0.009998332000000332, 0.009998379000000668, 0.009998425000000921, 0.009998471000001175, 0.009998517000001428, 0.009998563999999988, 0.009998610000000241, 0.009998656000000494, 0.009998702000000748, 0.009998748000001001, 0.009998795000001337, 0.00999884100000159, 0.009998887000000067, 0.00999893300000032, 0.009998980000000657, 0.00999902600000091, 0.009999072000001163, 0.009999118000001417, 0.009999164999999977, 0.00999921100000023, 0.009999257000000483, 0.009999303000000737, 0.009999350000001073, 0.009999396000001326], [0.00999267200000098, 0.009992759000001072, 0.009992845000001083, 0.009992931000001093, 0.009993017000001103, 0.009993104000001196, 0.009993190000001206, 0.009993276000001217, 0.009993362000001227, 0.00999344900000132, 0.00999353500000133, 0.00999362100000134, 0.00999370700000135, 0.009993794000001444, 0.009993880000001454, 0.009993966000001464, 0.009994052000001474, 0.009994139000001567, 0.009994225000001578, 0.009994311000001588, 0.009994397000001598, 0.009994483999999915, 0.009994569999999925, 0.009994655999999935, 0.009994741999999945, 0.009994827999999956, 0.009994915000000049, 0.009995001000000059, 0.009995087000000069, 0.00999517300000008, 0.009995260000000172, 0.009995346000000183, 0.009995432000000193, 0.009995518000000203, 0.009995605000000296, 0.009995691000000306, 0.009995777000000317, 0.009995863000000327, 0.00999595000000042, 0.00999603600000043], [0.00995304800000163, 0.009953473000001267, 0.009953898000000905, 0.009954323000000542, 0.00995474800000018, 0.009955173000001594, 0.009955598000001231, 0.009956023000000869, 0.009956448000000506, 0.009956873000000144, 0.009957298000001558, 0.009957723000001195, 0.009958148000000833, 0.009958572000000387, 0.009958997000000025, 0.009959422000001439, 0.009959847000001076, 0.009960272000000714, 0.009960697000000351, 0.009961121999999989, 0.009961547000001403, 0.00996197200000104, 0.009962397000000678, 0.009962822000000315, 0.009963246999999953, 0.009963672000001367, 0.009964097000001004, 0.009964522000000642, 0.00996494700000028, 0.009965371999999917, 0.00996579700000133, 0.009966222000000968, 0.009966647000000606, 0.009967072000000243, 0.00996749699999988, 0.009967922000001295, 0.009968347000000932, 0.00996877200000057, 0.009969196000000125, 0.009969621000001538], [0.009903467000000887, 0.00990431000000136, 0.009905154000000138, 0.009905998000000693, 0.009906841000001165, 0.009907684999999944, 0.009908529000000499, 0.009909372000000971, 0.009910216000001526, 0.009911060000000305, 0.00991190400000086, 0.009912747000001332, 0.00991359100000011, 0.009914435000000665, 0.009915278000001138, 0.009916121999999916, 0.009916966000000471, 0.009917809000000943, 0.009918653000001498, 0.009919497000000277, 0.009920340000000749, 0.009921184000001304, 0.009922028000000083, 0.009922871000000555, 0.00992371500000111, 0.009924558999999888, 0.00992540200000036, 0.009926246000000916, 0.00992709000000147, 0.009927933000000166, 0.009928777000000721, 0.009929621000001276, 0.009930463999999972, 0.009931308000000527, 0.009932152000001082, 0.00993299599999986, 0.009933839000000333, 0.009934683000000888, 0.009935527000001443, 0.009936370000000139], [0.009506841000000321, 0.009511060000001237, 0.009515278000000293, 0.009519497000001209, 0.009523715000000266, 0.009527933000001099, 0.009532152000000238, 0.009536370000001071, 0.00954058900000021, 0.009544807000001043, 0.0095490250000001, 0.009553244000001015, 0.009557462000000072, 0.009561681000000988, 0.009565899000000044, 0.009570117000000877, 0.009574336000000017, 0.00957855400000085, 0.009582772999999989, 0.009586991000000822, 0.009591208999999878, 0.009595428000000794, 0.009599646000001627, 0.009603865000000766, 0.0096080830000016, 0.009612301000000656, 0.009616520000001572, 0.009620738000000628, 0.009624957000001544, 0.0096291750000006, 0.009633393000001433, 0.009637612000000573, 0.009641830000001406, 0.009646049000000545, 0.009650267000001378, 0.009654485000000435, 0.00965870400000135, 0.009662922000000407, 0.009667141000001322, 0.009671359000000379], [0.009327759000001379, 0.0093280680000003, 0.00932837800000108, 0.009328688000000085, 0.009328998000000865, 0.00932930799999987, 0.00932961800000065, 0.00932992800000143, 0.009330238000000435, 0.009330548000001215, 0.00933085800000022, 0.009331168000001, 0.009331478000000004, 0.009331788000000785, 0.009332097000001482, 0.009332407000000487, 0.009332717000001267, 0.009333027000000271, 0.009333337000001052, 0.009333647000000056, 0.009333957000000837, 0.009334267000001617, 0.009334577000000621, 0.009334887000001402, 0.009335197000000406, 0.009335507000001186, 0.009335940000001486, 0.009336371999999926, 0.009336805000000226, 0.009337238000000525, 0.009337671000000825, 0.009338104000001124, 0.009338537000001423, 0.009338969999999946, 0.009339403000000246, 0.009339836000000545, 0.009340269000000845, 0.009340579000001625, 0.00934088900000063, 0.00934119900000141]]
INFO:__main__:* XPass FCT: [[0.009998059000000836, 0.009998152000001426, 0.009998245000000239, 0.009998338000000828, 0.009998390999999884, 0.009998444000000717, 0.00999849700000155, 0.010003124000000696, 0.010003248000000298, 0.010003377000000313, 0.01000371599999994, 0.009998549000000523, 0.010012169000001236, 0.010042287000000982, 0.010067035000000502, 0.010054981000001462, 0.010070716000001312, 0.010028004000000479, 0.010056091000000933, 0.010061856000000091, 0.010007426000001374, 0.010015343000000954, 0.009998602000001355, 0.009998769000000962, 0.01002700500000131, 0.010028674000000848, 0.010016567000000975, 0.009998822000000018, 0.010047029000000762, 0.010075406000000342, 0.010061066000000451, 0.010064016000001175, 0.010044309000001306, 0.01000692600000086, 0.010042215000000354, 0.010000967999999943, 0.01001153400000021, 0.010077346000000986, 0.010083970000000164, 0.01001959600000113], [0.009997699000001248, 0.00999779200000006, 0.00999791899999991, 0.009998046000001537, 0.009998165000000725, 0.009998287000000161, 0.009998412999999928, 0.009998552000000771, 0.010066410000000303, 0.01005591100000025, 0.010070235000000594, 0.010041396000000091, 0.010049802000001051, 0.010066926000000365, 0.010039710000000923, 0.010029009000000144, 0.009998851000000641, 0.010009521000000632, 0.010013578000000578, 0.010045954000000634, 0.010056077000001551, 0.010050151000001506, 0.010052976000000768, 0.010031356000000713, 0.010027843000001369, 0.01008157000000054, 0.009993474999999918, 0.009996307000001536, 0.01005116900000047, 0.01002791099999989, 0.010079986000000929, 0.01004004500000022, 0.010004810999999947, 0.009998990000001484, 0.010027272000000309, 0.010014995000000582, 0.010084552000000357, 0.009993959000000885, 0.010004174000000532, 0.010041306000001526], [0.009996164000000363, 0.00999507400000077, 0.010038928000000169, 0.009996471000000895, 0.009994203000001534, 0.010032657, 0.010045850000000911, 0.009996540000001275, 0.010045738000000526, 0.010041992000001443, 0.009981240000000113, 0.009983272000001264, 0.00999852400000023, 0.009982937000000192, 0.009983346000000282, 0.00998719100000045, 0.01000395100000162, 0.009998996000000204, 0.009997824000000932, 0.009997247000001153, 0.009989589999999993, 0.010052082000001406, 0.009984643000001014, 0.009988784000000805, 0.009995249000001039, 0.009997530000001476, 0.009990340999999958, 0.009989227000000156, 0.00999137000000161, 0.009998229000000691, 0.009987843000001106, 0.010005072000000226, 0.009983945000000105, 0.009991089000001452, 0.009992045000000616, 0.009982869999999977, 0.009982246999999944, 0.009987721999999977, 0.009997184000001269, 0.00996371400000129], [0.009915335000000525, 0.00996039400000015, 0.009987221000001156, 0.009953743000000514, 0.009944639000000421, 0.010018725000000117, 0.009940105000000088, 0.009962085000001508, 0.009969007000000474, 0.009982761000001616, 0.009984045000001274, 0.00994539100000047, 0.009958598000000762, 0.009946734000001456, 0.009962265000000414, 0.010012611000000504, 0.010022951999999918, 0.009937148000000562, 0.010017415000000085, 0.009939363000000867, 0.00991403500000132, 0.010017164000000633, 0.009995635000001002, 0.01002710800000095, 0.009977090000001354, 0.010021392000000517, 0.009953837000001187, 0.009929614000000697, 0.009956657000000035, 0.009999488000000056, 0.009960895000000747, 0.009999190000000269, 0.009938054000000918, 0.010034907000001425, 0.00993025400000036, 0.010011646000000596, 0.009954994000000994, 0.009926021000000063, 0.009937934999999953, 0.010011775000000611], [0.009648729000000245, 0.009732044000001494, 0.009669479000001147, 0.00970475100000101, 0.009693654000001217, 0.009710125000001568, 0.009729276000001619, 0.00972190900000136, 0.009663512000001262, 0.009602558000000982, 0.009707298000000364, 0.009699308000000073, 0.009721000000000757, 0.009601783000000808, 0.009682629000000276, 0.009745768000000155, 0.009684158000000664, 0.009658211000001415, 0.009668319000001091, 0.009686813000000072, 0.009627013000001128, 0.009735184000000174, 0.009758615000000859, 0.009663167000001138, 0.009706258000001355, 0.009743135000000791, 0.009613949000000233, 0.009643830999999992, 0.00968279300000141, 0.009697098000000182, 0.009700987000000438, 0.009710877000001616, 0.00976683500000064, 0.009691478000000586, 0.009677445000001228, 0.009661170000001107, 0.009663547000000605, 0.009707879000000474, 0.009670824000000522, 0.009681898000000189], [0.009309393000000554, 0.009337838000000431, 0.009317002000001295, 0.009398079000000337, 0.009321905000000186, 0.009295005000000245, 0.009308576000000457, 0.009334400000000187, 0.009388375000000337, 0.00930018200000049, 0.00924999800000137, 0.0094144310000015, 0.009436938000000339, 0.009362177999999943, 0.00947522300000081, 0.009379326000001242, 0.00935534300000107, 0.009378382000001295, 0.009248419000000396, 0.00936459300000081, 0.00938103600000062, 0.009301724000000178, 0.009329951999999864, 0.009384114000001276, 0.009347550000001092, 0.009341156000001405, 0.009354670000000453, 0.009408984000000231, 0.009326688000001582, 0.009378058000001133, 0.0094378740000014, 0.009371090000000137, 0.00930275199999997, 0.009303784000000093, 0.009346752000000791, 0.009362053000000259, 0.009304679000001315, 0.009319169000001182, 0.009349614000001338, 0.00933059100000122]]
INFO:__main__:** SSIRD FCT sorted: [[(1000000, 0.010004453000000524), (1000000, 0.009998893000000564), (1000000, 0.00999815000000126), (1000000, 0.009999496000000718), (1000000, 0.009998475000001505), (1000000, 0.009997918000001604), (1000000, 0.009999356999999875), (1000000, 0.00999898500000107), (1000000, 0.009997872000001351), (1000000, 0.009998568000000319), (1000000, 0.009998104000001007), (1000000, 0.009998753000001415), (1000000, 0.00999805700000067), (1000000, 0.009998799999999974), (1000000, 0.00999912500000022), (1000000, 0.009999449000000382), (1000000, 0.009998429000001252), (1000000, 0.009999589000001308), (1000000, 0.009998520999999982), (1000000, 0.009998382000000916), (1000000, 0.009998846000000228), (1000000, 0.009998011000000417), (1000000, 0.009998939000000817), (1000000, 0.009999217000000726), (1000000, 0.009998614000000572), (1000000, 0.009998197000001596), (1000000, 0.009999077999999884), (1000000, 0.009999032000001407), (1000000, 0.009999635000001561), (1000000, 0.009998336000000663), (1000000, 0.009999403000000129), (1000000, 0.009998243000000073), (1000000, 0.009998661000000908), (1000000, 0.009998289000000327), (1000000, 0.009999310000001316), (1000000, 0.009999264000001062), (1000000, 0.009998707000001161), (1000000, 0.009997965000000164), (1000000, 0.009999542000000972), (1000000, 0.009999171000000473)], [(1000000, 0.009999268000001393), (1000000, 0.00999771300000063), (1000000, 0.009998663000001073), (1000000, 0.009999872999999937), (1000000, 0.009999355000001486), (1000000, 0.009999958999999947), (1000000, 0.010000910000000474), (1000000, 0.009999786999999927), (1000000, 0.01000073700000037), (1000000, 0.010000305000000154), (1000000, 0.00999831800000095), (1000000, 0.00999900900000128), (1000000, 0.009998750000001166), (1000000, 0.009999441000001497), (1000000, 0.009998491000001053), (1000000, 0.00999970000000161), (1000000, 0.010000564000000267), (1000000, 0.00999840400000096), (1000000, 0.009998577000001063), (1000000, 0.009998231000000857), (1000000, 0.00999909500000129), (1000000, 0.009999527000001507), (1000000, 0.00999892300000127), (1000000, 0.009997972000000743), (1000000, 0.009998059000000836), (1000000, 0.010000478000000257), (1000000, 0.009998836000001177), (1000000, 0.010001083000000577), (1000000, 0.010000219000000143), (1000000, 0.01000004600000004), (1000000, 0.009997886000000733), (1000000, 0.009999182000001383), (1000000, 0.009998145000000846), (1000000, 0.01000013200000005), (1000000, 0.0099996140000016), (1000000, 0.01000082300000038), (1000000, 0.010000996000000484), (1000000, 0.00999779900000064), (1000000, 0.010000391000000164), (1000000, 0.01000065100000036)], [(1000000, 0.00996325700000078), (1000000, 0.009973056000001534), (1000000, 0.009970926000001157), (1000000, 0.009970075000000023), (1000000, 0.00997050100000152), (1000000, 0.009967947000001587), (1000000, 0.009966666000000401), (1000000, 0.009959001000000356), (1000000, 0.009969224000000665), (1000000, 0.009961129000000568), (1000000, 0.009971352000000877), (1000000, 0.00997433200000053), (1000000, 0.009965389000001323), (1000000, 0.009961981000000009), (1000000, 0.009959853000001573), (1000000, 0.009958099000000331), (1000000, 0.009973481000001172), (1000000, 0.009965814000000961), (1000000, 0.009972630000000038), (1000000, 0.009972204000000318), (1000000, 0.009961555000000288), (1000000, 0.009962832000001143), (1000000, 0.009964534000001635), (1000000, 0.009964960000001355), (1000000, 0.009967096000000453), (1000000, 0.009969649000000302), (1000000, 0.0099636830000005), (1000000, 0.009973907000000892), (1000000, 0.009968373000001307), (1000000, 0.00996027800000121), (1000000, 0.00996410900000022), (1000000, 0.00996752100000009), (1000000, 0.009968798000000945), (1000000, 0.009966240000000681), (1000000, 0.009958576000000718), (1000000, 0.009962406000001423), (1000000, 0.00997177900000068), (1000000, 0.00996070400000093), (1000000, 0.00997475800000025), (1000000, 0.009959427000000076)], [(1000000, 0.009909353000001175), (1000000, 0.009921214000000234), (1000000, 0.009938126000001546), (1000000, 0.009914439000000996), (1000000, 0.009912749000001497), (1000000, 0.009922059000000871), (1000000, 0.009926283000000424), (1000000, 0.009931368000000163), (1000000, 0.009915284000001634), (1000000, 0.009927128000001062), (1000000, 0.0099322130000008), (1000000, 0.009913594000000359), (1000000, 0.009934747000000854), (1000000, 0.009910215000001443), (1000000, 0.009922904000001509), (1000000, 0.009941506000000544), (1000000, 0.009911905000000942), (1000000, 0.009925438000001563), (1000000, 0.00993050800000006), (1000000, 0.009933902000000217), (1000000, 0.00992374900000037), (1000000, 0.009916129000000495), (1000000, 0.009938971000000407), (1000000, 0.009940660999999906), (1000000, 0.009937282000000991), (1000000, 0.00991868000000018), (1000000, 0.009929663000001199), (1000000, 0.009936437000000353), (1000000, 0.009939816000001045), (1000000, 0.009927972999999923), (1000000, 0.009920369000001372), (1000000, 0.009933058000001438), (1000000, 0.00991697300000105), (1000000, 0.009908508000000538), (1000000, 0.009928818000000561), (1000000, 0.009917835000001318), (1000000, 0.009911060000000305), (1000000, 0.009919525000000817), (1000000, 0.009924593000000925), (1000000, 0.009935592000001492)], [(1000000, 0.00955842699999998), (1000000, 0.009642906999999923), (1000000, 0.009575322999999969), (1000000, 0.009609114999999946), (1000000, 0.009651355000000805), (1000000, 0.009617563000000828), (1000000, 0.009659802999999911), (1000000, 0.009524635000000004), (1000000, 0.009634459000000817), (1000000, 0.009511897000001213), (1000000, 0.00956265100000131), (1000000, 0.009596443000001287), (1000000, 0.00963868300000037), (1000000, 0.009613339000001275), (1000000, 0.009541530999999992), (1000000, 0.009583771000000851), (1000000, 0.009587995000000404), (1000000, 0.009516187000000897), (1000000, 0.009554203000000427), (1000000, 0.009528859000001333), (1000000, 0.009604891000000393), (1000000, 0.00960066700000084), (1000000, 0.00952041100000045), (1000000, 0.009549979000000874), (1000000, 0.009566875000000863), (1000000, 0.009592218999999957), (1000000, 0.00966402700000124), (1000000, 0.009579547000001298), (1000000, 0.009655579000000358), (1000000, 0.009647131000001252), (1000000, 0.009545755000001321), (1000000, 0.009621787000000381), (1000000, 0.009571099000000416), (1000000, 0.009630235000001264), (1000000, 0.009537307000000439), (1000000, 0.009668251000000794), (1000000, 0.009626010999999934), (1000000, 0.0096766989999999), (1000000, 0.009533083000000886), (1000000, 0.009672475000000347)], [(1000000, 0.009201853000000426), (1000000, 0.009176528000001127), (1000000, 0.009277828000000099), (1000000, 0.009303152000001091), (1000000, 0.009311594000001477), (1000000, 0.009075229000000462), (1000000, 0.00913432000000114), (1000000, 0.009210295000000812), (1000000, 0.009108996000000147), (1000000, 0.009066788000000159), (1000000, 0.009286269000000402), (1000000, 0.009016105000000607), (1000000, 0.00905834600000155), (1000000, 0.009320036000000087), (1000000, 0.009184970000001513), (1000000, 0.0092525030000008), (1000000, 0.009218736000001115), (1000000, 0.009083671000000848), (1000000, 0.009336919000000776), (1000000, 0.009100554000001537), (1000000, 0.009244061000000414), (1000000, 0.00932847700000039), (1000000, 0.009142762000001525), (1000000, 0.009151204000000135), (1000000, 0.009049904000001163), (1000000, 0.009193412000000123), (1000000, 0.009033021000000474), (1000000, 0.00926938600000149), (1000000, 0.009260944000001103), (1000000, 0.009159645000000438), (1000000, 0.00934536000000108), (1000000, 0.009227178000001501), (1000000, 0.009092112000001151), (1000000, 0.009168087000000824), (1000000, 0.009235620000000111), (1000000, 0.00902458000000017), (1000000, 0.009125879000000836), (1000000, 0.00911743700000045), (1000000, 0.00904146300000086), (1000000, 0.009294711000000788)]]
INFO:__main__:** DCTCP FCT sorted: [[(1000000, 0.009997592000001276), (1000000, 0.009997639000001612), (1000000, 0.00999768500000009), (1000000, 0.009997731000000343), (1000000, 0.009997777000000596), (1000000, 0.009997824000000932), (1000000, 0.009997870000001186), (1000000, 0.009997916000001439), (1000000, 0.009997961999999916), (1000000, 0.009998009000000252), (1000000, 0.009998055000000505), (1000000, 0.009998101000000759), (1000000, 0.009998147000001012), (1000000, 0.009998194000001348), (1000000, 0.009998240000001601), (1000000, 0.009998286000000078), (1000000, 0.009998332000000332), (1000000, 0.009998379000000668), (1000000, 0.009998425000000921), (1000000, 0.009998471000001175), (1000000, 0.009998517000001428), (1000000, 0.009998563999999988), (1000000, 0.009998610000000241), (1000000, 0.009998656000000494), (1000000, 0.009998702000000748), (1000000, 0.009998748000001001), (1000000, 0.009998795000001337), (1000000, 0.00999884100000159), (1000000, 0.009998887000000067), (1000000, 0.00999893300000032), (1000000, 0.009998980000000657), (1000000, 0.00999902600000091), (1000000, 0.009999072000001163), (1000000, 0.009999118000001417), (1000000, 0.009999164999999977), (1000000, 0.00999921100000023), (1000000, 0.009999257000000483), (1000000, 0.009999303000000737), (1000000, 0.009999350000001073), (1000000, 0.009999396000001326)], [(1000000, 0.00999267200000098), (1000000, 0.009992759000001072), (1000000, 0.009992845000001083), (1000000, 0.009992931000001093), (1000000, 0.009993017000001103), (1000000, 0.009993104000001196), (1000000, 0.009993190000001206), (1000000, 0.009993276000001217), (1000000, 0.009993362000001227), (1000000, 0.00999344900000132), (1000000, 0.00999353500000133), (1000000, 0.00999362100000134), (1000000, 0.00999370700000135), (1000000, 0.009993794000001444), (1000000, 0.009993880000001454), (1000000, 0.009993966000001464), (1000000, 0.009994052000001474), (1000000, 0.009994139000001567), (1000000, 0.009994225000001578), (1000000, 0.009994311000001588), (1000000, 0.009994397000001598), (1000000, 0.009994483999999915), (1000000, 0.009994569999999925), (1000000, 0.009994655999999935), (1000000, 0.009994741999999945), (1000000, 0.009994827999999956), (1000000, 0.009994915000000049), (1000000, 0.009995001000000059), (1000000, 0.009995087000000069), (1000000, 0.00999517300000008), (1000000, 0.009995260000000172), (1000000, 0.009995346000000183), (1000000, 0.009995432000000193), (1000000, 0.009995518000000203), (1000000, 0.009995605000000296), (1000000, 0.009995691000000306), (1000000, 0.009995777000000317), (1000000, 0.009995863000000327), (1000000, 0.00999595000000042), (1000000, 0.00999603600000043)], [(1000000, 0.00995304800000163), (1000000, 0.009953473000001267), (1000000, 0.009953898000000905), (1000000, 0.009954323000000542), (1000000, 0.00995474800000018), (1000000, 0.009955173000001594), (1000000, 0.009955598000001231), (1000000, 0.009956023000000869), (1000000, 0.009956448000000506), (1000000, 0.009956873000000144), (1000000, 0.009957298000001558), (1000000, 0.009957723000001195), (1000000, 0.009958148000000833), (1000000, 0.009958572000000387), (1000000, 0.009958997000000025), (1000000, 0.009959422000001439), (1000000, 0.009959847000001076), (1000000, 0.009960272000000714), (1000000, 0.009960697000000351), (1000000, 0.009961121999999989), (1000000, 0.009961547000001403), (1000000, 0.00996197200000104), (1000000, 0.009962397000000678), (1000000, 0.009962822000000315), (1000000, 0.009963246999999953), (1000000, 0.009963672000001367), (1000000, 0.009964097000001004), (1000000, 0.009964522000000642), (1000000, 0.00996494700000028), (1000000, 0.009965371999999917), (1000000, 0.00996579700000133), (1000000, 0.009966222000000968), (1000000, 0.009966647000000606), (1000000, 0.009967072000000243), (1000000, 0.00996749699999988), (1000000, 0.009967922000001295), (1000000, 0.009968347000000932), (1000000, 0.00996877200000057), (1000000, 0.009969196000000125), (1000000, 0.009969621000001538)], [(1000000, 0.009903467000000887), (1000000, 0.00990431000000136), (1000000, 0.009905154000000138), (1000000, 0.009905998000000693), (1000000, 0.009906841000001165), (1000000, 0.009907684999999944), (1000000, 0.009908529000000499), (1000000, 0.009909372000000971), (1000000, 0.009910216000001526), (1000000, 0.009911060000000305), (1000000, 0.00991190400000086), (1000000, 0.009912747000001332), (1000000, 0.00991359100000011), (1000000, 0.009914435000000665), (1000000, 0.009915278000001138), (1000000, 0.009916121999999916), (1000000, 0.009916966000000471), (1000000, 0.009917809000000943), (1000000, 0.009918653000001498), (1000000, 0.009919497000000277), (1000000, 0.009920340000000749), (1000000, 0.009921184000001304), (1000000, 0.009922028000000083), (1000000, 0.009922871000000555), (1000000, 0.00992371500000111), (1000000, 0.009924558999999888), (1000000, 0.00992540200000036), (1000000, 0.009926246000000916), (1000000, 0.00992709000000147), (1000000, 0.009927933000000166), (1000000, 0.009928777000000721), (1000000, 0.009929621000001276), (1000000, 0.009930463999999972), (1000000, 0.009931308000000527), (1000000, 0.009932152000001082), (1000000, 0.00993299599999986), (1000000, 0.009933839000000333), (1000000, 0.009934683000000888), (1000000, 0.009935527000001443), (1000000, 0.009936370000000139)], [(1000000, 0.009506841000000321), (1000000, 0.009511060000001237), (1000000, 0.009515278000000293), (1000000, 0.009519497000001209), (1000000, 0.009523715000000266), (1000000, 0.009527933000001099), (1000000, 0.009532152000000238), (1000000, 0.009536370000001071), (1000000, 0.00954058900000021), (1000000, 0.009544807000001043), (1000000, 0.0095490250000001), (1000000, 0.009553244000001015), (1000000, 0.009557462000000072), (1000000, 0.009561681000000988), (1000000, 0.009565899000000044), (1000000, 0.009570117000000877), (1000000, 0.009574336000000017), (1000000, 0.00957855400000085), (1000000, 0.009582772999999989), (1000000, 0.009586991000000822), (1000000, 0.009591208999999878), (1000000, 0.009595428000000794), (1000000, 0.009599646000001627), (1000000, 0.009603865000000766), (1000000, 0.0096080830000016), (1000000, 0.009612301000000656), (1000000, 0.009616520000001572), (1000000, 0.009620738000000628), (1000000, 0.009624957000001544), (1000000, 0.0096291750000006), (1000000, 0.009633393000001433), (1000000, 0.009637612000000573), (1000000, 0.009641830000001406), (1000000, 0.009646049000000545), (1000000, 0.009650267000001378), (1000000, 0.009654485000000435), (1000000, 0.00965870400000135), (1000000, 0.009662922000000407), (1000000, 0.009667141000001322), (1000000, 0.009671359000000379)], [(1000000, 0.009327759000001379), (1000000, 0.0093280680000003), (1000000, 0.00932837800000108), (1000000, 0.009328688000000085), (1000000, 0.009328998000000865), (1000000, 0.00932930799999987), (1000000, 0.00932961800000065), (1000000, 0.00932992800000143), (1000000, 0.009330238000000435), (1000000, 0.009330548000001215), (1000000, 0.00933085800000022), (1000000, 0.009331168000001), (1000000, 0.009331478000000004), (1000000, 0.009331788000000785), (1000000, 0.009332097000001482), (1000000, 0.009332407000000487), (1000000, 0.009332717000001267), (1000000, 0.009333027000000271), (1000000, 0.009333337000001052), (1000000, 0.009333647000000056), (1000000, 0.009333957000000837), (1000000, 0.009334267000001617), (1000000, 0.009334577000000621), (1000000, 0.009334887000001402), (1000000, 0.009335197000000406), (1000000, 0.009335507000001186), (1000000, 0.009335940000001486), (1000000, 0.009336371999999926), (1000000, 0.009336805000000226), (1000000, 0.009337238000000525), (1000000, 0.009337671000000825), (1000000, 0.009338104000001124), (1000000, 0.009338537000001423), (1000000, 0.009338969999999946), (1000000, 0.009339403000000246), (1000000, 0.009339836000000545), (1000000, 0.009340269000000845), (1000000, 0.009340579000001625), (1000000, 0.00934088900000063), (1000000, 0.00934119900000141)]]
INFO:__main__:** XPass FCT sorted: [[(1000000, 0.009998059000000836), (1000000, 0.009998152000001426), (1000000, 0.009998245000000239), (1000000, 0.009998338000000828), (1000000, 0.009998390999999884), (1000000, 0.009998444000000717), (1000000, 0.00999849700000155), (1000000, 0.010003124000000696), (1000000, 0.010003248000000298), (1000000, 0.010003377000000313), (1000000, 0.01000371599999994), (1000000, 0.009998549000000523), (1000000, 0.010012169000001236), (1000000, 0.010042287000000982), (1000000, 0.010067035000000502), (1000000, 0.010054981000001462), (1000000, 0.010070716000001312), (1000000, 0.010028004000000479), (1000000, 0.010056091000000933), (1000000, 0.010061856000000091), (1000000, 0.010007426000001374), (1000000, 0.010015343000000954), (1000000, 0.009998602000001355), (1000000, 0.009998769000000962), (1000000, 0.01002700500000131), (1000000, 0.010028674000000848), (1000000, 0.010016567000000975), (1000000, 0.009998822000000018), (1000000, 0.010047029000000762), (1000000, 0.010075406000000342), (1000000, 0.010061066000000451), (1000000, 0.010064016000001175), (1000000, 0.010044309000001306), (1000000, 0.01000692600000086), (1000000, 0.010042215000000354), (1000000, 0.010000967999999943), (1000000, 0.01001153400000021), (1000000, 0.010077346000000986), (1000000, 0.010083970000000164), (1000000, 0.01001959600000113)], [(1000000, 0.009997699000001248), (1000000, 0.00999779200000006), (1000000, 0.00999791899999991), (1000000, 0.009998046000001537), (1000000, 0.009998165000000725), (1000000, 0.009998287000000161), (1000000, 0.009998412999999928), (1000000, 0.009998552000000771), (1000000, 0.010066410000000303), (1000000, 0.01005591100000025), (1000000, 0.010070235000000594), (1000000, 0.010041396000000091), (1000000, 0.010049802000001051), (1000000, 0.010066926000000365), (1000000, 0.010039710000000923), (1000000, 0.010029009000000144), (1000000, 0.009998851000000641), (1000000, 0.010009521000000632), (1000000, 0.010013578000000578), (1000000, 0.010045954000000634), (1000000, 0.010056077000001551), (1000000, 0.010050151000001506), (1000000, 0.010052976000000768), (1000000, 0.010031356000000713), (1000000, 0.010027843000001369), (1000000, 0.01008157000000054), (1000000, 0.009993474999999918), (1000000, 0.009996307000001536), (1000000, 0.01005116900000047), (1000000, 0.01002791099999989), (1000000, 0.010079986000000929), (1000000, 0.01004004500000022), (1000000, 0.010004810999999947), (1000000, 0.009998990000001484), (1000000, 0.010027272000000309), (1000000, 0.010014995000000582), (1000000, 0.010084552000000357), (1000000, 0.009993959000000885), (1000000, 0.010004174000000532), (1000000, 0.010041306000001526)], [(1000000, 0.009996164000000363), (1000000, 0.00999507400000077), (1000000, 0.010038928000000169), (1000000, 0.009996471000000895), (1000000, 0.009994203000001534), (1000000, 0.010032657), (1000000, 0.010045850000000911), (1000000, 0.009996540000001275), (1000000, 0.010045738000000526), (1000000, 0.010041992000001443), (1000000, 0.009981240000000113), (1000000, 0.009983272000001264), (1000000, 0.00999852400000023), (1000000, 0.009982937000000192), (1000000, 0.009983346000000282), (1000000, 0.00998719100000045), (1000000, 0.01000395100000162), (1000000, 0.009998996000000204), (1000000, 0.009997824000000932), (1000000, 0.009997247000001153), (1000000, 0.009989589999999993), (1000000, 0.010052082000001406), (1000000, 0.009984643000001014), (1000000, 0.009988784000000805), (1000000, 0.009995249000001039), (1000000, 0.009997530000001476), (1000000, 0.009990340999999958), (1000000, 0.009989227000000156), (1000000, 0.00999137000000161), (1000000, 0.009998229000000691), (1000000, 0.009987843000001106), (1000000, 0.010005072000000226), (1000000, 0.009983945000000105), (1000000, 0.009991089000001452), (1000000, 0.009992045000000616), (1000000, 0.009982869999999977), (1000000, 0.009982246999999944), (1000000, 0.009987721999999977), (1000000, 0.009997184000001269), (1000000, 0.00996371400000129)], [(1000000, 0.009915335000000525), (1000000, 0.00996039400000015), (1000000, 0.009987221000001156), (1000000, 0.009953743000000514), (1000000, 0.009944639000000421), (1000000, 0.010018725000000117), (1000000, 0.009940105000000088), (1000000, 0.009962085000001508), (1000000, 0.009969007000000474), (1000000, 0.009982761000001616), (1000000, 0.009984045000001274), (1000000, 0.00994539100000047), (1000000, 0.009958598000000762), (1000000, 0.009946734000001456), (1000000, 0.009962265000000414), (1000000, 0.010012611000000504), (1000000, 0.010022951999999918), (1000000, 0.009937148000000562), (1000000, 0.010017415000000085), (1000000, 0.009939363000000867), (1000000, 0.00991403500000132), (1000000, 0.010017164000000633), (1000000, 0.009995635000001002), (1000000, 0.01002710800000095), (1000000, 0.009977090000001354), (1000000, 0.010021392000000517), (1000000, 0.009953837000001187), (1000000, 0.009929614000000697), (1000000, 0.009956657000000035), (1000000, 0.009999488000000056), (1000000, 0.009960895000000747), (1000000, 0.009999190000000269), (1000000, 0.009938054000000918), (1000000, 0.010034907000001425), (1000000, 0.00993025400000036), (1000000, 0.010011646000000596), (1000000, 0.009954994000000994), (1000000, 0.009926021000000063), (1000000, 0.009937934999999953), (1000000, 0.010011775000000611)], [(1000000, 0.009648729000000245), (1000000, 0.009732044000001494), (1000000, 0.009669479000001147), (1000000, 0.00970475100000101), (1000000, 0.009693654000001217), (1000000, 0.009710125000001568), (1000000, 0.009729276000001619), (1000000, 0.00972190900000136), (1000000, 0.009663512000001262), (1000000, 0.009602558000000982), (1000000, 0.009707298000000364), (1000000, 0.009699308000000073), (1000000, 0.009721000000000757), (1000000, 0.009601783000000808), (1000000, 0.009682629000000276), (1000000, 0.009745768000000155), (1000000, 0.009684158000000664), (1000000, 0.009658211000001415), (1000000, 0.009668319000001091), (1000000, 0.009686813000000072), (1000000, 0.009627013000001128), (1000000, 0.009735184000000174), (1000000, 0.009758615000000859), (1000000, 0.009663167000001138), (1000000, 0.009706258000001355), (1000000, 0.009743135000000791), (1000000, 0.009613949000000233), (1000000, 0.009643830999999992), (1000000, 0.00968279300000141), (1000000, 0.009697098000000182), (1000000, 0.009700987000000438), (1000000, 0.009710877000001616), (1000000, 0.00976683500000064), (1000000, 0.009691478000000586), (1000000, 0.009677445000001228), (1000000, 0.009661170000001107), (1000000, 0.009663547000000605), (1000000, 0.009707879000000474), (1000000, 0.009670824000000522), (1000000, 0.009681898000000189)], [(1000000, 0.009309393000000554), (1000000, 0.009337838000000431), (1000000, 0.009317002000001295), (1000000, 0.009398079000000337), (1000000, 0.009321905000000186), (1000000, 0.009295005000000245), (1000000, 0.009308576000000457), (1000000, 0.009334400000000187), (1000000, 0.009388375000000337), (1000000, 0.00930018200000049), (1000000, 0.00924999800000137), (1000000, 0.0094144310000015), (1000000, 0.009436938000000339), (1000000, 0.009362177999999943), (1000000, 0.00947522300000081), (1000000, 0.009379326000001242), (1000000, 0.00935534300000107), (1000000, 0.009378382000001295), (1000000, 0.009248419000000396), (1000000, 0.00936459300000081), (1000000, 0.00938103600000062), (1000000, 0.009301724000000178), (1000000, 0.009329951999999864), (1000000, 0.009384114000001276), (1000000, 0.009347550000001092), (1000000, 0.009341156000001405), (1000000, 0.009354670000000453), (1000000, 0.009408984000000231), (1000000, 0.009326688000001582), (1000000, 0.009378058000001133), (1000000, 0.0094378740000014), (1000000, 0.009371090000000137), (1000000, 0.00930275199999997), (1000000, 0.009303784000000093), (1000000, 0.009346752000000791), (1000000, 0.009362053000000259), (1000000, 0.009304679000001315), (1000000, 0.009319169000001182), (1000000, 0.009349614000001338), (1000000, 0.00933059100000122)]]
