DEBUG:__main__:Protos tested: ['SSIRD', 'DCTCP-50']
DEBUG:__main__:Total_flow_size_B: 200000
DEBUG:__main__:Byteload sizes list: [20, 200, 2000, 20000, 200000]
DEBUG:__main__:Num Flows: 31
DEBUG:__main__:Inter-flow spacing (us): 0
DEBUG:__main__:Flow start times (us): [0, 0, 0, 0, 0, 0, 0, 0, 0, 0, 0, 0, 0, 0, 0, 0, 0, 0, 0, 0, 0, 0, 0, 0, 0, 0, 0, 0, 0, 0, 0]
DEBUG:__main__:Num Byteloads list: [10000, 1000, 100, 10, 1]
DEBUG:__main__:Total injection period (us): 1000.0
DEBUG:__main__:Inter-Byteload Periods list: [0.1, 1.0, 10.0, 100.0, 1000.0]
INFO:__main__:Total Flow Size (Bytes): 200000
INFO:__main__:Total Injection Period (us): 1000.0
INFO:__main__:Byteload Size (Bytes): [20, 200, 2000, 20000, 200000]
INFO:__main__:Num Byteloads: [10000, 1000, 100, 10, 1]
INFO:__main__:Intervals (us): [0.1, 1.0, 10.0, 100.0, 1000.0]
INFO:__main__:Num flows: 31
INFO:__main__:Gdpt GBps theoretical: [49.6, 49.6, 49.6, 49.6, 49.6]
INFO:__main__:* Sim duration (SSIRD): [0.05, 0.02, 0.01, 0.01, 0.01]
INFO:__main__:* Sim duration (DCTCP): [0.08, 0.03, 0.03, 0.03, 0.03]
INFO:dale_experiment_rig:Experiment started at: 2025-08-08 20:59:53.294457
INFO:dale_experiment_rig:
##### RUN GROUP #####
INFO:dale_experiment_rig:
=====
Execute experiment 31flo-10000#-20B-100ns_fullrange_31flo_credit_steal_25conn
INFO:dale_experiment_rig:
=====
Execute experiment 31flo-10000#-20B-100ns_fullrange_31flo_credit_steal_25conn
INFO:dale_experiment_rig:Flags: 1, 1, 1, 1, 0
INFO:dale_experiment_rig:Flags: 1, 1, 1, 1, 0
INFO:dale_experiment_rig:
=====
Execute experiment 31flo-1000#-200B-1000ns_fullrange_31flo_credit_steal_25conn
INFO:dale_experiment_rig:ssird_sim_duration=0.050000; dctcp_sim_duration=0.080000
INFO:dale_experiment_rig:ssird_sim_duration=0.050000; dctcp_sim_duration=0.080000
INFO:dale_experiment_rig:
=====
Execute experiment 31flo-1000#-200B-1000ns_fullrange_31flo_credit_steal_25conn
INFO:dale_experiment_rig:Flags: 1, 1, 1, 1, 0
INFO:dale_experiment_rig:
=====
Execute experiment 31flo-100#-2000B-10000ns_fullrange_31flo_credit_steal_25conn
INFO:dale_experiment_rig:-----
Preparing experiment input MRIs
INFO:dale_experiment_rig:
=====
Execute experiment 31flo-100#-2000B-10000ns_fullrange_31flo_credit_steal_25conn
INFO:dale_experiment_rig:-----
Preparing experiment input MRIs
INFO:dale_experiment_rig:
=====
Execute experiment 31flo-10#-20000B-100000ns_fullrange_31flo_credit_steal_25conn
INFO:dale_experiment_rig:Flags: 1, 1, 1, 1, 0
INFO:dale_experiment_rig:
=====
Execute experiment 31flo-10#-20000B-100000ns_fullrange_31flo_credit_steal_25conn
INFO:dale_experiment_rig:ssird_sim_duration=0.020000; dctcp_sim_duration=0.030000
INFO:dale_experiment_rig:
=====
Execute experiment 31flo-1#-200000B-1000000ns_fullrange_31flo_credit_steal_25conn
INFO:dale_experiment_rig:Flags: 1, 1, 1, 1, 0
INFO:dale_experiment_rig:
=====
Execute experiment 31flo-1#-200000B-1000000ns_fullrange_31flo_credit_steal_25conn
INFO:dale_experiment_rig:### Creating MRI inputs parent dir: /data/dh1723/SIRD-Simulator/scripts/r2p2/coord/config/manual-req-intervals/dale_experiments/FCT_Fullrange_Byteloads_fullrange_31flo_credit_steal_25conn/
INFO:dale_experiment_rig:Flags: 1, 1, 1, 1, 0
INFO:dale_experiment_rig:### Creating MRI inputs parent dir: /data/dh1723/SIRD-Simulator/scripts/r2p2/coord/config/manual-req-intervals/dale_experiments/FCT_Fullrange_Byteloads_fullrange_31flo_credit_steal_25conn/
INFO:dale_experiment_rig:Flags: 1, 1, 1, 1, 0
INFO:dale_experiment_rig:ssird_sim_duration=0.020000; dctcp_sim_duration=0.030000
INFO:dale_experiment_rig:Flags: 1, 1, 1, 1, 0
INFO:dale_experiment_rig:-----
Preparing experiment input MRIs
INFO:dale_experiment_rig:Flags: 1, 1, 1, 1, 0
INFO:dale_experiment_rig:ssird_sim_duration=0.010000; dctcp_sim_duration=0.030000
INFO:dale_experiment_rig:Flags: 1, 1, 1, 1, 0
INFO:dale_experiment_rig:ssird_sim_duration=0.010000; dctcp_sim_duration=0.030000
INFO:dale_experiment_rig:ssird_sim_duration=0.010000; dctcp_sim_duration=0.030000
INFO:dale_experiment_rig:File /data/dh1723/SIRD-Simulator/scripts/r2p2/coord/config/manual-req-intervals/dale_experiments/FCT_Fullrange_Byteloads_fullrange_31flo_credit_steal_25conn/ aready exists.
INFO:dale_experiment_rig:-----
Preparing experiment input MRIs
INFO:dale_experiment_rig:ssird_sim_duration=0.010000; dctcp_sim_duration=0.030000
INFO:dale_experiment_rig:### Creating MRI inputs parent dir: /data/dh1723/SIRD-Simulator/scripts/r2p2/coord/config/manual-req-intervals/dale_experiments/FCT_Fullrange_Byteloads_fullrange_31flo_credit_steal_25conn/
INFO:dale_experiment_rig:ssird_sim_duration=0.010000; dctcp_sim_duration=0.030000
INFO:dale_experiment_rig:-----
Preparing experiment input MRIs
INFO:dale_experiment_rig:ssird_sim_duration=0.010000; dctcp_sim_duration=0.030000
INFO:dale_experiment_rig:-----
Preparing experiment input MRIs
INFO:dale_experiment_rig:-----
Preparing experiment input MRIs
INFO:dale_experiment_rig:### Creating MRI inputs parent dir: /data/dh1723/SIRD-Simulator/scripts/r2p2/coord/config/manual-req-intervals/dale_experiments/FCT_Fullrange_Byteloads_fullrange_31flo_credit_steal_25conn/
INFO:dale_experiment_rig:-----
Preparing experiment input MRIs
INFO:dale_experiment_rig:File /data/dh1723/SIRD-Simulator/scripts/r2p2/coord/config/manual-req-intervals/dale_experiments/FCT_Fullrange_Byteloads_fullrange_31flo_credit_steal_25conn/ aready exists.
INFO:dale_experiment_rig:-----
Preparing experiment input MRIs
INFO:dale_experiment_rig:### Creating MRI inputs parent dir: /data/dh1723/SIRD-Simulator/scripts/r2p2/coord/config/manual-req-intervals/dale_experiments/FCT_Fullrange_Byteloads_fullrange_31flo_credit_steal_25conn/
INFO:dale_experiment_rig:-----
Preparing experiment input MRIs
INFO:dale_experiment_rig:### Creating MRI inputs parent dir: /data/dh1723/SIRD-Simulator/scripts/r2p2/coord/config/manual-req-intervals/dale_experiments/FCT_Fullrange_Byteloads_fullrange_31flo_credit_steal_25conn/
INFO:dale_experiment_rig:### Creating MRI inputs parent dir: /data/dh1723/SIRD-Simulator/scripts/r2p2/coord/config/manual-req-intervals/dale_experiments/FCT_Fullrange_Byteloads_fullrange_31flo_credit_steal_25conn/
INFO:dale_experiment_rig:File /data/dh1723/SIRD-Simulator/scripts/r2p2/coord/config/manual-req-intervals/dale_experiments/FCT_Fullrange_Byteloads_fullrange_31flo_credit_steal_25conn/ aready exists.
INFO:dale_experiment_rig:### Creating MRI inputs parent dir: /data/dh1723/SIRD-Simulator/scripts/r2p2/coord/config/manual-req-intervals/dale_experiments/FCT_Fullrange_Byteloads_fullrange_31flo_credit_steal_25conn/
INFO:dale_experiment_rig:### Creating MRI inputs parent dir: /data/dh1723/SIRD-Simulator/scripts/r2p2/coord/config/manual-req-intervals/dale_experiments/FCT_Fullrange_Byteloads_fullrange_31flo_credit_steal_25conn/
INFO:dale_experiment_rig:File /data/dh1723/SIRD-Simulator/scripts/r2p2/coord/config/manual-req-intervals/dale_experiments/FCT_Fullrange_Byteloads_fullrange_31flo_credit_steal_25conn/ aready exists.
INFO:dale_experiment_rig:### Creating MRI inputs parent dir: /data/dh1723/SIRD-Simulator/scripts/r2p2/coord/config/manual-req-intervals/dale_experiments/FCT_Fullrange_Byteloads_fullrange_31flo_credit_steal_25conn/
INFO:dale_experiment_rig:File /data/dh1723/SIRD-Simulator/scripts/r2p2/coord/config/manual-req-intervals/dale_experiments/FCT_Fullrange_Byteloads_fullrange_31flo_credit_steal_25conn/ aready exists.
DEBUG:dale_experiment_rig:num flows: 31
INFO:dale_experiment_rig:File /data/dh1723/SIRD-Simulator/scripts/r2p2/coord/config/manual-req-intervals/dale_experiments/FCT_Fullrange_Byteloads_fullrange_31flo_credit_steal_25conn/ aready exists.
DEBUG:dale_experiment_rig:num flows: 31
DEBUG:dale_experiment_rig:num flows: 31
INFO:dale_experiment_rig:File /data/dh1723/SIRD-Simulator/scripts/r2p2/coord/config/manual-req-intervals/dale_experiments/FCT_Fullrange_Byteloads_fullrange_31flo_credit_steal_25conn/ aready exists.
INFO:dale_experiment_rig:File /data/dh1723/SIRD-Simulator/scripts/r2p2/coord/config/manual-req-intervals/dale_experiments/FCT_Fullrange_Byteloads_fullrange_31flo_credit_steal_25conn/ aready exists.
DEBUG:dale_experiment_rig:num flows: 31
DEBUG:dale_experiment_rig:num flows: 31
INFO:dale_experiment_rig:File /data/dh1723/SIRD-Simulator/scripts/r2p2/coord/config/manual-req-intervals/dale_experiments/FCT_Fullrange_Byteloads_fullrange_31flo_credit_steal_25conn/ aready exists.
DEBUG:dale_experiment_rig:num flows: 31
DEBUG:dale_experiment_rig:num flows: 31
DEBUG:dale_experiment_rig:num flows: 31
DEBUG:dale_experiment_rig:num flows: 31
INFO:dale_experiment_rig:-----
Preparing experiment spec scripts
INFO:dale_experiment_rig:-----
Preparing experiment spec scripts
DEBUG:dale_experiment_rig:num flows: 31
INFO:dale_experiment_rig:-----
Preparing experiment spec scripts
INFO:dale_experiment_rig:-----
Preparing experiment spec scripts
INFO:dale_experiment_rig:### Creating spec scripts parent dir: /data/dh1723/SIRD-Simulator/scripts/r2p2/coord/config/dale_experiments/FCT_Fullrange_Byteloads_fullrange_31flo_credit_steal_25conn/
INFO:dale_experiment_rig:### Creating spec scripts parent dir: /data/dh1723/SIRD-Simulator/scripts/r2p2/coord/config/dale_experiments/FCT_Fullrange_Byteloads_fullrange_31flo_credit_steal_25conn/
INFO:dale_experiment_rig:-----
Preparing experiment spec scripts
INFO:dale_experiment_rig:-----
Preparing experiment spec scripts
INFO:dale_experiment_rig:-----
Preparing experiment spec scripts
INFO:dale_experiment_rig:### Creating spec scripts parent dir: /data/dh1723/SIRD-Simulator/scripts/r2p2/coord/config/dale_experiments/FCT_Fullrange_Byteloads_fullrange_31flo_credit_steal_25conn/
INFO:dale_experiment_rig:-----
Preparing experiment spec scripts
INFO:dale_experiment_rig:### Creating spec scripts parent dir: /data/dh1723/SIRD-Simulator/scripts/r2p2/coord/config/dale_experiments/FCT_Fullrange_Byteloads_fullrange_31flo_credit_steal_25conn/
INFO:dale_experiment_rig:### Creating spec scripts parent dir: /data/dh1723/SIRD-Simulator/scripts/r2p2/coord/config/dale_experiments/FCT_Fullrange_Byteloads_fullrange_31flo_credit_steal_25conn/
INFO:dale_experiment_rig:#### WARNING: File /data/dh1723/SIRD-Simulator/scripts/r2p2/coord/config/dale_experiments/FCT_Fullrange_Byteloads_fullrange_31flo_credit_steal_25conn/ aready exists.
INFO:dale_experiment_rig:### Creating spec scripts parent dir: /data/dh1723/SIRD-Simulator/scripts/r2p2/coord/config/dale_experiments/FCT_Fullrange_Byteloads_fullrange_31flo_credit_steal_25conn/
INFO:dale_experiment_rig:### Creating spec scripts parent dir: /data/dh1723/SIRD-Simulator/scripts/r2p2/coord/config/dale_experiments/FCT_Fullrange_Byteloads_fullrange_31flo_credit_steal_25conn/
INFO:dale_experiment_rig:#### WARNING: File /data/dh1723/SIRD-Simulator/scripts/r2p2/coord/config/dale_experiments/FCT_Fullrange_Byteloads_fullrange_31flo_credit_steal_25conn/ aready exists.
INFO:dale_experiment_rig:### Creating spec scripts parent dir: /data/dh1723/SIRD-Simulator/scripts/r2p2/coord/config/dale_experiments/FCT_Fullrange_Byteloads_fullrange_31flo_credit_steal_25conn/
INFO:dale_experiment_rig:#### WARNING: File /data/dh1723/SIRD-Simulator/scripts/r2p2/coord/config/dale_experiments/FCT_Fullrange_Byteloads_fullrange_31flo_credit_steal_25conn/ aready exists.
INFO:dale_experiment_rig:#### WARNING: File /data/dh1723/SIRD-Simulator/scripts/r2p2/coord/config/dale_experiments/FCT_Fullrange_Byteloads_fullrange_31flo_credit_steal_25conn/ aready exists.
INFO:dale_experiment_rig:#### WARNING: File /data/dh1723/SIRD-Simulator/scripts/r2p2/coord/config/dale_experiments/FCT_Fullrange_Byteloads_fullrange_31flo_credit_steal_25conn/ aready exists.
INFO:dale_experiment_rig:-----
Running experiment for DCTCP-50
INFO:dale_experiment_rig:#### WARNING: File /data/dh1723/SIRD-Simulator/scripts/r2p2/coord/config/dale_experiments/FCT_Fullrange_Byteloads_fullrange_31flo_credit_steal_25conn/ aready exists.
INFO:dale_experiment_rig:#### WARNING: File /data/dh1723/SIRD-Simulator/scripts/r2p2/coord/config/dale_experiments/FCT_Fullrange_Byteloads_fullrange_31flo_credit_steal_25conn/ aready exists.
INFO:dale_experiment_rig:-----
Preparing experiment spec scripts
INFO:dale_experiment_rig:-----
Running experiment for SSIRD
INFO:dale_experiment_rig:### Script:/data/dh1723/SIRD-Simulator/scripts/r2p2/coord/config/dale_experiments/FCT_Fullrange_Byteloads_fullrange_31flo_credit_steal_25conn/DCTCP-50-31flo-1000#-200B-1000ns_fullrange_31flo_credit_steal_25conn.sh
INFO:dale_experiment_rig:-----
Running experiment for DCTCP-50
INFO:dale_experiment_rig:-----
Running experiment for SSIRD
INFO:dale_experiment_rig:-----
Running experiment for SSIRD
INFO:dale_experiment_rig:### Creating spec scripts parent dir: /data/dh1723/SIRD-Simulator/scripts/r2p2/coord/config/dale_experiments/FCT_Fullrange_Byteloads_fullrange_31flo_credit_steal_25conn/
INFO:dale_experiment_rig:-----
Running experiment for DCTCP-50
INFO:dale_experiment_rig:### Script:/data/dh1723/SIRD-Simulator/scripts/r2p2/coord/config/dale_experiments/FCT_Fullrange_Byteloads_fullrange_31flo_credit_steal_25conn/SSIRD-31flo-100#-2000B-10000ns_fullrange_31flo_credit_steal_25conn.sh
INFO:dale_experiment_rig:### Output path (stdout): /data/dh1723/SIRD-Simulator/scripts/r2p2/coord/outputs/FCT_Fullrange_Byteloads_fullrange_31flo_credit_steal_25conn/DCTCP-50_31flo-1000#-200B-1000ns_fullrange_31flo_credit_steal_25conn_stdout.out
INFO:dale_experiment_rig:### Script:/data/dh1723/SIRD-Simulator/scripts/r2p2/coord/config/dale_experiments/FCT_Fullrange_Byteloads_fullrange_31flo_credit_steal_25conn/DCTCP-50-31flo-100#-2000B-10000ns_fullrange_31flo_credit_steal_25conn.sh
INFO:dale_experiment_rig:### Script:/data/dh1723/SIRD-Simulator/scripts/r2p2/coord/config/dale_experiments/FCT_Fullrange_Byteloads_fullrange_31flo_credit_steal_25conn/SSIRD-31flo-10#-20000B-100000ns_fullrange_31flo_credit_steal_25conn.sh
INFO:dale_experiment_rig:-----
Running experiment for SSIRD
INFO:dale_experiment_rig:### Script:/data/dh1723/SIRD-Simulator/scripts/r2p2/coord/config/dale_experiments/FCT_Fullrange_Byteloads_fullrange_31flo_credit_steal_25conn/SSIRD-31flo-1#-200000B-1000000ns_fullrange_31flo_credit_steal_25conn.sh
INFO:dale_experiment_rig:-----
Running experiment for DCTCP-50
INFO:dale_experiment_rig:#### WARNING: File /data/dh1723/SIRD-Simulator/scripts/r2p2/coord/config/dale_experiments/FCT_Fullrange_Byteloads_fullrange_31flo_credit_steal_25conn/ aready exists.
INFO:dale_experiment_rig:### Script:/data/dh1723/SIRD-Simulator/scripts/r2p2/coord/config/dale_experiments/FCT_Fullrange_Byteloads_fullrange_31flo_credit_steal_25conn/DCTCP-50-31flo-10#-20000B-100000ns_fullrange_31flo_credit_steal_25conn.sh
INFO:dale_experiment_rig:### Output path (stdout): /data/dh1723/SIRD-Simulator/scripts/r2p2/coord/outputs/FCT_Fullrange_Byteloads_fullrange_31flo_credit_steal_25conn/ssird_31flo-100#-2000B-10000ns_fullrange_31flo_credit_steal_25conn_stdout.out
INFO:dale_experiment_rig:### Output path (stderr): /data/dh1723/SIRD-Simulator/scripts/r2p2/coord/outputs/FCT_Fullrange_Byteloads_fullrange_31flo_credit_steal_25conn/DCTCP-50_31flo-1000#-200B-1000ns_fullrange_31flo_credit_steal_25conn_stderr.out
INFO:dale_experiment_rig:### Output path (stdout): /data/dh1723/SIRD-Simulator/scripts/r2p2/coord/outputs/FCT_Fullrange_Byteloads_fullrange_31flo_credit_steal_25conn/DCTCP-50_31flo-100#-2000B-10000ns_fullrange_31flo_credit_steal_25conn_stdout.out
INFO:dale_experiment_rig:### Output path (stdout): /data/dh1723/SIRD-Simulator/scripts/r2p2/coord/outputs/FCT_Fullrange_Byteloads_fullrange_31flo_credit_steal_25conn/ssird_31flo-10#-20000B-100000ns_fullrange_31flo_credit_steal_25conn_stdout.out
INFO:dale_experiment_rig:### Script:/data/dh1723/SIRD-Simulator/scripts/r2p2/coord/config/dale_experiments/FCT_Fullrange_Byteloads_fullrange_31flo_credit_steal_25conn/SSIRD-31flo-1000#-200B-1000ns_fullrange_31flo_credit_steal_25conn.sh
INFO:dale_experiment_rig:### Output path (stdout): /data/dh1723/SIRD-Simulator/scripts/r2p2/coord/outputs/FCT_Fullrange_Byteloads_fullrange_31flo_credit_steal_25conn/ssird_31flo-1#-200000B-1000000ns_fullrange_31flo_credit_steal_25conn_stdout.out
INFO:dale_experiment_rig:### Script:/data/dh1723/SIRD-Simulator/scripts/r2p2/coord/config/dale_experiments/FCT_Fullrange_Byteloads_fullrange_31flo_credit_steal_25conn/DCTCP-50-31flo-1#-200000B-1000000ns_fullrange_31flo_credit_steal_25conn.sh
INFO:dale_experiment_rig:### Output path (stdout): /data/dh1723/SIRD-Simulator/scripts/r2p2/coord/outputs/FCT_Fullrange_Byteloads_fullrange_31flo_credit_steal_25conn/DCTCP-50_31flo-10#-20000B-100000ns_fullrange_31flo_credit_steal_25conn_stdout.out
INFO:dale_experiment_rig:### Output path (stderr): /data/dh1723/SIRD-Simulator/scripts/r2p2/coord/outputs/FCT_Fullrange_Byteloads_fullrange_31flo_credit_steal_25conn/ssird_31flo-100#-2000B-10000ns_fullrange_31flo_credit_steal_25conn_stderr.out
INFO:dale_experiment_rig:### Output path (stderr): /data/dh1723/SIRD-Simulator/scripts/r2p2/coord/outputs/FCT_Fullrange_Byteloads_fullrange_31flo_credit_steal_25conn/DCTCP-50_31flo-100#-2000B-10000ns_fullrange_31flo_credit_steal_25conn_stderr.out
INFO:dale_experiment_rig:### Output path (stderr): /data/dh1723/SIRD-Simulator/scripts/r2p2/coord/outputs/FCT_Fullrange_Byteloads_fullrange_31flo_credit_steal_25conn/ssird_31flo-10#-20000B-100000ns_fullrange_31flo_credit_steal_25conn_stderr.out
INFO:dale_experiment_rig:### Output path (stdout): /data/dh1723/SIRD-Simulator/scripts/r2p2/coord/outputs/FCT_Fullrange_Byteloads_fullrange_31flo_credit_steal_25conn/ssird_31flo-1000#-200B-1000ns_fullrange_31flo_credit_steal_25conn_stdout.out
INFO:dale_experiment_rig:-----
Running experiment for SSIRD
INFO:dale_experiment_rig:### Output path (stderr): /data/dh1723/SIRD-Simulator/scripts/r2p2/coord/outputs/FCT_Fullrange_Byteloads_fullrange_31flo_credit_steal_25conn/ssird_31flo-1#-200000B-1000000ns_fullrange_31flo_credit_steal_25conn_stderr.out
INFO:dale_experiment_rig:### Output path (stdout): /data/dh1723/SIRD-Simulator/scripts/r2p2/coord/outputs/FCT_Fullrange_Byteloads_fullrange_31flo_credit_steal_25conn/DCTCP-50_31flo-1#-200000B-1000000ns_fullrange_31flo_credit_steal_25conn_stdout.out
INFO:dale_experiment_rig:### Output path (stderr): /data/dh1723/SIRD-Simulator/scripts/r2p2/coord/outputs/FCT_Fullrange_Byteloads_fullrange_31flo_credit_steal_25conn/DCTCP-50_31flo-10#-20000B-100000ns_fullrange_31flo_credit_steal_25conn_stderr.out
INFO:dale_experiment_rig:### Output path (stderr): /data/dh1723/SIRD-Simulator/scripts/r2p2/coord/outputs/FCT_Fullrange_Byteloads_fullrange_31flo_credit_steal_25conn/DCTCP-50_31flo-1#-200000B-1000000ns_fullrange_31flo_credit_steal_25conn_stderr.out
INFO:dale_experiment_rig:### Script:/data/dh1723/SIRD-Simulator/scripts/r2p2/coord/config/dale_experiments/FCT_Fullrange_Byteloads_fullrange_31flo_credit_steal_25conn/SSIRD-31flo-10000#-20B-100ns_fullrange_31flo_credit_steal_25conn.sh
INFO:dale_experiment_rig:### Output path (stderr): /data/dh1723/SIRD-Simulator/scripts/r2p2/coord/outputs/FCT_Fullrange_Byteloads_fullrange_31flo_credit_steal_25conn/ssird_31flo-1000#-200B-1000ns_fullrange_31flo_credit_steal_25conn_stderr.out
INFO:dale_experiment_rig:### Output path (stdout): /data/dh1723/SIRD-Simulator/scripts/r2p2/coord/outputs/FCT_Fullrange_Byteloads_fullrange_31flo_credit_steal_25conn/ssird_31flo-10000#-20B-100ns_fullrange_31flo_credit_steal_25conn_stdout.out
INFO:dale_experiment_rig:-----
Preparing experiment spec scripts
INFO:dale_experiment_rig:### Output path (stderr): /data/dh1723/SIRD-Simulator/scripts/r2p2/coord/outputs/FCT_Fullrange_Byteloads_fullrange_31flo_credit_steal_25conn/ssird_31flo-10000#-20B-100ns_fullrange_31flo_credit_steal_25conn_stderr.out
INFO:dale_experiment_rig:### Creating spec scripts parent dir: /data/dh1723/SIRD-Simulator/scripts/r2p2/coord/config/dale_experiments/FCT_Fullrange_Byteloads_fullrange_31flo_credit_steal_25conn/
INFO:dale_experiment_rig:#### WARNING: File /data/dh1723/SIRD-Simulator/scripts/r2p2/coord/config/dale_experiments/FCT_Fullrange_Byteloads_fullrange_31flo_credit_steal_25conn/ aready exists.
INFO:dale_experiment_rig:-----
Running experiment for DCTCP-50
INFO:dale_experiment_rig:### Script:/data/dh1723/SIRD-Simulator/scripts/r2p2/coord/config/dale_experiments/FCT_Fullrange_Byteloads_fullrange_31flo_credit_steal_25conn/DCTCP-50-31flo-10000#-20B-100ns_fullrange_31flo_credit_steal_25conn.sh
INFO:dale_experiment_rig:### Output path (stdout): /data/dh1723/SIRD-Simulator/scripts/r2p2/coord/outputs/FCT_Fullrange_Byteloads_fullrange_31flo_credit_steal_25conn/DCTCP-50_31flo-10000#-20B-100ns_fullrange_31flo_credit_steal_25conn_stdout.out
INFO:dale_experiment_rig:### Output path (stderr): /data/dh1723/SIRD-Simulator/scripts/r2p2/coord/outputs/FCT_Fullrange_Byteloads_fullrange_31flo_credit_steal_25conn/DCTCP-50_31flo-10000#-20B-100ns_fullrange_31flo_credit_steal_25conn_stderr.out
INFO:dale_experiment_rig:-----
Backing up app trace file paths
DEBUG:dale_experiment_rig:/data/dh1723/SIRD-Simulator/scripts/r2p2/post-process/experiment_app_trace_paths/FCT_Fullrange_Byteloads_fullrange_31flo_credit_steal_25conn/31flo/SSIRD_app_traces.txt
INFO:dale_experiment_rig:-----
Backing up app trace file paths
DEBUG:dale_experiment_rig:/data/dh1723/SIRD-Simulator/scripts/r2p2/post-process/experiment_app_trace_paths/FCT_Fullrange_Byteloads_fullrange_31flo_credit_steal_25conn/31flo/DCTCP-50_app_traces.txt
INFO:dale_experiment_rig:Simulations ended at: 2025-08-09 01:39:55.780637
INFO:dale_experiment_rig:
##### POST PROCESS RESULTS #####
INFO:dale_experiment_rig:=====
** Num Byteloads Per Flow: 10000, Byteload Size (B): 20, Inter-Byteload Interval (us): 0.1, ssird_sim_dur (s): 0.05, dctcp_sim_dur (s): 0.08
INFO:dale_experiment_rig:Processing SIRD results exp_id 0:: 31flo-10000#-20B
INFO:dale_experiment_rig:Processing results from /data/dh1723/SIRD-Simulator/scripts/r2p2/coord/results/SSIRD-31flo-10000#-20B-100ns_fullrange_31flo_credit_steal_25conn/data/SSIRD/60/applications_trace.str
INFO:dale_experiment_rig:Flow 0:: num of byteloads: 10000, num srq events: 10000, num rrq events: 1
DEBUG:dale_experiment_rig:Flow 0:: first_event_name: srq, final_event_name: rrq, expected_data_B: 200000, recv_data_B: 200000
INFO:dale_experiment_rig:Flow 1:: num of byteloads: 10000, num srq events: 10000, num rrq events: 1
DEBUG:dale_experiment_rig:Flow 1:: first_event_name: srq, final_event_name: rrq, expected_data_B: 200000, recv_data_B: 200000
INFO:dale_experiment_rig:Flow 2:: num of byteloads: 10000, num srq events: 10000, num rrq events: 1
DEBUG:dale_experiment_rig:Flow 2:: first_event_name: srq, final_event_name: rrq, expected_data_B: 200000, recv_data_B: 200000
INFO:dale_experiment_rig:Flow 3:: num of byteloads: 10000, num srq events: 10000, num rrq events: 1
DEBUG:dale_experiment_rig:Flow 3:: first_event_name: srq, final_event_name: rrq, expected_data_B: 200000, recv_data_B: 200000
INFO:dale_experiment_rig:Flow 4:: num of byteloads: 10000, num srq events: 10000, num rrq events: 1
DEBUG:dale_experiment_rig:Flow 4:: first_event_name: srq, final_event_name: rrq, expected_data_B: 200000, recv_data_B: 200000
INFO:dale_experiment_rig:Flow 5:: num of byteloads: 10000, num srq events: 10000, num rrq events: 1
DEBUG:dale_experiment_rig:Flow 5:: first_event_name: srq, final_event_name: rrq, expected_data_B: 200000, recv_data_B: 200000
INFO:dale_experiment_rig:Flow 6:: num of byteloads: 10000, num srq events: 10000, num rrq events: 1
DEBUG:dale_experiment_rig:Flow 6:: first_event_name: srq, final_event_name: rrq, expected_data_B: 200000, recv_data_B: 200000
INFO:dale_experiment_rig:Flow 7:: num of byteloads: 10000, num srq events: 10000, num rrq events: 1
DEBUG:dale_experiment_rig:Flow 7:: first_event_name: srq, final_event_name: rrq, expected_data_B: 200000, recv_data_B: 200000
INFO:dale_experiment_rig:Flow 8:: num of byteloads: 10000, num srq events: 10000, num rrq events: 1
DEBUG:dale_experiment_rig:Flow 8:: first_event_name: srq, final_event_name: rrq, expected_data_B: 200000, recv_data_B: 200000
INFO:dale_experiment_rig:Flow 9:: num of byteloads: 10000, num srq events: 10000, num rrq events: 1
DEBUG:dale_experiment_rig:Flow 9:: first_event_name: srq, final_event_name: rrq, expected_data_B: 200000, recv_data_B: 200000
INFO:dale_experiment_rig:Flow 10:: num of byteloads: 10000, num srq events: 10000, num rrq events: 1
DEBUG:dale_experiment_rig:Flow 10:: first_event_name: srq, final_event_name: rrq, expected_data_B: 200000, recv_data_B: 200000
INFO:dale_experiment_rig:Flow 11:: num of byteloads: 10000, num srq events: 10000, num rrq events: 1
DEBUG:dale_experiment_rig:Flow 11:: first_event_name: srq, final_event_name: rrq, expected_data_B: 200000, recv_data_B: 200000
INFO:dale_experiment_rig:Flow 12:: num of byteloads: 10000, num srq events: 10000, num rrq events: 1
DEBUG:dale_experiment_rig:Flow 12:: first_event_name: srq, final_event_name: rrq, expected_data_B: 200000, recv_data_B: 200000
INFO:dale_experiment_rig:Flow 13:: num of byteloads: 10000, num srq events: 10000, num rrq events: 1
DEBUG:dale_experiment_rig:Flow 13:: first_event_name: srq, final_event_name: rrq, expected_data_B: 200000, recv_data_B: 200000
INFO:dale_experiment_rig:Flow 14:: num of byteloads: 10000, num srq events: 10000, num rrq events: 1
DEBUG:dale_experiment_rig:Flow 14:: first_event_name: srq, final_event_name: rrq, expected_data_B: 200000, recv_data_B: 200000
INFO:dale_experiment_rig:Flow 15:: num of byteloads: 10000, num srq events: 10000, num rrq events: 1
DEBUG:dale_experiment_rig:Flow 15:: first_event_name: srq, final_event_name: rrq, expected_data_B: 200000, recv_data_B: 200000
INFO:dale_experiment_rig:Flow 16:: num of byteloads: 10000, num srq events: 10000, num rrq events: 1
DEBUG:dale_experiment_rig:Flow 16:: first_event_name: srq, final_event_name: rrq, expected_data_B: 200000, recv_data_B: 200000
INFO:dale_experiment_rig:Flow 17:: num of byteloads: 10000, num srq events: 10000, num rrq events: 1
DEBUG:dale_experiment_rig:Flow 17:: first_event_name: srq, final_event_name: rrq, expected_data_B: 200000, recv_data_B: 200000
INFO:dale_experiment_rig:Flow 18:: num of byteloads: 10000, num srq events: 10000, num rrq events: 1
DEBUG:dale_experiment_rig:Flow 18:: first_event_name: srq, final_event_name: rrq, expected_data_B: 200000, recv_data_B: 200000
INFO:dale_experiment_rig:Flow 19:: num of byteloads: 10000, num srq events: 10000, num rrq events: 1
DEBUG:dale_experiment_rig:Flow 19:: first_event_name: srq, final_event_name: rrq, expected_data_B: 200000, recv_data_B: 200000
INFO:dale_experiment_rig:Flow 20:: num of byteloads: 10000, num srq events: 10000, num rrq events: 1
DEBUG:dale_experiment_rig:Flow 20:: first_event_name: srq, final_event_name: rrq, expected_data_B: 200000, recv_data_B: 200000
INFO:dale_experiment_rig:Flow 21:: num of byteloads: 10000, num srq events: 10000, num rrq events: 1
DEBUG:dale_experiment_rig:Flow 21:: first_event_name: srq, final_event_name: rrq, expected_data_B: 200000, recv_data_B: 200000
INFO:dale_experiment_rig:Flow 22:: num of byteloads: 10000, num srq events: 10000, num rrq events: 1
DEBUG:dale_experiment_rig:Flow 22:: first_event_name: srq, final_event_name: rrq, expected_data_B: 200000, recv_data_B: 200000
INFO:dale_experiment_rig:Flow 23:: num of byteloads: 10000, num srq events: 10000, num rrq events: 1
DEBUG:dale_experiment_rig:Flow 23:: first_event_name: srq, final_event_name: rrq, expected_data_B: 200000, recv_data_B: 200000
INFO:dale_experiment_rig:Flow 24:: num of byteloads: 10000, num srq events: 10000, num rrq events: 1
DEBUG:dale_experiment_rig:Flow 24:: first_event_name: srq, final_event_name: rrq, expected_data_B: 200000, recv_data_B: 200000
INFO:dale_experiment_rig:Flow 25:: num of byteloads: 10000, num srq events: 10000, num rrq events: 1
DEBUG:dale_experiment_rig:Flow 25:: first_event_name: srq, final_event_name: rrq, expected_data_B: 200000, recv_data_B: 200000
INFO:dale_experiment_rig:Flow 26:: num of byteloads: 10000, num srq events: 10000, num rrq events: 1
DEBUG:dale_experiment_rig:Flow 26:: first_event_name: srq, final_event_name: rrq, expected_data_B: 200000, recv_data_B: 200000
INFO:dale_experiment_rig:Flow 27:: num of byteloads: 10000, num srq events: 10000, num rrq events: 1
DEBUG:dale_experiment_rig:Flow 27:: first_event_name: srq, final_event_name: rrq, expected_data_B: 200000, recv_data_B: 200000
INFO:dale_experiment_rig:Flow 28:: num of byteloads: 10000, num srq events: 10000, num rrq events: 1
DEBUG:dale_experiment_rig:Flow 28:: first_event_name: srq, final_event_name: rrq, expected_data_B: 200000, recv_data_B: 200000
INFO:dale_experiment_rig:Flow 29:: num of byteloads: 10000, num srq events: 10000, num rrq events: 1
DEBUG:dale_experiment_rig:Flow 29:: first_event_name: srq, final_event_name: rrq, expected_data_B: 200000, recv_data_B: 200000
INFO:dale_experiment_rig:Flow 30:: num of byteloads: 10000, num srq events: 10000, num rrq events: 1
DEBUG:dale_experiment_rig:Flow 30:: first_event_name: srq, final_event_name: rrq, expected_data_B: 200000, recv_data_B: 200000
INFO:dale_experiment_rig:SSIRD FCT: [0.008685686000001525, 0.009885686000000504, 0.009285686000000126, 0.002685686000001297, 0.002985686000000598, 0.009585686000001203, 0.003285685999999899, 0.003585686000000976, 0.003885686000000277, 0.004185686000001354, 0.004485686000000655, 0.004785685999999956, 0.005085686000001033, 0.005685686000001411, 0.005985686000000712, 0.00238568600000022, 0.0074856860000007686, 0.007185686000001468, 0.010185686000001581, 0.010485686000000882, 0.010785686000000183, 0.01108568600000126, 0.011385686000000561, 0.008385686000000447, 0.008085686000001147, 0.007785686000000069, 0.005385686000000334, 0.008985686000000825, 0.0068856860000003905, 0.00658568600000109, 0.0062856860000000125] ms, App Gdpt (overall): 49.604800480045355 Gbps, App Gdpt (per flow): [1.5999999999999146, 1.5999999999999146, 1.5999999999999146, 1.5999999999999146, 1.5999999999999146, 1.5999999999999146, 1.5999999999999146, 1.5999999999999146, 1.5999999999999146, 1.5999999999999146, 1.5999999999999146, 1.5999999999999146, 1.5999999999999146, 1.5999999999999146, 1.5999999999999146, 1.5999999999999146, 1.5999999999999146, 1.5999999999999146, 1.5999999999999146, 1.5999999999999146, 1.5999999999999146, 1.5999999999999146, 1.5999999999999146, 1.5999999999999146, 1.5999999999999146, 1.5999999999999146, 1.5999999999999146, 1.5999999999999146, 1.5999999999999146, 1.5999999999999146, 1.5999999999999146]
INFO:dale_experiment_rig:Processing DCTCP results exp_id 0:: 31flo-10000#-20B
INFO:dale_experiment_rig:Processing results from /data/dh1723/SIRD-Simulator/scripts/r2p2/coord/results/DCTCP-50-31flo-10000#-20B-100ns_fullrange_31flo_credit_steal_25conn/data/DCTCP-50/60/applications_trace.str
INFO:dale_experiment_rig:Flow 0:: num of byteloads: 10000, num srq events: 10000, num rrq events: 1
DEBUG:dale_experiment_rig:Flow 0:: first_event_name: srq, final_event_name: rrq, expected_data_B: 200000, recv_data_B: 200000
INFO:dale_experiment_rig:Flow 1:: num of byteloads: 10000, num srq events: 10000, num rrq events: 1
DEBUG:dale_experiment_rig:Flow 1:: first_event_name: srq, final_event_name: rrq, expected_data_B: 200000, recv_data_B: 200000
INFO:dale_experiment_rig:Flow 2:: num of byteloads: 10000, num srq events: 10000, num rrq events: 1
DEBUG:dale_experiment_rig:Flow 2:: first_event_name: srq, final_event_name: rrq, expected_data_B: 200000, recv_data_B: 200000
INFO:dale_experiment_rig:Flow 3:: num of byteloads: 10000, num srq events: 10000, num rrq events: 1
DEBUG:dale_experiment_rig:Flow 3:: first_event_name: srq, final_event_name: rrq, expected_data_B: 200000, recv_data_B: 200000
INFO:dale_experiment_rig:Flow 4:: num of byteloads: 10000, num srq events: 10000, num rrq events: 1
DEBUG:dale_experiment_rig:Flow 4:: first_event_name: srq, final_event_name: rrq, expected_data_B: 200000, recv_data_B: 200000
INFO:dale_experiment_rig:Flow 5:: num of byteloads: 10000, num srq events: 10000, num rrq events: 1
DEBUG:dale_experiment_rig:Flow 5:: first_event_name: srq, final_event_name: rrq, expected_data_B: 200000, recv_data_B: 200000
INFO:dale_experiment_rig:Flow 6:: num of byteloads: 10000, num srq events: 10000, num rrq events: 1
DEBUG:dale_experiment_rig:Flow 6:: first_event_name: srq, final_event_name: rrq, expected_data_B: 200000, recv_data_B: 200000
INFO:dale_experiment_rig:Flow 7:: num of byteloads: 10000, num srq events: 10000, num rrq events: 1
DEBUG:dale_experiment_rig:Flow 7:: first_event_name: srq, final_event_name: rrq, expected_data_B: 200000, recv_data_B: 200000
INFO:dale_experiment_rig:Flow 8:: num of byteloads: 10000, num srq events: 10000, num rrq events: 1
DEBUG:dale_experiment_rig:Flow 8:: first_event_name: srq, final_event_name: rrq, expected_data_B: 200000, recv_data_B: 200000
INFO:dale_experiment_rig:Flow 9:: num of byteloads: 10000, num srq events: 10000, num rrq events: 1
DEBUG:dale_experiment_rig:Flow 9:: first_event_name: srq, final_event_name: rrq, expected_data_B: 200000, recv_data_B: 200000
INFO:dale_experiment_rig:Flow 10:: num of byteloads: 10000, num srq events: 10000, num rrq events: 1
DEBUG:dale_experiment_rig:Flow 10:: first_event_name: srq, final_event_name: rrq, expected_data_B: 200000, recv_data_B: 200000
INFO:dale_experiment_rig:Flow 11:: num of byteloads: 10000, num srq events: 10000, num rrq events: 1
DEBUG:dale_experiment_rig:Flow 11:: first_event_name: srq, final_event_name: rrq, expected_data_B: 200000, recv_data_B: 200000
INFO:dale_experiment_rig:Flow 12:: num of byteloads: 10000, num srq events: 10000, num rrq events: 1
DEBUG:dale_experiment_rig:Flow 12:: first_event_name: srq, final_event_name: rrq, expected_data_B: 200000, recv_data_B: 200000
INFO:dale_experiment_rig:Flow 13:: num of byteloads: 10000, num srq events: 10000, num rrq events: 1
DEBUG:dale_experiment_rig:Flow 13:: first_event_name: srq, final_event_name: rrq, expected_data_B: 200000, recv_data_B: 200000
INFO:dale_experiment_rig:Flow 14:: num of byteloads: 10000, num srq events: 10000, num rrq events: 1
DEBUG:dale_experiment_rig:Flow 14:: first_event_name: srq, final_event_name: rrq, expected_data_B: 200000, recv_data_B: 200000
INFO:dale_experiment_rig:Flow 15:: num of byteloads: 10000, num srq events: 10000, num rrq events: 1
DEBUG:dale_experiment_rig:Flow 15:: first_event_name: srq, final_event_name: rrq, expected_data_B: 200000, recv_data_B: 200000
INFO:dale_experiment_rig:Flow 16:: num of byteloads: 10000, num srq events: 10000, num rrq events: 1
DEBUG:dale_experiment_rig:Flow 16:: first_event_name: srq, final_event_name: rrq, expected_data_B: 200000, recv_data_B: 200000
INFO:dale_experiment_rig:Flow 17:: num of byteloads: 10000, num srq events: 10000, num rrq events: 1
DEBUG:dale_experiment_rig:Flow 17:: first_event_name: srq, final_event_name: rrq, expected_data_B: 200000, recv_data_B: 200000
INFO:dale_experiment_rig:Flow 18:: num of byteloads: 10000, num srq events: 10000, num rrq events: 1
DEBUG:dale_experiment_rig:Flow 18:: first_event_name: srq, final_event_name: rrq, expected_data_B: 200000, recv_data_B: 200000
INFO:dale_experiment_rig:Flow 19:: num of byteloads: 10000, num srq events: 10000, num rrq events: 1
DEBUG:dale_experiment_rig:Flow 19:: first_event_name: srq, final_event_name: rrq, expected_data_B: 200000, recv_data_B: 200000
INFO:dale_experiment_rig:Flow 20:: num of byteloads: 10000, num srq events: 10000, num rrq events: 1
DEBUG:dale_experiment_rig:Flow 20:: first_event_name: srq, final_event_name: rrq, expected_data_B: 200000, recv_data_B: 200000
INFO:dale_experiment_rig:Flow 21:: num of byteloads: 10000, num srq events: 10000, num rrq events: 1
DEBUG:dale_experiment_rig:Flow 21:: first_event_name: srq, final_event_name: rrq, expected_data_B: 200000, recv_data_B: 200000
INFO:dale_experiment_rig:Flow 22:: num of byteloads: 10000, num srq events: 10000, num rrq events: 1
DEBUG:dale_experiment_rig:Flow 22:: first_event_name: srq, final_event_name: rrq, expected_data_B: 200000, recv_data_B: 200000
INFO:dale_experiment_rig:Flow 23:: num of byteloads: 10000, num srq events: 10000, num rrq events: 1
DEBUG:dale_experiment_rig:Flow 23:: first_event_name: srq, final_event_name: rrq, expected_data_B: 200000, recv_data_B: 200000
INFO:dale_experiment_rig:Flow 24:: num of byteloads: 10000, num srq events: 10000, num rrq events: 1
DEBUG:dale_experiment_rig:Flow 24:: first_event_name: srq, final_event_name: rrq, expected_data_B: 200000, recv_data_B: 200000
INFO:dale_experiment_rig:Flow 25:: num of byteloads: 10000, num srq events: 10000, num rrq events: 1
DEBUG:dale_experiment_rig:Flow 25:: first_event_name: srq, final_event_name: rrq, expected_data_B: 200000, recv_data_B: 200000
INFO:dale_experiment_rig:Flow 26:: num of byteloads: 10000, num srq events: 10000, num rrq events: 1
DEBUG:dale_experiment_rig:Flow 26:: first_event_name: srq, final_event_name: rrq, expected_data_B: 200000, recv_data_B: 200000
INFO:dale_experiment_rig:Flow 27:: num of byteloads: 10000, num srq events: 10000, num rrq events: 1
DEBUG:dale_experiment_rig:Flow 27:: first_event_name: srq, final_event_name: rrq, expected_data_B: 200000, recv_data_B: 200000
INFO:dale_experiment_rig:Flow 28:: num of byteloads: 10000, num srq events: 10000, num rrq events: 1
DEBUG:dale_experiment_rig:Flow 28:: first_event_name: srq, final_event_name: rrq, expected_data_B: 200000, recv_data_B: 200000
INFO:dale_experiment_rig:Flow 29:: num of byteloads: 10000, num srq events: 10000, num rrq events: 1
DEBUG:dale_experiment_rig:Flow 29:: first_event_name: srq, final_event_name: rrq, expected_data_B: 200000, recv_data_B: 200000
INFO:dale_experiment_rig:Flow 30:: num of byteloads: 10000, num srq events: 10000, num rrq events: 1
DEBUG:dale_experiment_rig:Flow 30:: first_event_name: srq, final_event_name: rrq, expected_data_B: 200000, recv_data_B: 200000
INFO:dale_experiment_rig:DCTCP FCT: [0.0019275030000009963, 0.001927596999999892, 0.001927692000000647, 0.0019277840000011537, 0.0019278769999999668, 0.0019279700000005562, 0.0019280620000010629, 0.001928152000001404, 0.001928235000001166, 0.0019283180000009281, 0.0019284010000006901, 0.0019284970000015278, 0.0019285920000005063, 0.001928688000001344, 0.0019287840000004053, 0.0019288780000010775, 0.001928973000000056, 0.0019290670000007282, 0.0019291610000014003, 0.001929252000000048, 0.0019293369999999754, 0.0019294210000015966, 0.001929506000001524, 0.0019296040000007508, 0.0019297009999998949, 0.002168136999999959, 0.0021768710000014124, 0.0021856060000011723, 0.0021943400000008495, 0.0022030740000005267, 0.002211927000001168] ms, App Gtpt (overall): 49.604800480045355 Gbps, App Gdpt (per flow): [1.5999999999999146, 1.5999999999999146, 1.5999999999999146, 1.5999999999999146, 1.5999999999999146, 1.5999999999999146, 1.5999999999999146, 1.5999999999999146, 1.5999999999999146, 1.5999999999999146, 1.5999999999999146, 1.5999999999999146, 1.5999999999999146, 1.5999999999999146, 1.5999999999999146, 1.5999999999999146, 1.5999999999999146, 1.5999999999999146, 1.5999999999999146, 1.5999999999999146, 1.5999999999999146, 1.5999999999999146, 1.5999999999999146, 1.5999999999999146, 1.5999999999999146, 1.5999999999999146, 1.5999999999999146, 1.5999999999999146, 1.5999999999999146, 1.5999999999999146, 1.5999999999999146]
INFO:dale_experiment_rig:=====
** Num Byteloads Per Flow: 1000, Byteload Size (B): 200, Inter-Byteload Interval (us): 1.0, ssird_sim_dur (s): 0.02, dctcp_sim_dur (s): 0.03
INFO:dale_experiment_rig:Processing SIRD results exp_id 1:: 31flo-1000#-200B
INFO:dale_experiment_rig:Processing results from /data/dh1723/SIRD-Simulator/scripts/r2p2/coord/results/SSIRD-31flo-1000#-200B-1000ns_fullrange_31flo_credit_steal_25conn/data/SSIRD/60/applications_trace.str
INFO:dale_experiment_rig:Flow 0:: num of byteloads: 1000, num srq events: 1000, num rrq events: 994
DEBUG:dale_experiment_rig:Flow 0:: first_event_name: srq, final_event_name: rrq, expected_data_B: 200000, recv_data_B: 200000
INFO:dale_experiment_rig:Flow 1:: num of byteloads: 1000, num srq events: 1000, num rrq events: 987
DEBUG:dale_experiment_rig:Flow 1:: first_event_name: srq, final_event_name: rrq, expected_data_B: 200000, recv_data_B: 200000
INFO:dale_experiment_rig:Flow 2:: num of byteloads: 1000, num srq events: 1000, num rrq events: 986
DEBUG:dale_experiment_rig:Flow 2:: first_event_name: srq, final_event_name: rrq, expected_data_B: 200000, recv_data_B: 200000
INFO:dale_experiment_rig:Flow 3:: num of byteloads: 1000, num srq events: 1000, num rrq events: 982
DEBUG:dale_experiment_rig:Flow 3:: first_event_name: srq, final_event_name: rrq, expected_data_B: 200000, recv_data_B: 200000
INFO:dale_experiment_rig:Flow 4:: num of byteloads: 1000, num srq events: 1000, num rrq events: 1
DEBUG:dale_experiment_rig:Flow 4:: first_event_name: srq, final_event_name: rrq, expected_data_B: 200000, recv_data_B: 200000
INFO:dale_experiment_rig:Flow 5:: num of byteloads: 1000, num srq events: 1000, num rrq events: 1
DEBUG:dale_experiment_rig:Flow 5:: first_event_name: srq, final_event_name: rrq, expected_data_B: 200000, recv_data_B: 200000
INFO:dale_experiment_rig:Flow 6:: num of byteloads: 1000, num srq events: 1000, num rrq events: 1
DEBUG:dale_experiment_rig:Flow 6:: first_event_name: srq, final_event_name: rrq, expected_data_B: 200000, recv_data_B: 200000
INFO:dale_experiment_rig:Flow 7:: num of byteloads: 1000, num srq events: 1000, num rrq events: 1
DEBUG:dale_experiment_rig:Flow 7:: first_event_name: srq, final_event_name: rrq, expected_data_B: 200000, recv_data_B: 200000
INFO:dale_experiment_rig:Flow 8:: num of byteloads: 1000, num srq events: 1000, num rrq events: 592
DEBUG:dale_experiment_rig:Flow 8:: first_event_name: srq, final_event_name: rrq, expected_data_B: 200000, recv_data_B: 200000
INFO:dale_experiment_rig:Flow 9:: num of byteloads: 1000, num srq events: 1000, num rrq events: 898
DEBUG:dale_experiment_rig:Flow 9:: first_event_name: srq, final_event_name: rrq, expected_data_B: 200000, recv_data_B: 200000
INFO:dale_experiment_rig:Flow 10:: num of byteloads: 1000, num srq events: 1000, num rrq events: 992
DEBUG:dale_experiment_rig:Flow 10:: first_event_name: srq, final_event_name: rrq, expected_data_B: 200000, recv_data_B: 200000
INFO:dale_experiment_rig:Flow 11:: num of byteloads: 1000, num srq events: 1000, num rrq events: 960
DEBUG:dale_experiment_rig:Flow 11:: first_event_name: srq, final_event_name: rrq, expected_data_B: 200000, recv_data_B: 200000
INFO:dale_experiment_rig:Flow 12:: num of byteloads: 1000, num srq events: 1000, num rrq events: 996
DEBUG:dale_experiment_rig:Flow 12:: first_event_name: srq, final_event_name: rrq, expected_data_B: 200000, recv_data_B: 200000
INFO:dale_experiment_rig:Flow 13:: num of byteloads: 1000, num srq events: 1000, num rrq events: 996
DEBUG:dale_experiment_rig:Flow 13:: first_event_name: srq, final_event_name: rrq, expected_data_B: 200000, recv_data_B: 200000
INFO:dale_experiment_rig:Flow 14:: num of byteloads: 1000, num srq events: 1000, num rrq events: 996
DEBUG:dale_experiment_rig:Flow 14:: first_event_name: srq, final_event_name: rrq, expected_data_B: 200000, recv_data_B: 200000
INFO:dale_experiment_rig:Flow 15:: num of byteloads: 1000, num srq events: 1000, num rrq events: 993
DEBUG:dale_experiment_rig:Flow 15:: first_event_name: srq, final_event_name: rrq, expected_data_B: 200000, recv_data_B: 200000
INFO:dale_experiment_rig:Flow 16:: num of byteloads: 1000, num srq events: 1000, num rrq events: 996
DEBUG:dale_experiment_rig:Flow 16:: first_event_name: srq, final_event_name: rrq, expected_data_B: 200000, recv_data_B: 200000
INFO:dale_experiment_rig:Flow 17:: num of byteloads: 1000, num srq events: 1000, num rrq events: 942
DEBUG:dale_experiment_rig:Flow 17:: first_event_name: srq, final_event_name: rrq, expected_data_B: 200000, recv_data_B: 200000
INFO:dale_experiment_rig:Flow 18:: num of byteloads: 1000, num srq events: 1000, num rrq events: 995
DEBUG:dale_experiment_rig:Flow 18:: first_event_name: srq, final_event_name: rrq, expected_data_B: 200000, recv_data_B: 200000
INFO:dale_experiment_rig:Flow 19:: num of byteloads: 1000, num srq events: 1000, num rrq events: 993
DEBUG:dale_experiment_rig:Flow 19:: first_event_name: srq, final_event_name: rrq, expected_data_B: 200000, recv_data_B: 200000
INFO:dale_experiment_rig:Flow 20:: num of byteloads: 1000, num srq events: 1000, num rrq events: 992
DEBUG:dale_experiment_rig:Flow 20:: first_event_name: srq, final_event_name: rrq, expected_data_B: 200000, recv_data_B: 200000
INFO:dale_experiment_rig:Flow 21:: num of byteloads: 1000, num srq events: 1000, num rrq events: 975
DEBUG:dale_experiment_rig:Flow 21:: first_event_name: srq, final_event_name: rrq, expected_data_B: 200000, recv_data_B: 200000
INFO:dale_experiment_rig:Flow 22:: num of byteloads: 1000, num srq events: 1000, num rrq events: 979
DEBUG:dale_experiment_rig:Flow 22:: first_event_name: srq, final_event_name: rrq, expected_data_B: 200000, recv_data_B: 200000
INFO:dale_experiment_rig:Flow 23:: num of byteloads: 1000, num srq events: 1000, num rrq events: 984
DEBUG:dale_experiment_rig:Flow 23:: first_event_name: srq, final_event_name: rrq, expected_data_B: 200000, recv_data_B: 200000
INFO:dale_experiment_rig:Flow 24:: num of byteloads: 1000, num srq events: 1000, num rrq events: 988
DEBUG:dale_experiment_rig:Flow 24:: first_event_name: srq, final_event_name: rrq, expected_data_B: 200000, recv_data_B: 200000
INFO:dale_experiment_rig:Flow 25:: num of byteloads: 1000, num srq events: 1000, num rrq events: 989
DEBUG:dale_experiment_rig:Flow 25:: first_event_name: srq, final_event_name: rrq, expected_data_B: 200000, recv_data_B: 200000
INFO:dale_experiment_rig:Flow 26:: num of byteloads: 1000, num srq events: 1000, num rrq events: 990
DEBUG:dale_experiment_rig:Flow 26:: first_event_name: srq, final_event_name: rrq, expected_data_B: 200000, recv_data_B: 200000
INFO:dale_experiment_rig:Flow 27:: num of byteloads: 1000, num srq events: 1000, num rrq events: 991
DEBUG:dale_experiment_rig:Flow 27:: first_event_name: srq, final_event_name: rrq, expected_data_B: 200000, recv_data_B: 200000
INFO:dale_experiment_rig:Flow 28:: num of byteloads: 1000, num srq events: 1000, num rrq events: 995
DEBUG:dale_experiment_rig:Flow 28:: first_event_name: srq, final_event_name: rrq, expected_data_B: 200000, recv_data_B: 200000
INFO:dale_experiment_rig:Flow 29:: num of byteloads: 1000, num srq events: 1000, num rrq events: 969
DEBUG:dale_experiment_rig:Flow 29:: first_event_name: srq, final_event_name: rrq, expected_data_B: 200000, recv_data_B: 200000
INFO:dale_experiment_rig:Flow 30:: num of byteloads: 1000, num srq events: 1000, num rrq events: 995
DEBUG:dale_experiment_rig:Flow 30:: first_event_name: srq, final_event_name: rrq, expected_data_B: 200000, recv_data_B: 200000
INFO:dale_experiment_rig:SSIRD FCT: [0.0010024450000010177, 0.0010021450000010645, 0.0010019050000007468, 0.0010024749999999472, 0.0011166249999998712, 0.001086625000001007, 0.0010566250000003663, 0.001026625000001502, 0.0010022350000014058, 0.0010020850000014292, 0.0010024150000003118, 0.0010023850000013823, 0.0010020550000007233, 0.0010023249999999706, 0.0010019350000014526, 0.001002295000001041, 0.0010019650000003821, 0.001001995000001088, 0.0010017980000007753, 0.0010018450000011114, 0.001002174999999994, 0.0010023550000006765, 0.0010021150000003587, 0.001002505000000653, 0.0010020250000000175, 0.0010018200000008193, 0.0010022650000003352, 0.0010022050000007, 0.001001875000000041, 0.0010017530000006047, 0.0010017760000007314] ms, App Gdpt (overall): 49.648048048038405 Gbps, App Gdpt (per flow): [1.5999999999996892, 1.5999999999996892, 1.5999999999996892, 1.5999999999996892, 1.5999999999996892, 1.5999999999996892, 1.5999999999996892, 1.5999999999996892, 1.5999999999996892, 1.5999999999996892, 1.5999999999996892, 1.5999999999996892, 1.5999999999996892, 1.5999999999996892, 1.5999999999996892, 1.5999999999996892, 1.5999999999996892, 1.5999999999996892, 1.5999999999996892, 1.5999999999996892, 1.5999999999996892, 1.5999999999996892, 1.5999999999996892, 1.5999999999996892, 1.5999999999996892, 1.5999999999996892, 1.5999999999996892, 1.5999999999996892, 1.5999999999996892, 1.5999999999996892, 1.5999999999996892]
INFO:dale_experiment_rig:Processing DCTCP results exp_id 1:: 31flo-1000#-200B
INFO:dale_experiment_rig:Processing results from /data/dh1723/SIRD-Simulator/scripts/r2p2/coord/results/DCTCP-50-31flo-1000#-200B-1000ns_fullrange_31flo_credit_steal_25conn/data/DCTCP-50/60/applications_trace.str
INFO:dale_experiment_rig:Flow 0:: num of byteloads: 1000, num srq events: 1000, num rrq events: 1
DEBUG:dale_experiment_rig:Flow 0:: first_event_name: srq, final_event_name: rrq, expected_data_B: 200000, recv_data_B: 200000
INFO:dale_experiment_rig:Flow 1:: num of byteloads: 1000, num srq events: 1000, num rrq events: 1
DEBUG:dale_experiment_rig:Flow 1:: first_event_name: srq, final_event_name: rrq, expected_data_B: 200000, recv_data_B: 200000
INFO:dale_experiment_rig:Flow 2:: num of byteloads: 1000, num srq events: 1000, num rrq events: 1
DEBUG:dale_experiment_rig:Flow 2:: first_event_name: srq, final_event_name: rrq, expected_data_B: 200000, recv_data_B: 200000
INFO:dale_experiment_rig:Flow 3:: num of byteloads: 1000, num srq events: 1000, num rrq events: 1
DEBUG:dale_experiment_rig:Flow 3:: first_event_name: srq, final_event_name: rrq, expected_data_B: 200000, recv_data_B: 200000
INFO:dale_experiment_rig:Flow 4:: num of byteloads: 1000, num srq events: 1000, num rrq events: 1
DEBUG:dale_experiment_rig:Flow 4:: first_event_name: srq, final_event_name: rrq, expected_data_B: 200000, recv_data_B: 200000
INFO:dale_experiment_rig:Flow 5:: num of byteloads: 1000, num srq events: 1000, num rrq events: 1
DEBUG:dale_experiment_rig:Flow 5:: first_event_name: srq, final_event_name: rrq, expected_data_B: 200000, recv_data_B: 200000
INFO:dale_experiment_rig:Flow 6:: num of byteloads: 1000, num srq events: 1000, num rrq events: 1
DEBUG:dale_experiment_rig:Flow 6:: first_event_name: srq, final_event_name: rrq, expected_data_B: 200000, recv_data_B: 200000
INFO:dale_experiment_rig:Flow 7:: num of byteloads: 1000, num srq events: 1000, num rrq events: 1
DEBUG:dale_experiment_rig:Flow 7:: first_event_name: srq, final_event_name: rrq, expected_data_B: 200000, recv_data_B: 200000
INFO:dale_experiment_rig:Flow 8:: num of byteloads: 1000, num srq events: 1000, num rrq events: 1
DEBUG:dale_experiment_rig:Flow 8:: first_event_name: srq, final_event_name: rrq, expected_data_B: 200000, recv_data_B: 200000
INFO:dale_experiment_rig:Flow 9:: num of byteloads: 1000, num srq events: 1000, num rrq events: 1
DEBUG:dale_experiment_rig:Flow 9:: first_event_name: srq, final_event_name: rrq, expected_data_B: 200000, recv_data_B: 200000
INFO:dale_experiment_rig:Flow 10:: num of byteloads: 1000, num srq events: 1000, num rrq events: 1
DEBUG:dale_experiment_rig:Flow 10:: first_event_name: srq, final_event_name: rrq, expected_data_B: 200000, recv_data_B: 200000
INFO:dale_experiment_rig:Flow 11:: num of byteloads: 1000, num srq events: 1000, num rrq events: 1
DEBUG:dale_experiment_rig:Flow 11:: first_event_name: srq, final_event_name: rrq, expected_data_B: 200000, recv_data_B: 200000
INFO:dale_experiment_rig:Flow 12:: num of byteloads: 1000, num srq events: 1000, num rrq events: 1
DEBUG:dale_experiment_rig:Flow 12:: first_event_name: srq, final_event_name: rrq, expected_data_B: 200000, recv_data_B: 200000
INFO:dale_experiment_rig:Flow 13:: num of byteloads: 1000, num srq events: 1000, num rrq events: 1
DEBUG:dale_experiment_rig:Flow 13:: first_event_name: srq, final_event_name: rrq, expected_data_B: 200000, recv_data_B: 200000
INFO:dale_experiment_rig:Flow 14:: num of byteloads: 1000, num srq events: 1000, num rrq events: 1
DEBUG:dale_experiment_rig:Flow 14:: first_event_name: srq, final_event_name: rrq, expected_data_B: 200000, recv_data_B: 200000
INFO:dale_experiment_rig:Flow 15:: num of byteloads: 1000, num srq events: 1000, num rrq events: 1
DEBUG:dale_experiment_rig:Flow 15:: first_event_name: srq, final_event_name: rrq, expected_data_B: 200000, recv_data_B: 200000
INFO:dale_experiment_rig:Flow 16:: num of byteloads: 1000, num srq events: 1000, num rrq events: 1
DEBUG:dale_experiment_rig:Flow 16:: first_event_name: srq, final_event_name: rrq, expected_data_B: 200000, recv_data_B: 200000
INFO:dale_experiment_rig:Flow 17:: num of byteloads: 1000, num srq events: 1000, num rrq events: 1
DEBUG:dale_experiment_rig:Flow 17:: first_event_name: srq, final_event_name: rrq, expected_data_B: 200000, recv_data_B: 200000
INFO:dale_experiment_rig:Flow 18:: num of byteloads: 1000, num srq events: 1000, num rrq events: 1
DEBUG:dale_experiment_rig:Flow 18:: first_event_name: srq, final_event_name: rrq, expected_data_B: 200000, recv_data_B: 200000
INFO:dale_experiment_rig:Flow 19:: num of byteloads: 1000, num srq events: 1000, num rrq events: 1
DEBUG:dale_experiment_rig:Flow 19:: first_event_name: srq, final_event_name: rrq, expected_data_B: 200000, recv_data_B: 200000
INFO:dale_experiment_rig:Flow 20:: num of byteloads: 1000, num srq events: 1000, num rrq events: 1
DEBUG:dale_experiment_rig:Flow 20:: first_event_name: srq, final_event_name: rrq, expected_data_B: 200000, recv_data_B: 200000
INFO:dale_experiment_rig:Flow 21:: num of byteloads: 1000, num srq events: 1000, num rrq events: 1
DEBUG:dale_experiment_rig:Flow 21:: first_event_name: srq, final_event_name: rrq, expected_data_B: 200000, recv_data_B: 200000
INFO:dale_experiment_rig:Flow 22:: num of byteloads: 1000, num srq events: 1000, num rrq events: 1
DEBUG:dale_experiment_rig:Flow 22:: first_event_name: srq, final_event_name: rrq, expected_data_B: 200000, recv_data_B: 200000
INFO:dale_experiment_rig:Flow 23:: num of byteloads: 1000, num srq events: 1000, num rrq events: 1
DEBUG:dale_experiment_rig:Flow 23:: first_event_name: srq, final_event_name: rrq, expected_data_B: 200000, recv_data_B: 200000
INFO:dale_experiment_rig:Flow 24:: num of byteloads: 1000, num srq events: 1000, num rrq events: 1
DEBUG:dale_experiment_rig:Flow 24:: first_event_name: srq, final_event_name: rrq, expected_data_B: 200000, recv_data_B: 200000
INFO:dale_experiment_rig:Flow 25:: num of byteloads: 1000, num srq events: 1000, num rrq events: 1
DEBUG:dale_experiment_rig:Flow 25:: first_event_name: srq, final_event_name: rrq, expected_data_B: 200000, recv_data_B: 200000
INFO:dale_experiment_rig:Flow 26:: num of byteloads: 1000, num srq events: 1000, num rrq events: 1
DEBUG:dale_experiment_rig:Flow 26:: first_event_name: srq, final_event_name: rrq, expected_data_B: 200000, recv_data_B: 200000
INFO:dale_experiment_rig:Flow 27:: num of byteloads: 1000, num srq events: 1000, num rrq events: 1
DEBUG:dale_experiment_rig:Flow 27:: first_event_name: srq, final_event_name: rrq, expected_data_B: 200000, recv_data_B: 200000
INFO:dale_experiment_rig:Flow 28:: num of byteloads: 1000, num srq events: 1000, num rrq events: 1
DEBUG:dale_experiment_rig:Flow 28:: first_event_name: srq, final_event_name: rrq, expected_data_B: 200000, recv_data_B: 200000
INFO:dale_experiment_rig:Flow 29:: num of byteloads: 1000, num srq events: 1000, num rrq events: 1
DEBUG:dale_experiment_rig:Flow 29:: first_event_name: srq, final_event_name: rrq, expected_data_B: 200000, recv_data_B: 200000
INFO:dale_experiment_rig:Flow 30:: num of byteloads: 1000, num srq events: 1000, num rrq events: 1
DEBUG:dale_experiment_rig:Flow 30:: first_event_name: srq, final_event_name: rrq, expected_data_B: 200000, recv_data_B: 200000
INFO:dale_experiment_rig:DCTCP FCT: [0.0010015440000010756, 0.0010015670000012022, 0.0010015890000012462, 0.00100161100000129, 0.001001633000001334, 0.0010016560000014607, 0.0010016780000015046, 0.0010017000000015486, 0.0010017220000015925, 0.0010017449999999428, 0.0010017669999999868, 0.0010017890000000307, 0.0010018110000000746, 0.0010018340000002013, 0.0010018560000002452, 0.0010018780000002891, 0.001001900000000333, 0.0010019230000004598, 0.0010019450000005037, 0.0010019670000005476, 0.0010019890000005915, 0.0010020120000007182, 0.0010020340000007621, 0.001002056000000806, 0.00100207800000085, 0.0010797430000000219, 0.0011234460000011381, 0.0011234640000008511, 0.0011234810000004813, 0.0011234990000001943, 0.001123516000001601] ms, App Gtpt (overall): 49.648048048038405 Gbps, App Gdpt (per flow): [1.5999999999996892, 1.5999999999996892, 1.5999999999996892, 1.5999999999996892, 1.5999999999996892, 1.5999999999996892, 1.5999999999996892, 1.5999999999996892, 1.5999999999996892, 1.5999999999996892, 1.5999999999996892, 1.5999999999996892, 1.5999999999996892, 1.5999999999996892, 1.5999999999996892, 1.5999999999996892, 1.5999999999996892, 1.5999999999996892, 1.5999999999996892, 1.5999999999996892, 1.5999999999996892, 1.5999999999996892, 1.5999999999996892, 1.5999999999996892, 1.5999999999996892, 1.5999999999996892, 1.5999999999996892, 1.5999999999996892, 1.5999999999996892, 1.5999999999996892, 1.5999999999996892]
INFO:dale_experiment_rig:=====
** Num Byteloads Per Flow: 100, Byteload Size (B): 2000, Inter-Byteload Interval (us): 10.0, ssird_sim_dur (s): 0.01, dctcp_sim_dur (s): 0.03
INFO:dale_experiment_rig:Processing SIRD results exp_id 2:: 31flo-100#-2000B
INFO:dale_experiment_rig:Processing results from /data/dh1723/SIRD-Simulator/scripts/r2p2/coord/results/SSIRD-31flo-100#-2000B-10000ns_fullrange_31flo_credit_steal_25conn/data/SSIRD/60/applications_trace.str
INFO:dale_experiment_rig:Flow 0:: num of byteloads: 100, num srq events: 100, num rrq events: 99
DEBUG:dale_experiment_rig:Flow 0:: first_event_name: srq, final_event_name: rrq, expected_data_B: 200000, recv_data_B: 200000
INFO:dale_experiment_rig:Flow 1:: num of byteloads: 100, num srq events: 100, num rrq events: 99
DEBUG:dale_experiment_rig:Flow 1:: first_event_name: srq, final_event_name: rrq, expected_data_B: 200000, recv_data_B: 200000
INFO:dale_experiment_rig:Flow 2:: num of byteloads: 100, num srq events: 100, num rrq events: 99
DEBUG:dale_experiment_rig:Flow 2:: first_event_name: srq, final_event_name: rrq, expected_data_B: 200000, recv_data_B: 200000
INFO:dale_experiment_rig:Flow 3:: num of byteloads: 100, num srq events: 100, num rrq events: 99
DEBUG:dale_experiment_rig:Flow 3:: first_event_name: srq, final_event_name: rrq, expected_data_B: 200000, recv_data_B: 200000
INFO:dale_experiment_rig:Flow 4:: num of byteloads: 100, num srq events: 100, num rrq events: 98
DEBUG:dale_experiment_rig:Flow 4:: first_event_name: srq, final_event_name: rrq, expected_data_B: 200000, recv_data_B: 200000
INFO:dale_experiment_rig:Flow 5:: num of byteloads: 100, num srq events: 100, num rrq events: 98
DEBUG:dale_experiment_rig:Flow 5:: first_event_name: srq, final_event_name: rrq, expected_data_B: 200000, recv_data_B: 200000
INFO:dale_experiment_rig:Flow 6:: num of byteloads: 100, num srq events: 100, num rrq events: 97
DEBUG:dale_experiment_rig:Flow 6:: first_event_name: srq, final_event_name: rrq, expected_data_B: 200000, recv_data_B: 200000
INFO:dale_experiment_rig:Flow 7:: num of byteloads: 100, num srq events: 100, num rrq events: 1
DEBUG:dale_experiment_rig:Flow 7:: first_event_name: srq, final_event_name: rrq, expected_data_B: 200000, recv_data_B: 200000
INFO:dale_experiment_rig:Flow 8:: num of byteloads: 100, num srq events: 100, num rrq events: 99
DEBUG:dale_experiment_rig:Flow 8:: first_event_name: srq, final_event_name: rrq, expected_data_B: 200000, recv_data_B: 200000
INFO:dale_experiment_rig:Flow 9:: num of byteloads: 100, num srq events: 100, num rrq events: 98
DEBUG:dale_experiment_rig:Flow 9:: first_event_name: srq, final_event_name: rrq, expected_data_B: 200000, recv_data_B: 200000
INFO:dale_experiment_rig:Flow 10:: num of byteloads: 100, num srq events: 100, num rrq events: 100
DEBUG:dale_experiment_rig:Flow 10:: first_event_name: srq, final_event_name: rrq, expected_data_B: 200000, recv_data_B: 200000
INFO:dale_experiment_rig:Flow 11:: num of byteloads: 100, num srq events: 100, num rrq events: 100
DEBUG:dale_experiment_rig:Flow 11:: first_event_name: srq, final_event_name: rrq, expected_data_B: 200000, recv_data_B: 200000
INFO:dale_experiment_rig:Flow 12:: num of byteloads: 100, num srq events: 100, num rrq events: 100
DEBUG:dale_experiment_rig:Flow 12:: first_event_name: srq, final_event_name: rrq, expected_data_B: 200000, recv_data_B: 200000
INFO:dale_experiment_rig:Flow 13:: num of byteloads: 100, num srq events: 100, num rrq events: 100
DEBUG:dale_experiment_rig:Flow 13:: first_event_name: srq, final_event_name: rrq, expected_data_B: 200000, recv_data_B: 200000
INFO:dale_experiment_rig:Flow 14:: num of byteloads: 100, num srq events: 100, num rrq events: 100
DEBUG:dale_experiment_rig:Flow 14:: first_event_name: srq, final_event_name: rrq, expected_data_B: 200000, recv_data_B: 200000
INFO:dale_experiment_rig:Flow 15:: num of byteloads: 100, num srq events: 100, num rrq events: 99
DEBUG:dale_experiment_rig:Flow 15:: first_event_name: srq, final_event_name: rrq, expected_data_B: 200000, recv_data_B: 200000
INFO:dale_experiment_rig:Flow 16:: num of byteloads: 100, num srq events: 100, num rrq events: 97
DEBUG:dale_experiment_rig:Flow 16:: first_event_name: srq, final_event_name: rrq, expected_data_B: 200000, recv_data_B: 200000
INFO:dale_experiment_rig:Flow 17:: num of byteloads: 100, num srq events: 100, num rrq events: 100
DEBUG:dale_experiment_rig:Flow 17:: first_event_name: srq, final_event_name: rrq, expected_data_B: 200000, recv_data_B: 200000
INFO:dale_experiment_rig:Flow 18:: num of byteloads: 100, num srq events: 100, num rrq events: 99
DEBUG:dale_experiment_rig:Flow 18:: first_event_name: srq, final_event_name: rrq, expected_data_B: 200000, recv_data_B: 200000
INFO:dale_experiment_rig:Flow 19:: num of byteloads: 100, num srq events: 100, num rrq events: 100
DEBUG:dale_experiment_rig:Flow 19:: first_event_name: srq, final_event_name: rrq, expected_data_B: 200000, recv_data_B: 200000
INFO:dale_experiment_rig:Flow 20:: num of byteloads: 100, num srq events: 100, num rrq events: 100
DEBUG:dale_experiment_rig:Flow 20:: first_event_name: srq, final_event_name: rrq, expected_data_B: 200000, recv_data_B: 200000
INFO:dale_experiment_rig:Flow 21:: num of byteloads: 100, num srq events: 100, num rrq events: 99
DEBUG:dale_experiment_rig:Flow 21:: first_event_name: srq, final_event_name: rrq, expected_data_B: 200000, recv_data_B: 200000
INFO:dale_experiment_rig:Flow 22:: num of byteloads: 100, num srq events: 100, num rrq events: 100
DEBUG:dale_experiment_rig:Flow 22:: first_event_name: srq, final_event_name: rrq, expected_data_B: 200000, recv_data_B: 200000
INFO:dale_experiment_rig:Flow 23:: num of byteloads: 100, num srq events: 100, num rrq events: 100
DEBUG:dale_experiment_rig:Flow 23:: first_event_name: srq, final_event_name: rrq, expected_data_B: 200000, recv_data_B: 200000
INFO:dale_experiment_rig:Flow 24:: num of byteloads: 100, num srq events: 100, num rrq events: 100
DEBUG:dale_experiment_rig:Flow 24:: first_event_name: srq, final_event_name: rrq, expected_data_B: 200000, recv_data_B: 200000
INFO:dale_experiment_rig:Flow 25:: num of byteloads: 100, num srq events: 100, num rrq events: 100
DEBUG:dale_experiment_rig:Flow 25:: first_event_name: srq, final_event_name: rrq, expected_data_B: 200000, recv_data_B: 200000
INFO:dale_experiment_rig:Flow 26:: num of byteloads: 100, num srq events: 100, num rrq events: 100
DEBUG:dale_experiment_rig:Flow 26:: first_event_name: srq, final_event_name: rrq, expected_data_B: 200000, recv_data_B: 200000
INFO:dale_experiment_rig:Flow 27:: num of byteloads: 100, num srq events: 100, num rrq events: 100
DEBUG:dale_experiment_rig:Flow 27:: first_event_name: srq, final_event_name: rrq, expected_data_B: 200000, recv_data_B: 200000
INFO:dale_experiment_rig:Flow 28:: num of byteloads: 100, num srq events: 100, num rrq events: 99
DEBUG:dale_experiment_rig:Flow 28:: first_event_name: srq, final_event_name: rrq, expected_data_B: 200000, recv_data_B: 200000
INFO:dale_experiment_rig:Flow 29:: num of byteloads: 100, num srq events: 100, num rrq events: 98
DEBUG:dale_experiment_rig:Flow 29:: first_event_name: srq, final_event_name: rrq, expected_data_B: 200000, recv_data_B: 200000
INFO:dale_experiment_rig:Flow 30:: num of byteloads: 100, num srq events: 100, num rrq events: 99
DEBUG:dale_experiment_rig:Flow 30:: first_event_name: srq, final_event_name: rrq, expected_data_B: 200000, recv_data_B: 200000
INFO:dale_experiment_rig:SSIRD FCT: [0.0009983760000000785, 0.0010016950000011349, 0.000999967000000268, 0.0009989010000008847, 0.0009934100000013046, 0.0009932370000012014, 0.0009996210000000616, 0.001003250000000122, 0.0010020410000013413, 0.001000485000000495, 0.001001177000000908, 0.0010003130000004745, 0.0010010040000008047, 0.0009930640000010982, 0.000999074000000988, 0.0010008310000007015, 0.0010022130000013618, 0.0009981589999998874, 0.001002386000001465, 0.0009994490000000411, 0.001001868000001238, 0.0009992759999999379, 0.0009979860000015606, 0.0010013490000009284, 0.0010015220000010316, 0.0010025590000015683, 0.0010006580000005982, 0.0009997940000001648, 0.000998556000000761, 0.0009987290000008642, 0.0010001400000003713] ms, App Gdpt (overall): 50.084848484767505 Gbps, App Gdpt (per flow): [1.599999999997413, 1.599999999997413, 1.599999999997413, 1.599999999997413, 1.599999999997413, 1.599999999997413, 1.599999999997413, 1.599999999997413, 1.599999999997413, 1.599999999997413, 1.599999999997413, 1.599999999997413, 1.599999999997413, 1.599999999997413, 1.599999999997413, 1.599999999997413, 1.599999999997413, 1.599999999997413, 1.599999999997413, 1.599999999997413, 1.599999999997413, 1.599999999997413, 1.599999999997413, 1.599999999997413, 1.599999999997413, 1.599999999997413, 1.599999999997413, 1.599999999997413, 1.599999999997413, 1.599999999997413, 1.599999999997413]
INFO:dale_experiment_rig:Processing DCTCP results exp_id 2:: 31flo-100#-2000B
INFO:dale_experiment_rig:Processing results from /data/dh1723/SIRD-Simulator/scripts/r2p2/coord/results/DCTCP-50-31flo-100#-2000B-10000ns_fullrange_31flo_credit_steal_25conn/data/DCTCP-50/60/applications_trace.str
INFO:dale_experiment_rig:Flow 0:: num of byteloads: 100, num srq events: 100, num rrq events: 1
DEBUG:dale_experiment_rig:Flow 0:: first_event_name: srq, final_event_name: rrq, expected_data_B: 200000, recv_data_B: 200000
INFO:dale_experiment_rig:Flow 1:: num of byteloads: 100, num srq events: 100, num rrq events: 1
DEBUG:dale_experiment_rig:Flow 1:: first_event_name: srq, final_event_name: rrq, expected_data_B: 200000, recv_data_B: 200000
INFO:dale_experiment_rig:Flow 2:: num of byteloads: 100, num srq events: 100, num rrq events: 1
DEBUG:dale_experiment_rig:Flow 2:: first_event_name: srq, final_event_name: rrq, expected_data_B: 200000, recv_data_B: 200000
INFO:dale_experiment_rig:Flow 3:: num of byteloads: 100, num srq events: 100, num rrq events: 1
DEBUG:dale_experiment_rig:Flow 3:: first_event_name: srq, final_event_name: rrq, expected_data_B: 200000, recv_data_B: 200000
INFO:dale_experiment_rig:Flow 4:: num of byteloads: 100, num srq events: 100, num rrq events: 1
DEBUG:dale_experiment_rig:Flow 4:: first_event_name: srq, final_event_name: rrq, expected_data_B: 200000, recv_data_B: 200000
INFO:dale_experiment_rig:Flow 5:: num of byteloads: 100, num srq events: 100, num rrq events: 1
DEBUG:dale_experiment_rig:Flow 5:: first_event_name: srq, final_event_name: rrq, expected_data_B: 200000, recv_data_B: 200000
INFO:dale_experiment_rig:Flow 6:: num of byteloads: 100, num srq events: 100, num rrq events: 1
DEBUG:dale_experiment_rig:Flow 6:: first_event_name: srq, final_event_name: rrq, expected_data_B: 200000, recv_data_B: 200000
INFO:dale_experiment_rig:Flow 7:: num of byteloads: 100, num srq events: 100, num rrq events: 1
DEBUG:dale_experiment_rig:Flow 7:: first_event_name: srq, final_event_name: rrq, expected_data_B: 200000, recv_data_B: 200000
INFO:dale_experiment_rig:Flow 8:: num of byteloads: 100, num srq events: 100, num rrq events: 1
DEBUG:dale_experiment_rig:Flow 8:: first_event_name: srq, final_event_name: rrq, expected_data_B: 200000, recv_data_B: 200000
INFO:dale_experiment_rig:Flow 9:: num of byteloads: 100, num srq events: 100, num rrq events: 1
DEBUG:dale_experiment_rig:Flow 9:: first_event_name: srq, final_event_name: rrq, expected_data_B: 200000, recv_data_B: 200000
INFO:dale_experiment_rig:Flow 10:: num of byteloads: 100, num srq events: 100, num rrq events: 1
DEBUG:dale_experiment_rig:Flow 10:: first_event_name: srq, final_event_name: rrq, expected_data_B: 200000, recv_data_B: 200000
INFO:dale_experiment_rig:Flow 11:: num of byteloads: 100, num srq events: 100, num rrq events: 1
DEBUG:dale_experiment_rig:Flow 11:: first_event_name: srq, final_event_name: rrq, expected_data_B: 200000, recv_data_B: 200000
INFO:dale_experiment_rig:Flow 12:: num of byteloads: 100, num srq events: 100, num rrq events: 1
DEBUG:dale_experiment_rig:Flow 12:: first_event_name: srq, final_event_name: rrq, expected_data_B: 200000, recv_data_B: 200000
INFO:dale_experiment_rig:Flow 13:: num of byteloads: 100, num srq events: 100, num rrq events: 1
DEBUG:dale_experiment_rig:Flow 13:: first_event_name: srq, final_event_name: rrq, expected_data_B: 200000, recv_data_B: 200000
INFO:dale_experiment_rig:Flow 14:: num of byteloads: 100, num srq events: 100, num rrq events: 1
DEBUG:dale_experiment_rig:Flow 14:: first_event_name: srq, final_event_name: rrq, expected_data_B: 200000, recv_data_B: 200000
INFO:dale_experiment_rig:Flow 15:: num of byteloads: 100, num srq events: 100, num rrq events: 1
DEBUG:dale_experiment_rig:Flow 15:: first_event_name: srq, final_event_name: rrq, expected_data_B: 200000, recv_data_B: 200000
INFO:dale_experiment_rig:Flow 16:: num of byteloads: 100, num srq events: 100, num rrq events: 1
DEBUG:dale_experiment_rig:Flow 16:: first_event_name: srq, final_event_name: rrq, expected_data_B: 200000, recv_data_B: 200000
INFO:dale_experiment_rig:Flow 17:: num of byteloads: 100, num srq events: 100, num rrq events: 1
DEBUG:dale_experiment_rig:Flow 17:: first_event_name: srq, final_event_name: rrq, expected_data_B: 200000, recv_data_B: 200000
INFO:dale_experiment_rig:Flow 18:: num of byteloads: 100, num srq events: 100, num rrq events: 1
DEBUG:dale_experiment_rig:Flow 18:: first_event_name: srq, final_event_name: rrq, expected_data_B: 200000, recv_data_B: 200000
INFO:dale_experiment_rig:Flow 19:: num of byteloads: 100, num srq events: 100, num rrq events: 1
DEBUG:dale_experiment_rig:Flow 19:: first_event_name: srq, final_event_name: rrq, expected_data_B: 200000, recv_data_B: 200000
INFO:dale_experiment_rig:Flow 20:: num of byteloads: 100, num srq events: 100, num rrq events: 1
DEBUG:dale_experiment_rig:Flow 20:: first_event_name: srq, final_event_name: rrq, expected_data_B: 200000, recv_data_B: 200000
INFO:dale_experiment_rig:Flow 21:: num of byteloads: 100, num srq events: 100, num rrq events: 1
DEBUG:dale_experiment_rig:Flow 21:: first_event_name: srq, final_event_name: rrq, expected_data_B: 200000, recv_data_B: 200000
INFO:dale_experiment_rig:Flow 22:: num of byteloads: 100, num srq events: 100, num rrq events: 1
DEBUG:dale_experiment_rig:Flow 22:: first_event_name: srq, final_event_name: rrq, expected_data_B: 200000, recv_data_B: 200000
INFO:dale_experiment_rig:Flow 23:: num of byteloads: 100, num srq events: 100, num rrq events: 1
DEBUG:dale_experiment_rig:Flow 23:: first_event_name: srq, final_event_name: rrq, expected_data_B: 200000, recv_data_B: 200000
INFO:dale_experiment_rig:Flow 24:: num of byteloads: 100, num srq events: 100, num rrq events: 1
DEBUG:dale_experiment_rig:Flow 24:: first_event_name: srq, final_event_name: rrq, expected_data_B: 200000, recv_data_B: 200000
INFO:dale_experiment_rig:Flow 25:: num of byteloads: 100, num srq events: 100, num rrq events: 1
DEBUG:dale_experiment_rig:Flow 25:: first_event_name: srq, final_event_name: rrq, expected_data_B: 200000, recv_data_B: 200000
INFO:dale_experiment_rig:Flow 26:: num of byteloads: 100, num srq events: 100, num rrq events: 1
DEBUG:dale_experiment_rig:Flow 26:: first_event_name: srq, final_event_name: rrq, expected_data_B: 200000, recv_data_B: 200000
INFO:dale_experiment_rig:Flow 27:: num of byteloads: 100, num srq events: 100, num rrq events: 1
DEBUG:dale_experiment_rig:Flow 27:: first_event_name: srq, final_event_name: rrq, expected_data_B: 200000, recv_data_B: 200000
INFO:dale_experiment_rig:Flow 28:: num of byteloads: 100, num srq events: 100, num rrq events: 1
DEBUG:dale_experiment_rig:Flow 28:: first_event_name: srq, final_event_name: rrq, expected_data_B: 200000, recv_data_B: 200000
INFO:dale_experiment_rig:Flow 29:: num of byteloads: 100, num srq events: 100, num rrq events: 1
DEBUG:dale_experiment_rig:Flow 29:: first_event_name: srq, final_event_name: rrq, expected_data_B: 200000, recv_data_B: 200000
INFO:dale_experiment_rig:Flow 30:: num of byteloads: 100, num srq events: 100, num rrq events: 1
DEBUG:dale_experiment_rig:Flow 30:: first_event_name: srq, final_event_name: rrq, expected_data_B: 200000, recv_data_B: 200000
INFO:dale_experiment_rig:DCTCP FCT: [0.00099279600000024, 0.0009929680000002605, 0.000993140000000281, 0.0009933130000003842, 0.0009934850000004047, 0.000993658000000508, 0.0009938300000005285, 0.0009940030000006317, 0.0009941750000006522, 0.0009943480000007554, 0.000994520000000776, 0.0009946930000008791, 0.0009948650000008996, 0.0009950380000010028, 0.0009952100000010233, 0.0009953830000011266, 0.000995555000001147, 0.0009957280000012503, 0.0009959000000012708, 0.000996073000001374, 0.0009962450000013945, 0.0009964180000014977, 0.0009965900000015182, 0.0009967630000016214, 0.0009969349999998656, 0.0010966110000012463, 0.0010972599999998778, 0.0010980310000014981, 0.0010988030000014248, 0.0010995750000013516, 0.0011003460000011955] ms, App Gtpt (overall): 50.084848484767505 Gbps, App Gdpt (per flow): [1.599999999997413, 1.599999999997413, 1.599999999997413, 1.599999999997413, 1.599999999997413, 1.599999999997413, 1.599999999997413, 1.599999999997413, 1.599999999997413, 1.599999999997413, 1.599999999997413, 1.599999999997413, 1.599999999997413, 1.599999999997413, 1.599999999997413, 1.599999999997413, 1.599999999997413, 1.599999999997413, 1.599999999997413, 1.599999999997413, 1.599999999997413, 1.599999999997413, 1.599999999997413, 1.599999999997413, 1.599999999997413, 1.599999999997413, 1.599999999997413, 1.599999999997413, 1.599999999997413, 1.599999999997413, 1.599999999997413]
INFO:dale_experiment_rig:=====
** Num Byteloads Per Flow: 10, Byteload Size (B): 20000, Inter-Byteload Interval (us): 100.0, ssird_sim_dur (s): 0.01, dctcp_sim_dur (s): 0.03
INFO:dale_experiment_rig:Processing SIRD results exp_id 3:: 31flo-10#-20000B
INFO:dale_experiment_rig:Processing results from /data/dh1723/SIRD-Simulator/scripts/r2p2/coord/results/SSIRD-31flo-10#-20000B-100000ns_fullrange_31flo_credit_steal_25conn/data/SSIRD/60/applications_trace.str
INFO:dale_experiment_rig:Flow 0:: num of byteloads: 10, num srq events: 10, num rrq events: 10
DEBUG:dale_experiment_rig:Flow 0:: first_event_name: srq, final_event_name: rrq, expected_data_B: 200000, recv_data_B: 200000
INFO:dale_experiment_rig:Flow 1:: num of byteloads: 10, num srq events: 10, num rrq events: 10
DEBUG:dale_experiment_rig:Flow 1:: first_event_name: srq, final_event_name: rrq, expected_data_B: 200000, recv_data_B: 200000
INFO:dale_experiment_rig:Flow 2:: num of byteloads: 10, num srq events: 10, num rrq events: 10
DEBUG:dale_experiment_rig:Flow 2:: first_event_name: srq, final_event_name: rrq, expected_data_B: 200000, recv_data_B: 200000
INFO:dale_experiment_rig:Flow 3:: num of byteloads: 10, num srq events: 10, num rrq events: 10
DEBUG:dale_experiment_rig:Flow 3:: first_event_name: srq, final_event_name: rrq, expected_data_B: 200000, recv_data_B: 200000
INFO:dale_experiment_rig:Flow 4:: num of byteloads: 10, num srq events: 10, num rrq events: 10
DEBUG:dale_experiment_rig:Flow 4:: first_event_name: srq, final_event_name: rrq, expected_data_B: 200000, recv_data_B: 200000
INFO:dale_experiment_rig:Flow 5:: num of byteloads: 10, num srq events: 10, num rrq events: 10
DEBUG:dale_experiment_rig:Flow 5:: first_event_name: srq, final_event_name: rrq, expected_data_B: 200000, recv_data_B: 200000
INFO:dale_experiment_rig:Flow 6:: num of byteloads: 10, num srq events: 10, num rrq events: 10
DEBUG:dale_experiment_rig:Flow 6:: first_event_name: srq, final_event_name: rrq, expected_data_B: 200000, recv_data_B: 200000
INFO:dale_experiment_rig:Flow 7:: num of byteloads: 10, num srq events: 10, num rrq events: 10
DEBUG:dale_experiment_rig:Flow 7:: first_event_name: srq, final_event_name: rrq, expected_data_B: 200000, recv_data_B: 200000
INFO:dale_experiment_rig:Flow 8:: num of byteloads: 10, num srq events: 10, num rrq events: 10
DEBUG:dale_experiment_rig:Flow 8:: first_event_name: srq, final_event_name: rrq, expected_data_B: 200000, recv_data_B: 200000
INFO:dale_experiment_rig:Flow 9:: num of byteloads: 10, num srq events: 10, num rrq events: 10
DEBUG:dale_experiment_rig:Flow 9:: first_event_name: srq, final_event_name: rrq, expected_data_B: 200000, recv_data_B: 200000
INFO:dale_experiment_rig:Flow 10:: num of byteloads: 10, num srq events: 10, num rrq events: 10
DEBUG:dale_experiment_rig:Flow 10:: first_event_name: srq, final_event_name: rrq, expected_data_B: 200000, recv_data_B: 200000
INFO:dale_experiment_rig:Flow 11:: num of byteloads: 10, num srq events: 10, num rrq events: 10
DEBUG:dale_experiment_rig:Flow 11:: first_event_name: srq, final_event_name: rrq, expected_data_B: 200000, recv_data_B: 200000
INFO:dale_experiment_rig:Flow 12:: num of byteloads: 10, num srq events: 10, num rrq events: 10
DEBUG:dale_experiment_rig:Flow 12:: first_event_name: srq, final_event_name: rrq, expected_data_B: 200000, recv_data_B: 200000
INFO:dale_experiment_rig:Flow 13:: num of byteloads: 10, num srq events: 10, num rrq events: 10
DEBUG:dale_experiment_rig:Flow 13:: first_event_name: srq, final_event_name: rrq, expected_data_B: 200000, recv_data_B: 200000
INFO:dale_experiment_rig:Flow 14:: num of byteloads: 10, num srq events: 10, num rrq events: 10
DEBUG:dale_experiment_rig:Flow 14:: first_event_name: srq, final_event_name: rrq, expected_data_B: 200000, recv_data_B: 200000
INFO:dale_experiment_rig:Flow 15:: num of byteloads: 10, num srq events: 10, num rrq events: 10
DEBUG:dale_experiment_rig:Flow 15:: first_event_name: srq, final_event_name: rrq, expected_data_B: 200000, recv_data_B: 200000
INFO:dale_experiment_rig:Flow 16:: num of byteloads: 10, num srq events: 10, num rrq events: 10
DEBUG:dale_experiment_rig:Flow 16:: first_event_name: srq, final_event_name: rrq, expected_data_B: 200000, recv_data_B: 200000
INFO:dale_experiment_rig:Flow 17:: num of byteloads: 10, num srq events: 10, num rrq events: 10
DEBUG:dale_experiment_rig:Flow 17:: first_event_name: srq, final_event_name: rrq, expected_data_B: 200000, recv_data_B: 200000
INFO:dale_experiment_rig:Flow 18:: num of byteloads: 10, num srq events: 10, num rrq events: 10
DEBUG:dale_experiment_rig:Flow 18:: first_event_name: srq, final_event_name: rrq, expected_data_B: 200000, recv_data_B: 200000
INFO:dale_experiment_rig:Flow 19:: num of byteloads: 10, num srq events: 10, num rrq events: 10
DEBUG:dale_experiment_rig:Flow 19:: first_event_name: srq, final_event_name: rrq, expected_data_B: 200000, recv_data_B: 200000
INFO:dale_experiment_rig:Flow 20:: num of byteloads: 10, num srq events: 10, num rrq events: 10
DEBUG:dale_experiment_rig:Flow 20:: first_event_name: srq, final_event_name: rrq, expected_data_B: 200000, recv_data_B: 200000
INFO:dale_experiment_rig:Flow 21:: num of byteloads: 10, num srq events: 10, num rrq events: 10
DEBUG:dale_experiment_rig:Flow 21:: first_event_name: srq, final_event_name: rrq, expected_data_B: 200000, recv_data_B: 200000
INFO:dale_experiment_rig:Flow 22:: num of byteloads: 10, num srq events: 10, num rrq events: 10
DEBUG:dale_experiment_rig:Flow 22:: first_event_name: srq, final_event_name: rrq, expected_data_B: 200000, recv_data_B: 200000
INFO:dale_experiment_rig:Flow 23:: num of byteloads: 10, num srq events: 10, num rrq events: 10
DEBUG:dale_experiment_rig:Flow 23:: first_event_name: srq, final_event_name: rrq, expected_data_B: 200000, recv_data_B: 200000
INFO:dale_experiment_rig:Flow 24:: num of byteloads: 10, num srq events: 10, num rrq events: 10
DEBUG:dale_experiment_rig:Flow 24:: first_event_name: srq, final_event_name: rrq, expected_data_B: 200000, recv_data_B: 200000
INFO:dale_experiment_rig:Flow 25:: num of byteloads: 10, num srq events: 10, num rrq events: 10
DEBUG:dale_experiment_rig:Flow 25:: first_event_name: srq, final_event_name: rrq, expected_data_B: 200000, recv_data_B: 200000
INFO:dale_experiment_rig:Flow 26:: num of byteloads: 10, num srq events: 10, num rrq events: 10
DEBUG:dale_experiment_rig:Flow 26:: first_event_name: srq, final_event_name: rrq, expected_data_B: 200000, recv_data_B: 200000
INFO:dale_experiment_rig:Flow 27:: num of byteloads: 10, num srq events: 10, num rrq events: 10
DEBUG:dale_experiment_rig:Flow 27:: first_event_name: srq, final_event_name: rrq, expected_data_B: 200000, recv_data_B: 200000
INFO:dale_experiment_rig:Flow 28:: num of byteloads: 10, num srq events: 10, num rrq events: 10
DEBUG:dale_experiment_rig:Flow 28:: first_event_name: srq, final_event_name: rrq, expected_data_B: 200000, recv_data_B: 200000
INFO:dale_experiment_rig:Flow 29:: num of byteloads: 10, num srq events: 10, num rrq events: 10
DEBUG:dale_experiment_rig:Flow 29:: first_event_name: srq, final_event_name: rrq, expected_data_B: 200000, recv_data_B: 200000
INFO:dale_experiment_rig:Flow 30:: num of byteloads: 10, num srq events: 10, num rrq events: 10
DEBUG:dale_experiment_rig:Flow 30:: first_event_name: srq, final_event_name: rrq, expected_data_B: 200000, recv_data_B: 200000
INFO:dale_experiment_rig:SSIRD FCT: [0.0009600920000014668, 0.0009178500000004419, 0.0009263000000014898, 0.0009567120000006923, 0.0009482640000015863, 0.0009431960000014783, 0.0009313680000015978, 0.0009584020000001914, 0.0009499540000010853, 0.0009279890000009061, 0.0009093530000008343, 0.0009330580000010968, 0.000919539999999941, 0.0009212290000011336, 0.0009347480000005959, 0.0009144710000015266, 0.0009415060000002029, 0.0009161610000010256, 0.0009516440000005844, 0.0009533330000000007, 0.0009465750000003936, 0.0009110599999999636, 0.0009127810000002512, 0.0009398160000007039, 0.0009364370000000122, 0.0009381270000012876, 0.0009229190000006326, 0.0009448850000008946, 0.0009296790000004052, 0.000955023000001276, 0.0009246090000001317] ms, App Gdpt (overall): 54.93333333324452 Gbps, App Gdpt (per flow): [1.599999999997413, 1.599999999997413, 1.599999999997413, 1.599999999997413, 1.599999999997413, 1.599999999997413, 1.599999999997413, 1.599999999997413, 1.599999999997413, 1.599999999997413, 1.599999999997413, 1.599999999997413, 1.599999999997413, 1.599999999997413, 1.599999999997413, 1.599999999997413, 1.599999999997413, 1.599999999997413, 1.599999999997413, 1.599999999997413, 1.599999999997413, 1.599999999997413, 1.599999999997413, 1.599999999997413, 1.599999999997413, 1.599999999997413, 1.599999999997413, 1.599999999997413, 1.599999999997413, 1.599999999997413, 1.599999999997413]
INFO:dale_experiment_rig:Processing DCTCP results exp_id 3:: 31flo-10#-20000B
INFO:dale_experiment_rig:Processing results from /data/dh1723/SIRD-Simulator/scripts/r2p2/coord/results/DCTCP-50-31flo-10#-20000B-100000ns_fullrange_31flo_credit_steal_25conn/data/DCTCP-50/60/applications_trace.str
INFO:dale_experiment_rig:Flow 0:: num of byteloads: 10, num srq events: 10, num rrq events: 1
DEBUG:dale_experiment_rig:Flow 0:: first_event_name: srq, final_event_name: rrq, expected_data_B: 200000, recv_data_B: 200000
INFO:dale_experiment_rig:Flow 1:: num of byteloads: 10, num srq events: 10, num rrq events: 1
DEBUG:dale_experiment_rig:Flow 1:: first_event_name: srq, final_event_name: rrq, expected_data_B: 200000, recv_data_B: 200000
INFO:dale_experiment_rig:Flow 2:: num of byteloads: 10, num srq events: 10, num rrq events: 1
DEBUG:dale_experiment_rig:Flow 2:: first_event_name: srq, final_event_name: rrq, expected_data_B: 200000, recv_data_B: 200000
INFO:dale_experiment_rig:Flow 3:: num of byteloads: 10, num srq events: 10, num rrq events: 1
DEBUG:dale_experiment_rig:Flow 3:: first_event_name: srq, final_event_name: rrq, expected_data_B: 200000, recv_data_B: 200000
INFO:dale_experiment_rig:Flow 4:: num of byteloads: 10, num srq events: 10, num rrq events: 1
DEBUG:dale_experiment_rig:Flow 4:: first_event_name: srq, final_event_name: rrq, expected_data_B: 200000, recv_data_B: 200000
INFO:dale_experiment_rig:Flow 5:: num of byteloads: 10, num srq events: 10, num rrq events: 1
DEBUG:dale_experiment_rig:Flow 5:: first_event_name: srq, final_event_name: rrq, expected_data_B: 200000, recv_data_B: 200000
INFO:dale_experiment_rig:Flow 6:: num of byteloads: 10, num srq events: 10, num rrq events: 1
DEBUG:dale_experiment_rig:Flow 6:: first_event_name: srq, final_event_name: rrq, expected_data_B: 200000, recv_data_B: 200000
INFO:dale_experiment_rig:Flow 7:: num of byteloads: 10, num srq events: 10, num rrq events: 1
DEBUG:dale_experiment_rig:Flow 7:: first_event_name: srq, final_event_name: rrq, expected_data_B: 200000, recv_data_B: 200000
INFO:dale_experiment_rig:Flow 8:: num of byteloads: 10, num srq events: 10, num rrq events: 1
DEBUG:dale_experiment_rig:Flow 8:: first_event_name: srq, final_event_name: rrq, expected_data_B: 200000, recv_data_B: 200000
INFO:dale_experiment_rig:Flow 9:: num of byteloads: 10, num srq events: 10, num rrq events: 1
DEBUG:dale_experiment_rig:Flow 9:: first_event_name: srq, final_event_name: rrq, expected_data_B: 200000, recv_data_B: 200000
INFO:dale_experiment_rig:Flow 10:: num of byteloads: 10, num srq events: 10, num rrq events: 1
DEBUG:dale_experiment_rig:Flow 10:: first_event_name: srq, final_event_name: rrq, expected_data_B: 200000, recv_data_B: 200000
INFO:dale_experiment_rig:Flow 11:: num of byteloads: 10, num srq events: 10, num rrq events: 1
DEBUG:dale_experiment_rig:Flow 11:: first_event_name: srq, final_event_name: rrq, expected_data_B: 200000, recv_data_B: 200000
INFO:dale_experiment_rig:Flow 12:: num of byteloads: 10, num srq events: 10, num rrq events: 1
DEBUG:dale_experiment_rig:Flow 12:: first_event_name: srq, final_event_name: rrq, expected_data_B: 200000, recv_data_B: 200000
INFO:dale_experiment_rig:Flow 13:: num of byteloads: 10, num srq events: 10, num rrq events: 1
DEBUG:dale_experiment_rig:Flow 13:: first_event_name: srq, final_event_name: rrq, expected_data_B: 200000, recv_data_B: 200000
INFO:dale_experiment_rig:Flow 14:: num of byteloads: 10, num srq events: 10, num rrq events: 1
DEBUG:dale_experiment_rig:Flow 14:: first_event_name: srq, final_event_name: rrq, expected_data_B: 200000, recv_data_B: 200000
INFO:dale_experiment_rig:Flow 15:: num of byteloads: 10, num srq events: 10, num rrq events: 1
DEBUG:dale_experiment_rig:Flow 15:: first_event_name: srq, final_event_name: rrq, expected_data_B: 200000, recv_data_B: 200000
INFO:dale_experiment_rig:Flow 16:: num of byteloads: 10, num srq events: 10, num rrq events: 1
DEBUG:dale_experiment_rig:Flow 16:: first_event_name: srq, final_event_name: rrq, expected_data_B: 200000, recv_data_B: 200000
INFO:dale_experiment_rig:Flow 17:: num of byteloads: 10, num srq events: 10, num rrq events: 1
DEBUG:dale_experiment_rig:Flow 17:: first_event_name: srq, final_event_name: rrq, expected_data_B: 200000, recv_data_B: 200000
INFO:dale_experiment_rig:Flow 18:: num of byteloads: 10, num srq events: 10, num rrq events: 1
DEBUG:dale_experiment_rig:Flow 18:: first_event_name: srq, final_event_name: rrq, expected_data_B: 200000, recv_data_B: 200000
INFO:dale_experiment_rig:Flow 19:: num of byteloads: 10, num srq events: 10, num rrq events: 1
DEBUG:dale_experiment_rig:Flow 19:: first_event_name: srq, final_event_name: rrq, expected_data_B: 200000, recv_data_B: 200000
INFO:dale_experiment_rig:Flow 20:: num of byteloads: 10, num srq events: 10, num rrq events: 1
DEBUG:dale_experiment_rig:Flow 20:: first_event_name: srq, final_event_name: rrq, expected_data_B: 200000, recv_data_B: 200000
INFO:dale_experiment_rig:Flow 21:: num of byteloads: 10, num srq events: 10, num rrq events: 1
DEBUG:dale_experiment_rig:Flow 21:: first_event_name: srq, final_event_name: rrq, expected_data_B: 200000, recv_data_B: 200000
INFO:dale_experiment_rig:Flow 22:: num of byteloads: 10, num srq events: 10, num rrq events: 1
DEBUG:dale_experiment_rig:Flow 22:: first_event_name: srq, final_event_name: rrq, expected_data_B: 200000, recv_data_B: 200000
INFO:dale_experiment_rig:Flow 23:: num of byteloads: 10, num srq events: 10, num rrq events: 1
DEBUG:dale_experiment_rig:Flow 23:: first_event_name: srq, final_event_name: rrq, expected_data_B: 200000, recv_data_B: 200000
INFO:dale_experiment_rig:Flow 24:: num of byteloads: 10, num srq events: 10, num rrq events: 1
DEBUG:dale_experiment_rig:Flow 24:: first_event_name: srq, final_event_name: rrq, expected_data_B: 200000, recv_data_B: 200000
INFO:dale_experiment_rig:Flow 25:: num of byteloads: 10, num srq events: 10, num rrq events: 1
DEBUG:dale_experiment_rig:Flow 25:: first_event_name: srq, final_event_name: rrq, expected_data_B: 200000, recv_data_B: 200000
INFO:dale_experiment_rig:Flow 26:: num of byteloads: 10, num srq events: 10, num rrq events: 1
DEBUG:dale_experiment_rig:Flow 26:: first_event_name: srq, final_event_name: rrq, expected_data_B: 200000, recv_data_B: 200000
INFO:dale_experiment_rig:Flow 27:: num of byteloads: 10, num srq events: 10, num rrq events: 1
DEBUG:dale_experiment_rig:Flow 27:: first_event_name: srq, final_event_name: rrq, expected_data_B: 200000, recv_data_B: 200000
INFO:dale_experiment_rig:Flow 28:: num of byteloads: 10, num srq events: 10, num rrq events: 1
DEBUG:dale_experiment_rig:Flow 28:: first_event_name: srq, final_event_name: rrq, expected_data_B: 200000, recv_data_B: 200000
INFO:dale_experiment_rig:Flow 29:: num of byteloads: 10, num srq events: 10, num rrq events: 1
DEBUG:dale_experiment_rig:Flow 29:: first_event_name: srq, final_event_name: rrq, expected_data_B: 200000, recv_data_B: 200000
INFO:dale_experiment_rig:Flow 30:: num of byteloads: 10, num srq events: 10, num rrq events: 1
DEBUG:dale_experiment_rig:Flow 30:: first_event_name: srq, final_event_name: rrq, expected_data_B: 200000, recv_data_B: 200000
INFO:dale_experiment_rig:DCTCP FCT: [0.0009043100000010185, 0.000905998000000352, 0.0009076850000013792, 0.00090937200000063, 0.0009110599999999636, 0.0009127470000009907, 0.0009144350000003243, 0.0009161220000013515, 0.0009178090000006023, 0.0009194969999999358, 0.000921184000000963, 0.0009228710000002138, 0.0009245590000013237, 0.0009262460000005746, 0.0009279330000016017, 0.0009296210000009353, 0.0009313080000001861, 0.000932996000001296, 0.0009346830000005468, 0.000936370000001574, 0.0009380580000009076, 0.0009397450000001584, 0.0009414320000011855, 0.0009431200000005191, 0.0009448070000015463, 0.0010422950000013032, 0.0010430620000008162, 0.0010438290000003292, 0.0010445960000016186, 0.0010453630000011316, 0.0010461300000006446] ms, App Gtpt (overall): 54.93333333324452 Gbps, App Gdpt (per flow): [1.599999999997413, 1.599999999997413, 1.599999999997413, 1.599999999997413, 1.599999999997413, 1.599999999997413, 1.599999999997413, 1.599999999997413, 1.599999999997413, 1.599999999997413, 1.599999999997413, 1.599999999997413, 1.599999999997413, 1.599999999997413, 1.599999999997413, 1.599999999997413, 1.599999999997413, 1.599999999997413, 1.599999999997413, 1.599999999997413, 1.599999999997413, 1.599999999997413, 1.599999999997413, 1.599999999997413, 1.599999999997413, 1.599999999997413, 1.599999999997413, 1.599999999997413, 1.599999999997413, 1.599999999997413, 1.599999999997413]
INFO:dale_experiment_rig:=====
** Num Byteloads Per Flow: 1, Byteload Size (B): 200000, Inter-Byteload Interval (us): 1000.0, ssird_sim_dur (s): 0.01, dctcp_sim_dur (s): 0.03
INFO:dale_experiment_rig:Processing SIRD results exp_id 4:: 31flo-1#-200000B
INFO:dale_experiment_rig:Processing results from /data/dh1723/SIRD-Simulator/scripts/r2p2/coord/results/SSIRD-31flo-1#-200000B-1000000ns_fullrange_31flo_credit_steal_25conn/data/SSIRD/60/applications_trace.str
INFO:dale_experiment_rig:Flow 0:: num of byteloads: 1, num srq events: 1, num rrq events: 1
DEBUG:dale_experiment_rig:Flow 0:: first_event_name: srq, final_event_name: rrq, expected_data_B: 200000, recv_data_B: 200000
INFO:dale_experiment_rig:Flow 1:: num of byteloads: 1, num srq events: 1, num rrq events: 1
DEBUG:dale_experiment_rig:Flow 1:: first_event_name: srq, final_event_name: rrq, expected_data_B: 200000, recv_data_B: 200000
INFO:dale_experiment_rig:Flow 2:: num of byteloads: 1, num srq events: 1, num rrq events: 1
DEBUG:dale_experiment_rig:Flow 2:: first_event_name: srq, final_event_name: rrq, expected_data_B: 200000, recv_data_B: 200000
INFO:dale_experiment_rig:Flow 3:: num of byteloads: 1, num srq events: 1, num rrq events: 1
DEBUG:dale_experiment_rig:Flow 3:: first_event_name: srq, final_event_name: rrq, expected_data_B: 200000, recv_data_B: 200000
INFO:dale_experiment_rig:Flow 4:: num of byteloads: 1, num srq events: 1, num rrq events: 1
DEBUG:dale_experiment_rig:Flow 4:: first_event_name: srq, final_event_name: rrq, expected_data_B: 200000, recv_data_B: 200000
INFO:dale_experiment_rig:Flow 5:: num of byteloads: 1, num srq events: 1, num rrq events: 1
DEBUG:dale_experiment_rig:Flow 5:: first_event_name: srq, final_event_name: rrq, expected_data_B: 200000, recv_data_B: 200000
INFO:dale_experiment_rig:Flow 6:: num of byteloads: 1, num srq events: 1, num rrq events: 1
DEBUG:dale_experiment_rig:Flow 6:: first_event_name: srq, final_event_name: rrq, expected_data_B: 200000, recv_data_B: 200000
INFO:dale_experiment_rig:Flow 7:: num of byteloads: 1, num srq events: 1, num rrq events: 1
DEBUG:dale_experiment_rig:Flow 7:: first_event_name: srq, final_event_name: rrq, expected_data_B: 200000, recv_data_B: 200000
INFO:dale_experiment_rig:Flow 8:: num of byteloads: 1, num srq events: 1, num rrq events: 1
DEBUG:dale_experiment_rig:Flow 8:: first_event_name: srq, final_event_name: rrq, expected_data_B: 200000, recv_data_B: 200000
INFO:dale_experiment_rig:Flow 9:: num of byteloads: 1, num srq events: 1, num rrq events: 1
DEBUG:dale_experiment_rig:Flow 9:: first_event_name: srq, final_event_name: rrq, expected_data_B: 200000, recv_data_B: 200000
INFO:dale_experiment_rig:Flow 10:: num of byteloads: 1, num srq events: 1, num rrq events: 1
DEBUG:dale_experiment_rig:Flow 10:: first_event_name: srq, final_event_name: rrq, expected_data_B: 200000, recv_data_B: 200000
INFO:dale_experiment_rig:Flow 11:: num of byteloads: 1, num srq events: 1, num rrq events: 1
DEBUG:dale_experiment_rig:Flow 11:: first_event_name: srq, final_event_name: rrq, expected_data_B: 200000, recv_data_B: 200000
INFO:dale_experiment_rig:Flow 12:: num of byteloads: 1, num srq events: 1, num rrq events: 1
DEBUG:dale_experiment_rig:Flow 12:: first_event_name: srq, final_event_name: rrq, expected_data_B: 200000, recv_data_B: 200000
INFO:dale_experiment_rig:Flow 13:: num of byteloads: 1, num srq events: 1, num rrq events: 1
DEBUG:dale_experiment_rig:Flow 13:: first_event_name: srq, final_event_name: rrq, expected_data_B: 200000, recv_data_B: 200000
INFO:dale_experiment_rig:Flow 14:: num of byteloads: 1, num srq events: 1, num rrq events: 1
DEBUG:dale_experiment_rig:Flow 14:: first_event_name: srq, final_event_name: rrq, expected_data_B: 200000, recv_data_B: 200000
INFO:dale_experiment_rig:Flow 15:: num of byteloads: 1, num srq events: 1, num rrq events: 1
DEBUG:dale_experiment_rig:Flow 15:: first_event_name: srq, final_event_name: rrq, expected_data_B: 200000, recv_data_B: 200000
INFO:dale_experiment_rig:Flow 16:: num of byteloads: 1, num srq events: 1, num rrq events: 1
DEBUG:dale_experiment_rig:Flow 16:: first_event_name: srq, final_event_name: rrq, expected_data_B: 200000, recv_data_B: 200000
INFO:dale_experiment_rig:Flow 17:: num of byteloads: 1, num srq events: 1, num rrq events: 1
DEBUG:dale_experiment_rig:Flow 17:: first_event_name: srq, final_event_name: rrq, expected_data_B: 200000, recv_data_B: 200000
INFO:dale_experiment_rig:Flow 18:: num of byteloads: 1, num srq events: 1, num rrq events: 1
DEBUG:dale_experiment_rig:Flow 18:: first_event_name: srq, final_event_name: rrq, expected_data_B: 200000, recv_data_B: 200000
INFO:dale_experiment_rig:Flow 19:: num of byteloads: 1, num srq events: 1, num rrq events: 1
DEBUG:dale_experiment_rig:Flow 19:: first_event_name: srq, final_event_name: rrq, expected_data_B: 200000, recv_data_B: 200000
INFO:dale_experiment_rig:Flow 20:: num of byteloads: 1, num srq events: 1, num rrq events: 1
DEBUG:dale_experiment_rig:Flow 20:: first_event_name: srq, final_event_name: rrq, expected_data_B: 200000, recv_data_B: 200000
INFO:dale_experiment_rig:Flow 21:: num of byteloads: 1, num srq events: 1, num rrq events: 1
DEBUG:dale_experiment_rig:Flow 21:: first_event_name: srq, final_event_name: rrq, expected_data_B: 200000, recv_data_B: 200000
INFO:dale_experiment_rig:Flow 22:: num of byteloads: 1, num srq events: 1, num rrq events: 1
DEBUG:dale_experiment_rig:Flow 22:: first_event_name: srq, final_event_name: rrq, expected_data_B: 200000, recv_data_B: 200000
INFO:dale_experiment_rig:Flow 23:: num of byteloads: 1, num srq events: 1, num rrq events: 1
DEBUG:dale_experiment_rig:Flow 23:: first_event_name: srq, final_event_name: rrq, expected_data_B: 200000, recv_data_B: 200000
INFO:dale_experiment_rig:Flow 24:: num of byteloads: 1, num srq events: 1, num rrq events: 1
DEBUG:dale_experiment_rig:Flow 24:: first_event_name: srq, final_event_name: rrq, expected_data_B: 200000, recv_data_B: 200000
INFO:dale_experiment_rig:Flow 25:: num of byteloads: 1, num srq events: 1, num rrq events: 1
DEBUG:dale_experiment_rig:Flow 25:: first_event_name: srq, final_event_name: rrq, expected_data_B: 200000, recv_data_B: 200000
INFO:dale_experiment_rig:Flow 26:: num of byteloads: 1, num srq events: 1, num rrq events: 1
DEBUG:dale_experiment_rig:Flow 26:: first_event_name: srq, final_event_name: rrq, expected_data_B: 200000, recv_data_B: 200000
INFO:dale_experiment_rig:Flow 27:: num of byteloads: 1, num srq events: 1, num rrq events: 1
DEBUG:dale_experiment_rig:Flow 27:: first_event_name: srq, final_event_name: rrq, expected_data_B: 200000, recv_data_B: 200000
INFO:dale_experiment_rig:Flow 28:: num of byteloads: 1, num srq events: 1, num rrq events: 1
DEBUG:dale_experiment_rig:Flow 28:: first_event_name: srq, final_event_name: rrq, expected_data_B: 200000, recv_data_B: 200000
INFO:dale_experiment_rig:Flow 29:: num of byteloads: 1, num srq events: 1, num rrq events: 1
DEBUG:dale_experiment_rig:Flow 29:: first_event_name: srq, final_event_name: rrq, expected_data_B: 200000, recv_data_B: 200000
INFO:dale_experiment_rig:Flow 30:: num of byteloads: 1, num srq events: 1, num rrq events: 1
DEBUG:dale_experiment_rig:Flow 30:: first_event_name: srq, final_event_name: rrq, expected_data_B: 200000, recv_data_B: 200000
INFO:dale_experiment_rig:SSIRD FCT: [0.00042988400000076865, 0.0001091030000015536, 0.0001428700000012384, 4.157100000057312e-05, 0.00015975300000015125, 7.533700000017518e-05, 0.0001935200000016124, 0.00041300100000007944, 0.0003961180000011666, 0.0003792350000004774, 0.0003454680000007926, 0.0003285850000001034, 0.0002610520000008165, 0.00022728600000121446, 0.0004467680000015406, 9.222000000086439e-05, 2.460600000020463e-05, 0.00027793600000158847, 0.0002948190000005013, 0.0003117020000011905, 0.00036235200000156453, 0.0005311840000015167, 0.0005143000000007447, 0.0004974170000000555, 0.00048053400000114266, 0.00046365100000045345, 0.00017663600000084045, 0.0001259870000005492, 5.845400000126233e-05, 0.00021040300000052525, 0.0002441690000001273] ms, App Gdpt (overall): -1 Gbps, App Gdpt (per flow): [None, None, None, None, None, None, None, None, None, None, None, None, None, None, None, None, None, None, None, None, None, None, None, None, None, None, None, None, None, None, None]
INFO:dale_experiment_rig:Processing DCTCP results exp_id 4:: 31flo-1#-200000B
INFO:dale_experiment_rig:Processing results from /data/dh1723/SIRD-Simulator/scripts/r2p2/coord/results/DCTCP-50-31flo-1#-200000B-1000000ns_fullrange_31flo_credit_steal_25conn/data/DCTCP-50/60/applications_trace.str
INFO:dale_experiment_rig:Flow 0:: num of byteloads: 1, num srq events: 1, num rrq events: 1
DEBUG:dale_experiment_rig:Flow 0:: first_event_name: srq, final_event_name: rrq, expected_data_B: 200000, recv_data_B: 200000
INFO:dale_experiment_rig:Flow 1:: num of byteloads: 1, num srq events: 1, num rrq events: 1
DEBUG:dale_experiment_rig:Flow 1:: first_event_name: srq, final_event_name: rrq, expected_data_B: 200000, recv_data_B: 200000
INFO:dale_experiment_rig:Flow 2:: num of byteloads: 1, num srq events: 1, num rrq events: 1
DEBUG:dale_experiment_rig:Flow 2:: first_event_name: srq, final_event_name: rrq, expected_data_B: 200000, recv_data_B: 200000
INFO:dale_experiment_rig:Flow 3:: num of byteloads: 1, num srq events: 1, num rrq events: 1
DEBUG:dale_experiment_rig:Flow 3:: first_event_name: srq, final_event_name: rrq, expected_data_B: 200000, recv_data_B: 200000
INFO:dale_experiment_rig:Flow 4:: num of byteloads: 1, num srq events: 1, num rrq events: 1
DEBUG:dale_experiment_rig:Flow 4:: first_event_name: srq, final_event_name: rrq, expected_data_B: 200000, recv_data_B: 200000
INFO:dale_experiment_rig:Flow 5:: num of byteloads: 1, num srq events: 1, num rrq events: 1
DEBUG:dale_experiment_rig:Flow 5:: first_event_name: srq, final_event_name: rrq, expected_data_B: 200000, recv_data_B: 200000
INFO:dale_experiment_rig:Flow 6:: num of byteloads: 1, num srq events: 1, num rrq events: 1
DEBUG:dale_experiment_rig:Flow 6:: first_event_name: srq, final_event_name: rrq, expected_data_B: 200000, recv_data_B: 200000
INFO:dale_experiment_rig:Flow 7:: num of byteloads: 1, num srq events: 1, num rrq events: 1
DEBUG:dale_experiment_rig:Flow 7:: first_event_name: srq, final_event_name: rrq, expected_data_B: 200000, recv_data_B: 200000
INFO:dale_experiment_rig:Flow 8:: num of byteloads: 1, num srq events: 1, num rrq events: 1
DEBUG:dale_experiment_rig:Flow 8:: first_event_name: srq, final_event_name: rrq, expected_data_B: 200000, recv_data_B: 200000
INFO:dale_experiment_rig:Flow 9:: num of byteloads: 1, num srq events: 1, num rrq events: 1
DEBUG:dale_experiment_rig:Flow 9:: first_event_name: srq, final_event_name: rrq, expected_data_B: 200000, recv_data_B: 200000
INFO:dale_experiment_rig:Flow 10:: num of byteloads: 1, num srq events: 1, num rrq events: 1
DEBUG:dale_experiment_rig:Flow 10:: first_event_name: srq, final_event_name: rrq, expected_data_B: 200000, recv_data_B: 200000
INFO:dale_experiment_rig:Flow 11:: num of byteloads: 1, num srq events: 1, num rrq events: 1
DEBUG:dale_experiment_rig:Flow 11:: first_event_name: srq, final_event_name: rrq, expected_data_B: 200000, recv_data_B: 200000
INFO:dale_experiment_rig:Flow 12:: num of byteloads: 1, num srq events: 1, num rrq events: 1
DEBUG:dale_experiment_rig:Flow 12:: first_event_name: srq, final_event_name: rrq, expected_data_B: 200000, recv_data_B: 200000
INFO:dale_experiment_rig:Flow 13:: num of byteloads: 1, num srq events: 1, num rrq events: 1
DEBUG:dale_experiment_rig:Flow 13:: first_event_name: srq, final_event_name: rrq, expected_data_B: 200000, recv_data_B: 200000
INFO:dale_experiment_rig:Flow 14:: num of byteloads: 1, num srq events: 1, num rrq events: 1
DEBUG:dale_experiment_rig:Flow 14:: first_event_name: srq, final_event_name: rrq, expected_data_B: 200000, recv_data_B: 200000
INFO:dale_experiment_rig:Flow 15:: num of byteloads: 1, num srq events: 1, num rrq events: 1
DEBUG:dale_experiment_rig:Flow 15:: first_event_name: srq, final_event_name: rrq, expected_data_B: 200000, recv_data_B: 200000
INFO:dale_experiment_rig:Flow 16:: num of byteloads: 1, num srq events: 1, num rrq events: 1
DEBUG:dale_experiment_rig:Flow 16:: first_event_name: srq, final_event_name: rrq, expected_data_B: 200000, recv_data_B: 200000
INFO:dale_experiment_rig:Flow 17:: num of byteloads: 1, num srq events: 1, num rrq events: 1
DEBUG:dale_experiment_rig:Flow 17:: first_event_name: srq, final_event_name: rrq, expected_data_B: 200000, recv_data_B: 200000
INFO:dale_experiment_rig:Flow 18:: num of byteloads: 1, num srq events: 1, num rrq events: 1
DEBUG:dale_experiment_rig:Flow 18:: first_event_name: srq, final_event_name: rrq, expected_data_B: 200000, recv_data_B: 200000
INFO:dale_experiment_rig:Flow 19:: num of byteloads: 1, num srq events: 1, num rrq events: 1
DEBUG:dale_experiment_rig:Flow 19:: first_event_name: srq, final_event_name: rrq, expected_data_B: 200000, recv_data_B: 200000
INFO:dale_experiment_rig:Flow 20:: num of byteloads: 1, num srq events: 1, num rrq events: 1
DEBUG:dale_experiment_rig:Flow 20:: first_event_name: srq, final_event_name: rrq, expected_data_B: 200000, recv_data_B: 200000
INFO:dale_experiment_rig:Flow 21:: num of byteloads: 1, num srq events: 1, num rrq events: 1
DEBUG:dale_experiment_rig:Flow 21:: first_event_name: srq, final_event_name: rrq, expected_data_B: 200000, recv_data_B: 200000
INFO:dale_experiment_rig:Flow 22:: num of byteloads: 1, num srq events: 1, num rrq events: 1
DEBUG:dale_experiment_rig:Flow 22:: first_event_name: srq, final_event_name: rrq, expected_data_B: 200000, recv_data_B: 200000
INFO:dale_experiment_rig:Flow 23:: num of byteloads: 1, num srq events: 1, num rrq events: 1
DEBUG:dale_experiment_rig:Flow 23:: first_event_name: srq, final_event_name: rrq, expected_data_B: 200000, recv_data_B: 200000
INFO:dale_experiment_rig:Flow 24:: num of byteloads: 1, num srq events: 1, num rrq events: 1
DEBUG:dale_experiment_rig:Flow 24:: first_event_name: srq, final_event_name: rrq, expected_data_B: 200000, recv_data_B: 200000
INFO:dale_experiment_rig:Flow 25:: num of byteloads: 1, num srq events: 1, num rrq events: 1
DEBUG:dale_experiment_rig:Flow 25:: first_event_name: srq, final_event_name: rrq, expected_data_B: 200000, recv_data_B: 200000
INFO:dale_experiment_rig:Flow 26:: num of byteloads: 1, num srq events: 1, num rrq events: 1
DEBUG:dale_experiment_rig:Flow 26:: first_event_name: srq, final_event_name: rrq, expected_data_B: 200000, recv_data_B: 200000
INFO:dale_experiment_rig:Flow 27:: num of byteloads: 1, num srq events: 1, num rrq events: 1
DEBUG:dale_experiment_rig:Flow 27:: first_event_name: srq, final_event_name: rrq, expected_data_B: 200000, recv_data_B: 200000
INFO:dale_experiment_rig:Flow 28:: num of byteloads: 1, num srq events: 1, num rrq events: 1
DEBUG:dale_experiment_rig:Flow 28:: first_event_name: srq, final_event_name: rrq, expected_data_B: 200000, recv_data_B: 200000
INFO:dale_experiment_rig:Flow 29:: num of byteloads: 1, num srq events: 1, num rrq events: 1
DEBUG:dale_experiment_rig:Flow 29:: first_event_name: srq, final_event_name: rrq, expected_data_B: 200000, recv_data_B: 200000
INFO:dale_experiment_rig:Flow 30:: num of byteloads: 1, num srq events: 1, num rrq events: 1
DEBUG:dale_experiment_rig:Flow 30:: first_event_name: srq, final_event_name: rrq, expected_data_B: 200000, recv_data_B: 200000
INFO:dale_experiment_rig:DCTCP FCT: [0.00039942500000123005, 0.0004004080000008514, 0.0004015139999999917, 0.00040262000000090836, 0.0004037249999999659, 0.00040483100000088257, 0.00040593700000002286, 0.0004070430000009395, 0.00040814799999999707, 0.0004092540000009137, 0.000410360000000054, 0.00041146600000097067, 0.00041257200000011096, 0.00041367700000094487, 0.00041478300000008517, 0.0004158890000010018, 0.0004169950000001421, 0.000418100000000976, 0.0004192060000001163, 0.00042031200000103297, 0.00042141800000017327, 0.0004225230000010072, 0.00042362900000014747, 0.0004247350000010641, 0.0004810750000014963, 0.0005240200000002915, 0.0005256180000010602, 0.0005275850000003857, 0.0005295520000014875, 0.0005315200000008957, 0.0005334870000002212] ms, App Gtpt (overall): -1 Gbps, App Gdpt (per flow): [None, None, None, None, None, None, None, None, None, None, None, None, None, None, None, None, None, None, None, None, None, None, None, None, None, None, None, None, None, None, None]
INFO:dale_experiment_rig:
##### GENERATE METRICS #####
INFO:dale_experiment_rig:Experiment family: FCT_Fullrange_Byteloads_fullrange_31flo_credit_steal_25conn
INFO:__main__:Total Flow Size (Bytes): 200000
INFO:__main__:Total Injection Period (us): 1000.0
INFO:__main__:Byteload Size (Bytes): [20, 200, 2000, 20000, 200000]
INFO:__main__:Num Byteloads: [10000, 1000, 100, 10, 1]
INFO:__main__:Intervals (us): [0.1, 1.0, 10.0, 100.0, 1000.0]
INFO:__main__:Num flows: 31
DEBUG:__main__:Flow start times (us): [0, 0, 0, 0, 0, 0, 0, 0, 0, 0, 0, 0, 0, 0, 0, 0, 0, 0, 0, 0, 0, 0, 0, 0, 0, 0, 0, 0, 0, 0, 0]
INFO:__main__:Gdpt Gbps theoretical: [49.6, 49.6, 49.6, 49.6, 49.6]
INFO:__main__:Gdpt Gbps measured (SSIRD): [49.604800480045355, 49.648048048038405, 50.084848484767505, 54.93333333324452, -1]
INFO:__main__:Gdpt Gbps measured (DCTCP): [49.604800480045355, 49.648048048038405, 50.084848484767505, 54.93333333324452, -1]
DEBUG:__main__:Gdpt Gbps measured per flow (SSIRD): [[1.5999999999999146, 1.5999999999999146, 1.5999999999999146, 1.5999999999999146, 1.5999999999999146, 1.5999999999999146, 1.5999999999999146, 1.5999999999999146, 1.5999999999999146, 1.5999999999999146, 1.5999999999999146, 1.5999999999999146, 1.5999999999999146, 1.5999999999999146, 1.5999999999999146, 1.5999999999999146, 1.5999999999999146, 1.5999999999999146, 1.5999999999999146, 1.5999999999999146, 1.5999999999999146, 1.5999999999999146, 1.5999999999999146, 1.5999999999999146, 1.5999999999999146, 1.5999999999999146, 1.5999999999999146, 1.5999999999999146, 1.5999999999999146, 1.5999999999999146, 1.5999999999999146], [1.5999999999996892, 1.5999999999996892, 1.5999999999996892, 1.5999999999996892, 1.5999999999996892, 1.5999999999996892, 1.5999999999996892, 1.5999999999996892, 1.5999999999996892, 1.5999999999996892, 1.5999999999996892, 1.5999999999996892, 1.5999999999996892, 1.5999999999996892, 1.5999999999996892, 1.5999999999996892, 1.5999999999996892, 1.5999999999996892, 1.5999999999996892, 1.5999999999996892, 1.5999999999996892, 1.5999999999996892, 1.5999999999996892, 1.5999999999996892, 1.5999999999996892, 1.5999999999996892, 1.5999999999996892, 1.5999999999996892, 1.5999999999996892, 1.5999999999996892, 1.5999999999996892], [1.599999999997413, 1.599999999997413, 1.599999999997413, 1.599999999997413, 1.599999999997413, 1.599999999997413, 1.599999999997413, 1.599999999997413, 1.599999999997413, 1.599999999997413, 1.599999999997413, 1.599999999997413, 1.599999999997413, 1.599999999997413, 1.599999999997413, 1.599999999997413, 1.599999999997413, 1.599999999997413, 1.599999999997413, 1.599999999997413, 1.599999999997413, 1.599999999997413, 1.599999999997413, 1.599999999997413, 1.599999999997413, 1.599999999997413, 1.599999999997413, 1.599999999997413, 1.599999999997413, 1.599999999997413, 1.599999999997413], [1.599999999997413, 1.599999999997413, 1.599999999997413, 1.599999999997413, 1.599999999997413, 1.599999999997413, 1.599999999997413, 1.599999999997413, 1.599999999997413, 1.599999999997413, 1.599999999997413, 1.599999999997413, 1.599999999997413, 1.599999999997413, 1.599999999997413, 1.599999999997413, 1.599999999997413, 1.599999999997413, 1.599999999997413, 1.599999999997413, 1.599999999997413, 1.599999999997413, 1.599999999997413, 1.599999999997413, 1.599999999997413, 1.599999999997413, 1.599999999997413, 1.599999999997413, 1.599999999997413, 1.599999999997413, 1.599999999997413], [None, None, None, None, None, None, None, None, None, None, None, None, None, None, None, None, None, None, None, None, None, None, None, None, None, None, None, None, None, None, None]]
DEBUG:__main__:Gdpt Gbps measured per flow (DCTCP): [[1.5999999999999146, 1.5999999999999146, 1.5999999999999146, 1.5999999999999146, 1.5999999999999146, 1.5999999999999146, 1.5999999999999146, 1.5999999999999146, 1.5999999999999146, 1.5999999999999146, 1.5999999999999146, 1.5999999999999146, 1.5999999999999146, 1.5999999999999146, 1.5999999999999146, 1.5999999999999146, 1.5999999999999146, 1.5999999999999146, 1.5999999999999146, 1.5999999999999146, 1.5999999999999146, 1.5999999999999146, 1.5999999999999146, 1.5999999999999146, 1.5999999999999146, 1.5999999999999146, 1.5999999999999146, 1.5999999999999146, 1.5999999999999146, 1.5999999999999146, 1.5999999999999146], [1.5999999999996892, 1.5999999999996892, 1.5999999999996892, 1.5999999999996892, 1.5999999999996892, 1.5999999999996892, 1.5999999999996892, 1.5999999999996892, 1.5999999999996892, 1.5999999999996892, 1.5999999999996892, 1.5999999999996892, 1.5999999999996892, 1.5999999999996892, 1.5999999999996892, 1.5999999999996892, 1.5999999999996892, 1.5999999999996892, 1.5999999999996892, 1.5999999999996892, 1.5999999999996892, 1.5999999999996892, 1.5999999999996892, 1.5999999999996892, 1.5999999999996892, 1.5999999999996892, 1.5999999999996892, 1.5999999999996892, 1.5999999999996892, 1.5999999999996892, 1.5999999999996892], [1.599999999997413, 1.599999999997413, 1.599999999997413, 1.599999999997413, 1.599999999997413, 1.599999999997413, 1.599999999997413, 1.599999999997413, 1.599999999997413, 1.599999999997413, 1.599999999997413, 1.599999999997413, 1.599999999997413, 1.599999999997413, 1.599999999997413, 1.599999999997413, 1.599999999997413, 1.599999999997413, 1.599999999997413, 1.599999999997413, 1.599999999997413, 1.599999999997413, 1.599999999997413, 1.599999999997413, 1.599999999997413, 1.599999999997413, 1.599999999997413, 1.599999999997413, 1.599999999997413, 1.599999999997413, 1.599999999997413], [1.599999999997413, 1.599999999997413, 1.599999999997413, 1.599999999997413, 1.599999999997413, 1.599999999997413, 1.599999999997413, 1.599999999997413, 1.599999999997413, 1.599999999997413, 1.599999999997413, 1.599999999997413, 1.599999999997413, 1.599999999997413, 1.599999999997413, 1.599999999997413, 1.599999999997413, 1.599999999997413, 1.599999999997413, 1.599999999997413, 1.599999999997413, 1.599999999997413, 1.599999999997413, 1.599999999997413, 1.599999999997413, 1.599999999997413, 1.599999999997413, 1.599999999997413, 1.599999999997413, 1.599999999997413, 1.599999999997413], [None, None, None, None, None, None, None, None, None, None, None, None, None, None, None, None, None, None, None, None, None, None, None, None, None, None, None, None, None, None, None]]
INFO:__main__:* Sim duration (SSIRD): [0.05, 0.02, 0.01, 0.01, 0.01]
INFO:__main__:* Sim duration (DCTCP): [0.08, 0.03, 0.03, 0.03, 0.03]
INFO:__main__:* SSIRD FCT: [[0.008685686000001525, 0.009885686000000504, 0.009285686000000126, 0.002685686000001297, 0.002985686000000598, 0.009585686000001203, 0.003285685999999899, 0.003585686000000976, 0.003885686000000277, 0.004185686000001354, 0.004485686000000655, 0.004785685999999956, 0.005085686000001033, 0.005685686000001411, 0.005985686000000712, 0.00238568600000022, 0.0074856860000007686, 0.007185686000001468, 0.010185686000001581, 0.010485686000000882, 0.010785686000000183, 0.01108568600000126, 0.011385686000000561, 0.008385686000000447, 0.008085686000001147, 0.007785686000000069, 0.005385686000000334, 0.008985686000000825, 0.0068856860000003905, 0.00658568600000109, 0.0062856860000000125], [0.0010024450000010177, 0.0010021450000010645, 0.0010019050000007468, 0.0010024749999999472, 0.0011166249999998712, 0.001086625000001007, 0.0010566250000003663, 0.001026625000001502, 0.0010022350000014058, 0.0010020850000014292, 0.0010024150000003118, 0.0010023850000013823, 0.0010020550000007233, 0.0010023249999999706, 0.0010019350000014526, 0.001002295000001041, 0.0010019650000003821, 0.001001995000001088, 0.0010017980000007753, 0.0010018450000011114, 0.001002174999999994, 0.0010023550000006765, 0.0010021150000003587, 0.001002505000000653, 0.0010020250000000175, 0.0010018200000008193, 0.0010022650000003352, 0.0010022050000007, 0.001001875000000041, 0.0010017530000006047, 0.0010017760000007314], [0.0009983760000000785, 0.0010016950000011349, 0.000999967000000268, 0.0009989010000008847, 0.0009934100000013046, 0.0009932370000012014, 0.0009996210000000616, 0.001003250000000122, 0.0010020410000013413, 0.001000485000000495, 0.001001177000000908, 0.0010003130000004745, 0.0010010040000008047, 0.0009930640000010982, 0.000999074000000988, 0.0010008310000007015, 0.0010022130000013618, 0.0009981589999998874, 0.001002386000001465, 0.0009994490000000411, 0.001001868000001238, 0.0009992759999999379, 0.0009979860000015606, 0.0010013490000009284, 0.0010015220000010316, 0.0010025590000015683, 0.0010006580000005982, 0.0009997940000001648, 0.000998556000000761, 0.0009987290000008642, 0.0010001400000003713], [0.0009600920000014668, 0.0009178500000004419, 0.0009263000000014898, 0.0009567120000006923, 0.0009482640000015863, 0.0009431960000014783, 0.0009313680000015978, 0.0009584020000001914, 0.0009499540000010853, 0.0009279890000009061, 0.0009093530000008343, 0.0009330580000010968, 0.000919539999999941, 0.0009212290000011336, 0.0009347480000005959, 0.0009144710000015266, 0.0009415060000002029, 0.0009161610000010256, 0.0009516440000005844, 0.0009533330000000007, 0.0009465750000003936, 0.0009110599999999636, 0.0009127810000002512, 0.0009398160000007039, 0.0009364370000000122, 0.0009381270000012876, 0.0009229190000006326, 0.0009448850000008946, 0.0009296790000004052, 0.000955023000001276, 0.0009246090000001317], [0.00042988400000076865, 0.0001091030000015536, 0.0001428700000012384, 4.157100000057312e-05, 0.00015975300000015125, 7.533700000017518e-05, 0.0001935200000016124, 0.00041300100000007944, 0.0003961180000011666, 0.0003792350000004774, 0.0003454680000007926, 0.0003285850000001034, 0.0002610520000008165, 0.00022728600000121446, 0.0004467680000015406, 9.222000000086439e-05, 2.460600000020463e-05, 0.00027793600000158847, 0.0002948190000005013, 0.0003117020000011905, 0.00036235200000156453, 0.0005311840000015167, 0.0005143000000007447, 0.0004974170000000555, 0.00048053400000114266, 0.00046365100000045345, 0.00017663600000084045, 0.0001259870000005492, 5.845400000126233e-05, 0.00021040300000052525, 0.0002441690000001273]]
INFO:__main__:* DCTCP FCT: [[0.0019275030000009963, 0.001927596999999892, 0.001927692000000647, 0.0019277840000011537, 0.0019278769999999668, 0.0019279700000005562, 0.0019280620000010629, 0.001928152000001404, 0.001928235000001166, 0.0019283180000009281, 0.0019284010000006901, 0.0019284970000015278, 0.0019285920000005063, 0.001928688000001344, 0.0019287840000004053, 0.0019288780000010775, 0.001928973000000056, 0.0019290670000007282, 0.0019291610000014003, 0.001929252000000048, 0.0019293369999999754, 0.0019294210000015966, 0.001929506000001524, 0.0019296040000007508, 0.0019297009999998949, 0.002168136999999959, 0.0021768710000014124, 0.0021856060000011723, 0.0021943400000008495, 0.0022030740000005267, 0.002211927000001168], [0.0010015440000010756, 0.0010015670000012022, 0.0010015890000012462, 0.00100161100000129, 0.001001633000001334, 0.0010016560000014607, 0.0010016780000015046, 0.0010017000000015486, 0.0010017220000015925, 0.0010017449999999428, 0.0010017669999999868, 0.0010017890000000307, 0.0010018110000000746, 0.0010018340000002013, 0.0010018560000002452, 0.0010018780000002891, 0.001001900000000333, 0.0010019230000004598, 0.0010019450000005037, 0.0010019670000005476, 0.0010019890000005915, 0.0010020120000007182, 0.0010020340000007621, 0.001002056000000806, 0.00100207800000085, 0.0010797430000000219, 0.0011234460000011381, 0.0011234640000008511, 0.0011234810000004813, 0.0011234990000001943, 0.001123516000001601], [0.00099279600000024, 0.0009929680000002605, 0.000993140000000281, 0.0009933130000003842, 0.0009934850000004047, 0.000993658000000508, 0.0009938300000005285, 0.0009940030000006317, 0.0009941750000006522, 0.0009943480000007554, 0.000994520000000776, 0.0009946930000008791, 0.0009948650000008996, 0.0009950380000010028, 0.0009952100000010233, 0.0009953830000011266, 0.000995555000001147, 0.0009957280000012503, 0.0009959000000012708, 0.000996073000001374, 0.0009962450000013945, 0.0009964180000014977, 0.0009965900000015182, 0.0009967630000016214, 0.0009969349999998656, 0.0010966110000012463, 0.0010972599999998778, 0.0010980310000014981, 0.0010988030000014248, 0.0010995750000013516, 0.0011003460000011955], [0.0009043100000010185, 0.000905998000000352, 0.0009076850000013792, 0.00090937200000063, 0.0009110599999999636, 0.0009127470000009907, 0.0009144350000003243, 0.0009161220000013515, 0.0009178090000006023, 0.0009194969999999358, 0.000921184000000963, 0.0009228710000002138, 0.0009245590000013237, 0.0009262460000005746, 0.0009279330000016017, 0.0009296210000009353, 0.0009313080000001861, 0.000932996000001296, 0.0009346830000005468, 0.000936370000001574, 0.0009380580000009076, 0.0009397450000001584, 0.0009414320000011855, 0.0009431200000005191, 0.0009448070000015463, 0.0010422950000013032, 0.0010430620000008162, 0.0010438290000003292, 0.0010445960000016186, 0.0010453630000011316, 0.0010461300000006446], [0.00039942500000123005, 0.0004004080000008514, 0.0004015139999999917, 0.00040262000000090836, 0.0004037249999999659, 0.00040483100000088257, 0.00040593700000002286, 0.0004070430000009395, 0.00040814799999999707, 0.0004092540000009137, 0.000410360000000054, 0.00041146600000097067, 0.00041257200000011096, 0.00041367700000094487, 0.00041478300000008517, 0.0004158890000010018, 0.0004169950000001421, 0.000418100000000976, 0.0004192060000001163, 0.00042031200000103297, 0.00042141800000017327, 0.0004225230000010072, 0.00042362900000014747, 0.0004247350000010641, 0.0004810750000014963, 0.0005240200000002915, 0.0005256180000010602, 0.0005275850000003857, 0.0005295520000014875, 0.0005315200000008957, 0.0005334870000002212]]
