scripts/r2p2/post-process/saved_experiment_outputs/FE_incast_12host_fullsweep__12host_fbHadoopDist_load_fullsweep_300ns_fromjson/FE_incast_12host_fullsweep_10to1_12host_fbHadoopDist_load_fullsweep_300ns_fromjson_2025-08-22T_18-46-14Z.log
----------
FE_incast_12host_10to1_12host_fbHadoopDist_loadtest_300ns_2025-08-22T_18-10-46Z.json
==========
Flowspecs loaded from saved json file: FE_incast_12host_10to1_12host_fbHadoopDist_loadtest_300ns_2025-08-22T_18-10-46Z.json
Workload name: Facebook_HadoopDist_All.txt
Protos tested: ['SSIRD', 'DCTCP-50', 'ExpressPass']
Topo Yaml File: 12-hosts-dumbbell.yaml
Src-Dst pairs list: [(1, 0), (2, 0), (3, 0), (4, 0), (5, 0), (6, 0), (7, 0), (8, 0), (9, 0), (10, 0)]
Num Flows: [1, 5, 10, 20, 30, 40]
Byteload Size (B): [1458, 1458, 1458, 1458, 1458, 1458]
Flow size distr workload: Facebook_HadoopDist_All.txt
Target Mean Byteload Interval (ns): [300, 300, 300, 300, 300, 300]
Target Flow Rate (Gbps): 38.879999999999995
Num Byteloads: [35, 53, 1, 1, 1, 1, 1, 1, 1, 1, 1, 1, 1, 1, 2742, 50, 831, 53, 1, 63, 1, 35, 1, 31, 144, 34, 53, 3, 1, 1, 1, 1, 1, 33, 1, 1, 1, 1, 1, 1, 531, 1, 1, 1140, 1, 47, 1, 1, 1, 1, 55, 184, 35, 1, 1, 1, 2, 1, 1, 1, 1, 1, 1, 34, 1, 1, 1, 1, 1, 1, 35, 1, 1, 1, 1, 23, 1, 1, 1, 1, 5, 1, 1, 1, 1, 1, 442, 1, 1070, 1, 1, 1, 42, 1, 1, 28, 1, 1, 140, 1, 1, 53, 60, 1, 1, 1, 1, 33, 1, 1, 95, 1, 1, 1, 1, 1, 1, 34, 1, 1, 1, 1, 1, 171, 1, 1, 20, 181, 1, 2, 134, 1, 1, 29, 1, 1, 1, 29, 92, 6, 1, 1, 1, 5, 1, 1, 31, 1, 1, 34, 1, 1, 134, 32, 1, 1, 1, 8, 1, 3, 1, 1, 67, 108, 1, 33, 1, 630, 1, 8, 1, 53, 71, 1, 1, 1, 1, 1, 1, 37, 1, 33, 1, 1, 1, 1, 1, 33, 1, 31, 30, 3, 3, 31, 1, 1, 1, 1, 1, 22, 1, 1, 1, 2, 132, 1, 2, 62, 2020, 1, 1, 1, 1, 1, 1, 108, 1, 1, 1, 1, 1, 29, 4, 2, 29, 1, 1, 1, 1, 1, 1, 1, 1, 1, 1, 1, 81, 1, 1, 1, 1, 1, 1, 1, 35, 1, 30, 1, 1, 1, 1, 1, 1, 36, 1, 1, 31, 1, 1, 23, 1, 1, 1, 29, 1, 33, 1, 1, 56, 1429, 1, 1, 1, 1, 1, 1, 52, 2, 1, 1, 1, 1, 308, 1, 54, 1, 1, 13, 51, 1, 1290, 24, 1, 75, 2, 1, 1, 1, 47, 1, 1, 31, 1, 1, 1, 152, 1, 1, 1, 1, 1, 1, 1, 20, 22, 1, 1, 1, 1, 1, 253, 5887, 266, 1, 1, 2, 1, 30, 1, 1, 1, 51, 1, 1, 1, 1, 1, 1, 544, 53, 1, 1, 1, 23, 1, 1, 5, 4337, 50, 1, 2354, 1, 1, 1, 1, 1, 1, 1, 2, 1, 1, 1, 4, 5, 1, 1, 1, 51, 1, 1, 1, 1, 1, 1, 56, 1, 1, 1, 1, 1, 1, 69, 1, 1, 1, 4337, 35, 78, 1, 52, 1, 1, 50, 33, 55, 1, 1, 1, 1, 1, 1, 2, 56, 1, 1, 6, 1, 54, 1, 1, 442, 1, 1, 943, 1, 1, 1, 3, 1, 1, 1, 1, 4, 1, 59, 66, 1, 1, 1, 1, 1, 33, 1, 1, 43, 1, 1, 50, 2, 1, 1, 1, 32, 1, 53, 1, 1, 27, 1, 1, 168, 31, 219, 1, 1, 93, 1, 66, 1, 66, 184, 1, 1, 1, 1, 1, 38, 1, 74, 1, 1, 4, 59, 32, 27, 70, 1, 60, 1, 1, 1, 34, 1, 1, 1, 1, 56, 1, 1, 1, 1, 1, 544, 1, 1, 1, 1, 1, 1, 1, 1, 1, 34, 1, 1, 1, 1, 66, 1, 1, 2, 1, 32, 2, 1, 32, 1, 1, 1, 1400, 1, 1, 1, 45, 1, 1, 1, 1, 1, 1, 1, 1, 1, 3722, 1, 1, 279, 1, 1, 1, 1, 1, 52, 1, 175, 1, 1, 132, 1, 1, 2, 1, 60, 253, 1, 1, 28, 1, 53, 55, 1, 1, 1, 1, 1, 1, 32, 50, 2, 1, 1, 1, 1, 1, 1, 1, 1, 1, 2, 1, 195, 1, 1, 2, 1, 1, 1, 1, 1, 1, 1, 1, 1, 32, 484, 1, 35, 5, 1, 5, 1, 1, 1, 32, 1, 1, 1, 1, 1, 52, 53, 1, 1, 1, 2, 1, 1, 1, 1488, 323, 89, 56, 63, 1, 32, 1, 1, 1, 1, 5, 1, 82, 56, 1, 1, 1, 54, 1, 1, 1, 63, 1, 148, 2, 1, 1, 1, 387, 1, 1, 2, 1, 54, 1, 32, 1, 1, 1, 1, 36, 32, 1, 208, 1, 26, 1, 1, 1, 1, 1, 87, 1, 71, 1, 1, 1, 1, 1, 1, 1, 1, 1, 1, 31, 1, 33, 1, 2, 1, 1, 101, 3, 198, 1, 1, 1, 1, 1, 1, 1, 230, 1, 1, 10, 1, 1, 87, 31, 1, 1, 34, 1, 24, 1, 44, 1, 195, 1, 26, 1, 1, 7, 31, 34, 89, 1, 1, 1, 1, 1, 78, 1, 1, 1, 1, 55, 1, 1, 1, 49, 1, 1, 1, 5, 1, 1, 35, 308, 1, 132, 27, 1, 198, 32, 1, 1, 32, 1, 1, 38, 2, 171, 1, 1, 1, 2, 1, 1, 1, 1, 1, 1, 1, 1, 1, 1, 26, 1, 1, 1, 1, 32, 1, 1, 1, 1, 64, 1, 33, 56, 1, 943, 1, 1, 1, 1, 55, 1, 8, 1, 1, 2, 1, 74, 1, 1, 1, 1, 27, 1, 1, 1, 1, 31, 1, 32, 1, 54, 1, 1, 1, 3, 1, 29, 33, 1, 161, 1, 34, 1, 1, 1, 1, 52, 1, 1, 1, 1, 1, 41, 22, 2, 1, 111, 1, 1, 1, 6, 1, 1, 1, 1, 32, 1, 1, 32, 1, 1, 1, 1, 51, 1, 34, 1, 1, 55, 1, 1, 1, 1, 1, 1, 1, 31, 1, 1, 1, 1, 1, 1, 1, 1, 58, 1, 1, 1, 2, 1, 1, 1, 1, 1, 32, 1, 1, 1, 1, 1, 51, 1, 1, 104, 2, 1, 1, 1, 1, 31, 69, 5, 56, 1, 1, 15, 1, 1, 31, 1, 1, 1, 31, 11, 6, 1, 1, 1, 1, 1, 1, 1, 1372, 1, 1, 1, 47, 4337, 55, 80, 54, 52, 1, 31, 1, 72, 3195, 1, 1, 2, 1, 33, 308, 1, 1, 1, 159, 1, 31, 1, 30, 1, 51, 1, 1, 1, 1, 1, 1, 5, 1, 1, 53, 1, 56, 1, 1, 1, 1, 1, 1, 1, 80, 1, 31, 24, 80, 2020, 1, 56, 1, 1, 30, 1, 615, 1, 1, 1, 1, 32, 101, 46, 1, 1, 1, 1, 1, 103, 1, 1, 60, 1, 28, 1, 1, 74, 1, 1, 1, 1, 24, 1, 1, 1, 1, 1488, 28, 1, 155, 55, 2, 1, 1, 1, 1, 600, 253, 1, 34, 1, 1, 1, 30, 1, 1, 1, 1, 31, 38, 1, 1, 1, 1, 54, 1, 1, 1, 1, 1, 1, 1, 90]
Flow Start Times (us): [{(1, 0): [0.136], (2, 0): [0.716], (3, 0): [0.457], (4, 0): [0.443], (5, 0): [1.891], (6, 0): [0.135], (7, 0): [0.029], (8, 0): [0.883], (9, 0): [0.902], (10, 0): [0.451]}, {(1, 0): [0.508, 0.975, 1.001, 1.042, 1.498], (2, 0): [0.116, 0.451, 0.455, 0.685, 1.117], (3, 0): [0.365, 0.777, 1.14, 1.808, 2.12], (4, 0): [0.523, 1.985, 3.439, 5.208, 5.222], (5, 0): [0.226, 0.903, 1.075, 1.365, 1.918], (6, 0): [0.173, 0.532, 0.603, 0.8, 0.882], (7, 0): [0.122, 0.654, 1.696, 1.939, 3.159], (8, 0): [1.849, 2.866, 3.128, 3.411, 3.431], (9, 0): [2.906, 5.736, 5.791, 6.253, 7.567], (10, 0): [0.869, 1.24, 2.781, 4.299, 4.386]}, {(1, 0): [0.468, 0.562, 1.196, 2.378, 3.678, 4.948, 5.626, 6.776, 7.102, 7.728], (2, 0): [0.342, 1.058, 1.441, 2.541, 3.915, 4.063, 4.282, 4.412, 4.614, 4.697], (3, 0): [0.585, 0.966, 1.221, 2.686, 2.985, 3.773, 3.828, 4.172, 4.202, 4.304], (4, 0): [0.835, 0.869, 1.017, 1.262, 2.122, 2.387, 3.258, 3.262, 3.448, 3.502], (5, 0): [0.655, 1.176, 2.017, 2.563, 3.142, 3.785, 3.951, 4.926, 5.688, 5.875], (6, 0): [0.006, 0.817, 1.05, 2.776, 3.374, 3.835, 3.858, 4.251, 4.277, 4.481], (7, 0): [0.964, 1.077, 1.29, 1.585, 1.689, 2.296, 2.493, 3.363, 4.302, 4.329], (8, 0): [0.241, 0.696, 1.005, 1.291, 1.651, 3.07, 3.276, 3.613, 3.729, 3.93], (9, 0): [0.05, 0.428, 0.505, 1.034, 1.545, 1.866, 1.878, 2.788, 2.915, 2.922], (10, 0): [0.064, 0.573, 1.363, 2.001, 2.317, 3.862, 4.45, 5.141, 5.198, 5.21]}, {(1, 0): [0.502, 1.278, 1.594, 1.773, 2.353, 2.656, 2.863, 3.052, 3.357, 3.789, 4.494, 5.33, 6.68, 8.748, 8.774, 9.049, 9.105, 10.351, 10.558, 10.7], (2, 0): [0.385, 1.248, 1.656, 1.853, 2.696, 2.962, 5.104, 5.162, 7.597, 7.903, 8.125, 8.41, 9.044, 11.617, 11.742, 12.177, 12.64, 12.921, 14.088, 14.801], (3, 0): [0.677, 2.089, 2.339, 2.654, 2.672, 2.866, 3.236, 3.85, 4.662, 5.708, 5.732, 6.222, 6.292, 6.483, 6.735, 6.824, 7.429, 8.256, 8.321, 8.502], (4, 0): [1.357, 2.07, 2.486, 3.282, 4.401, 4.606, 5.135, 5.701, 5.79, 6.321, 6.809, 7.156, 7.572, 7.902, 8.681, 9.984, 10.56, 10.971, 11.114, 11.819], (5, 0): [0.126, 1.584, 1.737, 1.776, 1.993, 2.281, 2.376, 2.687, 2.735, 3.1, 3.584, 4.13, 6.401, 6.673, 7.628, 8.035, 8.456, 10.018, 10.279, 11.346], (6, 0): [0.137, 0.43, 0.65, 1.02, 1.636, 2.508, 3.127, 3.725, 3.807, 4.637, 5.278, 5.636, 6.219, 6.506, 7.594, 7.97, 8.889, 8.944, 8.995, 9.582], (7, 0): [0.696, 0.988, 1.195, 1.237, 1.732, 1.885, 2.694, 3.384, 3.641, 3.768, 3.889, 4.983, 5.046, 5.541, 5.701, 6.127, 6.327, 6.34, 6.781, 6.812], (8, 0): [0.587, 0.64, 0.646, 0.715, 2.271, 2.284, 2.692, 3.319, 3.765, 4.59, 6.292, 6.331, 7.081, 7.261, 7.862, 7.919, 8.069, 8.53, 8.616, 8.875], (9, 0): [0.0, 0.587, 0.893, 0.963, 1.097, 1.469, 1.606, 2.014, 2.679, 2.958, 3.957, 4.089, 4.158, 4.898, 4.936, 5.617, 6.177, 6.921, 7.648, 7.747], (10, 0): [0.183, 0.205, 0.217, 0.733, 0.892, 0.958, 1.513, 1.839, 2.003, 3.546, 3.646, 4.364, 4.705, 4.831, 5.7, 5.886, 6.152, 6.158, 6.295, 7.015]}, {(1, 0): [0.208, 0.469, 0.602, 0.615, 0.987, 1.318, 1.84, 1.862, 2.219, 2.381, 2.614, 3.289, 3.516, 3.65, 4.784, 4.881, 5.452, 5.567, 5.769, 6.05, 6.942, 7.097, 7.311, 8.687, 8.775, 9.022, 9.277, 9.96, 9.991, 10.999], (2, 0): [1.055, 1.198, 1.41, 1.668, 1.728, 1.964, 2.191, 2.301, 2.585, 2.949, 3.175, 3.296, 3.496, 3.818, 4.303, 4.375, 4.623, 6.323, 7.959, 8.828, 9.098, 9.295, 9.997, 11.611, 12.433, 12.613, 12.625, 12.733, 13.397, 13.754], (3, 0): [0.079, 0.366, 0.373, 0.563, 0.577, 0.825, 0.847, 1.859, 2.731, 3.419, 3.508, 3.578, 4.296, 4.673, 5.435, 6.441, 6.574, 6.615, 6.774, 6.951, 8.735, 8.813, 9.305, 9.465, 9.769, 9.829, 10.424, 10.763, 10.81, 11.515], (4, 0): [1.297, 1.727, 1.886, 2.548, 2.981, 3.625, 3.738, 3.799, 3.937, 3.996, 4.305, 4.526, 4.988, 5.046, 5.336, 5.383, 5.465, 6.246, 6.423, 6.626, 6.692, 7.152, 7.226, 8.181, 8.838, 8.884, 9.559, 11.415, 11.546, 11.807], (5, 0): [0.09, 0.303, 0.415, 1.759, 1.799, 1.801, 1.866, 2.331, 3.273, 4.428, 4.528, 4.947, 6.079, 9.264, 9.37, 9.79, 11.026, 11.13, 11.243, 11.437, 11.682, 12.469, 13.021, 13.498, 13.628, 13.789, 14.05, 14.278, 15.128, 15.406], (6, 0): [1.154, 1.239, 2.727, 2.903, 3.731, 3.865, 4.169, 4.817, 5.067, 6.209, 6.594, 6.83, 7.066, 7.144, 7.307, 8.314, 8.46, 9.682, 10.348, 10.677, 11.425, 11.562, 12.244, 12.353, 12.684, 12.849, 13.447, 14.072, 14.124, 15.018], (7, 0): [0.097, 0.379, 1.187, 1.807, 1.883, 3.068, 3.441, 3.758, 4.634, 4.638, 4.691, 6.073, 6.259, 7.572, 10.004, 10.675, 11.237, 13.341, 13.66, 14.281, 16.05, 16.105, 16.405, 17.132, 17.405, 18.19, 18.834, 19.086, 20.286, 20.4], (8, 0): [0.802, 1.81, 2.653, 3.522, 3.54, 5.405, 5.735, 5.882, 6.344, 7.057, 7.799, 8.633, 8.78, 9.161, 9.185, 9.222, 9.735, 9.799, 11.544, 12.112, 12.401, 12.607, 13.032, 13.808, 14.354, 14.738, 15.117, 17.081, 17.298, 17.884], (9, 0): [0.574, 0.992, 1.095, 1.147, 1.304, 1.551, 1.733, 2.357, 2.7, 4.549, 4.691, 5.018, 6.455, 6.936, 7.213, 7.251, 7.401, 7.582, 7.721, 7.991, 8.25, 8.263, 9.5, 10.163, 10.223, 10.356, 10.597, 11.455, 12.298, 13.425], (10, 0): [1.033, 1.119, 1.307, 1.719, 1.872, 2.469, 2.554, 2.566, 2.644, 3.41, 3.531, 3.864, 4.531, 4.718, 5.885, 6.045, 6.111, 7.019, 8.276, 8.81, 9.502, 9.977, 10.594, 11.04, 11.638, 11.846, 12.127, 12.408, 12.627, 13.003]}, {(1, 0): [0.583, 0.905, 1.074, 1.741, 1.805, 2.041, 2.449, 2.594, 3.639, 4.578, 5.282, 5.424, 5.755, 6.166, 6.579, 6.842, 8.036, 8.117, 8.695, 9.591, 10.427, 10.698, 11.008, 11.439, 11.85, 11.893, 13.22, 14.519, 14.751, 14.922, 15.002, 15.487, 16.225, 17.217, 17.601, 17.956, 18.053, 18.428, 18.791, 18.917], (2, 0): [0.135, 0.346, 0.824, 1.162, 1.897, 3.226, 3.598, 3.878, 4.76, 4.962, 5.243, 5.33, 6.387, 6.516, 6.57, 6.861, 7.142, 7.429, 7.597, 8.068, 8.184, 8.458, 8.465, 9.41, 12.206, 13.376, 13.751, 14.448, 14.487, 15.636, 16.02, 17.152, 17.219, 17.963, 18.559, 18.572, 19.119, 19.444, 19.729, 20.509], (3, 0): [0.864, 1.198, 1.268, 1.327, 1.423, 4.054, 4.238, 7.136, 7.79, 9.246, 9.629, 9.818, 10.114, 10.723, 10.948, 10.984, 11.626, 12.088, 12.343, 13.161, 13.456, 13.648, 14.12, 14.531, 15.737, 16.165, 16.319, 17.016, 17.823, 18.242, 18.334, 18.409, 19.071, 19.349, 19.686, 20.437, 20.53, 20.878, 20.932, 21.437], (4, 0): [0.601, 0.634, 0.853, 1.393, 1.427, 1.704, 1.857, 2.62, 2.76, 3.096, 3.27, 3.801, 4.412, 4.457, 4.738, 6.145, 7.46, 7.568, 7.814, 8.488, 8.62, 9.486, 10.373, 11.565, 12.206, 13.396, 14.472, 14.926, 15.58, 15.644, 15.812, 17.243, 17.542, 17.624, 18.558, 18.634, 18.783, 21.023, 22.207, 22.704], (5, 0): [0.126, 0.361, 0.504, 1.44, 1.539, 2.318, 2.584, 3.164, 4.062, 4.121, 4.263, 5.367, 6.17, 6.202, 6.366, 6.508, 6.56, 6.584, 8.457, 8.836, 9.266, 9.432, 9.465, 10.511, 10.92, 10.955, 11.041, 11.593, 12.912, 12.944, 13.476, 13.884, 14.045, 15.866, 16.187, 16.987, 17.161, 18.772, 18.956, 19.484], (6, 0): [0.029, 0.118, 0.327, 0.731, 0.858, 0.999, 1.207, 1.328, 1.648, 1.943, 3.061, 3.417, 3.495, 4.146, 4.149, 4.568, 6.708, 6.957, 6.96, 7.046, 7.407, 7.525, 7.604, 7.707, 8.169, 8.276, 8.594, 9.059, 9.207, 9.848, 10.39, 10.983, 11.209, 11.263, 11.85, 12.294, 12.378, 12.851, 13.818, 14.234], (7, 0): [0.268, 0.556, 0.616, 0.667, 1.621, 1.994, 2.242, 3.102, 3.71, 3.71, 4.787, 5.449, 5.547, 6.263, 6.443, 6.793, 7.12, 7.807, 9.155, 9.176, 9.332, 10.552, 10.643, 11.213, 11.343, 11.469, 12.137, 12.876, 13.225, 13.502, 13.545, 13.973, 14.56, 15.417, 16.216, 16.27, 16.723, 16.761, 16.869, 16.947], (8, 0): [0.562, 1.277, 1.331, 1.373, 2.6, 3.043, 3.82, 5.164, 5.55, 5.944, 6.194, 6.236, 6.274, 6.884, 7.974, 8.059, 8.087, 9.14, 9.499, 10.412, 11.388, 12.013, 12.379, 13.579, 14.911, 14.917, 14.967, 15.355, 15.879, 17.134, 17.379, 17.454, 17.922, 18.467, 19.253, 19.488, 19.974, 20.653, 21.482, 22.054], (9, 0): [1.681, 5.094, 5.127, 5.131, 6.686, 6.901, 7.238, 9.065, 10.147, 10.171, 11.024, 11.31, 11.688, 12.082, 12.249, 12.265, 12.801, 13.45, 13.54, 14.861, 15.514, 16.294, 16.517, 16.922, 17.091, 17.117, 17.163, 17.174, 18.785, 19.068, 19.304, 19.465, 19.799, 20.477, 20.516, 20.606, 20.824, 21.025, 21.26, 21.321], (10, 0): [0.524, 2.49, 3.3, 3.841, 4.713, 5.115, 5.131, 5.462, 5.531, 6.084, 6.301, 6.423, 6.462, 6.777, 7.206, 7.909, 8.658, 10.763, 10.868, 11.612, 11.639, 12.483, 13.432, 13.537, 14.168, 14.697, 14.899, 15.337, 15.397, 15.863, 16.622, 16.795, 16.871, 17.301, 17.577, 18.104, 18.373, 18.494, 18.672, 19.226]}]
Flow Rate (Gbps): [38.88, 38.88, 38.88, 38.88, 38.88, 38.88, 38.88, 38.88, 38.88, 38.88, 38.88, 38.88, 38.88, 38.88, 38.88, 38.88, 38.88, 38.88, 38.88, 38.88, 38.88, 38.88, 38.88, 38.88, 38.88, 38.88, 38.88, 38.88, 38.88, 38.88, 38.88, 38.88, 38.88, 38.88, 38.88, 38.88, 38.88, 38.88, 38.88, 38.88, 38.88, 38.88, 38.88, 38.88, 38.88, 38.88, 38.88, 38.88, 38.88, 38.88, 38.88, 38.88, 38.88, 38.88, 38.88, 38.88, 38.88, 38.88, 38.88, 38.88, 38.88, 38.88, 38.88, 38.88, 38.88, 38.88, 38.88, 38.88, 38.88, 38.88, 38.88, 38.88, 38.88, 38.88, 38.88, 38.88, 38.88, 38.88, 38.88, 38.88, 38.88, 38.88, 38.88, 38.88, 38.88, 38.88, 38.88, 38.88, 38.88, 38.88, 38.88, 38.88, 38.88, 38.88, 38.88, 38.88, 38.88, 38.88, 38.88, 38.88, 38.88, 38.88, 38.88, 38.88, 38.88, 38.88, 38.88, 38.88, 38.88, 38.88, 38.88, 38.88, 38.88, 38.88, 38.88, 38.88, 38.88, 38.88, 38.88, 38.88, 38.88, 38.88, 38.88, 38.88, 38.88, 38.88, 38.88, 38.88, 38.88, 38.88, 38.88, 38.88, 38.88, 38.88, 38.88, 38.88, 38.88, 38.88, 38.88, 38.88, 38.88, 38.88, 38.88, 38.88, 38.88, 38.88, 38.88, 38.88, 38.88, 38.88, 38.88, 38.88, 38.88, 38.88, 38.88, 38.88, 38.88, 38.88, 38.88, 38.88, 38.88, 38.88, 38.88, 38.88, 38.88, 38.88, 38.88, 38.88, 38.88, 38.88, 38.88, 38.88, 38.88, 38.88, 38.88, 38.88, 38.88, 38.88, 38.88, 38.88, 38.88, 38.88, 38.88, 38.88, 38.88, 38.88, 38.88, 38.88, 38.88, 38.88, 38.88, 38.88, 38.88, 38.88, 38.88, 38.88, 38.88, 38.88, 38.88, 38.88, 38.88, 38.88, 38.88, 38.88, 38.88, 38.88, 38.88, 38.88, 38.88, 38.88, 38.88, 38.88, 38.88, 38.88, 38.88, 38.88, 38.88, 38.88, 38.88, 38.88, 38.88, 38.88, 38.88, 38.88, 38.88, 38.88, 38.88, 38.88, 38.88, 38.88, 38.88, 38.88, 38.88, 38.88, 38.88, 38.88, 38.88, 38.88, 38.88, 38.88, 38.88, 38.88, 38.88, 38.88, 38.88, 38.88, 38.88, 38.88, 38.88, 38.88, 38.88, 38.88, 38.88, 38.88, 38.88, 38.88, 38.88, 38.88, 38.88, 38.88, 38.88, 38.88, 38.88, 38.88, 38.88, 38.88, 38.88, 38.88, 38.88, 38.88, 38.88, 38.88, 38.88, 38.88, 38.88, 38.88, 38.88, 38.88, 38.88, 38.88, 38.88, 38.88, 38.88, 38.88, 38.88, 38.88, 38.88, 38.88, 38.88, 38.88, 38.88, 38.88, 38.88, 38.88, 38.88, 38.88, 38.88, 38.88, 38.88, 38.88, 38.88, 38.88, 38.88, 38.88, 38.88, 38.88, 38.88, 38.88, 38.88, 38.88, 38.88, 38.88, 38.88, 38.88, 38.88, 38.88, 38.88, 38.88, 38.88, 38.88, 38.88, 38.88, 38.88, 38.88, 38.88, 38.88, 38.88, 38.88, 38.88, 38.88, 38.88, 38.88, 38.88, 38.88, 38.88, 38.88, 38.88, 38.88, 38.88, 38.88, 38.88, 38.88, 38.88, 38.88, 38.88, 38.88, 38.88, 38.88, 38.88, 38.88, 38.88, 38.88, 38.88, 38.88, 38.88, 38.88, 38.88, 38.88, 38.88, 38.88, 38.88, 38.88, 38.88, 38.88, 38.88, 38.88, 38.88, 38.88, 38.88, 38.88, 38.88, 38.88, 38.88, 38.88, 38.88, 38.88, 38.88, 38.88, 38.88, 38.88, 38.88, 38.88, 38.88, 38.88, 38.88, 38.88, 38.88, 38.88, 38.88, 38.88, 38.88, 38.88, 38.88, 38.88, 38.88, 38.88, 38.88, 38.88, 38.88, 38.88, 38.88, 38.88, 38.88, 38.88, 38.88, 38.88, 38.88, 38.88, 38.88, 38.88, 38.88, 38.88, 38.88, 38.88, 38.88, 38.88, 38.88, 38.88, 38.88, 38.88, 38.88, 38.88, 38.88, 38.88, 38.88, 38.88, 38.88, 38.88, 38.88, 38.88, 38.88, 38.88, 38.88, 38.88, 38.88, 38.88, 38.88, 38.88, 38.88, 38.88, 38.88, 38.88, 38.88, 38.88, 38.88, 38.88, 38.88, 38.88, 38.88, 38.88, 38.88, 38.88, 38.88, 38.88, 38.88, 38.88, 38.88, 38.88, 38.88, 38.88, 38.88, 38.88, 38.88, 38.88, 38.88, 38.88, 38.88, 38.88, 38.88, 38.88, 38.88, 38.88, 38.88, 38.88, 38.88, 38.88, 38.88, 38.88, 38.88, 38.88, 38.88, 38.88, 38.88, 38.88, 38.88, 38.88, 38.88, 38.88, 38.88, 38.88, 38.88, 38.88, 38.88, 38.88, 38.88, 38.88, 38.88, 38.88, 38.88, 38.88, 38.88, 38.88, 38.88, 38.88, 38.88, 38.88, 38.88, 38.88, 38.88, 38.88, 38.88, 38.88, 38.88, 38.88, 38.88, 38.88, 38.88, 38.88, 38.88, 38.88, 38.88, 38.88, 38.88, 38.88, 38.88, 38.88, 38.88, 38.88, 38.88, 38.88, 38.88, 38.88, 38.88, 38.88, 38.88, 38.88, 38.88, 38.88, 38.88, 38.88, 38.88, 38.88, 38.88, 38.88, 38.88, 38.88, 38.88, 38.88, 38.88, 38.88, 38.88, 38.88, 38.88, 38.88, 38.88, 38.88, 38.88, 38.88, 38.88, 38.88, 38.88, 38.88, 38.88, 38.88, 38.88, 38.88, 38.88, 38.88, 38.88, 38.88, 38.88, 38.88, 38.88, 38.88, 38.88, 38.88, 38.88, 38.88, 38.88, 38.88, 38.88, 38.88, 38.88, 38.88, 38.88, 38.88, 38.88, 38.88, 38.88, 38.88, 38.88, 38.88, 38.88, 38.88, 38.88, 38.88, 38.88, 38.88, 38.88, 38.88, 38.88, 38.88, 38.88, 38.88, 38.88, 38.88, 38.88, 38.88, 38.88, 38.88, 38.88, 38.88, 38.88, 38.88, 38.88, 38.88, 38.88, 38.88, 38.88, 38.88, 38.88, 38.88, 38.88, 38.88, 38.88, 38.88, 38.88, 38.88, 38.88, 38.88, 38.88, 38.88, 38.88, 38.88, 38.88, 38.88, 38.88, 38.88, 38.88, 38.88, 38.88, 38.88, 38.88, 38.88, 38.88, 38.88, 38.88, 38.88, 38.88, 38.88, 38.88, 38.88, 38.88, 38.88, 38.88, 38.88, 38.88, 38.88, 38.88, 38.88, 38.88, 38.88, 38.88, 38.88, 38.88, 38.88, 38.88, 38.88, 38.88, 38.88, 38.88, 38.88, 38.88, 38.88, 38.88, 38.88, 38.88, 38.88, 38.88, 38.88, 38.88, 38.88, 38.88, 38.88, 38.88, 38.88, 38.88, 38.88, 38.88, 38.88, 38.88, 38.88, 38.88, 38.88, 38.88, 38.88, 38.88, 38.88, 38.88, 38.88, 38.88, 38.88, 38.88, 38.88, 38.88, 38.88, 38.88, 38.88, 38.88, 38.88, 38.88, 38.88, 38.88, 38.88, 38.88, 38.88, 38.88, 38.88, 38.88, 38.88, 38.88, 38.88, 38.88, 38.88, 38.88, 38.88, 38.88, 38.88, 38.88, 38.88, 38.88, 38.88, 38.88, 38.88, 38.88, 38.88, 38.88, 38.88, 38.88, 38.88, 38.88, 38.88, 38.88, 38.88, 38.88, 38.88, 38.88, 38.88, 38.88, 38.88, 38.88, 38.88, 38.88, 38.88, 38.88, 38.88, 38.88, 38.88, 38.88, 38.88, 38.88, 38.88, 38.88, 38.88, 38.88, 38.88, 38.88, 38.88, 38.88, 38.88, 38.88, 38.88, 38.88, 38.88, 38.88, 38.88, 38.88, 38.88, 38.88, 38.88, 38.88, 38.88, 38.88, 38.88, 38.88, 38.88, 38.88, 38.88, 38.88, 38.88, 38.88, 38.88, 38.88, 38.88, 38.88, 38.88, 38.88, 38.88, 38.88, 38.88, 38.88, 38.88, 38.88, 38.88, 38.88, 38.88, 38.88, 38.88, 38.88, 38.88, 38.88, 38.88, 38.88, 38.88, 38.88, 38.88, 38.88, 38.88, 38.88, 38.88, 38.88, 38.88, 38.88, 38.88, 38.88, 38.88, 38.88, 38.88, 38.88, 38.88, 38.88, 38.88, 38.88, 38.88, 38.88, 38.88, 38.88, 38.88, 38.88, 38.88, 38.88, 38.88, 38.88, 38.88, 38.88, 38.88, 38.88, 38.88, 38.88, 38.88, 38.88, 38.88, 38.88, 38.88, 38.88, 38.88, 38.88, 38.88, 38.88, 38.88, 38.88, 38.88, 38.88, 38.88, 38.88, 38.88, 38.88, 38.88, 38.88, 38.88, 38.88, 38.88, 38.88, 38.88, 38.88, 38.88, 38.88, 38.88, 38.88, 38.88, 38.88, 38.88, 38.88, 38.88, 38.88, 38.88, 38.88, 38.88, 38.88, 38.88, 38.88, 38.88, 38.88, 38.88, 38.88, 38.88, 38.88, 38.88, 38.88, 38.88, 38.88, 38.88, 38.88, 38.88, 38.88, 38.88, 38.88, 38.88, 38.88, 38.88, 38.88, 38.88, 38.88, 38.88, 38.88, 38.88, 38.88, 38.88, 38.88, 38.88, 38.88, 38.88, 38.88, 38.88, 38.88, 38.88, 38.88, 38.88, 38.88, 38.88, 38.88, 38.88, 38.88, 38.88, 38.88, 38.88, 38.88, 38.88, 38.88, 38.88, 38.88, 38.88, 38.88, 38.88, 38.88, 38.88, 38.88, 38.88, 38.88, 38.88, 38.88, 38.88, 38.88, 38.88, 38.88, 38.88, 38.88, 38.88, 38.88, 38.88, 38.88, 38.88, 38.88, 38.88, 38.88, 38.88, 38.88, 38.88, 38.88, 38.88, 38.88, 38.88, 38.88, 38.88, 38.88, 38.88, 38.88, 38.88, 38.88, 38.88, 38.88, 38.88, 38.88, 38.88, 38.88, 38.88, 38.88, 38.88, 38.88, 38.88, 38.88, 38.88, 38.88, 38.88, 38.88, 38.88, 38.88, 38.88, 38.88, 38.88, 38.88, 38.88, 38.88, 38.88, 38.88, 38.88, 38.88, 38.88, 38.88, 38.88, 38.88, 38.88, 38.88, 38.88, 38.88, 38.88, 38.88, 38.88, 38.88, 38.88, 38.88, 38.88, 38.88, 38.88, 38.88, 38.88, 38.88, 38.88, 38.88, 38.88, 38.88, 38.88, 38.88, 38.88, 38.88, 38.88, 38.88, 38.88, 38.88, 38.88, 38.88, 38.88, 38.88, 38.88, 38.88, 38.88, 38.88, 38.88, 38.88, 38.88, 38.88, 38.88, 38.88, 38.88, 38.88, 38.88, 38.88, 38.88, 38.88, 38.88]
Flow Size (B): [50221, 77041, 415, 945, 587, 315, 607, 793, 561, 237, 525, 308, 561, 630, 3997329, 72473, 1211116, 77041, 502, 91238, 513, 49813, 574, 44804, 209535, 49408, 76416, 4206, 1085, 561, 491, 696, 867, 47823, 318, 630, 662, 313, 313, 232, 773563, 259, 549, 1660940, 800, 67347, 350, 308, 441, 294, 79595, 268113, 50632, 318, 561, 259, 1585, 671, 400, 310, 561, 525, 600, 48609, 731, 719, 513, 561, 340, 679, 49813, 321, 308, 561, 574, 32871, 400, 513, 549, 513, 5887, 638, 385, 310, 305, 350, 643946, 502, 1559267, 513, 859, 326, 60084, 685, 491, 39648, 749, 587, 203640, 435, 574, 76416, 87238, 607, 452, 415, 679, 47050, 1130, 491, 137421, 321, 360, 1201, 867, 480, 430, 49408, 430, 549, 360, 561, 365, 249150, 468, 1343, 27756, 263241, 774, 1585, 195107, 331, 321, 41636, 671, 168, 355, 41636, 133013, 7517, 265, 321, 318, 5887, 360, 340, 44531, 574, 525, 49007, 237, 725, 195107, 46478, 491, 1085, 549, 10373, 365, 3699, 690, 525, 97584, 156563, 326, 47050, 420, 917977, 141, 10373, 537, 77041, 103313, 420, 232, 638, 774, 787, 825, 53169, 227, 47435, 600, 737, 525, 350, 850, 46763, 707, 45079, 42493, 4206, 3118, 44260, 350, 929, 561, 600, 513, 31946, 376, 300, 662, 1547, 192343, 222, 1664, 89216, 2944602, 313, 305, 271, 513, 340, 743, 156563, 774, 525, 725, 587, 335, 42062, 5652, 1624, 41214, 549, 630, 574, 371, 638, 685, 1042, 390, 867, 265, 331, 116988, 630, 615, 400, 1448, 587, 318, 308, 50221, 315, 42928, 326, 623, 350, 638, 615, 574, 51046, 355, 654, 43811, 227, 502, 32405, 587, 808, 787, 42062, 992, 47050, 574, 749, 80246, 2082496, 690, 713, 679, 671, 446, 762, 75795, 1509, 227, 1009, 587, 525, 448051, 654, 77672, 696, 326, 18203, 73814, 340, 1880773, 33822, 654, 108492, 1611, 713, 355, 749, 67347, 841, 525, 44260, 561, 300, 308, 220484, 360, 561, 420, 992, 321, 615, 574, 27756, 31946, 549, 303, 360, 774, 254, 368444, 8582787, 386910, 646, 308, 1624, 561, 43367, 525, 638, 525, 73364, 355, 1009, 291, 600, 574, 360, 792711, 77041, 303, 654, 222, 32405, 587, 502, 6132, 6322443, 72473, 491, 3430822, 600, 630, 381, 502, 654, 371, 491, 2412, 885, 525, 561, 4992, 6132, 587, 549, 587, 72917, 587, 502, 315, 502, 313, 77, 81565, 350, 502, 308, 561, 271, 537, 99796, 793, 81, 463, 6322443, 50632, 112545, 360, 75795, 183, 415, 72473, 47435, 79595, 600, 313, 502, 900, 696, 1371, 1462, 80903, 502, 1177, 7517, 561, 77672, 491, 679, 643946, 587, 468, 1374210, 64, 900, 321, 3118, 833, 313, 600, 525, 4992, 310, 85305, 95421, 502, 271, 321, 72, 549, 47050, 587, 976, 61321, 1177, 1303, 71592, 1509, 713, 355, 243, 46478, 491, 76416, 405, 326, 39007, 561, 587, 244622, 44260, 318166, 638, 638, 135199, 340, 95421, 355, 95421, 268113, 800, 308, 1448, 587, 288, 54264, 737, 107173, 513, 232, 4582, 85305, 46478, 38691, 102058, 463, 87238, 300, 725, 623, 48215, 793, 491, 833, 313, 81565, 335, 768, 405, 310, 731, 792711, 331, 630, 491, 480, 335, 685, 623, 537, 491, 49007, 537, 457, 323, 323, 95421, 607, 513, 1637, 303, 46478, 1637, 600, 45913, 502, 671, 615, 2040490, 491, 297, 1448, 64921, 141, 671, 468, 222, 574, 355, 305, 371, 310, 5426418, 561, 331, 406302, 502, 615, 707, 502, 310, 75795, 502, 253761, 305, 371, 192343, 305, 502, 1651, 446, 87238, 368444, 1009, 1399, 40382, 232, 77041, 79595, 549, 671, 549, 303, 303, 415, 46478, 71592, 1624, 600, 395, 768, 513, 60, 587, 525, 690, 446, 1598, 345, 283277, 679, 502, 1611, 513, 430, 491, 600, 638, 300, 737, 737, 474, 45634, 704348, 72, 50632, 6653, 463, 6929, 376, 743, 502, 45634, 321, 491, 885, 321, 549, 74722, 76416, 1042, 800, 318, 1572, 310, 331, 600, 2169118, 470507, 129272, 80903, 91238, 279, 45913, 1177, 395, 355, 310, 6929, 525, 118669, 81565, 762, 800, 385, 77672, 355, 452, 662, 91238, 654, 215160, 1547, 415, 600, 549, 562914, 1009, 945, 1585, 808, 78307, 420, 46478, 685, 232, 574, 549, 52097, 45913, 350, 302981, 271, 37450, 100, 549, 310, 713, 340, 125636, 305, 103313, 323, 561, 561, 607, 762, 707, 600, 574, 355, 335, 44804, 587, 47435, 737, 2412, 600, 491, 146680, 3861, 288520, 326, 308, 376, 587, 425, 315, 248, 334113, 525, 365, 13741, 335, 600, 125636, 45079, 574, 537, 49408, 549, 34308, 318, 63353, 707, 283277, 561, 37450, 376, 371, 9012, 44531, 49408, 129272, 313, 646, 574, 331, 502, 112545, 587, 463, 737, 446, 79595, 331, 787, 623, 71156, 502, 630, 587, 5887, 457, 313, 50221, 448051, 308, 192343, 39327, 900, 288520, 45356, 435, 390, 46478, 561, 291, 54264, 2862, 249150, 587, 491, 513, 1637, 350, 696, 502, 654, 537, 425, 310, 491, 365, 271, 37146, 574, 537, 350, 350, 46195, 867, 549, 237, 376, 93306, 1436, 47435, 81565, 513, 1374210, 360, 323, 376, 574, 79595, 623, 10373, 376, 326, 2311, 376, 107173, 662, 318, 600, 549, 38377, 491, 587, 259, 630, 44260, 502, 46478, 360, 77672, 222, 313, 315, 3699, 323, 42062, 47050, 400, 234377, 1154, 48215, 345, 502, 376, 1343, 75795, 833, 420, 430, 574, 217, 58872, 31946, 1637, 1063, 161752, 561, 768, 900, 7830, 1226, 376, 662, 574, 45913, 646, 561, 46478, 502, 305, 859, 300, 74266, 502, 49408, 305, 690, 79595, 587, 365, 331, 1177, 355, 154, 502, 43811, 549, 587, 574, 679, 310, 615, 308, 696, 83414, 425, 600, 237, 1585, 1085, 707, 355, 452, 781, 46195, 690, 713, 365, 743, 313, 72917, 685, 731, 151541, 2152, 305, 1448, 587, 549, 44260, 99796, 7217, 80246, 321, 331, 20952, 430, 793, 44260, 315, 452, 525, 44260, 15816, 7830, 1371, 277, 1009, 305, 340, 315, 285, 1999332, 867, 525, 491, 68175, 6322443, 78948, 115331, 78307, 75795, 463, 45079, 323, 104584, 4657379, 537, 787, 1472, 615, 46763, 448051, 662, 1385, 600, 231530, 502, 44804, 654, 43367, 525, 74266, 502, 1316, 607, 537, 154, 446, 6387, 468, 310, 77041, 768, 80246, 696, 587, 420, 502, 365, 587, 502, 115331, 323, 44531, 34801, 115331, 2944602, 561, 80246, 360, 457, 43367, 713, 895802, 452, 326, 1154, 587, 45913, 146680, 66528, 900, 371, 313, 243, 662, 149091, 1130, 513, 87238, 600, 39973, 513, 400, 107173, 1251, 92, 326, 549, 33822, 561, 725, 141, 574, 2169118, 40796, 446, 225940, 79595, 1572, 360, 1226, 574, 1330, 874164, 368444, 600, 49007, 679, 446, 725, 42928, 318, 774, 435, 587, 44260, 55381, 318, 679, 291, 638, 77672, 713, 646, 365, 371, 491, 574, 768, 131129]
Flow Send Durations (us): [10.336, 16.316, 0.457, 0.443, 1.891, 0.135, 0.029, 0.883, 0.902, 0.451, 0.508, 0.975, 1.001, 1.042, 823.798, 14.816, 249.451, 16.055, 0.685, 19.717, 0.365, 10.977, 1.14, 10.808, 45.02, 10.423, 17.585, 4.039, 5.208, 5.222, 0.226, 0.903, 1.075, 10.965, 1.918, 0.173, 0.532, 0.603, 0.8, 0.882, 159.122, 0.654, 1.696, 343.639, 3.159, 15.649, 2.866, 3.128, 3.411, 3.431, 19.106, 60.636, 15.991, 6.253, 7.567, 0.869, 1.54, 2.781, 4.299, 4.386, 0.468, 0.562, 1.196, 12.278, 3.678, 4.948, 5.626, 6.776, 7.102, 7.728, 10.542, 1.058, 1.441, 2.541, 3.915, 10.663, 4.282, 4.412, 4.614, 4.697, 1.785, 0.966, 1.221, 2.686, 2.985, 3.773, 136.128, 4.172, 324.902, 4.304, 0.835, 0.869, 13.317, 1.262, 2.122, 10.487, 3.258, 3.262, 45.148, 3.502, 0.655, 16.776, 19.717, 2.563, 3.142, 3.785, 3.951, 14.526, 5.688, 5.875, 28.206, 0.817, 1.05, 2.776, 3.374, 3.835, 3.858, 14.151, 4.277, 4.481, 0.964, 1.077, 1.29, 52.585, 1.689, 2.296, 8.193, 57.363, 4.302, 4.629, 40.141, 0.696, 1.005, 9.691, 1.651, 3.07, 3.276, 12.013, 31.029, 5.43, 0.05, 0.428, 0.505, 2.234, 1.545, 1.866, 10.878, 2.788, 2.915, 12.822, 0.064, 0.573, 41.263, 11.301, 2.317, 3.862, 4.45, 7.241, 5.198, 5.81, 0.502, 1.278, 21.394, 33.873, 2.353, 12.256, 2.863, 191.752, 3.357, 5.889, 4.494, 20.93, 27.68, 8.748, 8.774, 9.049, 9.105, 10.351, 10.558, 21.5, 0.385, 10.848, 1.656, 1.853, 2.696, 2.962, 5.104, 14.762, 7.597, 16.903, 16.825, 9.01, 9.644, 20.617, 11.742, 12.177, 12.64, 12.921, 14.088, 21.101, 0.677, 2.089, 2.339, 2.954, 41.972, 2.866, 3.536, 22.15, 610.362, 5.708, 5.732, 6.222, 6.292, 6.483, 6.735, 38.924, 7.429, 8.256, 8.321, 8.502, 1.357, 10.47, 3.386, 3.582, 12.801, 4.606, 5.135, 5.701, 5.79, 6.321, 6.809, 7.156, 7.572, 7.902, 8.681, 9.984, 34.56, 10.971, 11.114, 11.819, 0.126, 1.584, 1.737, 1.776, 12.193, 2.281, 11.076, 2.687, 2.735, 3.1, 3.584, 4.13, 6.401, 17.173, 7.628, 8.035, 17.456, 10.018, 10.279, 17.946, 0.137, 0.43, 0.65, 9.42, 1.636, 12.108, 3.127, 3.725, 20.307, 433.037, 5.278, 5.636, 6.219, 6.506, 7.594, 7.97, 24.189, 9.244, 8.995, 9.582, 0.696, 0.988, 93.295, 1.237, 17.632, 1.885, 2.694, 6.984, 18.641, 3.768, 390.589, 11.883, 5.046, 27.741, 6.001, 6.127, 6.327, 6.34, 20.581, 6.812, 0.587, 9.64, 0.646, 0.715, 2.271, 47.584, 2.692, 3.319, 3.765, 4.59, 6.292, 6.331, 7.081, 12.961, 14.162, 7.919, 8.069, 8.53, 8.616, 8.875, 75.6, 1766.387, 80.393, 0.963, 1.097, 1.769, 1.606, 10.714, 2.679, 2.958, 3.957, 19.089, 4.158, 4.898, 4.936, 5.617, 6.177, 6.921, 170.548, 23.347, 0.183, 0.205, 0.217, 7.333, 0.892, 0.958, 2.713, 1302.639, 16.703, 3.546, 709.546, 4.364, 4.705, 4.831, 5.7, 5.886, 6.152, 6.158, 6.595, 7.015, 0.208, 0.469, 1.502, 1.815, 0.987, 1.318, 1.84, 16.862, 2.219, 2.381, 2.614, 3.289, 3.516, 3.65, 21.284, 4.881, 5.452, 5.567, 5.769, 6.05, 6.942, 27.497, 7.311, 8.687, 8.775, 1309.822, 19.477, 33.06, 9.991, 26.299, 1.055, 1.198, 16.11, 11.268, 17.928, 1.964, 2.191, 2.301, 2.585, 2.949, 3.175, 3.596, 19.996, 3.818, 4.303, 5.875, 4.623, 22.223, 7.959, 8.828, 141.398, 9.295, 9.997, 294.211, 12.433, 12.613, 12.625, 13.333, 13.397, 13.754, 0.079, 0.366, 1.273, 0.563, 17.977, 20.325, 0.847, 1.859, 2.731, 3.419, 3.508, 13.178, 4.296, 4.673, 18.035, 6.441, 6.574, 21.315, 7.074, 6.951, 8.735, 8.813, 18.605, 9.465, 25.369, 9.829, 10.424, 18.563, 10.81, 11.515, 51.397, 10.727, 67.286, 2.548, 2.981, 31.225, 3.738, 23.299, 3.937, 23.496, 59.205, 4.526, 4.988, 5.046, 5.336, 5.383, 16.565, 6.246, 28.323, 6.626, 6.692, 8.052, 24.626, 17.481, 16.638, 29.584, 9.559, 29.115, 11.546, 11.807, 0.09, 10.203, 0.415, 1.759, 1.799, 1.801, 18.366, 2.331, 3.273, 4.428, 4.528, 4.947, 168.979, 9.264, 9.37, 9.79, 11.026, 11.13, 11.243, 11.437, 11.682, 12.469, 22.921, 13.498, 13.628, 13.789, 14.05, 33.778, 15.128, 15.406, 1.454, 1.239, 12.027, 3.203, 3.731, 13.165, 4.169, 4.817, 5.067, 425.909, 6.594, 6.83, 7.066, 20.344, 7.307, 8.314, 8.46, 9.682, 10.348, 10.677, 11.425, 11.562, 12.244, 1128.653, 12.684, 12.849, 96.847, 14.072, 14.124, 15.018, 0.097, 0.379, 16.487, 1.807, 54.083, 3.068, 3.441, 43.058, 4.634, 4.638, 4.991, 6.073, 23.959, 83.172, 10.004, 10.675, 19.337, 13.341, 29.26, 30.481, 16.05, 16.105, 16.405, 17.132, 17.405, 18.19, 28.134, 33.786, 20.586, 20.4, 0.802, 1.81, 2.653, 3.522, 3.54, 5.405, 5.735, 5.882, 6.644, 7.057, 65.999, 8.633, 8.78, 9.461, 9.185, 9.222, 9.735, 9.799, 11.544, 12.112, 12.401, 12.607, 13.032, 23.108, 159.254, 14.738, 25.317, 18.281, 17.298, 19.084, 0.574, 0.992, 1.095, 10.447, 1.304, 1.551, 1.733, 2.357, 2.7, 19.849, 20.291, 5.018, 6.455, 6.936, 7.513, 7.251, 7.401, 7.582, 453.821, 104.591, 34.65, 24.763, 28.1, 10.163, 19.523, 10.356, 10.597, 11.455, 12.298, 14.625, 1.033, 25.419, 17.807, 1.719, 1.872, 2.469, 18.454, 2.566, 2.644, 3.41, 22.131, 3.864, 48.631, 5.018, 5.885, 6.045, 6.111, 122.819, 8.276, 8.81, 9.802, 9.977, 26.494, 11.04, 20.938, 11.846, 12.127, 12.408, 12.627, 23.503, 9.883, 0.905, 63.174, 1.741, 9.305, 2.041, 2.449, 2.594, 3.639, 4.578, 31.082, 5.424, 26.755, 6.166, 6.579, 6.842, 8.036, 8.117, 8.695, 9.591, 10.427, 10.698, 11.008, 20.439, 11.85, 21.493, 13.22, 14.819, 14.751, 14.922, 45.002, 16.087, 75.325, 17.217, 17.601, 17.956, 18.053, 18.428, 18.791, 18.917, 68.835, 0.346, 0.824, 3.862, 1.897, 3.226, 29.398, 12.878, 4.76, 4.962, 15.143, 5.33, 13.287, 6.516, 19.47, 6.861, 65.342, 7.429, 15.097, 8.068, 8.184, 10.258, 17.465, 19.31, 38.606, 13.376, 13.751, 14.448, 14.487, 15.636, 39.12, 17.152, 17.219, 17.963, 18.559, 34.772, 19.119, 19.444, 19.729, 34.909, 0.864, 1.198, 1.268, 2.527, 1.423, 4.054, 14.438, 99.236, 7.79, 48.546, 17.429, 9.818, 69.214, 20.023, 10.948, 10.984, 20.926, 12.088, 12.343, 24.261, 13.756, 64.648, 14.12, 14.531, 15.737, 16.465, 16.319, 17.016, 17.823, 18.242, 18.334, 18.409, 19.071, 19.349, 19.686, 20.437, 28.03, 20.878, 20.932, 21.437, 0.601, 9.934, 0.853, 1.393, 1.427, 1.704, 20.757, 2.62, 12.36, 19.596, 3.27, 286.401, 4.412, 4.457, 4.738, 6.145, 23.66, 7.568, 9.914, 8.488, 8.62, 9.786, 10.373, 33.465, 12.206, 13.396, 14.472, 14.926, 23.38, 15.644, 15.812, 17.243, 17.542, 26.624, 18.558, 27.934, 18.783, 36.923, 22.207, 22.704, 0.126, 0.961, 0.504, 9.84, 11.139, 2.318, 50.584, 3.164, 13.962, 4.121, 4.263, 5.367, 6.17, 21.502, 6.366, 6.508, 6.56, 6.584, 8.457, 20.836, 15.566, 9.732, 9.465, 43.511, 10.92, 10.955, 11.041, 13.093, 12.912, 12.944, 13.476, 13.884, 23.345, 15.866, 16.187, 26.287, 17.161, 18.772, 18.956, 19.484, 15.029, 0.118, 10.227, 0.731, 0.858, 17.199, 1.207, 1.328, 1.648, 1.943, 3.061, 3.417, 3.495, 13.146, 4.149, 4.568, 6.708, 6.957, 6.96, 7.046, 7.407, 7.525, 24.704, 7.707, 8.169, 8.276, 8.894, 9.059, 9.207, 9.848, 10.39, 10.983, 20.509, 11.263, 11.85, 12.294, 12.378, 12.851, 28.818, 14.234, 0.268, 31.456, 0.916, 0.667, 1.621, 1.994, 2.242, 12.102, 24.11, 4.91, 21.287, 5.449, 5.547, 10.463, 6.443, 6.793, 16.12, 7.807, 9.155, 9.176, 18.332, 13.552, 12.143, 11.213, 11.343, 11.469, 12.137, 12.876, 13.225, 13.502, 424.845, 13.973, 14.56, 15.417, 30.016, 1317.07, 32.923, 40.461, 32.769, 32.247, 0.562, 10.277, 1.331, 22.673, 960.8, 3.043, 3.82, 5.464, 5.55, 15.544, 98.294, 6.236, 6.274, 6.884, 55.374, 8.059, 17.087, 9.14, 18.199, 10.412, 26.388, 12.013, 12.379, 13.579, 14.911, 14.917, 14.967, 16.555, 15.879, 17.134, 32.979, 17.454, 34.422, 18.467, 19.253, 19.488, 19.974, 20.653, 21.482, 22.054, 25.381, 5.094, 14.127, 12.031, 30.386, 612.601, 7.238, 25.565, 10.147, 10.171, 19.724, 11.31, 195.888, 12.082, 12.249, 12.265, 12.801, 22.75, 43.54, 28.361, 15.514, 16.294, 16.517, 16.922, 17.091, 47.717, 17.163, 17.174, 36.485, 19.068, 27.404, 19.465, 19.799, 42.377, 20.516, 20.606, 20.824, 21.025, 28.16, 21.321, 0.524, 2.49, 3.3, 449.941, 12.813, 5.115, 51.331, 21.662, 5.831, 6.084, 6.301, 6.423, 6.462, 186.477, 82.806, 7.909, 18.558, 10.763, 10.868, 11.612, 20.339, 12.483, 13.432, 13.537, 14.168, 23.697, 25.999, 15.337, 15.397, 15.863, 16.622, 32.695, 16.871, 17.301, 17.577, 18.104, 18.373, 18.494, 18.672, 45.926]
Flow Min Byteload Size (B): [649, 1225, 415, 945, 587, 315, 607, 793, 561, 237, 525, 308, 561, 630, 951, 1031, 976, 1225, 502, 842, 513, 241, 574, 1064, 1041, 1294, 600, 1290, 1085, 561, 491, 696, 867, 1167, 318, 630, 662, 313, 313, 232, 823, 259, 549, 278, 800, 279, 350, 308, 441, 294, 863, 1299, 1060, 318, 561, 259, 127, 671, 400, 310, 561, 525, 600, 495, 731, 719, 513, 561, 340, 679, 241, 321, 308, 561, 574, 795, 400, 513, 549, 513, 55, 638, 385, 310, 305, 350, 968, 502, 665, 513, 859, 326, 306, 685, 491, 282, 749, 587, 978, 435, 574, 600, 1216, 607, 452, 415, 679, 394, 1130, 491, 369, 321, 360, 1201, 867, 480, 430, 1294, 430, 549, 360, 561, 365, 1290, 468, 1343, 54, 801, 774, 127, 1193, 331, 321, 812, 671, 168, 355, 812, 335, 227, 265, 321, 318, 55, 360, 340, 791, 574, 525, 893, 237, 725, 1193, 1280, 491, 1085, 549, 167, 365, 783, 690, 525, 1356, 557, 326, 394, 420, 895, 141, 167, 537, 1225, 1253, 420, 232, 638, 774, 787, 825, 681, 227, 779, 600, 737, 525, 350, 850, 107, 707, 1339, 211, 1290, 202, 520, 350, 929, 561, 600, 513, 1328, 376, 300, 662, 89, 1345, 222, 206, 278, 900, 313, 305, 271, 513, 340, 743, 557, 774, 525, 725, 587, 335, 1238, 1278, 166, 390, 549, 630, 574, 371, 638, 685, 1042, 390, 867, 265, 331, 348, 630, 615, 400, 1448, 587, 318, 308, 649, 315, 646, 326, 623, 350, 638, 615, 574, 16, 355, 654, 71, 227, 502, 329, 587, 808, 787, 1238, 992, 394, 574, 749, 56, 472, 690, 713, 679, 671, 446, 762, 1437, 51, 227, 1009, 587, 525, 445, 654, 398, 696, 326, 707, 914, 340, 1411, 288, 654, 600, 153, 713, 355, 749, 279, 841, 525, 520, 561, 300, 308, 326, 360, 561, 420, 992, 321, 615, 574, 54, 1328, 549, 303, 360, 774, 254, 1028, 999, 540, 646, 308, 166, 561, 1085, 525, 638, 525, 464, 355, 1009, 291, 600, 574, 360, 1017, 1225, 303, 654, 222, 329, 587, 502, 300, 555, 1031, 491, 148, 600, 630, 381, 502, 654, 371, 491, 954, 885, 525, 561, 618, 300, 587, 549, 587, 17, 587, 502, 315, 502, 313, 77, 1375, 350, 502, 308, 561, 271, 537, 652, 793, 81, 463, 555, 1060, 279, 360, 1437, 183, 415, 1031, 779, 863, 600, 313, 502, 900, 696, 1371, 4, 713, 502, 1177, 227, 561, 398, 491, 679, 968, 587, 468, 774, 64, 900, 321, 202, 833, 313, 600, 525, 618, 310, 741, 651, 502, 271, 321, 72, 549, 394, 587, 976, 85, 1177, 1303, 150, 51, 713, 355, 243, 1280, 491, 600, 405, 326, 1099, 561, 587, 1136, 520, 322, 638, 638, 1063, 340, 651, 355, 651, 1299, 800, 308, 1448, 587, 288, 318, 737, 739, 513, 232, 208, 741, 1280, 783, 1456, 463, 1216, 300, 725, 623, 101, 793, 491, 833, 313, 1375, 335, 768, 405, 310, 731, 1017, 331, 630, 491, 480, 335, 685, 623, 537, 491, 893, 537, 457, 323, 323, 651, 607, 513, 179, 303, 1280, 179, 600, 715, 502, 671, 615, 748, 491, 297, 1448, 769, 141, 671, 468, 222, 574, 355, 305, 371, 310, 1200, 561, 331, 978, 502, 615, 707, 502, 310, 1437, 502, 69, 305, 371, 1345, 305, 502, 193, 446, 1216, 1028, 1009, 1399, 1016, 232, 1225, 863, 549, 671, 549, 303, 303, 415, 1280, 150, 166, 600, 395, 768, 513, 60, 587, 525, 690, 446, 140, 345, 425, 679, 502, 153, 513, 430, 491, 600, 638, 300, 737, 737, 474, 436, 134, 72, 1060, 821, 463, 1097, 376, 743, 502, 436, 321, 491, 885, 321, 549, 364, 600, 1042, 800, 318, 114, 310, 331, 600, 1072, 1031, 968, 713, 842, 279, 715, 1177, 395, 355, 310, 1097, 525, 571, 1375, 762, 800, 385, 398, 355, 452, 662, 842, 654, 834, 89, 415, 600, 549, 126, 1009, 945, 127, 808, 1033, 420, 1280, 685, 232, 574, 549, 1067, 715, 350, 1175, 271, 1000, 100, 549, 310, 713, 340, 248, 305, 1253, 323, 561, 561, 607, 762, 707, 600, 574, 355, 335, 1064, 587, 779, 737, 954, 600, 491, 880, 945, 1294, 326, 308, 376, 587, 425, 315, 248, 231, 525, 365, 619, 335, 600, 248, 1339, 574, 537, 1294, 549, 774, 318, 659, 707, 425, 561, 1000, 376, 371, 264, 791, 1294, 968, 313, 646, 574, 331, 502, 279, 587, 463, 737, 446, 863, 331, 787, 623, 1172, 502, 630, 587, 55, 457, 313, 649, 445, 308, 1345, 1419, 900, 1294, 158, 435, 390, 1280, 561, 291, 318, 1404, 1290, 587, 491, 513, 179, 350, 696, 502, 654, 537, 425, 310, 491, 365, 271, 696, 574, 537, 350, 350, 997, 867, 549, 237, 376, 1452, 1436, 779, 1375, 513, 774, 360, 323, 376, 574, 863, 623, 167, 376, 326, 853, 376, 739, 662, 318, 600, 549, 469, 491, 587, 259, 630, 520, 502, 1280, 360, 398, 222, 313, 315, 783, 323, 1238, 394, 400, 1097, 1154, 101, 345, 502, 376, 1343, 1437, 833, 420, 430, 574, 217, 552, 1328, 179, 1063, 1372, 561, 768, 900, 540, 1226, 376, 662, 574, 715, 646, 561, 1280, 502, 305, 859, 300, 1366, 502, 1294, 305, 690, 863, 587, 365, 331, 1177, 355, 154, 502, 71, 549, 587, 574, 679, 310, 615, 308, 696, 308, 425, 600, 237, 127, 1085, 707, 355, 452, 781, 997, 690, 713, 365, 743, 313, 17, 685, 731, 1367, 694, 305, 1448, 587, 549, 520, 652, 1385, 56, 321, 331, 540, 430, 793, 520, 315, 452, 525, 520, 1236, 540, 1371, 277, 1009, 305, 340, 315, 285, 414, 867, 525, 491, 1107, 555, 216, 149, 1033, 1437, 463, 1339, 323, 1066, 527, 537, 787, 14, 615, 107, 445, 662, 1385, 600, 1166, 502, 1064, 654, 1085, 525, 1366, 502, 1316, 607, 537, 154, 446, 555, 468, 310, 1225, 768, 56, 696, 587, 420, 502, 365, 587, 502, 149, 323, 791, 1267, 149, 900, 561, 56, 360, 457, 1085, 713, 590, 452, 326, 1154, 587, 715, 880, 918, 900, 371, 313, 243, 662, 375, 1130, 513, 1216, 600, 607, 513, 400, 739, 1251, 92, 326, 549, 288, 561, 725, 141, 574, 1072, 1430, 446, 1408, 863, 114, 360, 1226, 574, 1330, 822, 1028, 600, 893, 679, 446, 725, 646, 318, 774, 435, 587, 520, 1435, 318, 679, 291, 638, 398, 713, 646, 365, 371, 491, 574, 768, 1367]
Flow Max Byteload Size (B): [1458, 1458, 415, 945, 587, 315, 607, 793, 561, 237, 525, 308, 561, 630, 1458, 1458, 1458, 1458, 502, 1458, 513, 1458, 574, 1458, 1458, 1458, 1458, 1458, 1085, 561, 491, 696, 867, 1458, 318, 630, 662, 313, 313, 232, 1458, 259, 549, 1458, 800, 1458, 350, 308, 441, 294, 1458, 1458, 1458, 318, 561, 259, 1458, 671, 400, 310, 561, 525, 600, 1458, 731, 719, 513, 561, 340, 679, 1458, 321, 308, 561, 574, 1458, 400, 513, 549, 513, 1458, 638, 385, 310, 305, 350, 1458, 502, 1458, 513, 859, 326, 1458, 685, 491, 1458, 749, 587, 1458, 435, 574, 1458, 1458, 607, 452, 415, 679, 1458, 1130, 491, 1458, 321, 360, 1201, 867, 480, 430, 1458, 430, 549, 360, 561, 365, 1458, 468, 1343, 1458, 1458, 774, 1458, 1458, 331, 321, 1458, 671, 168, 355, 1458, 1458, 1458, 265, 321, 318, 1458, 360, 340, 1458, 574, 525, 1458, 237, 725, 1458, 1458, 491, 1085, 549, 1458, 365, 1458, 690, 525, 1458, 1458, 326, 1458, 420, 1458, 141, 1458, 537, 1458, 1458, 420, 232, 638, 774, 787, 825, 1458, 227, 1458, 600, 737, 525, 350, 850, 1458, 707, 1458, 1458, 1458, 1458, 1458, 350, 929, 561, 600, 513, 1458, 376, 300, 662, 1458, 1458, 222, 1458, 1458, 1458, 313, 305, 271, 513, 340, 743, 1458, 774, 525, 725, 587, 335, 1458, 1458, 1458, 1458, 549, 630, 574, 371, 638, 685, 1042, 390, 867, 265, 331, 1458, 630, 615, 400, 1448, 587, 318, 308, 1458, 315, 1458, 326, 623, 350, 638, 615, 574, 1458, 355, 654, 1458, 227, 502, 1458, 587, 808, 787, 1458, 992, 1458, 574, 749, 1458, 1458, 690, 713, 679, 671, 446, 762, 1458, 1458, 227, 1009, 587, 525, 1458, 654, 1458, 696, 326, 1458, 1458, 340, 1458, 1458, 654, 1458, 1458, 713, 355, 749, 1458, 841, 525, 1458, 561, 300, 308, 1458, 360, 561, 420, 992, 321, 615, 574, 1458, 1458, 549, 303, 360, 774, 254, 1458, 1458, 1458, 646, 308, 1458, 561, 1458, 525, 638, 525, 1458, 355, 1009, 291, 600, 574, 360, 1458, 1458, 303, 654, 222, 1458, 587, 502, 1458, 1458, 1458, 491, 1458, 600, 630, 381, 502, 654, 371, 491, 1458, 885, 525, 561, 1458, 1458, 587, 549, 587, 1458, 587, 502, 315, 502, 313, 77, 1458, 350, 502, 308, 561, 271, 537, 1458, 793, 81, 463, 1458, 1458, 1458, 360, 1458, 183, 415, 1458, 1458, 1458, 600, 313, 502, 900, 696, 1371, 1458, 1458, 502, 1177, 1458, 561, 1458, 491, 679, 1458, 587, 468, 1458, 64, 900, 321, 1458, 833, 313, 600, 525, 1458, 310, 1458, 1458, 502, 271, 321, 72, 549, 1458, 587, 976, 1458, 1177, 1303, 1458, 1458, 713, 355, 243, 1458, 491, 1458, 405, 326, 1458, 561, 587, 1458, 1458, 1458, 638, 638, 1458, 340, 1458, 355, 1458, 1458, 800, 308, 1448, 587, 288, 1458, 737, 1458, 513, 232, 1458, 1458, 1458, 1458, 1458, 463, 1458, 300, 725, 623, 1458, 793, 491, 833, 313, 1458, 335, 768, 405, 310, 731, 1458, 331, 630, 491, 480, 335, 685, 623, 537, 491, 1458, 537, 457, 323, 323, 1458, 607, 513, 1458, 303, 1458, 1458, 600, 1458, 502, 671, 615, 1458, 491, 297, 1448, 1458, 141, 671, 468, 222, 574, 355, 305, 371, 310, 1458, 561, 331, 1458, 502, 615, 707, 502, 310, 1458, 502, 1458, 305, 371, 1458, 305, 502, 1458, 446, 1458, 1458, 1009, 1399, 1458, 232, 1458, 1458, 549, 671, 549, 303, 303, 415, 1458, 1458, 1458, 600, 395, 768, 513, 60, 587, 525, 690, 446, 1458, 345, 1458, 679, 502, 1458, 513, 430, 491, 600, 638, 300, 737, 737, 474, 1458, 1458, 72, 1458, 1458, 463, 1458, 376, 743, 502, 1458, 321, 491, 885, 321, 549, 1458, 1458, 1042, 800, 318, 1458, 310, 331, 600, 1458, 1458, 1458, 1458, 1458, 279, 1458, 1177, 395, 355, 310, 1458, 525, 1458, 1458, 762, 800, 385, 1458, 355, 452, 662, 1458, 654, 1458, 1458, 415, 600, 549, 1458, 1009, 945, 1458, 808, 1458, 420, 1458, 685, 232, 574, 549, 1458, 1458, 350, 1458, 271, 1458, 100, 549, 310, 713, 340, 1458, 305, 1458, 323, 561, 561, 607, 762, 707, 600, 574, 355, 335, 1458, 587, 1458, 737, 1458, 600, 491, 1458, 1458, 1458, 326, 308, 376, 587, 425, 315, 248, 1458, 525, 365, 1458, 335, 600, 1458, 1458, 574, 537, 1458, 549, 1458, 318, 1458, 707, 1458, 561, 1458, 376, 371, 1458, 1458, 1458, 1458, 313, 646, 574, 331, 502, 1458, 587, 463, 737, 446, 1458, 331, 787, 623, 1458, 502, 630, 587, 1458, 457, 313, 1458, 1458, 308, 1458, 1458, 900, 1458, 1458, 435, 390, 1458, 561, 291, 1458, 1458, 1458, 587, 491, 513, 1458, 350, 696, 502, 654, 537, 425, 310, 491, 365, 271, 1458, 574, 537, 350, 350, 1458, 867, 549, 237, 376, 1458, 1436, 1458, 1458, 513, 1458, 360, 323, 376, 574, 1458, 623, 1458, 376, 326, 1458, 376, 1458, 662, 318, 600, 549, 1458, 491, 587, 259, 630, 1458, 502, 1458, 360, 1458, 222, 313, 315, 1458, 323, 1458, 1458, 400, 1458, 1154, 1458, 345, 502, 376, 1343, 1458, 833, 420, 430, 574, 217, 1458, 1458, 1458, 1063, 1458, 561, 768, 900, 1458, 1226, 376, 662, 574, 1458, 646, 561, 1458, 502, 305, 859, 300, 1458, 502, 1458, 305, 690, 1458, 587, 365, 331, 1177, 355, 154, 502, 1458, 549, 587, 574, 679, 310, 615, 308, 696, 1458, 425, 600, 237, 1458, 1085, 707, 355, 452, 781, 1458, 690, 713, 365, 743, 313, 1458, 685, 731, 1458, 1458, 305, 1448, 587, 549, 1458, 1458, 1458, 1458, 321, 331, 1458, 430, 793, 1458, 315, 452, 525, 1458, 1458, 1458, 1371, 277, 1009, 305, 340, 315, 285, 1458, 867, 525, 491, 1458, 1458, 1458, 1458, 1458, 1458, 463, 1458, 323, 1458, 1458, 537, 787, 1458, 615, 1458, 1458, 662, 1385, 600, 1458, 502, 1458, 654, 1458, 525, 1458, 502, 1316, 607, 537, 154, 446, 1458, 468, 310, 1458, 768, 1458, 696, 587, 420, 502, 365, 587, 502, 1458, 323, 1458, 1458, 1458, 1458, 561, 1458, 360, 457, 1458, 713, 1458, 452, 326, 1154, 587, 1458, 1458, 1458, 900, 371, 313, 243, 662, 1458, 1130, 513, 1458, 600, 1458, 513, 400, 1458, 1251, 92, 326, 549, 1458, 561, 725, 141, 574, 1458, 1458, 446, 1458, 1458, 1458, 360, 1226, 574, 1330, 1458, 1458, 600, 1458, 679, 446, 725, 1458, 318, 774, 435, 587, 1458, 1458, 318, 679, 291, 638, 1458, 713, 646, 365, 371, 491, 574, 768, 1458]
Flow Min Interval (us): [0.022, 0.018, [], [], [], [], [], [], [], [], [], [], [], [], 0.001, 0.017, 0.001, 0.018, [], 0.011, [], 0.022, [], 0.003, 0.004, 0.019, 0.018, 0.249, [], [], [], [], [], 0.014, [], [], [], [], [], [], 0.002, [], [], 0.001, [], 0.011, [], [], [], [], 0.016, 0.004, 0.022, [], [], [], 0.3, [], [], [], [], [], [], 0.019, [], [], [], [], [], [], 0.022, [], [], [], [], 0.026, [], [], [], [], 0.05, [], [], [], [], [], 0.001, [], 0.001, [], [], [], 0.011, [], [], 0.015, [], [], 0.004, [], [], 0.018, 0.016, [], [], [], [], 0.014, [], [], 0.008, [], [], [], [], [], [], 0.019, [], [], [], [], [], 0.003, [], [], 0.003, 0.002, [], 0.3, 0.005, [], [], 0.003, [], [], [], 0.003, 0.005, 0.036, [], [], [], 0.05, [], [], 0.003, [], [], 0.019, [], [], 0.005, 0.017, [], [], [], 0.056, [], 0.249, [], [], 0.013, 0.012, [], 0.014, [], 0.001, [], 0.056, [], 0.018, 0.01, [], [], [], [], [], [], 0.018, [], 0.014, [], [], [], [], [], 0.014, [], 0.003, 0.024, 0.249, 0.249, 0.003, [], [], [], [], [], 0.001, [], [], [], 0.3, 0.002, [], 0.3, 0.017, 0.001, [], [], [], [], [], [], 0.012, [], [], [], [], [], 0.003, 0.017, 0.3, 0.003, [], [], [], [], [], [], [], [], [], [], [], 0.012, [], [], [], [], [], [], [], 0.022, [], 0.024, [], [], [], [], [], [], 0.009, [], [], 0.003, [], [], 0.026, [], [], [], 0.003, [], 0.014, [], [], 0.008, 0.001, [], [], [], [], [], [], 0.009, 0.3, [], [], [], [], 0.001, [], 0.012, [], [], 0.057, 0.011, [], 0.002, 0.011, [], 0.005, 0.3, [], [], [], 0.011, [], [], 0.003, [], [], [], 0.002, [], [], [], [], [], [], [], 0.003, 0.001, [], [], [], [], [], 0.004, 0.001, 0.001, [], [], 0.3, [], 0.024, [], [], [], 0.011, [], [], [], [], [], [], 0.001, 0.018, [], [], [], 0.026, [], [], 0.05, 0.001, 0.017, [], 0.001, [], [], [], [], [], [], [], 0.3, [], [], [], 0.017, 0.05, [], [], [], 0.011, [], [], [], [], [], [], 0.008, [], [], [], [], [], [], 0.009, [], [], [], 0.001, 0.022, 0.013, [], 0.009, [], [], 0.017, 0.014, 0.016, [], [], [], [], [], [], 0.3, 0.008, [], [], 0.036, [], 0.012, [], [], 0.001, [], [], 0.001, [], [], [], 0.249, [], [], [], [], 0.017, [], 0.007, 0.002, [], [], [], [], [], 0.014, [], [], 0.018, [], [], 0.017, 0.3, [], [], [], 0.017, [], 0.018, [], [], 0.003, [], [], 0.001, 0.003, 0.005, [], [], 0.011, [], 0.002, [], 0.002, 0.004, [], [], [], [], [], 0.009, [], 0.014, [], [], 0.017, 0.007, 0.017, 0.003, 0.013, [], 0.016, [], [], [], 0.019, [], [], [], [], 0.008, [], [], [], [], [], 0.001, [], [], [], [], [], [], [], [], [], 0.019, [], [], [], [], 0.002, [], [], 0.3, [], 0.017, 0.3, [], 0.017, [], [], [], 0.001, [], [], [], 0.017, [], [], [], [], [], [], [], [], [], 0.001, [], [], 0.002, [], [], [], [], [], 0.009, [], 0.006, [], [], 0.002, [], [], 0.3, [], 0.016, 0.004, [], [], 0.015, [], 0.018, 0.016, [], [], [], [], [], [], 0.017, 0.017, 0.3, [], [], [], [], [], [], [], [], [], 0.3, [], 0.001, [], [], 0.3, [], [], [], [], [], [], [], [], [], 0.017, 0.001, [], 0.022, 0.05, [], 0.05, [], [], [], 0.017, [], [], [], [], [], 0.009, 0.018, [], [], [], 0.3, [], [], [], 0.001, 0.002, 0.013, 0.008, 0.011, [], 0.017, [], [], [], [], 0.05, [], 0.01, 0.008, [], [], [], 0.012, [], [], [], 0.011, [], 0.001, 0.3, [], [], [], 0.001, [], [], 0.3, [], 0.012, [], 0.017, [], [], [], [], 0.009, 0.017, [], 0.001, [], 0.002, [], [], [], [], [], 0.011, [], 0.01, [], [], [], [], [], [], [], [], [], [], 0.003, [], 0.014, [], 0.3, [], [], 0.007, 0.249, 0.002, [], [], [], [], [], [], [], 0.001, [], [], 0.028, [], [], 0.011, 0.003, [], [], 0.019, [], 0.011, [], 0.02, [], 0.001, [], 0.002, [], [], 0.03, 0.003, 0.019, 0.013, [], [], [], [], [], 0.013, [], [], [], [], 0.016, [], [], [], 0.011, [], [], [], 0.05, [], [], 0.022, 0.001, [], 0.002, 0.003, [], 0.002, 0.017, [], [], 0.017, [], [], 0.009, 0.3, 0.003, [], [], [], 0.3, [], [], [], [], [], [], [], [], [], [], 0.002, [], [], [], [], 0.017, [], [], [], [], 0.018, [], 0.014, 0.008, [], 0.001, [], [], [], [], 0.016, [], 0.056, [], [], 0.3, [], 0.014, [], [], [], [], 0.003, [], [], [], [], 0.003, [], 0.017, [], 0.012, [], [], [], 0.249, [], 0.003, 0.014, [], 0.002, [], 0.019, [], [], [], [], 0.009, [], [], [], [], [], 0.015, 0.001, 0.3, [], 0.006, [], [], [], 0.036, [], [], [], [], 0.017, [], [], 0.017, [], [], [], [], 0.011, [], 0.019, [], [], 0.016, [], [], [], [], [], [], [], 0.003, [], [], [], [], [], [], [], [], 0.006, [], [], [], 0.3, [], [], [], [], [], 0.017, [], [], [], [], [], 0.011, [], [], 0.008, 0.3, [], [], [], [], 0.003, 0.009, 0.05, 0.008, [], [], 0.018, [], [], 0.003, [], [], [], 0.003, 0.053, 0.036, [], [], [], [], [], [], [], 0.001, [], [], [], 0.011, 0.001, 0.016, 0.01, 0.012, 0.009, [], 0.003, [], 0.008, 0.001, [], [], 0.3, [], 0.014, 0.001, [], [], [], 0.001, [], 0.003, [], 0.024, [], 0.011, [], [], [], [], [], [], 0.05, [], [], 0.018, [], 0.008, [], [], [], [], [], [], [], 0.01, [], 0.003, 0.011, 0.01, 0.001, [], 0.008, [], [], 0.024, [], 0.002, [], [], [], [], 0.017, 0.007, 0.012, [], [], [], [], [], 0.003, [], [], 0.016, [], 0.015, [], [], 0.014, [], [], [], [], 0.011, [], [], [], [], 0.001, 0.015, [], 0.003, 0.016, 0.3, [], [], [], [], 0.002, 0.004, [], 0.019, [], [], [], 0.024, [], [], [], [], 0.003, 0.009, [], [], [], [], 0.012, [], [], [], [], [], [], [], 0.006]
Flow Max Interval (us): [1.1, 1.115, [], [], [], [], [], [], [], [], [], [], [], [], 1.722, 1.113, 1.888, 1.115, [], 1.128, [], 1.1, [], 1.304, 1.541, 0.931, 1.115, 0.351, [], [], [], [], [], 1.183, [], [], [], [], [], [], 1.593, [], [], 1.805, [], 0.938, [], [], [], [], 1.346, 1.728, 1.1, [], [], [], 0.3, [], [], [], [], [], [], 0.931, [], [], [], [], [], [], 1.1, [], [], [], [], 1.242, [], [], [], [], 0.626, [], [], [], [], [], 2.188, [], 2.649, [], [], [], 1.123, [], [], 1.246, [], [], 1.795, [], [], 1.115, 1.085, [], [], [], [], 1.183, [], [], 1.61, [], [], [], [], [], [], 0.931, [], [], [], [], [], 1.163, [], [], 1.54, 1.813, [], 0.3, 1.407, [], [], 1.044, [], [], [], 1.044, 1.548, 0.766, [], [], [], 0.626, [], [], 1.304, [], [], 0.931, [], [], 1.407, 1.252, [], [], [], 0.483, [], 0.351, [], [], 1.253, 1.234, [], 1.183, [], 2.399, [], 0.483, [], 1.115, 1.141, [], [], [], [], [], [], 0.872, [], 1.183, [], [], [], [], [], 1.183, [], 1.304, 0.885, 0.351, 0.351, 1.304, [], [], [], [], [], 1.385, [], [], [], 0.3, 1.632, [], 0.3, 1.455, 1.841, [], [], [], [], [], [], 1.234, [], [], [], [], [], 1.044, 0.742, 0.3, 1.044, [], [], [], [], [], [], [], [], [], [], [], 1.044, [], [], [], [], [], [], [], 1.1, [], 0.885, [], [], [], [], [], [], 1.142, [], [], 1.304, [], [], 1.242, [], [], [], 1.044, [], 1.183, [], [], 1.489, 2.595, [], [], [], [], [], [], 1.139, 0.3, [], [], [], [], 1.822, [], 1.458, [], [], 1.144, 1.405, [], 1.891, 0.946, [], 1.263, 0.3, [], [], [], 0.938, [], [], 1.304, [], [], [], 1.439, [], [], [], [], [], [], [], 1.54, 1.385, [], [], [], [], [], 1.711, 1.507, 1.759, [], [], 0.3, [], 0.885, [], [], [], 1.405, [], [], [], [], [], [], 2.197, 1.115, [], [], [], 1.242, [], [], 0.626, 2.468, 1.113, [], 2.443, [], [], [], [], [], [], [], 0.3, [], [], [], 0.742, 0.626, [], [], [], 1.405, [], [], [], [], [], [], 1.489, [], [], [], [], [], [], 1.216, [], [], [], 2.468, 1.1, 1.341, [], 1.139, [], [], 1.113, 1.183, 1.346, [], [], [], [], [], [], 0.3, 1.489, [], [], 0.766, [], 1.458, [], [], 2.188, [], [], 1.768, [], [], [], 0.351, [], [], [], [], 0.742, [], 1.233, 1.207, [], [], [], [], [], 1.183, [], [], 1.064, [], [], 1.113, 0.3, [], [], [], 1.252, [], 1.115, [], [], 1.406, [], [], 1.953, 1.304, 1.626, [], [], 1.514, [], 1.207, [], 1.207, 1.728, [], [], [], [], [], 1.389, [], 1.731, [], [], 0.742, 1.233, 1.252, 1.406, 0.916, [], 1.085, [], [], [], 0.931, [], [], [], [], 1.489, [], [], [], [], [], 2.197, [], [], [], [], [], [], [], [], [], 0.931, [], [], [], [], 1.207, [], [], 0.3, [], 1.252, 0.3, [], 1.252, [], [], [], 2.385, [], [], [], 0.875, [], [], [], [], [], [], [], [], [], 1.579, [], [], 1.735, [], [], [], [], [], 1.139, [], 1.766, [], [], 1.632, [], [], 0.3, [], 1.085, 1.711, [], [], 1.246, [], 1.115, 1.346, [], [], [], [], [], [], 1.252, 1.113, 0.3, [], [], [], [], [], [], [], [], [], 0.3, [], 1.725, [], [], 0.3, [], [], [], [], [], [], [], [], [], 1.252, 1.902, [], 1.1, 0.626, [], 0.626, [], [], [], 1.252, [], [], [], [], [], 1.139, 1.115, [], [], [], 0.3, [], [], [], 1.987, 2.293, 1.107, 1.489, 1.128, [], 1.252, [], [], [], [], 0.626, [], 1.585, 1.489, [], [], [], 1.458, [], [], [], 1.128, [], 1.661, 0.3, [], [], [], 2.164, [], [], 0.3, [], 1.458, [], 1.252, [], [], [], [], 1.142, 1.252, [], 1.682, [], 1.069, [], [], [], [], [], 1.538, [], 1.141, [], [], [], [], [], [], [], [], [], [], 1.304, [], 1.183, [], 0.3, [], [], 1.447, 0.351, 1.517, [], [], [], [], [], [], [], 1.81, [], [], 0.932, [], [], 1.538, 1.304, [], [], 0.931, [], 0.946, [], 1.299, [], 1.725, [], 1.069, [], [], 0.603, 1.304, 0.931, 1.107, [], [], [], [], [], 1.341, [], [], [], [], 1.346, [], [], [], 1.407, [], [], [], 0.626, [], [], 1.1, 1.822, [], 1.632, 1.406, [], 1.517, 1.252, [], [], 1.252, [], [], 1.389, 0.3, 1.163, [], [], [], 0.3, [], [], [], [], [], [], [], [], [], [], 1.069, [], [], [], [], 1.252, [], [], [], [], 1.132, [], 1.183, 1.489, [], 1.768, [], [], [], [], 1.346, [], 0.483, [], [], 0.3, [], 1.731, [], [], [], [], 1.406, [], [], [], [], 1.304, [], 1.252, [], 1.458, [], [], [], 0.351, [], 1.044, 1.183, [], 2.372, [], 0.931, [], [], [], [], 1.139, [], [], [], [], [], 1.038, 1.385, 0.3, [], 1.22, [], [], [], 0.766, [], [], [], [], 1.252, [], [], 1.252, [], [], [], [], 1.405, [], 0.931, [], [], 1.346, [], [], [], [], [], [], [], 1.304, [], [], [], [], [], [], [], [], 1.29, [], [], [], 0.3, [], [], [], [], [], 1.252, [], [], [], [], [], 1.405, [], [], 2.073, 0.3, [], [], [], [], 1.304, 1.216, 0.626, 1.489, [], [], 0.859, [], [], 1.304, [], [], [], 1.304, 0.953, 0.766, [], [], [], [], [], [], [], 1.88, [], [], [], 0.938, 2.468, 1.346, 1.491, 1.458, 1.139, [], 1.304, [], 1.212, 1.911, [], [], 0.3, [], 1.183, 1.822, [], [], [], 1.791, [], 1.304, [], 0.885, [], 1.405, [], [], [], [], [], [], 0.626, [], [], 1.115, [], 1.489, [], [], [], [], [], [], [], 1.491, [], 1.304, 0.946, 1.491, 1.841, [], 1.489, [], [], 0.885, [], 2.393, [], [], [], [], 1.252, 1.447, 0.99, [], [], [], [], [], 1.582, [], [], 1.085, [], 1.246, [], [], 1.731, [], [], [], [], 0.946, [], [], [], [], 1.987, 1.246, [], 1.569, 1.346, 0.3, [], [], [], [], 2.042, 1.711, [], 0.931, [], [], [], 0.885, [], [], [], [], 1.304, 1.389, [], [], [], [], 1.458, [], [], [], [], [], [], [], 1.193]

##### POST PROCESS SIDELOADED RESULTS #####
=====
** Num Flows: 1, Target Flow Rate (Gbps): 38.879999999999995
Processing SIRD results exp_id 0:: 1flo-38.879999999999995Gbps_target
SSIRD FCT (ms): [1.8692999999458948e-05, 2.35840000009091e-05, 7.694000000668666e-06, 7.912999999248882e-06, 7.870000001020117e-06, 1.0804000000419478e-05, 1.0871000000634012e-05, 1.1129000000664746e-05, 1.0904000001588088e-05, 1.0639000000978172e-05]
App Gdpt (overall): 64.09872905031376 Gbps
App Gdpt (per flow): [38.87999999930517, 38.880000001648995, None, None, None, None, None, None, None, None]
Network Gdpt (overall): 43.41708211283275
Network Gdpt (per flow): [21.49296528174337, 26.133310718124246, 0.43150506884734435, 0.9553898648701644, 0.5966963150433673, 0.23324694556665662, 0.44669303649312775, 0.5700422319724205, 0.411592076242329, 0.1782122379759073]
Processing DCTCP results exp_id 0:: 1flo-38.879999999999995Gbps_target
DCTCP-50 FCT (ms): [1.302499999944473e-05, 1.835199999966619e-05, 2.587000000886519e-06, 2.805999999466735e-06, 2.997000001059291e-06, 3.8139999993802576e-06, 3.889000000256715e-06, 4.074999999659212e-06, 4.107000000530547e-06, 3.892000000504936e-06]
App Gdpt (overall): 64.09872905031376 Gbps
App Gdpt (per flow): [38.87999999930517, 38.880000001648995, None, None, None, None, None, None, None, None]
Network Gdpt (overall): 55.34828509998
Network Gdpt (per flow): [30.845911709568355, 33.5836966004365, 1.2833397753623095, 2.694226657675245, 1.5669002330130786, 0.6607236498189509, 1.2486500384879027, 1.5568098160811146, 1.0927684439786303, 0.4871531345719473]
Processing ExpressPass results exp_id 0:: 1flo-38.879999999999995Gbps_target
ExpressPass FCT (ms): [0.00010942599999985703, 0.00011946600000101171, 7.607000000575681e-06, 7.709000000133415e-06, 7.6399999997534e-06, 1.0603999999858615e-05, 1.0660000000939363e-05, 1.0739000000370424e-05, 1.0650000000111959e-05, 1.0589000000393867e-05]
App Gdpt (overall): 64.09872905031376 Gbps
App Gdpt (per flow): [38.87999999930517, 38.880000001648995, None, None, None, None, None, None, None, None]
Network Gdpt (overall): 8.770284553786706
Network Gdpt (per flow): [3.671595416085071, 5.159024324868838, 0.43644012090820955, 0.9806719418691353, 0.6146596858837141, 0.23764617125929835, 0.45553470915310396, 0.5907440171134346, 0.42140845069979527, 0.17905373500136718]
=====
** Num Flows: 5, Target Flow Rate (Gbps): 38.879999999999995
Processing SIRD results exp_id 1:: 5flo-38.879999999999995Gbps_target
SSIRD FCT (ms): [8.493999999359403e-06, 7.532999999781964e-06, 8.06499999939092e-06, 8.101000000593217e-06, 0.0008302449999995076, 6.852199999940467e-05, 0.0007632590000010708, 8.010800000057827e-05, 7.130999998494758e-06, 0.0005779110000005971, 7.889000000815827e-06, 3.4731000001286816e-05, 7.564000000570559e-06, 4.111700000031249e-05, 0.00011334099999871228, 4.861200000050303e-05, 7.00519999998761e-05, 9.926000000604063e-06, 6.1149999996956694e-06, 5.006000000307154e-06, 8.700000000416708e-06, 8.328999999918096e-06, 8.444000000551455e-06, 4.292100000036214e-05, 5.950000000254363e-06, 1.1279000000641304e-05, 1.1313999999984503e-05, 1.0516000001459247e-05, 1.0581999999814684e-05, 1.0206000000678728e-05, 0.0005817319999987802, 1.0511999999351929e-05, 9.521000000844992e-06, 0.00035618599999942546, 8.369999999757738e-06, 5.5564000000174474e-05, 9.851999999810346e-06, 9.535000000227e-06, 9.843999999148423e-06, 9.187999999937801e-06, 9.756400000071608e-05, 0.0001320129999999864, 1.6502999999445933e-05, 7.537000000112926e-06, 6.404000000514998e-06, 1.0911000000390914e-05, 1.4748999999980583e-05, 9.730000000374162e-06, 7.901000000032354e-06, 7.756000000469498e-06]
App Gdpt (overall): 85.92954076936961 Gbps
App Gdpt (per flow): [None, None, None, None, 38.880000000028964, 38.880000001377944, 38.879999999974125, 38.87999999722177, None, 38.879999998649915, None, 38.87999999930517, None, 38.87999999840237, 38.88000000124652, 38.879999999099994, 38.880000001648995, 38.88000000607623, None, None, None, None, None, 38.879999998881985, None, None, None, None, None, None, 38.87999999999505, None, None, 38.8800000000126, None, 38.87999999606684, None, None, None, None, 38.88000000181297, 38.87999999978617, 38.87999999930517, None, None, None, 38.88000000607623, None, None, None]
Network Gdpt (overall): 85.11775591699849
Network Gdpt (per flow): [0.49446668240131314, 0.327094119218282, 0.556478611325349, 0.6221454141008435, 38.51710278293632, 8.461282507881226, 12.694154932973483, 7.693713486737292, 0.56317487040355, 1.2630041649998804, 0.5202180250444407, 11.474014568691805, 0.60708619773316, 8.71736751215497, 14.789705402449645, 8.130996461694847, 8.726774396178286, 3.3898851499045235, 1.4194603434884687, 0.8965241709397982, 0.4514942528519378, 0.6685076239710354, 0.8214116531912635, 8.913678618782695, 0.42756302519180567, 0.4468481248083549, 0.46809262860237355, 0.23811335105102072, 0.23662823663238056, 0.18185381147134735, 10.638067013698707, 0.19710806698323252, 0.4612960823033514, 37.305003565613006, 0.7646356033674125, 9.696494132861353, 0.2842062525430269, 0.25841636076993596, 0.3583908980399429, 0.25598606878710517, 6.526587675734149, 16.247672577702357, 24.544385870059944, 0.3375348281759166, 0.7008119924483266, 0.18990010080888695, 0.8597193030047253, 0.5516957862069453, 0.4050120237927979, 0.3197524496969929]
Processing DCTCP results exp_id 1:: 5flo-38.879999999999995Gbps_target
DCTCP-50 FCT (ms): [2.7409999994176815e-06, 3.3489999999858355e-06, 3.619999999315837e-06, 3.7590000001586077e-06, 0.0008249649999996223, 0.00010376900000075295, 0.0006045130000007504, 0.00010747900000041, 5.329999998693324e-06, 0.00011648999999991361, 2.7120000005709244e-06, 6.156799999956775e-05, 4.3370000000209075e-06, 6.00200000011597e-05, 0.00016722300000004964, 5.321299999927476e-05, 8.430099999934271e-05, 1.5027999999972508e-05, 2.0444000000452434e-05, 2.0603999999480038e-05, 2.6809999997823297e-06, 3.268000000389293e-06, 3.924000001376271e-06, 5.369900000040673e-05, 5.803000000526026e-06, 5.006000000307154e-06, 6.155999999535311e-06, 6.11699999986115e-06, 6.346000001045127e-06, 6.685000000672403e-06, 0.00045784599999976194, 6.091999999568998e-06, 9.287000001023671e-06, 0.0006380660000004923, 1.5870000000361983e-05, 7.983600000116553e-05, 1.43549999993553e-05, 1.5229999998922494e-05, 1.7133999998364402e-05, 1.7143999999191806e-05, 9.75670000009643e-05, 0.00019913400000071135, 8.56239999986741e-05, 3.3417000000923736e-05, 4.224299999933123e-05, 6.672999999679519e-06, 9.077999999718145e-06, 1.428300000050342e-05, 2.0368999999575976e-05, 2.0559000001085792e-05]
App Gdpt (overall): 85.92954076936961 Gbps
App Gdpt (per flow): [None, None, None, None, 38.880000000028964, 38.880000001377944, 38.879999999974125, 38.87999999722177, None, 38.879999998649915, None, 38.87999999930517, None, 38.87999999840237, 38.88000000124652, 38.879999999099994, 38.880000001648995, 38.88000000607623, None, None, None, None, None, 38.879999998881985, None, None, None, None, None, None, 38.87999999999505, None, None, 38.8800000000126, None, 38.87999999606684, None, None, None, None, 38.88000000181297, 38.87999999978617, 38.87999999930517, None, None, None, 38.88000000607623, None, None, None]
Network Gdpt (overall): 85.66162157056998
Network Gdpt (per flow): [1.5322874866443923, 0.7357420125441688, 1.2397790057591744, 1.3407821228484549, 38.76362269916256, 5.587256309647323, 16.027658627668842, 5.7344039300481855, 0.753470919509295, 6.265808223886525, 1.5132743359646148, 6.472583160128602, 1.0587964030384744, 5.9718760412041725, 10.024219156452777, 7.427959333346871, 7.251728923794102, 2.239020495079955, 0.42457444726119686, 0.21782178218371478, 1.4651249534945596, 1.7037943694420825, 1.7675840972393795, 7.124601947840784, 0.4383939341322408, 1.00679184971849, 0.8602988954515548, 0.4093509890562103, 0.39457926246259295, 0.2776364995981027, 13.516562337561577, 0.34011818781132497, 0.4729191342215879, 20.82467957858552, 0.4032766225490877, 6.7485344956176965, 0.19505398816619654, 0.16178594879673835, 0.2059063849852212, 0.13719085394953784, 6.526386995538519, 10.77115911894673, 4.730636270277871, 0.07612891641768194, 0.1062424543728204, 0.31050502024569326, 1.3967834325174808, 0.3758314079542672, 0.15710147773904537, 0.12062843522880601]
Processing ExpressPass results exp_id 1:: 5flo-38.879999999999995Gbps_target
ExpressPass FCT (ms): [7.65999999963185e-06, 7.993000000539041e-06, 8.037999998933287e-06, 8.066999999556401e-06, 0.0009132549999986139, 0.0003940759999991883, 0.0005838260000015083, 0.00023240600000029588, 7.978999999380676e-06, 0.0003216680000015515, 7.701000001247849e-06, 0.0001427090000003517, 8.117000000140706e-06, 0.00019113699999984135, 0.00022585500000005254, 0.000141933000000094, 0.00013650800000064578, 9.679400000095484e-05, 7.775000000265209e-06, 7.83199999965234e-06, 7.738999999062912e-06, 8.0269999997995e-06, 8.123000000637148e-06, 0.00018787399999986576, 8.110999999644264e-06, 1.0724000000905676e-05, 1.0776999999961845e-05, 1.0744000000784126e-05, 1.067300000023863e-05, 1.0663000001187584e-05, 0.0005318760000001532, 1.074699999925599e-05, 1.0647999999946478e-05, 0.000786248000000711, 1.0740000000453165e-05, 0.00016472000000078424, 1.063500000064721e-05, 1.0680999999124197e-05, 1.0629999998457151e-05, 1.0652999998583823e-05, 0.00036682500000040363, 0.0004689679999998475, 0.0001840739999998675, 1.1140999999881274e-05, 1.0680999999124197e-05, 1.0636999999036334e-05, 0.00010305599999860249, 1.067200000015589e-05, 1.0786000000706508e-05, 1.0749999999504212e-05]
App Gdpt (overall): 85.92954076936961 Gbps
App Gdpt (per flow): [None, None, None, None, 38.880000000028964, 38.880000001377944, 38.879999999974125, 38.87999999722177, None, 38.879999998649915, None, 38.87999999930517, None, 38.87999999840237, 38.88000000124652, 38.879999999099994, 38.880000001648995, 38.88000000607623, None, None, None, None, None, 38.879999998881985, None, None, None, None, None, None, 38.87999999999505, None, None, 38.8800000000126, None, 38.87999999606684, None, None, None, None, 38.88000000181297, 38.87999999978617, 38.87999999930517, None, None, None, 38.88000000607623, None, None, None]
Network Gdpt (overall): 77.39269677484748
Network Gdpt (per flow): [0.5483028720890154, 0.3082697359982272, 0.558347847797412, 0.6247675716223065, 35.016103935974655, 1.4712492006648317, 16.595574708860124, 2.651945302613596, 0.5033212182368366, 2.2691222005187943, 0.53291780279639, 2.7924237434150467, 0.5657262535321423, 1.8752622464530548, 7.421929999334131, 2.784863280560111, 4.478330940290005, 0.34762485277670185, 1.1163987137882858, 0.5730337078906054, 0.5075591162263378, 0.693658901225748, 0.8538717222031217, 2.0363860885501635, 0.3136481321799502, 0.46997389029973485, 0.49141690637642665, 0.23306031271567865, 0.23461069989169073, 0.17405983304823122, 11.635238288620313, 0.1927979901501297, 0.4124718256970395, 16.899909443315575, 0.5959031657104243, 3.2708596405866617, 0.263281617285341, 0.23069001031757694, 0.3318908749305793, 0.2207828780918678, 1.735868602192597, 4.573668139405455, 2.200506318112778, 0.22834574993511453, 0.4201853759355865, 0.19479176461292794, 0.12303990063821564, 0.5029985007422777, 0.2966808826061926, 0.2306976744292444]
=====
** Num Flows: 10, Target Flow Rate (Gbps): 38.879999999999995
Processing SIRD results exp_id 2:: 10flo-38.879999999999995Gbps_target
SSIRD FCT (ms): [9.379999999836741e-06, 7.9920000004563e-06, 1.45859999989284e-05, 6.574899999911565e-05, 1.5081000000805034e-05, 1.2659999999442562e-05, 2.7860000013646413e-06, 8.350999999962028e-06, 5.001999999976192e-06, 9.291000001354632e-06, 6.349100000058172e-05, 7.012000001083152e-06, 6.563000001236219e-06, 7.536000000030185e-06, 6.536000000778586e-06, 2.8244000001009795e-05, 3.83999999975515e-06, 3.78400000045076e-06, 4.753999998996505e-06, 3.5729999989797534e-06, 1.6675999999549163e-05, 1.15810000007599e-05, 7.929999998879111e-06, 6.064000000804981e-06, 5.707000001464735e-06, 5.071999998662591e-06, 0.0002606539999998603, 5.112000000195849e-06, 0.00039308599999898775, 6.314000000173792e-06, 9.529999999813299e-06, 8.0619999991427e-06, 7.593499999991593e-05, 8.743999998728214e-06, 7.432999998613354e-06, 3.558800000114104e-05, 6.898999998838917e-06, 6.380000000305586e-06, 0.00013248700000012548, 5.53699999983337e-06, 9.855000000058567e-06, 8.466099999893117e-05, 9.519500000010339e-05, 8.292000000409416e-06, 6.7890000003956175e-06, 4.856000000330596e-06, 8.791000000840654e-06, 5.456499999922926e-05, 8.218000001392056e-06, 4.367999999033145e-06, 0.00012106299999992132, 1.1359000000155106e-05, 1.1187999998441e-05, 1.3801999999785153e-05, 1.2871000000913568e-05, 9.437999999306612e-06, 8.441000000303234e-06, 3.618500000079905e-05, 8.344000001159202e-06, 8.889000000067426e-06, 1.2488999999504813e-05, 1.3829000000242786e-05, 1.2292000000968528e-05, 0.00019631499999839264, 1.1937000000017406e-05, 1.5950000001652143e-05, 2.8048000000779894e-05, 0.0002335289999990664, 1.1391999999332825e-05, 1.430000000013365e-05, 0.0001551250000009219, 1.0760000000331615e-05, 1.0100999999096416e-05, 4.558200000026602e-05, 1.1888999999598582e-05, 7.977000000991552e-06, 8.241999999825111e-06, 3.925300000062748e-05, 0.00010282499999902939, 1.4764000001221689e-05, 1.06510000001947e-05, 1.1288000001385967e-05, 1.1146000000294976e-05, 2.0478999999795633e-05, 1.3397000000026082e-05, 1.2384999999781598e-05, 4.926899999979639e-05, 1.2253999999600751e-05, 1.207499999900108e-05, 7.13900000004486e-05, 1.0668999999907669e-05, 1.5018999999227844e-05, 0.00016873400000072536, 5.518600000087304e-05, 1.2869000000748088e-05, 1.3655000000056816e-05, 1.1064000000615692e-05, 1.7834999999521983e-05, 6.865000001354815e-06, 1.4195000000327695e-05]
App Gdpt (overall): 108.17780458964074 Gbps
App Gdpt (per flow): [None, None, None, 38.879999999099994, None, None, None, None, None, None, 38.87999999930517, None, None, None, None, 38.879999995611875, None, None, None, None, 38.88000000607623, None, None, None, None, None, 38.87999999981185, None, 38.88000000004625, None, None, None, 38.88000000046121, None, None, 38.87999999754972, None, None, 38.88000000110754, None, None, 38.880000001648995, 38.879999998272304, None, None, None, None, 38.879999998881985, None, None, 38.87999999872891, None, None, None, None, None, None, 38.879999999099994, None, None, None, None, None, 38.88000000065938, None, None, 38.87999999395961, 38.879999999681345, None, 38.88000000607623, 38.879999999152446, None, None, 38.879999997854235, None, None, None, 38.879999997854235, 38.88000000101653, 38.88000000607623, None, None, None, 38.88000000607623, None, None, 38.87999999840237, None, None, 38.879999999099994, None, None, 38.880000000883385, 38.879999998649915, None, None, None, 38.88000000607623, None, 38.88000000607623]
Network Gdpt (overall): 88.4808674946757
Network Gdpt (per flow): [0.4784648187716539, 0.5255255254955209, 0.3290826820480355, 5.914492996170747, 0.38777269409772763, 0.45434439180515557, 1.4730796834134152, 0.5374206681858947, 0.5437824870077862, 0.5846518134977949, 6.276543132039955, 0.36622932110714745, 0.3754380617912352, 0.5955414012714999, 0.7025703793532725, 9.310579237735386, 0.8333333333864692, 1.0845665960653068, 0.9238535971659828, 1.1486146098997676, 2.824178460138717, 0.4407218720028578, 0.3883984868140418, 0.4089709761990083, 0.4275451199183038, 0.5520504733316872, 19.76400899277495, 0.7856025038822655, 31.733859766138004, 0.6499841621613934, 0.7210912906751972, 0.32349292982849553, 6.330045433601531, 0.6267154621222608, 0.5284541908694711, 8.91266719090228, 0.8685316714028755, 0.736050156704557, 12.296451727327641, 0.6284991873044478, 0.46595636732346124, 7.220892737006626, 7.331309417503462, 0.5856246984756677, 0.5326263072307091, 0.6836902800193524, 0.6179046751769487, 6.898194813622593, 1.1000243366352769, 0.8992673994664517, 9.080957848398889, 0.22607623910246802, 0.257418662888927, 0.6961309955187337, 0.5388858674157168, 0.4068658614412075, 0.4075346522777422, 10.923421306930265, 0.41227229140964683, 0.4940938238234543, 0.2306029305880528, 0.3245353966245721, 0.23755287990318286, 10.153070320741257, 0.31364664488519234, 0.6736050156042075, 7.916714204001206, 9.01784360832453, 0.5435393258745291, 0.8867132867049994, 10.061924254573563, 0.24609665426750843, 0.25423225425499657, 7.307445921593087, 0.4515097989890861, 0.168484392607865, 0.34457655909491175, 8.485669884968676, 10.348689521128563, 4.0731509072760685, 0.19904234343829186, 0.22749822817901266, 0.22824331598175793, 2.299721666119927, 0.2149735015297748, 0.21962050868372754, 7.2306724309702295, 0.3747347804920526, 0.34782608698529616, 5.491749544719659, 0.177711125692793, 0.3861775085091011, 9.250394111401912, 6.737650853370742, 0.3052296215534744, 0.6356645917219982, 0.39696312362216135, 4.652873563343098, 0.4253459576727946, 2.0846777033685706]
Processing DCTCP results exp_id 2:: 10flo-38.879999999999995Gbps_target
DCTCP-50 FCT (ms): [2.670999998954926e-06, 2.747999999996864e-06, 3.45299999970905e-06, 8.389299999933542e-05, 1.3578000000791235e-05, 2.1250999999722353e-05, 2.5626000001111038e-05, 3.3957999999501e-05, 3.58829999989041e-05, 4.241600000121082e-05, 7.546800000035603e-05, 3.2910000005159645e-06, 4.659000000017954e-06, 7.183999999327284e-06, 1.4645000000257369e-05, 7.243099999953984e-05, 1.8826999999888017e-05, 1.8989999999163842e-05, 1.9205999999272194e-05, 1.966199999969831e-05, 6.297000000543562e-06, 3.052000000280941e-06, 4.078999999990174e-06, 7.807000001136544e-06, 9.759000000997275e-06, 1.3763000000110992e-05, 0.00030915900000039187, 1.6140999999691985e-05, 0.00037008099999980004, 1.8397999999919534e-05, 3.093999998426966e-06, 3.0920000000378423e-06, 9.38969999992878e-05, 5.053999998949621e-06, 6.005999999558753e-06, 7.413600000027998e-05, 1.346599999862974e-05, 1.3638000000426587e-05, 0.00020904800000032253, 1.5005999999928576e-05, 2.7070000001572225e-06, 0.00012123700000010729, 0.0001277740000009686, 9.626000000650947e-06, 1.2663999999773523e-05, 1.4210999999875185e-05, 1.4964000000006195e-05, 0.00010627099999993561, 2.819900000083919e-05, 3.1072999998826845e-05, 0.00016658500000055199, 6.374999999891884e-06, 6.7039999986917564e-06, 1.5568000000243387e-05, 1.9035000001110802e-05, 2.1797999998796058e-05, 2.1815000000202645e-05, 0.00010278200000080062, 2.6681999999667028e-05, 2.9701999999076634e-05, 6.263999999589487e-06, 7.0060000005867096e-06, 7.3650000000924365e-06, 0.00022577599999884512, 1.0444999999137394e-05, 1.3624000001044578e-05, 7.416300000073761e-05, 0.00023156099999965818, 2.82529999999781e-05, 3.0484999999913498e-05, 0.00020849000000033868, 6.342000000714165e-06, 6.7809999997336945e-06, 0.00010827100000021517, 1.1644999998949856e-05, 1.7631000000406516e-05, 1.8320000000571213e-05, 0.00011764000000091812, 0.00019213899999925843, 4.9064000000598185e-05, 3.99600000022815e-06, 5.273000001082551e-06, 5.7499999996935e-06, 1.4730000000184873e-05, 8.12800000105085e-06, 1.0601999999693135e-05, 8.249100000057297e-05, 1.5167999999121662e-05, 1.593899999896564e-05, 9.477300000071409e-05, 4.0070000011382945e-06, 5.806999999080631e-06, 0.00020210799999986762, 9.165300000013588e-05, 1.4874000001441345e-05, 2.2272999999017884e-05, 2.5976999999954842e-05, 5.230899999908445e-05, 3.462400000131538e-05, 4.141400000001738e-05]
App Gdpt (overall): 108.17780458964074 Gbps
App Gdpt (per flow): [None, None, None, 38.879999999099994, None, None, None, None, None, None, 38.87999999930517, None, None, None, None, 38.879999995611875, None, None, None, None, 38.88000000607623, None, None, None, None, None, 38.87999999981185, None, 38.88000000004625, None, None, None, 38.88000000046121, None, None, 38.87999999754972, None, None, 38.88000000110754, None, None, 38.880000001648995, 38.879999998272304, None, None, None, None, 38.879999998881985, None, None, 38.87999999872891, None, None, None, None, None, None, 38.879999999099994, None, None, None, None, None, 38.88000000065938, None, None, 38.87999999395961, 38.879999999681345, None, 38.88000000607623, 38.879999999152446, None, None, 38.879999997854235, None, None, None, 38.879999997854235, 38.88000000101653, 38.88000000607623, None, None, None, 38.88000000607623, None, None, 38.87999999840237, None, None, 38.879999999099994, None, None, 38.880000000883385, 38.879999998649915, None, None, None, 38.88000000607623, None, 38.88000000607623]
Network Gdpt (overall): 93.91935919103946
Network Gdpt (per flow): [1.680269562619246, 1.5283842794777267, 1.3900955691875032, 4.635333102917771, 0.430696715249611, 0.27066961555104, 0.1601498478038737, 0.13216326050020466, 0.07580191177111924, 0.12806488117325862, 5.280436741375418, 0.7803099360672707, 0.5288688559756396, 0.6247216036219739, 0.31355411402658256, 3.6306001574142384, 0.16996866202894959, 0.2161137440853452, 0.22867853796555418, 0.20872749466295246, 7.479117039214648, 1.6723460024672903, 0.7550870311369012, 0.3176636351529348, 0.2500256173532796, 0.20344401656451497, 16.663166849399403, 0.24880738492513702, 33.706502090101196, 0.22306772475366615, 2.221073045731682, 0.8434670116326266, 5.119141186658209, 1.0842896717726387, 0.6540126540607029, 4.278407251521557, 0.4449725234375262, 0.3443320134809439, 7.793042746151538, 0.23190723710626174, 1.696342814825747, 5.042421043076446, 5.462018877038439, 0.5044670683224204, 0.2855337965938619, 0.2336218422369404, 0.3630045442393579, 3.54188819151253, 0.3205787439175493, 0.12641199755891935, 6.599441726424092, 0.40282352941859634, 0.42959427216020496, 0.6171634121177922, 0.3643814026580113, 0.17616295073915453, 0.15768966307440044, 3.8456539082419208, 0.1289258676277239, 0.14786883038638937, 0.4597701149726599, 0.640593776709129, 0.39646978954017, 8.828219119880748, 0.35844901869882245, 0.7886083381661947, 2.9940536385770744, 9.094484822587175, 0.21916256680723462, 0.41594226668971557, 7.486478967804041, 0.4175339009305916, 0.3787052057367426, 3.076428591214065, 0.46097037359245047, 0.07622936872378264, 0.15502183405630185, 2.8314178850510068, 5.538198908103545, 1.2256644382697461, 0.53053053050024, 0.48700929252281205, 0.44243478263227937, 3.1972844534561378, 0.3543307086156067, 0.2565553669193292, 4.318628698858367, 0.3027426160512863, 0.2635046113477984, 4.136790014002363, 0.47317194895467707, 0.9987945584498469, 7.722880835993739, 4.056866660114222, 0.26408498047730017, 0.38970951377824004, 0.1690726411828785, 1.5864191630781022, 0.08433456561601976, 0.7145409764810833]
Processing ExpressPass results exp_id 2:: 10flo-38.879999999999995Gbps_target
ExpressPass FCT (ms): [7.73399999864921e-06, 7.72200000120904e-06, 8.039999999098768e-06, 0.0003485559999987231, 8.721000000377899e-06, 8.330500000042207e-05, 1.0710000001523667e-05, 1.0335999999000478e-05, 1.0123999999223088e-05, 1.0137000000298713e-05, 0.0003248790000007773, 7.899999999949614e-06, 8.229000000525843e-06, 8.226000000277622e-06, 9.859000000389528e-06, 0.00014534600000004616, 0.00017663100000042675, 1.0563000000018974e-05, 1.0643999999615517e-05, 1.0748999999421471e-05, 0.0001034979999996466, 7.940000001482872e-06, 8.051999998315296e-06, 8.261000001397178e-06, 8.10700000108966e-06, 8.751999999390137e-06, 0.00036249300000079643, 1.0470999999512287e-05, 0.0005358569999991403, 9.190799999991839e-05, 7.901000000032354e-06, 7.918999999745324e-06, 0.0001543840000000074, 8.248999998627937e-06, 8.192999999323547e-06, 0.00011443200000016418, 8.23899999957689e-06, 8.30200000123682e-06, 0.0004905910000001512, 8.634000000284914e-06, 7.85099999944805e-06, 0.0003884009999985949, 0.00025499800000083894, 8.266000000034524e-06, 8.241999999825111e-06, 9.1480000001809e-06, 8.875500000016245e-05, 0.00035413099999992426, 1.0812000001081401e-05, 1.0771999999548143e-05, 0.00039452700000097707, 1.1661000000273702e-05, 1.1758999999500475e-05, 1.3265999999845235e-05, 0.0001733799999996677, 1.350900000041122e-05, 1.3573999998683917e-05, 0.00015877400000086084, 1.347300000098528e-05, 0.00017506899999908399, 1.1723999998380918e-05, 1.1802999999588337e-05, 1.1935999999934666e-05, 0.0004079259999993923, 1.248099999884289e-05, 1.289200000087476e-05, 0.0002285840000002537, 0.0004117059999995121, 8.87649999992135e-05, 9.204000000018198e-05, 0.0003195649999998551, 1.161800000026858e-05, 1.1721999999991795e-05, 0.00017104099999976086, 1.2448999999747912e-05, 8.966200000060098e-05, 1.373799999981884e-05, 0.00021401500000095552, 0.00035504899999949657, 0.0001924479999999562, 1.109599999971067e-05, 1.1378000001727173e-05, 1.1399999999994748e-05, 0.00010611799999971083, 1.2291000000885788e-05, 1.2377999999202416e-05, 0.0002784499999997081, 1.344699999883403e-05, 1.3646999999394893e-05, 0.0004104140000009693, 1.1121000000002823e-05, 1.1647999999198078e-05, 0.00038951900000050443, 0.00022655100000079642, 1.2717000000606049e-05, 8.826399999861678e-05, 0.00017502900000110344, 0.00018026799999937282, 1.3183000000083211e-05, 0.0001058099999990958]
App Gdpt (overall): 108.17780458964074 Gbps
App Gdpt (per flow): [None, None, None, 38.879999999099994, None, None, None, None, None, None, 38.87999999930517, None, None, None, None, 38.879999995611875, None, None, None, None, 38.88000000607623, None, None, None, None, None, 38.87999999981185, None, 38.88000000004625, None, None, None, 38.88000000046121, None, None, 38.87999999754972, None, None, 38.88000000110754, None, None, 38.880000001648995, 38.879999998272304, None, None, None, None, 38.879999998881985, None, None, 38.87999999872891, None, None, None, None, None, None, 38.879999999099994, None, None, None, None, None, 38.88000000065938, None, None, 38.87999999395961, 38.879999999681345, None, 38.88000000607623, 38.879999999152446, None, None, 38.879999997854235, None, None, None, 38.879999997854235, 38.88000000101653, 38.88000000607623, None, None, None, 38.88000000607623, None, None, 38.87999999840237, None, None, 38.879999999099994, None, None, 38.880000000883385, 38.879999998649915, None, None, None, 38.88000000607623, None, 38.88000000607623]
Network Gdpt (overall): 65.08964120189057
Network Gdpt (per flow): [0.5802948022735785, 0.543900543815385, 0.5970149254400559, 1.1156657753744725, 0.6705653021151926, 0.06904747614153842, 0.38319327725640906, 0.43421052635777896, 0.26866851049078744, 0.535858735310243, 1.2266228349602362, 0.32506329114131377, 0.29942884917274853, 0.5455871626365831, 0.4657673191823279, 1.8092551566600836, 0.018116865102910978, 0.3885259869348318, 0.41262683203294326, 0.38180295843528556, 0.45504260952057834, 0.6428211585701232, 0.3825136612822184, 0.3002057861736544, 0.3009744664699692, 0.3199268738796974, 14.211496497832185, 0.3835354789597035, 23.27885238042988, 0.044653349001214745, 0.8697633210950335, 0.32933451194391633, 3.113483262514101, 0.6643229483466473, 0.4794336629225332, 2.7718120805329365, 0.7272727273100761, 0.565646832004384, 3.3207294874946705, 0.4030576789304104, 0.5848936441628878, 1.5739609321351171, 2.736899897245092, 0.5874667311855455, 0.4387284639743665, 0.3629208570107507, 0.06120218579223771, 1.0628835092100961, 0.8361080280332809, 0.364649090249236, 2.7865469283402082, 0.22022125031641582, 0.24491878562142558, 0.7242575003853527, 0.04000461414242297, 0.2842549411416914, 0.2534256667403514, 2.4894756068238943, 0.2553254657276355, 0.02508725131247097, 0.24564994885685154, 0.3802423112900561, 0.24463806970643293, 4.886180336636962, 0.2999759634922767, 0.833385044932593, 0.9714065726374268, 5.115125842233282, 0.06975722413175085, 0.13776618861337386, 4.884314615182226, 0.22792218970036018, 0.21907524313272458, 1.9474161166063444, 0.4311992931246446, 0.014989627712866004, 0.20672586985277702, 1.5563768894634156, 2.9970623773099176, 0.312479215164687, 0.19105984138926455, 0.22569871678767617, 0.22315789473694492, 0.4438078365605113, 0.23431779349055767, 0.21974470836768986, 1.2793966600839413, 0.3414888079421556, 0.30775994725479794, 0.9552695570791301, 0.1704882654437118, 0.4979395604738418, 4.007137007432188, 1.6412375138432094, 0.3088778799884253, 0.09834133961905225, 0.02509298459096671, 0.4603368318297686, 0.22149738299185082, 0.2796711085932604]
=====
** Num Flows: 20, Target Flow Rate (Gbps): 38.879999999999995
Processing SIRD results exp_id 3:: 20flo-38.879999999999995Gbps_target
SSIRD FCT (ms): [1.144500000016535e-05, 2.564399999904765e-05, 0.00022831799999956104, 0.0002762159999996072, 6.066999999276845e-06, 8.682899999890026e-05, 6.773000000848128e-06, 0.0005576630000003746, 5.0240000000201235e-06, 3.540900000054137e-05, 1.8904000000929955e-05, 0.00015890200000079346, 0.00024056700000052444, 1.9741999999212112e-05, 1.9754000000204996e-05, 1.1328999999449252e-05, 4.586000001083335e-06, 7.591000001028192e-06, 1.2170999999838727e-05, 0.00012100200000020322, 7.810000001384765e-06, 0.00012913900000022238, 1.775500000000818e-05, 2.008999999958405e-05, 7.613999999378507e-06, 6.04300000084379e-06, 1.586499999994828e-05, 0.0001167819999992048, 1.22689999990655e-05, 0.00010425700000027405, 6.74640000006832e-05, 2.79359999986184e-05, 2.6838000000140028e-05, 8.715400000092188e-05, 9.261000000648778e-06, 2.1076999999536383e-05, 4.4399999996613815e-06, 1.0585000000062905e-05, 1.8672000001274114e-05, 3.342399999972656e-05, 1.487699999991321e-05, 2.3132000000813946e-05, 2.657500000147195e-05, 2.927099999894267e-05, 0.00032733399999962387, 5.705999999605638e-06, 2.5108999999190473e-05, 0.00021643200000021068, 0.0012898349999996839, 2.183799999855296e-05, 6.407000000763219e-06, 7.652999999052668e-06, 2.1389000000482383e-05, 2.111000000049046e-05, 2.357899999871904e-05, 0.0002864929999990551, 8.632000000119433e-06, 8.878999999240023e-06, 2.1294999999810216e-05, 1.943500000045617e-05, 9.046000000623167e-06, 8.304900000055682e-05, 3.407300000013436e-05, 2.8338999999988346e-05, 6.199100000081614e-05, 8.084999999269371e-06, 2.270899999956555e-05, 2.2038999999196562e-05, 2.1200999999138048e-05, 2.272599999919578e-05, 2.23120000004684e-05, 2.292299999950842e-05, 1.8438999999759176e-05, 2.1529000001407894e-05, 1.9881000000054883e-05, 1.9210000001379512e-05, 0.000252216999999888, 1.99200000015054e-05, 1.934899999866957e-05, 1.875499999925978e-05, 3.212199999858001e-05, 2.5268999999994435e-05, 6.305999999511869e-06, 6.021999999106242e-06, 0.0001352340000000396, 5.609000000461606e-06, 7.804200000016692e-05, 7.768999999768766e-06, 2.553300000052161e-05, 2.339000000084468e-05, 2.5155000001220174e-05, 2.3324000000712886e-05, 2.018800000058718e-05, 0.00013952800000005539, 6.212000000616058e-06, 2.3645000000627192e-05, 8.713899999968078e-05, 1.125200000018367e-05, 9.660999999994146e-06, 4.243899999956113e-05, 1.5849000000400792e-05, 3.2703000000466886e-05, 3.170799999985263e-05, 7.159799999989502e-05, 3.2149000000814e-05, 0.0001161989999989288, 1.9253999999691018e-05, 2.8279000000352994e-05, 0.00020991899999955876, 0.0010213940000003419, 2.541099999930907e-05, 2.626200000044321e-05, 8.166999998948654e-06, 1.0409000001487811e-05, 2.13819999999032e-05, 2.4135000000313767e-05, 0.0001808020000009236, 2.7506000000343533e-05, 5.724000001094964e-06, 1.184899999984168e-05, 2.859900000018456e-05, 2.7819000001372274e-05, 0.0004207619999991863, 2.046799999888549e-05, 0.00020299999999906504, 1.5379999998899052e-05, 1.1577000000428939e-05, 3.791600000013773e-05, 0.0001785049999991628, 1.2091000000324925e-05, 0.0008418230000000193, 5.890799999974661e-05, 2.620900000138704e-05, 0.00024317899999992676, 2.521499999907917e-05, 1.4165999999704582e-05, 2.23469999998116e-05, 1.663599999979226e-05, 0.00014285699999838641, 2.497500000053776e-05, 1.946799999963389e-05, 0.00010904099999997641, 3.236200000067413e-05, 2.7490000000796044e-05, 2.617899999890483e-05, 0.0003255699999993311, 1.5570000000408868e-05, 3.0360000000229093e-05, 1.2850999999258761e-05, 3.0188999998514987e-05, 5.479000000363499e-06, 2.7641999999161726e-05, 2.6829999999478105e-05, 3.8376000000894805e-05, 5.050600000089389e-05, 2.3419999999774177e-05, 8.352000000044768e-06, 2.139899999953343e-05, 2.5458999999727894e-05, 2.0643000000930556e-05, 0.00038751400000158753, 0.0028757660000007235, 0.00045892500000022096, 1.4265999999096834e-05, 1.2055000000898985e-05, 2.4979999999175106e-05, 2.2044999999693005e-05, 0.00010128699999967239, 1.24249999995385e-05, 2.1701999999734767e-05, 1.3484000000119067e-05, 0.000171309000000619, 2.2196999999835043e-05, 2.614599999972711e-05, 1.3826999998300948e-05, 2.4596999999459968e-05, 1.5599999999338365e-05, 1.144299999999987e-05, 0.0006147169999994873, 0.00032251999999921566, 1.6570999999743208e-05, 3.093800000009139e-05, 1.2027000000358612e-05, 5.445900000111692e-05, 1.9981999999529876e-05, 2.294099999922139e-05, 3.7244999999686e-05, 0.002439907999999491, 0.0001599290000005027, 2.6962999999824433e-05, 0.0016213579999995176, 2.6407000000006065e-05, 2.612900000009688e-05, 2.3782000001304482e-05, 2.4686999999801174e-05, 2.570900000087306e-05, 7.785999999398996e-06, 7.824999999073157e-06, 2.6588000000771217e-05, 2.5637000000244825e-05]
App Gdpt (overall): 141.17512866659618 Gbps
App Gdpt (per flow): [None, None, 38.879999999099994, 38.879999999621575, None, 38.879999998881985, None, 38.87999999985417, None, 38.88000000607623, None, 38.87999999722177, 38.87999999949863, None, None, None, None, None, None, 38.879999999681345, None, 38.879999998881985, None, None, None, None, None, 38.879999998881985, None, 38.87999999840237, 38.87999999813775, 38.88000000607623, 38.88000000607623, 38.87999999840237, None, None, None, None, None, 38.879999995113565, None, None, None, 38.88000000607623, 38.88000000080411, None, 38.88000000607623, 38.87999999852817, 38.879999999918894, None, None, None, None, None, None, 38.880000001773126, None, None, None, None, None, 38.879999997854235, 38.88000000607623, 38.88000000607623, 38.879999997854235, None, None, None, None, None, None, None, None, None, None, None, 38.880000000320834, None, None, None, None, None, None, None, 38.88000000607623, None, 38.87999999813775, None, None, None, None, None, None, 38.87999999949863, None, None, 38.88000000607623, None, None, 38.879999995611875, None, None, None, 38.879999997854235, None, 38.88000000607623, None, None, 38.87999999770474, 38.87999999995004, None, None, None, None, None, None, 38.87999999704815, 38.88000000607623, None, None, None, None, 38.88000000007712, None, 38.88000000173253, None, None, 38.88000000607623, 38.88000000147191, None, 38.88000000000382, 38.87999999606684, None, 38.87999999985417, 38.88000000607623, None, None, None, 38.88000000107154, None, None, 38.88000000607623, None, None, None, 38.87999999997779, None, None, None, None, None, None, None, 38.87999999395961, 38.879999995113565, None, None, None, None, None, 38.879999999681345, 38.880000000013794, 38.87999999999505, None, None, 38.88000000607623, None, 38.88000000607623, None, None, None, 38.88000000147191, None, None, None, None, None, None, 38.87999999971668, 38.880000001648995, None, None, None, 38.879999995611875, None, None, 38.88000000607623, 38.8800000000235, 38.880000001377944, None, 38.88000000001019, None, None, None, None, None, None, None, 38.88000000607623, None]
Network Gdpt (overall): 86.69933905883063
Network Gdpt (per flow): [0.4823066841345785, 0.16378100140991955, 3.419231072458155, 4.534509224671204, 0.4298664909033888, 4.334957214810344, 0.49608740581415245, 13.168913842222036, 0.22452229299273127, 2.3435849642387883, 0.227253491313408, 3.8786673547024106, 3.4356499436672454, 0.1701955222436478, 0.093955654550002, 0.45052520083397707, 1.3501962491359105, 0.8294032405674108, 0.5422726152401162, 3.5152476818505947, 0.23252240712906674, 2.938539093529813, 0.2703463813009174, 0.2934793429627711, 0.5516154452774922, 0.4633460201239506, 0.42861645130930776, 3.2034388861515253, 0.4609992664789962, 3.4590674966577986, 5.038894817925968, 1.2044673540114583, 0.9294284223813196, 4.062693622739687, 0.30234315946483603, 0.3526118517893191, 1.0108108108879008, 0.45347189418719647, 0.21979434445800972, 7.646242221221003, 0.20219130201099336, 0.10375237765500395, 0.1992850423219817, 0.4228075569829199, 4.70083767650708, 0.3112513144274002, 0.5301684655075545, 3.297700894504072, 18.26343369501198, 0.11466251488991305, 0.380833463354041, 0.2832875996691974, 0.19187432792124193, 0.12884888678052134, 0.25208872302993834, 4.371848526854517, 0.7173308618992502, 0.473026241734372, 0.27236440479228413, 0.2416259325901609, 0.29626354187656184, 4.051776661943478, 1.327033134734884, 0.4584494865734622, 5.318707554252379, 0.5432282004201483, 0.22193843850880363, 0.20835791098359285, 0.13999339654359078, 0.22458857696825746, 0.24560774470621, 0.36365222702869454, 0.16920657302677744, 0.32217009612831154, 0.10663447512671131, 0.13784487245236032, 3.710709428787178, 0.2530120481736504, 0.2542767068240373, 0.1706211676953504, 0.3606251167583614, 0.18584035775064445, 0.40342530926053355, 0.4091663899644131, 2.9709096824754306, 0.4492779461209861, 4.400502293627349, 0.33569313941017165, 0.19519837073192273, 0.11970927746468081, 0.20290200754332835, 0.21094151945848152, 0.22746185852320383, 2.9267817212304195, 0.4571796522405588, 0.2212729963992903, 4.022171473178301, 0.16139353003646967, 0.41569195735456305, 6.10853224634607, 0.29629629628880355, 0.19765770724116186, 0.19856187712972317, 4.69979608369638, 0.24685060187872296, 3.239270561738655, 0.23849589696030388, 0.21188868064377117, 3.0581700560756744, 16.311010246774924, 0.21722875920467868, 0.2171959485151069, 0.6651157096484961, 0.5157075606910102, 0.166869329343193, 0.25257924176178786, 3.3537239632133633, 0.4388860612175245, 0.3172606568226085, 0.6812389231249771, 0.16420154550752455, 0.15097595168024802, 8.518849135632335, 0.2556185264942784, 3.0609655172554775, 0.3620286086084899, 0.22527425066108417, 3.840700495818943, 3.3080978124017233, 0.22496071457504796, 17.87333441827992, 4.5931961703192075, 0.19962608263280215, 3.569123978634099, 0.5111243307741686, 0.4026542425609877, 0.1270864098099943, 0.3601827362391695, 3.7714357714783704, 0.2693893893835889, 0.21573864804186277, 3.2472189359972545, 0.13868116926971485, 0.08730447435178254, 0.09412124222098166, 5.4177964800307885, 0.18497109826103864, 0.14782608695540625, 0.26145825229116826, 0.26287720694260747, 0.468698667608985, 0.17799001519966734, 0.17115169586616935, 5.786116322566776, 5.060151269066582, 0.18753202391299525, 0.2902298850559156, 0.13458572830799542, 0.24321458030818888, 0.09843530494154921, 7.606310997765049, 23.876176295283667, 6.744631475728082, 0.3622599187107235, 0.2043965159532352, 0.5200960768786639, 0.20358357904570196, 3.4252766890234896, 0.33802816902663985, 0.23518569717364202, 0.3114802729132982, 3.4260429983122855, 0.12794521782317905, 0.3087279124946168, 0.16836623998597405, 0.19514574948592858, 0.29435897437145886, 0.25168225115791604, 10.316435042475302, 1.9109760635045854, 0.14627964516550382, 0.16911241838465788, 0.147667747563569, 4.760278374459377, 0.23501151036485263, 0.17505775686048133, 1.3171163914730455, 20.730102938311834, 3.625258708540525, 0.14568111857084068, 16.928140484709836, 0.18176998523114699, 0.19288912702289845, 0.12816415775934792, 0.1626767124410558, 0.20350849896232157, 0.381197020322258, 0.5019808307303844, 0.7257409357394425, 0.27616335764451333]
Processing DCTCP results exp_id 3:: 20flo-38.879999999999995Gbps_target
DCTCP-50 FCT (ms): [2.6230000003124587e-06, 2.7229999997047116e-06, 0.0003077460000007193, 0.00039865499999969245, 9.211000000064473e-06, 0.00020528499999983296, 1.5147999999243211e-05, 0.0016727270000007621, 1.958800000068095e-05, 6.379300000070032e-05, 3.556699999940349e-05, 0.00030242000000058056, 0.00034831500000009896, 0.00012035299999979543, 0.00012047499999923161, 0.00012937099999987822, 0.0001299980000002421, 0.00015743099999987464, 0.0001601289999992872, 0.00029870100000017885, 2.5490000012950986e-06, 0.00010767900000097086, 3.6190000010094536e-06, 3.967999999687777e-06, 7.88999999912221e-06, 1.1517000000793587e-05, 2.649400000009905e-05, 0.00016132200000029684, 4.773799999924222e-05, 0.00018982300000125463, 0.00018776699999989432, 6.866499999880205e-05, 8.330800000067029e-05, 0.0002109710000013365, 0.00011121200000019371, 0.00011850399999957517, 0.00012209899999859886, 0.00012469899999878464, 0.00014582500000059895, 0.00020949700000016946, 2.572999999728154e-06, 4.8469999995859325e-06, 6.389000001050249e-06, 1.0545000000306004e-05, 0.00040960099999942656, 1.0196999999934064e-05, 1.3854999998841322e-05, 0.0002528769999994296, 0.0026010139999996795, 4.00239999986951e-05, 4.027600000000575e-05, 4.6297999999111994e-05, 4.6578000000963016e-05, 4.811300000007179e-05, 4.959800000037262e-05, 0.00039217399999991187, 6.071200000157262e-05, 7.118999999988773e-05, 7.192600000038851e-05, 7.330600000088339e-05, 2.8000000007466497e-06, 8.310599999994395e-05, 1.458299999868018e-05, 1.4074999999280635e-05, 0.0001059150000006781, 2.383200000011243e-05, 2.713399999976218e-05, 3.0282999999187155e-05, 3.102500000018438e-05, 3.704499999912514e-05, 4.301300000086883e-05, 4.4722000000163575e-05, 4.9719999999808806e-05, 5.1364000000830856e-05, 5.771500000051333e-05, 7.029600000052483e-05, 0.00034685400000000755, 7.942100000057906e-05, 7.997999999886929e-05, 9.303400000071349e-05, 2.7439999996659026e-06, 3.0659999996629494e-06, 3.4309999996651186e-06, 3.6530000002699126e-06, 0.00013195799999898838, 7.028000000630641e-06, 0.00011387799999873494, 1.1210000000261289e-05, 1.1710000000775267e-05, 1.25810000000115e-05, 1.559000000028732e-05, 2.216899999929467e-05, 3.5924000000520095e-05, 0.00017941299999968408, 4.83940000002292e-05, 5.470600000023751e-05, 0.00018195499999862363, 8.36639999999278e-05, 8.980199999975014e-05, 0.00018143199999975934, 3.7030000008542174e-06, 3.92100000112805e-06, 4.485999999914725e-06, 0.0001261049999996544, 9.035999999795763e-06, 0.00015941499999883035, 2.0607999999811e-05, 2.558699999966052e-05, 0.00023234000000016408, 0.002512275000000841, 4.9870999999868104e-05, 5.876600000043197e-05, 6.109699999967688e-05, 7.012600000066982e-05, 8.666899999987265e-05, 9.082300000073928e-05, 0.00024301700000073367, 0.00011512599999896622, 0.00011023200000082056, 0.00011837299999939432, 4.524999999588886e-06, 5.495999999993728e-06, 0.0006880440000003318, 7.79500000014366e-06, 0.00028544199999913644, 1.363899999873297e-05, 1.9865000000507393e-05, 0.00011093400000028453, 0.0002917359999994318, 3.320299999920451e-05, 0.0024478270000010127, 0.0002247569999997978, 4.874300000068388e-05, 0.0003652580000004235, 7.748300000010033e-05, 7.894400000019175e-05, 8.422299999999439e-05, 8.457600000078003e-05, 0.0002965449999994263, 9.983500000032564e-05, 4.111000000861509e-06, 9.345899999857465e-05, 4.8340000002866645e-06, 4.795000000612504e-06, 1.4054999999402185e-05, 0.0004538719999995777, 1.885200000018017e-05, 2.1695999999238325e-05, 2.483599999969499e-05, 3.258999999999901e-05, 4.969500000129301e-05, 5.175299999926608e-05, 5.486499999918237e-05, 0.0001249110000003384, 0.00014167500000006328, 6.174699999839106e-05, 6.298599999965404e-05, 7.554899999995257e-05, 7.590000000057273e-05, 7.800800000090646e-05, 0.00059865400000092, 0.0024514650000000415, 0.0006259550000002889, 6.15399999936983e-06, 7.571000001149741e-06, 1.5122000000644675e-05, 1.1767000000162398e-05, 0.00020761799999924335, 3.0995999999561263e-05, 3.320599999945273e-05, 5.2670000000532013e-05, 0.00029527000000051373, 5.649999999945976e-05, 7.206699999962041e-05, 7.278199999838364e-05, 8.498699999925918e-05, 9.679499999926122e-05, 0.00010755499999959284, 0.0015325530000005472, 0.00031715199999915455, 3.6869999995303715e-06, 3.7239999990390515e-06, 3.736000000031936e-06, 9.799300000068456e-05, 5.76799999940647e-06, 7.065000000139321e-06, 2.7240999999733617e-05, 0.0025062780000002505, 0.0002004870000007486, 3.2140000000069335e-05, 0.0026462049999995685, 4.2810000000059745e-05, 4.799500000096657e-05, 4.9240000000949635e-05, 6.859600000019839e-05, 6.994900000023563e-05, 7.28309999988852e-05, 7.32389999988925e-05, 8.019200000042304e-05, 8.602800000012678e-05]
App Gdpt (overall): 141.17512866659618 Gbps
App Gdpt (per flow): [None, None, 38.879999999099994, 38.879999999621575, None, 38.879999998881985, None, 38.87999999985417, None, 38.88000000607623, None, 38.87999999722177, 38.87999999949863, None, None, None, None, None, None, 38.879999999681345, None, 38.879999998881985, None, None, None, None, None, 38.879999998881985, None, 38.87999999840237, 38.87999999813775, 38.88000000607623, 38.88000000607623, 38.87999999840237, None, None, None, None, None, 38.879999995113565, None, None, None, 38.88000000607623, 38.88000000080411, None, 38.88000000607623, 38.87999999852817, 38.879999999918894, None, None, None, None, None, None, 38.880000001773126, None, None, None, None, None, 38.879999997854235, 38.88000000607623, 38.88000000607623, 38.879999997854235, None, None, None, None, None, None, None, None, None, None, None, 38.880000000320834, None, None, None, None, None, None, None, 38.88000000607623, None, 38.87999999813775, None, None, None, None, None, None, 38.87999999949863, None, None, 38.88000000607623, None, None, 38.879999995611875, None, None, None, 38.879999997854235, None, 38.88000000607623, None, None, 38.87999999770474, 38.87999999995004, None, None, None, None, None, None, 38.87999999704815, 38.88000000607623, None, None, None, None, 38.88000000007712, None, 38.88000000173253, None, None, 38.88000000607623, 38.88000000147191, None, 38.88000000000382, 38.87999999606684, None, 38.87999999985417, 38.88000000607623, None, None, None, 38.88000000107154, None, None, 38.88000000607623, None, None, None, 38.87999999997779, None, None, None, None, None, None, None, 38.87999999395961, 38.879999995113565, None, None, None, None, None, 38.879999999681345, 38.880000000013794, 38.87999999999505, None, None, 38.88000000607623, None, 38.88000000607623, None, None, None, 38.88000000147191, None, None, None, None, None, None, 38.87999999971668, 38.880000001648995, None, None, None, 38.879999995611875, None, None, 38.88000000607623, 38.8800000000235, 38.880000001377944, None, 38.88000000001019, None, None, None, None, None, None, None, 38.88000000607623, None]
Network Gdpt (overall): 94.11016091089746
Network Gdpt (per flow): [2.1044605411141606, 1.5424164526094228, 2.536741338630479, 3.1418243844952816, 0.2831397242407714, 1.8335484813810377, 0.22181146026986168, 4.390325498420635, 0.05758627731063849, 1.300832379713903, 0.12078612196901763, 2.0379869056240225, 2.3728636435403736, 0.027917874917997153, 0.015405685827033307, 0.03945242751470426, 0.04763150202301935, 0.03999212353351636, 0.041216768980193344, 1.4240059457442238, 0.7124362491476364, 3.5241783448637016, 1.326333240856902, 1.485887096891111, 0.5323193916942034, 0.2431188677439493, 0.25666188570901255, 2.3189893504872967, 0.1184800368697847, 1.8998330023106602, 1.8104565765027472, 0.4900313114481473, 0.29941902338069937, 1.6783349370186278, 0.025177139157601003, 0.06271518261009454, 0.03675705779778297, 0.0384926903988547, 0.02814332247545444, 1.219912456979304, 1.1690633502984087, 0.4951516402321078, 0.828924714216532, 1.1736367946553687, 3.756690047148699, 0.17416887319912563, 0.9608083725090775, 2.8224314587788135, 9.05678170129146, 0.06256246252452623, 0.06058198430826427, 0.04682707676447326, 0.08811026664766947, 0.056533577203582014, 0.11984354207740924, 3.1937456333165417, 0.1019897219633616, 0.05899705014758567, 0.08063843394556448, 0.06406024063437386, 0.9571428568876249, 4.048997665634575, 3.1005965853454183, 0.9230550622141395, 3.1129868290411093, 0.18429003021061097, 0.18574482199617356, 0.1516362315531241, 0.0956647864619617, 0.13777837765205933, 0.12740334317274565, 0.18639595724631078, 0.06275140788439255, 0.13503621213082714, 0.036732218660333445, 0.03766928416951505, 2.6982649760417345, 0.06345928658620835, 0.06151537884558085, 0.03439602725858782, 4.221574344537324, 1.5316373126276057, 0.7414747887637151, 0.6745140979518041, 3.044665726997075, 0.3585657370196178, 3.0157185760534526, 0.23264942015514822, 0.4256191289214374, 0.2225578252919037, 0.32738935214277964, 0.22193152601184243, 0.12782540919534346, 2.2761338364595605, 0.05868496094529383, 0.095638504002802, 1.9262345085469001, 0.021705871103480198, 0.04472060755897613, 1.4288548877835436, 1.268160950288068, 1.6485590405866726, 1.403477485537156, 2.668379525006322, 0.8782647189220203, 2.3611328921541994, 0.22282608695856534, 0.234181420255579, 2.7630541447858596, 6.631426893948483, 0.11068556876771268, 0.09706292754242371, 0.08890780234755763, 0.07654792801455561, 0.0411681223967652, 0.06711956222488115, 2.495134085262222, 0.10485902402679154, 0.016474345017658047, 0.0681912260400708, 1.0377900553429062, 0.7641921397388634, 5.209562179160448, 0.6711994868381753, 2.1768905767262, 0.40824107343040206, 0.13128618172330161, 1.312708457277539, 2.024131406481031, 0.08192030840782963, 6.146751383980067, 1.2038601689835842, 0.10733848962777412, 2.37622721473313, 0.16633326019879602, 0.07225374949313622, 0.03372000522422841, 0.07084752175492737, 1.8168439865822805, 0.06739119547230986, 1.021649233548976, 3.7886131887287484, 0.9284236656462255, 0.5005213763698496, 0.17531127713303477, 3.886276306980032, 0.1527689369813535, 0.20685840708690814, 0.13528748590921502, 0.2435102792267641, 0.051675218833548316, 0.09506695264177481, 0.0836963455767508, 1.777649686572027, 1.8039032998050881, 0.0711289617327877, 0.03848474264143324, 0.03812095461226235, 0.08158102766736859, 0.026048610398630753, 4.923632014478264, 28.008678892009, 4.9448922047089185, 0.8397790056108553, 0.3254523840477895, 0.8591456156226777, 0.3814056258976851, 1.6710304501597377, 0.13550135501546812, 0.15370716135891466, 0.07974178849359363, 1.9877129406948857, 0.050265486726144344, 0.11200688248494481, 0.03198593058794346, 0.05647922623509291, 0.047440466966631005, 0.026776997815172728, 4.137989355015935, 1.9433205529261774, 0.6574450773823584, 1.40494092410045, 0.47537473232998356, 2.6454950863652407, 0.8141470181142894, 0.5684359518642328, 1.8008149480738487, 20.181138724433183, 2.891878276386176, 0.12221530802711655, 10.372052051902433, 0.11212333566907969, 0.1050109386373268, 0.061900893581259483, 0.0585456877950374, 0.07479735235646508, 0.04075187763514754, 0.05363262742608991, 0.24062250598436516, 0.08229878644150239]
Processing ExpressPass results exp_id 3:: 20flo-38.879999999999995Gbps_target
ExpressPass FCT (ms): [7.722999999515423e-06, 7.683999999841262e-06, 0.00041362700000036057, 0.0005563449999996806, 8.68099999884464e-06, 0.0004059729999994488, 1.0156000000094423e-05, 0.0010159620000003144, 1.244399999933421e-05, 0.00020842300000012415, 1.3520999999627747e-05, 0.0005285280000002501, 0.0005553900000005996, 1.9555999999809615e-05, 1.9784999999217234e-05, 2.06479999995679e-05, 2.1005000000684504e-05, 2.2007000000101584e-05, 2.2065999999654196e-05, 0.00045537299999942604, 7.664000001739169e-06, 0.00024990400000035606, 7.999000001035483e-06, 8.404000000794554e-06, 9.087000000462808e-06, 1.0680000000817813e-05, 1.418099999916933e-05, 0.00041677399999962006, 1.7314999999129554e-05, 0.0005030080000008041, 0.0006690280000007931, 0.00012861399999941625, 9.369400000025507e-05, 0.00016498699999978328, 2.298400000100287e-05, 2.309699999969439e-05, 2.3013999999932366e-05, 2.298299999914377e-05, 2.269600000026628e-05, 0.00021888600000075087, 7.725999999763644e-06, 8.373000000005959e-06, 8.768000000713982e-06, 9.941399999924272e-05, 0.0007754880000003794, 1.0387999999750264e-05, 8.627799999949559e-05, 0.0004546859999994268, 0.0016201860000002455, 1.475899999903163e-05, 8.900500000130762e-05, 1.4680999999683308e-05, 9.811299999995526e-05, 1.5001000001291231e-05, 8.684799999869597e-05, 0.0005019649999997711, 1.717800000022862e-05, 1.873599999946407e-05, 1.8977999999947315e-05, 1.9465000001162025e-05, 7.848000000976185e-06, 0.0003697169999998806, 0.0001607279999991107, 0.00019372299999886877, 0.0002508540000007997, 8.358000000008303e-05, 0.00019106000000057577, 1.454899999941972e-05, 8.707399999963172e-05, 1.4869999999334027e-05, 1.5929999999997335e-05, 1.7011000000621834e-05, 1.7836999999687464e-05, 1.789300000076821e-05, 1.946899999971663e-05, 2.171400000072765e-05, 0.000582977999998846, 2.240900000138879e-05, 2.2495999999705418e-05, 2.3018000000263328e-05, 7.777999998737073e-06, 7.923000000076286e-06, 8.146999999070204e-06, 8.185999998744364e-06, 0.00026455099999900256, 8.661000000742547e-06, 0.00035319399999877987, 9.021000000331014e-06, 9.701999999833788e-06, 1.1861000000834565e-05, 9.246000000118215e-05, 1.314000000007809e-05, 1.5001999999597615e-05, 0.0004313969999998335, 1.7399000000750675e-05, 1.8582000000932908e-05, 0.0004916379999997389, 2.1986000000140393e-05, 2.196300000001372e-05, 0.00022039699999965023, 1.2750999999866508e-05, 1.3090000001270141e-05, 1.333300000005977e-05, 0.00048762800000012874, 1.5206000000489439e-05, 0.0005127900000001517, 1.759999999961792e-05, 0.00010062600000004807, 0.00043001100000061854, 0.0019143860000010449, 9.442699999873128e-05, 8.958799999980727e-05, 0.00033582100000018045, 2.1102999999911276e-05, 2.2912999998681016e-05, 2.384899999974266e-05, 0.00038235100000072464, 0.0001174810000001969, 2.5217000001021006e-05, 2.537599999996587e-05, 1.3386999999198679e-05, 1.4172000000201024e-05, 0.0008048519999999115, 1.4873999999664989e-05, 0.0004326880000000699, 1.6385999998647094e-05, 0.0002843160000001177, 0.0002657789999993554, 0.0004375359999997386, 0.0003517149999989755, 0.0017641360000002493, 0.00037733500000136644, 8.791000000130111e-05, 0.0005553290000008815, 0.00020886699999955738, 2.0141000000251097e-05, 2.08739999987273e-05, 0.00018803300000058698, 0.0007056289999987087, 2.1841000000577537e-05, 1.312300000044786e-05, 0.0002883239999995624, 1.373999999998432e-05, 1.3891000000043618e-05, 8.965700000018728e-05, 0.0010516480000006823, 9.944500000003131e-05, 1.763499999896112e-05, 9.631400000031931e-05, 1.877599999922097e-05, 8.68660000001853e-05, 0.0002782459999988163, 2.2334999998818716e-05, 0.00023665900000047202, 0.0002982940000002543, 2.369299999926966e-05, 2.4072999998736577e-05, 2.4156000000274958e-05, 2.433500000087463e-05, 2.46589999992608e-05, 0.0006410940000005638, 0.002978453000000769, 0.0007054199999991795, 1.4308999999101957e-05, 1.4252999999797566e-05, 0.00011147600000072089, 1.5103999999155349e-05, 0.0004442229999988001, 1.7296999999416585e-05, 1.7416999998687288e-05, 1.8057000000126777e-05, 0.0005719509999995154, 0.00035172599999988563, 0.0001831909999996384, 0.0003630059999988333, 1.9653999999036387e-05, 2.0719000000113397e-05, 2.2009000000267065e-05, 0.0011249830000004124, 0.0005060089999986417, 1.275600000028021e-05, 1.2912999999059593e-05, 1.2959000001089294e-05, 0.00024199300000127266, 1.389500000037458e-05, 1.3941999998934307e-05, 0.0001560240000006985, 0.002801804999998936, 0.0005742469999994171, 1.7785000000714035e-05, 0.0024018649999995034, 1.8569999999940023e-05, 9.028600000071663e-05, 1.906399999995756e-05, 0.00043982200000058924, 2.0068000001316477e-05, 2.0253000000636234e-05, 2.0571999998608703e-05, 0.00018346500000099297, 2.216599999904645e-05]
App Gdpt (overall): 141.17512866659618 Gbps
App Gdpt (per flow): [None, None, 38.879999999099994, 38.879999999621575, None, 38.879999998881985, None, 38.87999999985417, None, 38.88000000607623, None, 38.87999999722177, 38.87999999949863, None, None, None, None, None, None, 38.879999999681345, None, 38.879999998881985, None, None, None, None, None, 38.879999998881985, None, 38.87999999840237, 38.87999999813775, 38.88000000607623, 38.88000000607623, 38.87999999840237, None, None, None, None, None, 38.879999995113565, None, None, None, 38.88000000607623, 38.88000000080411, None, 38.88000000607623, 38.87999999852817, 38.879999999918894, None, None, None, None, None, None, 38.880000001773126, None, None, None, None, None, 38.879999997854235, 38.88000000607623, 38.88000000607623, 38.879999997854235, None, None, None, None, None, None, None, None, None, None, None, 38.880000000320834, None, None, None, None, None, None, None, 38.88000000607623, None, 38.87999999813775, None, None, None, None, None, None, 38.87999999949863, None, None, 38.88000000607623, None, None, 38.879999995611875, None, None, None, 38.879999997854235, None, 38.88000000607623, None, None, 38.87999999770474, 38.87999999995004, None, None, None, None, None, None, 38.87999999704815, 38.88000000607623, None, None, None, None, 38.88000000007712, None, 38.88000000173253, None, None, 38.88000000607623, 38.88000000147191, None, 38.88000000000382, 38.87999999606684, None, 38.87999999985417, 38.88000000607623, None, None, None, 38.88000000107154, None, None, 38.88000000607623, None, None, None, 38.87999999997779, None, None, None, None, None, None, None, 38.87999999395961, 38.879999995113565, None, None, None, None, None, 38.879999999681345, 38.880000000013794, 38.87999999999505, None, None, 38.88000000607623, None, 38.88000000607623, None, None, None, 38.88000000147191, None, None, None, None, None, None, 38.87999999971668, 38.880000001648995, None, None, None, 38.879999995611875, None, None, 38.88000000607623, 38.8800000000235, 38.880000001377944, None, 38.88000000001019, None, None, None, None, None, None, None, 38.88000000607623, None]
Network Gdpt (overall): 83.7108276491369
Network Gdpt (per flow): [0.714748154906947, 0.546590317554238, 1.8873816264395689, 2.251308091203694, 0.30042621821761323, 0.9271552541684079, 0.33083891295478157, 7.22843570920736, 0.09064609450822496, 0.3981518354497852, 0.31772797870854785, 1.1661217570302962, 1.4881506688977257, 0.17181427694992385, 0.09380844074164418, 0.24719101124112802, 0.2947869554771825, 0.28609078929299486, 0.2991026919289147, 0.9340738251950295, 0.23695198324476782, 1.5185031051902305, 0.6000750092984914, 0.7015706805619425, 0.46219874543700795, 0.2621722846241191, 0.4795148438331795, 0.8976183735078029, 0.32665319089138517, 0.7169508238426098, 0.5081162522339828, 0.2616200413652691, 0.2662283604065585, 2.1461084812771016, 0.12182387747467051, 0.3217733904878702, 0.19501173198979707, 0.20885001958747004, 0.18082481494324332, 1.1675849528938504, 0.38933471396479696, 0.28663561447489455, 0.6040145984909608, 0.12448950852087508, 1.9842267062794618, 0.17096649981158035, 0.15429194000878355, 1.5697162437394152, 14.539575085821276, 0.16965919101323212, 0.027414190213630164, 0.14767386418137507, 0.04182931925434827, 0.1813212452347092, 0.06844141488680511, 2.495201856704295, 0.3604610548327856, 0.22416737831554964, 0.3056170302463959, 0.2412535319660754, 0.34148827722561725, 0.9101447864180136, 0.2813199940287329, 0.06706482967988243, 1.314358152546696, 0.052548456568504875, 0.026379147911571296, 0.31562306689003705, 0.034085949881853976, 0.34324142570467986, 0.3440050219711812, 0.4900358591320486, 0.17491730672504727, 0.3876376236350647, 0.10889105758029978, 0.12194897300871622, 1.6053847658090916, 0.22490963450790524, 0.21870554765578, 0.13902163524039413, 1.4893288765596446, 0.5927047835358811, 0.31226218243406656, 0.3010017102831601, 1.5186788180786117, 0.29095947347695983, 0.9723381484430267, 0.2891032036253523, 0.5137085137173144, 0.23606778516170526, 0.05520224962075214, 0.37442922374206705, 0.30609252100541046, 0.9466176167199994, 0.16322777170397548, 0.2815628026981664, 0.7128985147612393, 0.08259801691933066, 0.18285298001172387, 1.176241055914606, 0.36828484040852977, 0.49381207023474327, 0.4722118052930156, 0.6900670183006538, 0.5218992502791373, 0.7340236744084101, 0.260909090914755, 0.05954723431317093, 1.492910646469687, 8.702512450462397, 0.05845785633424939, 0.06366924141639808, 0.016175283856569665, 0.25437141638736527, 0.15571946057720037, 0.2556082016045025, 1.5858726667351488, 0.10275704156399561, 0.0720149105732828, 0.3180958385880697, 0.3507880780071035, 0.2963590177773373, 4.453499525379069, 0.351754739822364, 1.4360832747843704, 0.33980227025874044, 0.00917289213410051, 0.5479138682903961, 1.3496306589637261, 0.007733534253608527, 8.528925207579164, 0.7170710376694984, 0.05951541349018956, 1.5629221596542273, 0.061704338167481276, 0.28320341591424897, 0.13605442177700283, 0.03186674679434618, 0.7635400472500223, 0.30804450344865586, 0.32004876932535725, 1.228062873713383, 0.32663755458552557, 0.17277373839122195, 0.027482516702486737, 1.677245618304657, 0.028960732062940253, 0.2544939041828403, 0.03488589405474656, 0.4226672347853254, 0.029562774848554352, 0.01768219489236478, 0.20559659727973442, 0.9382613802963636, 0.8567654729890046, 0.18537120669123305, 0.10069372326370701, 0.11922503725646706, 0.2544483254480153, 0.08240399043192803, 4.597690822246672, 23.053006376122866, 4.387854044404185, 0.36117129081866994, 0.17287588578088794, 0.11654526534784156, 0.29713983052509135, 0.7809951308260425, 0.2428166734197643, 0.2930470230455697, 0.2325967768716017, 1.0261578352000387, 0.008074467056745659, 0.04406330005303718, 0.006413117138580305, 0.24422509414039578, 0.22163231816086046, 0.13085555908787558, 5.637141183464705, 1.218017861345657, 0.19002822200899597, 0.40517308142035374, 0.13704761168691373, 1.0712706565836063, 0.33796329614058335, 0.2880504949294917, 0.3144131672036378, 18.05248545134983, 1.0096421922980678, 0.2208602755042057, 11.427193451757562, 0.2584814216486539, 0.05582260815586022, 0.15988250104945373, 0.00913096661830154, 0.2607135738318107, 0.1465461906831957, 0.1909391405923417, 0.10517537404897699, 0.3194081025130638]
=====
** Num Flows: 30, Target Flow Rate (Gbps): 38.879999999999995
Processing SIRD results exp_id 4:: 30flo-38.879999999999995Gbps_target
SSIRD FCT (ms): [3.1000999999974965e-05, 1.7142999999109065e-05, 6.37100000009383e-05, 0.0001479799999994924, 8.752000001166493e-06, 2.429499999934137e-05, 2.927299999910815e-05, 0.00021559600000031764, 5.825799999925607e-05, 1.2549999999222905e-05, 4.06379999997597e-05, 1.2396000000691743e-05, 5.40099999923882e-06, 5.175000000079422e-06, 0.0003301239999995431, 5.529400000092721e-05, 1.0573000000846378e-05, 5.230000001077428e-06, 5.4641000000188455e-05, 2.288700000008248e-05, 1.5444000000641722e-05, 0.00041474699999888287, 6.585999999586534e-06, 2.880699999963099e-05, 8.18100000010702e-06, 0.002450152999999844, 0.00019798699999995506, 0.0004360200000004255, 7.059999999725619e-06, 0.00021809200000078022, 4.7787999999826525e-05, 1.77929999995996e-05, 0.00020735499999879892, 0.00014157699999906015, 0.0002945590000003051, 5.860699999971075e-05, 2.4631000000496783e-05, 1.7595000000980576e-05, 1.2868000000665347e-05, 1.7056000000792437e-05, 2.409599999886325e-05, 4.138799999964249e-05, 0.0003155819999989262, 9.732999998846026e-06, 9.49700000063558e-06, 6.265599999899507e-05, 2.2532000000907715e-05, 0.0002609039999992291, 1.626299999912817e-05, 1.1264000001176555e-05, 0.0008596899999986363, 1.2687999999982935e-05, 6.451999999157465e-06, 0.0011384329999994947, 6.478000001308715e-06, 4.274900000034165e-05, 5.488000001108162e-06, 4.867200000013838e-05, 3.822900000116647e-05, 4.797299999914628e-05, 1.87529999990943e-05, 3.225100000037173e-05, 6.45240000007874e-05, 1.4038999999854695e-05, 0.0003447359999988464, 0.0004032320000000311, 1.4910999999173669e-05, 5.974000000463775e-06, 1.5276000000952195e-05, 4.366000000644021e-06, 6.948999999423222e-06, 0.00013617699999990407, 2.9537000001411684e-05, 2.4070000000264713e-05, 0.00016862700000075392, 1.2182000000748872e-05, 5.5375000000523755e-05, 0.00018189100000043368, 5.557899999963922e-05, 5.368399999916562e-05, 1.095899999903338e-05, 1.8825999999805276e-05, 0.00011483399999967503, 2.2300999999558258e-05, 0.00021788300000125105, 7.280999998471316e-06, 5.0469999999691595e-05, 6.913400000030379e-05, 2.5786000000138642e-05, 4.9508000000031416e-05, 0.0005428429999998485, 8.575300000046582e-05, 0.000642152999999368, 1.1651999999529039e-05, 1.9112999998682767e-05, 0.00048036099999926307, 5.786000000895797e-06, 0.00040566800000085834, 7.162999999366093e-06, 0.0003816800000002729, 0.0005853859999991329, 1.867900000007694e-05, 2.5732000000999733e-05, 9.277000000196267e-06, 5.050000000395016e-06, 4.8149999987145975e-06, 0.0001625880000002411, 1.3019000000724645e-05, 0.0004412200000007971, 1.5410999999687647e-05, 5.393000000353254e-06, 2.730499999969993e-05, 0.0003416339999997575, 9.488800000134745e-05, 6.164999999924703e-05, 0.00041963600000016754, 6.711000001047296e-06, 0.0003173160000002895, 1.1977999999857047e-05, 1.897700000164093e-05, 2.0859000001038908e-05, 0.00012842800000001375, 3.598900000056915e-05, 1.0274000000976002e-05, 3.674499999917202e-05, 7.146999999818604e-06, 0.00030325199999836627, 6.812000000522289e-06, 2.765300000007187e-05, 4.794000000529763e-06, 3.5249999985609293e-06, 4.0373999999232524e-05, 0.0009993930000007367, 3.741000000445638e-06, 5.1374999999964643e-05, 3.4787000000591206e-05, 1.5155999999905134e-05, 1.1369999999288893e-05, 4.5351999998999304e-05, 5.132599999946308e-05, 3.850100000057921e-05, 4.4567999999856056e-05, 0.00013512099999957172, 2.201299999882167e-05, 2.469499999868674e-05, 1.806900000111966e-05, 1.4804999999284973e-05, 0.000379720999999833, 3.2659000000379024e-05, 1.6011999999676618e-05, 5.23689999987198e-05, 2.715099999939241e-05, 0.00011116900000018859, 5.181400000076053e-05, 5.781900000023654e-05, 9.076600000135215e-05, 3.9991999999600125e-05, 3.8079999999496295e-05, 4.9413000001052865e-05, 0.0013464680000012663, 1.2898000001371202e-05, 4.553800000017816e-05, 2.267400000022235e-05, 0.000173769999999962, 3.580899999988674e-05, 4.361600000102328e-05, 2.5598000000570664e-05, 3.345800000076338e-05, 1.612000000150715e-05, 3.809200000048918e-05, 3.868200000134436e-05, 4.990000000049122e-05, 2.495000000024561e-05, 0.002179035999999357, 3.949899999966533e-05, 1.408700000027352e-05, 0.0007021910000002407, 3.8933000000795914e-05, 1.0005000000035125e-05, 3.048700000007898e-05, 2.732099999924742e-05, 3.3005999998891866e-05, 0.0002444360000009027, 3.2851000000277963e-05, 0.0005712229999996765, 1.2522999998765272e-05, 3.639400000032822e-05, 0.0005013380000011836, 3.496399999924904e-05, 5.655500000045777e-05, 5.301500000065573e-05, 5.488299999889534e-05, 0.0003542999999996965, 0.0006755369999993377, 1.3861000001114121e-05, 4.369600000053708e-05, 6.568999999956304e-05, 1.907999999950505e-05, 0.0002486640000007867, 0.00027757900000047186, 4.7840999998882694e-05, 3.79440000006781e-05, 4.7422999999824356e-05, 1.6620000000244772e-05, 2.7315999998833718e-05, 4.060400000049924e-05, 0.00010235600000108036, 0.00017465100000002565, 4.4044999999215406e-05, 2.8538000000466468e-05, 4.4815000000753e-05, 6.192700000084983e-05, 2.5342999999011795e-05, 4.47750000009961e-05, 3.2172999999247054e-05, 5.4443999999875814e-05, 4.077700000060247e-05, 5.523700000154008e-05, 5.775500000027023e-05, 1.5205999998713082e-05, 0.0006157980000001118, 3.868900000014719e-05, 2.4400000000923683e-05, 4.182099999994193e-05, 1.906600000012304e-05, 3.104600000014557e-05, 3.1735000000310265e-05, 2.782299999992688e-05, 2.201299999882167e-05, 1.1646000000808954e-05, 2.8153999998892232e-05, 4.9068000000929146e-05, 4.876600000081055e-05, 0.00012169100000036792, 0.000933417999998909, 2.3381000000100016e-05, 0.00014284200000069802, 4.881999999994946e-05, 3.818799999955047e-05, 4.888499999999851e-05, 1.2836999999876753e-05, 3.375200000022005e-05, 5.562100000133796e-05, 8.848400000083245e-05, 2.0098000000245975e-05, 1.3803999999950634e-05, 2.366100000017468e-05, 1.3466999998712481e-05, 1.908099999958779e-05, 0.00020125899999889896, 0.00023446500000012804, 4.563199999907397e-05, 2.8701999999825034e-05, 1.561600000066221e-05, 5.4812000000126204e-05, 6.790999998784741e-06, 1.5352000000135035e-05, 1.7280999999869096e-05, 0.0015190270000005057, 0.0007553990000008781, 0.00046653200000079664, 0.0002744739999993584, 0.00035817600000065397, 2.2623999999638045e-05, 9.905299999957151e-05, 2.8912999999519684e-05, 2.6661999999788577e-05, 8.99299999979064e-06, 8.856999999196091e-06, 5.265000000065356e-05, 1.4236000000167337e-05, 0.0004604980000006975, 0.00031320399999934523, 2.4984000001282425e-05, 3.1193999999956645e-05, 2.248500000057163e-05, 0.0002502440000000661, 1.796399999953735e-05, 5.818400000023871e-05, 2.29249999996739e-05, 0.0003756859999999307, 1.6374000001206923e-05, 0.0005212320000005377, 5.358800000010433e-05, 4.21460000001872e-05, 3.517599999902643e-05, 2.7570000000309847e-05, 0.0008126560000007998, 5.39929999998634e-05, 4.15629999999112e-05, 3.749200000058295e-05, 5.3154999999804886e-05, 0.00026352999999978977, 1.7591000000649615e-05, 9.532099999987054e-05, 1.8620999998830712e-05, 2.4173999999987927e-05, 2.339000000084468e-05, 1.0413000000042416e-05, 0.0001517650000000259]
App Gdpt (overall): 168.5440517719636 Gbps
App Gdpt (per flow): [None, None, 38.88000000607623, 38.88000000607623, None, None, None, 38.88000000147191, None, None, None, None, None, None, 38.88000000189048, None, None, None, None, None, None, 38.87999999930517, None, None, None, 38.87999999997041, 38.87999999930517, 38.87999999710678, None, 38.88000000156219, None, None, 38.880000001377944, 38.879999998881985, 38.88000000181297, None, None, None, None, None, None, 38.88000000607623, 38.88000000189048, None, None, 38.88000000607623, None, 38.88000000173253, None, None, 38.88000000033388, None, None, 38.880000000210856, None, None, None, 38.88000000607623, None, None, None, None, 38.88000000607623, None, 38.88000000210699, 38.879999998992666, None, None, None, None, None, 38.879999998881985, None, None, 38.8800000005949, None, None, 38.87999999667966, 38.88000000607623, None, None, None, 38.879999998649915, None, 38.87999999722177, None, None, 38.87999999722177, None, None, 38.88000000056208, 38.87999999840237, 38.880000000796045, None, None, 38.88000000107154, None, 38.879999998992666, None, 38.879999998992666, 38.87999999978617, None, None, None, None, None, 38.87999999985417, None, 38.87999999976895, None, None, 38.88000000607623, 38.88000000210699, 38.879999998649915, 38.88000000607623, 38.88000000273976, None, 38.88000000217426, None, None, None, 38.879999999099994, None, None, None, None, 38.88000000189048, None, None, None, None, None, 38.87999999971668, None, None, None, None, None, None, None, None, None, 38.879999999099994, None, None, None, None, 38.879999998992666, None, None, 38.88000000607623, None, 38.879999998649915, 38.88000000607623, None, 38.879999998649915, None, None, None, 38.879999999987604, None, None, None, 38.88000000084405, None, None, None, None, None, None, None, None, None, 38.880000000013034, None, None, 38.88000000027943, None, None, None, None, None, 38.88000000156219, None, 38.88000000078391, None, None, 38.87999999904673, None, None, 38.88000000607623, None, 38.88000000217426, 38.8800000005949, None, None, 38.87999999754972, None, 38.87999999722177, 38.87999999754972, None, None, None, None, None, None, 38.879999998649915, 38.87999999667966, 38.88000000607623, None, None, None, None, None, None, None, None, None, 38.88000000607623, None, 38.880000000142836, None, None, 38.88000000607623, None, None, None, None, None, None, None, None, None, 38.879999998649915, 38.87999999987994, None, 38.87999999930517, 38.88000000607623, None, 38.87999994852227, None, None, None, 38.879999998649915, None, None, None, None, None, 38.88000000156219, 38.880000001648995, None, None, None, 38.88000000607623, None, None, None, 38.88000000003829, 38.87999999964162, 38.88000000084405, 38.88000000189048, 38.879999998649915, None, 38.879999998649915, None, None, None, None, 38.88000000607623, None, 38.88000000039189, 38.88000000189048, None, None, None, 38.879999997388836, None, None, None, 38.879999998649915, None, 38.87999999981185, 38.88000000607623, None, None, None, 38.879999999515675, None, None, 38.88000000607623, None, 38.88000000173253, None, 38.879999998649915, None, None, None, None, 38.87999999949863]
Network Gdpt (overall): 89.77031884891248
Network Gdpt (per flow): [0.1354795006613784, 0.2617978183651196, 0.6268403704192723, 0.33150425733320904, 0.5365630712264743, 0.18077793785219454, 0.16042086564899638, 2.7056902725428142, 0.08060695526897535, 0.3200000000198144, 0.062010925734900864, 0.32397547594190806, 0.4636178486119046, 0.11903381642329394, 1.9765906144385235, 0.050638405612779824, 0.3798354298381269, 0.47112810697751306, 0.08213612488762141, 0.09472626381754651, 0.27816627815471995, 1.9249518381137187, 0.9632553902821552, 0.022494532579175226, 0.4527563867438634, 20.64342267605461, 2.0458716986473453, 2.064951149027846, 0.40793201134729873, 2.780294554581694, 0.03063530593465545, 0.1865902321179515, 2.796093655823869, 2.680378875117563, 2.1617400928144805, 0.0819014793458749, 0.10166050911248008, 0.22824666097051363, 0.5595275100736494, 0.3264540337559396, 0.4551792828899994, 0.2825939885981693, 2.0508901014703067, 0.41261687048968965, 0.9914709907728589, 0.9597803881665684, 0.19918338362414337, 2.3816269585818386, 0.2415298530535924, 0.4822443181314465, 5.992355383926965, 0.37011349306481056, 0.5802851829648032, 9.656852884627273, 0.0790367397185186, 0.16842499239613692, 0.4679300290600324, 0.5124917817210939, 0.17431792617637565, 0.05219602693274469, 0.2559590465649135, 0.130228520044389, 0.6189324902286383, 0.17665075860286833, 1.9796017822399856, 1.8931235616219475, 0.26933136612048536, 0.36290592564976454, 0.16810683423932507, 0.13192853868873916, 0.632033386151179, 2.764049729398248, 0.15898703320498225, 0.32438720398479975, 2.9091901059605325, 0.772943687360135, 0.18824379232327595, 3.1487869108347004, 0.2172043397700276, 0.10625139706595361, 0.2591477324801987, 0.10326144693615784, 3.237926049785362, 0.17613559930396874, 2.8057627258505247, 0.4449938196237131, 0.05167426193810059, 4.513784823655926, 0.17404793298595633, 0.09485335703314657, 3.605049710506622, 4.129068370763433, 3.9637407284595807, 0.43803638862051997, 0.2670433736384534, 2.2516232583445768, 0.4701002418905783, 1.881755524217796, 0.3964819210179161, 2.0000209599650343, 3.6640848944169786, 0.3426307618166732, 0.09575625679715022, 1.2486795299940634, 0.9299009900262721, 0.47850467302493693, 2.6700125470474836, 0.4528765649951475, 1.943212003078852, 0.2663032898632912, 0.3441498238231833, 1.3424647500605325, 1.9975763536430344, 3.9185566140578363, 5.020729927068621, 1.9456481331431863, 0.551929667623598, 2.1993974460769814, 0.20036734012595117, 0.305633134821019, 0.238937628829367, 3.0033948983084584, 0.176276084356322, 0.3823243137655101, 0.18135800789631681, 0.35035679306891754, 2.151741785721167, 0.39342337049244264, 0.22218204173088027, 0.6758448059328249, 0.7035460995780008, 0.1448456927753298, 6.345539742619096, 0.7078321303620858, 0.09810218978108942, 0.11291574438535211, 0.2533650039604141, 0.23570800353277166, 0.12083259834452542, 0.09710478120352527, 0.11158151736150673, 0.08813498474270075, 2.9015178987814085, 0.1951574069972271, 0.14804616319880234, 0.14300736066411424, 0.17453562986320822, 2.010339170075755, 0.14868795737602633, 0.2563077691782966, 0.2500716072546763, 0.08927847961600842, 3.3446734251398254, 0.2527502219440263, 0.08301769314551208, 4.046713527031358, 0.10042008401780746, 0.1409663865564865, 0.09956893934582332, 12.123511290268056, 0.304543340020345, 0.05217620448835488, 0.5108935344397285, 2.988824307993978, 0.031500460778116336, 0.12307410124436126, 0.14626142667069827, 0.05308147528123256, 0.2848635235465675, 0.07455633728771209, 0.06307843441174707, 0.059478957915246156, 0.0993987975942119, 19.92227021490825, 0.11362312970044879, 0.1879747284694105, 4.628962775083824, 0.10315156807638509, 0.49175412293680437, 0.1855216977723406, 0.1469931554522391, 0.07513785372608807, 2.480649331513201, 0.12224894219250614, 3.5539325272286826, 0.1948414916745649, 0.0815519041592909, 3.0692746211066533, 0.06978606566904264, 0.071010520731456, 0.24913703668464837, 0.06501102345119282, 1.9698108947236743, 4.363272478047672, 0.5823533655112322, 0.25613328450801987, 4.917887045245075, 0.09727463312621312, 2.4785574107954917, 2.2939775703454424, 0.0918041010869876, 0.1414716424178808, 0.09261328891078732, 0.14584837544911555, 0.08873920047237864, 0.08176534331492415, 3.6326546562592856, 3.2793170379781156, 0.29497105233809584, 0.16819679024183692, 0.07051210532069406, 0.09921359019354539, 0.1619382077954476, 0.010720268006461676, 0.14596089889378985, 0.0771434868857832, 0.13537042940673524, 0.06459438419719608, 0.22134880096857737, 0.18150729976546004, 3.680128873428606, 0.14040166455528275, 0.16459016392819556, 0.3081705363338489, 0.2152522815469168, 0.11080332409920346, 0.12377501181539617, 0.17251913884241868, 0.23186299006374467, 0.2060793405317956, 0.2094196206660506, 0.1201597782646196, 0.07775909444975952, 2.999991782456355, 6.036720954606174, 0.024635387707862628, 2.835692583399985, 1.0902089307672083, 0.09699382004932444, 1.1339265623402208, 0.2343226610601293, 0.17610808248285278, 0.0722029449291346, 4.125853261567802, 0.12777390784996373, 0.28455520139191887, 0.2992265753749939, 0.19068834931651554, 0.23017661548634147, 2.970182699920353, 2.6073315846700624, 0.1826788218830901, 0.2229809769367645, 0.16290983605866544, 0.22943880901939437, 0.36518922109318214, 0.17248566961807638, 0.2777617036072195, 11.42372321228933, 4.9828713037687695, 2.216731113831922, 2.358052128804597, 2.0378361475885245, 0.09865629420242704, 3.708156239604948, 0.32566665514323745, 0.11852074113063756, 0.31580117870189217, 0.280004516227289, 1.0528395061597704, 0.29502669288779376, 2.061576814662739, 2.0833705827555336, 0.24399615752830184, 0.20516766044780713, 0.13698020902475866, 2.483080513418247, 0.15809396571326778, 0.06214766946214019, 0.2310141766663177, 1.942856534446678, 0.3195309636994229, 3.3023298646250123, 0.2309472269906678, 0.07877378636134517, 0.13645667500946243, 0.1593035908578397, 5.541473883162824, 0.14950086122312933, 0.18189254866145738, 0.3382054838312932, 0.12160662214323634, 2.377171479529844, 0.19100676481586717, 3.900756391566444, 0.2942913914582521, 0.07677670224211662, 0.19632321504207653, 0.4217804667225689, 2.74619312753223]
Processing DCTCP results exp_id 4:: 30flo-38.879999999999995Gbps_target
DCTCP-50 FCT (ms): [2.5959999998548255e-06, 2.6669999986239645e-06, 5.928000000210432e-06, 6.640999998808184e-06, 4.253000000176144e-06, 5.033000000764787e-06, 5.7029999993574165e-06, 0.00028074199999927885, 1.0008000000283346e-05, 1.1121000000002823e-05, 1.1210999998567672e-05, 1.4239000000415558e-05, 1.5600999999421106e-05, 1.6126000000227236e-05, 0.0003726699999990757, 2.4190999999618157e-05, 3.4712000001491106e-05, 3.707499999983099e-05, 3.8276999999808936e-05, 3.9291999998525284e-05, 4.427100000015116e-05, 0.0005093560000002384, 5.0008000000545394e-05, 6.985999999997716e-05, 7.02029999999354e-05, 0.0021863140000011327, 0.0003377950000000851, 0.000567258000000237, 9.222399999941899e-05, 0.00041665100000010113, 3.5550000010431404e-06, 3.988999999648968e-06, 0.0002858359999997617, 0.0001790130000003387, 0.00032839999999900726, 1.3070999999698074e-05, 1.3749000000728984e-05, 1.638400000025797e-05, 1.9155000000381506e-05, 2.1843000000743018e-05, 2.3196999999086643e-05, 3.065699999993399e-05, 0.0003517019999996762, 3.357900000011682e-05, 4.0395999999276455e-05, 7.152499999918405e-05, 4.4567999999856056e-05, 0.0003758089999994496, 0.00010676900000028411, 0.00011865000000099712, 0.0012683149999990206, 0.00012366500000027258, 0.00013919399999906545, 0.0017571199999988352, 0.00019663900000033152, 0.00019863300000011463, 0.00019889800000072455, 0.00021002600000130656, 0.0002139320000011935, 0.00021992299999951115, 2.607999999071353e-06, 2.5959999998548255e-06, 1.0273999999199646e-05, 3.410999999786668e-06, 0.00036287999999906617, 0.0003896050000005147, 5.084999999738216e-06, 1.312200000036512e-05, 1.641799999951843e-05, 1.987499999955844e-05, 2.097600000006139e-05, 0.00022513999999951295, 2.7878000000924885e-05, 3.3300000000124896e-05, 0.000358158000000941, 5.636200000047609e-05, 5.8620000000786376e-05, 0.0003887730000009526, 7.430099999972128e-05, 7.296299999914879e-05, 0.0001030449999994687, 0.00010550000000009163, 0.0003619990000007789, 0.00011977899999848773, 0.00039899800000142704, 0.00012590299999892807, 0.00013929099999998584, 0.0003585889999992986, 0.00015032199999964746, 0.00016506400000082522, 0.0008427110000006621, 0.00032288200000074596, 0.0009425209999989193, 1.3205000000127143e-05, 1.4726999999936652e-05, 0.0006498189999994963, 2.1637999999768454e-05, 0.0005304120000015899, 2.806100000007916e-05, 0.0005308880000001182, 0.000866342000000131, 4.3754000000006954e-05, 5.797500000070954e-05, 6.0393000000047437e-05, 6.501699999894583e-05, 6.759599999917043e-05, 0.00048435799999957396, 0.00010488500000072065, 0.0005833240000008288, 0.0001143139999992826, 0.0001170039999998096, 0.00017441199999979062, 0.0005313000000004564, 0.0004929990000004381, 0.00048324399999977175, 0.0007355149999987987, 0.00025132900000102154, 0.000533139999999932, 0.0003434659999985712, 0.0003505950000004532, 2.6540000011010534e-06, 8.640500000112183e-05, 3.405999999372966e-06, 5.3440000016280464e-06, 5.691000000140889e-06, 5.8959999993390966e-06, 0.00020129699999849038, 1.3454999999495953e-05, 1.686399999911714e-05, 2.0668999999529092e-05, 2.2489999999208976e-05, 2.6401999999592363e-05, 0.0014375790000009658, 6.666800000054707e-05, 6.830399999913084e-05, 7.194500000018422e-05, 8.154000000004658e-05, 8.306600000018705e-05, 8.671299999996052e-05, 8.724699999973495e-05, 8.852600000075483e-05, 9.028299999869205e-05, 0.00025373199999911833, 0.00010410500000013201, 0.00010450899999980834, 0.00010828899999992814, 0.00010953499999999394, 0.0002948800000002194, 0.000127448999998947, 0.00013374099999907685, 1.012799999955405e-05, 8.982999998963237e-06, 0.0001438490000005288, 2.1910000000957552e-05, 2.346399999986204e-05, 0.00016298900000144556, 2.9279999999687334e-05, 3.166700000001299e-05, 3.431300000045212e-05, 0.002068492000001143, 4.4909999999731554e-05, 5.088800000052629e-05, 5.5021999999738114e-05, 0.00027508400000009203, 5.950799999965284e-05, 7.702200000103687e-05, 7.92810000014299e-05, 9.670000000028267e-05, 0.00010845600000131128, 0.00011452899999930821, 0.00012377700000065772, 0.00012825599999999326, 0.0001363360000006253, 0.002401604999999307, 0.00014347199999953375, 0.00014589699999945083, 0.0010330879999997933, 0.00016304500000074995, 0.00016390799999932426, 0.0001785149999999902, 4.804999999663551e-06, 5.261000000089666e-06, 0.00030582399999978804, 1.3520000001321364e-05, 0.0008010140000003219, 1.996799999837151e-05, 2.259700000095677e-05, 0.0006988700000007952, 3.0086999998957253e-05, 3.0498000000989123e-05, 3.909099999965804e-05, 4.8561999999918726e-05, 0.0004567790000002958, 0.0010039629999987199, 0.00011366800000089938, 0.0001273870000009225, 0.00036900799999983747, 0.00017181800000010128, 0.0004869139999996719, 0.0004885780000005724, 0.00027871300000015253, 0.00027945500000114976, 0.00028695299999981216, 0.00030607700000118143, 0.0003115410000003038, 0.0003297819999996676, 0.0004745860000010538, 0.00048748500000073136, 0.0003912419999991812, 0.00038426500000099395, 6.492000000690723e-06, 1.314300000032631e-05, 1.7416000000380905e-05, 2.1988000000305874e-05, 2.2715999998368375e-05, 3.604199999962532e-05, 3.8741000000896975e-05, 3.9747000000645016e-05, 4.5545999999063724e-05, 4.8350000000141335e-05, 0.0008742000000001582, 6.25180000000114e-05, 6.417000000169537e-05, 6.977299999988418e-05, 6.777800000001832e-05, 6.82730000001186e-05, 7.120699999951796e-05, 7.199100000043757e-05, 8.659199999883072e-05, 9.140800000118077e-05, 9.429199999999582e-05, 9.722999999972615e-05, 9.94120000008536e-05, 0.00025593500000020697, 0.0014352770000005677, 0.00011816800000019612, 0.00029103500000005056, 0.0001709759999997118, 0.00015319999999974243, 0.000181184000000556, 5.992000000176745e-06, 7.384999999970887e-06, 7.99100000037356e-06, 0.00016225399999925116, 1.0869999998774915e-05, 1.1996999999652758e-05, 1.2538000000006377e-05, 1.6360000000048558e-05, 1.8837999999021804e-05, 0.0004169139999987692, 0.000423626999999982, 3.897699999910742e-05, 5.2438999999182556e-05, 5.6550000000044065e-05, 6.664200000017217e-05, 6.205199999875788e-05, 6.378199999979017e-05, 6.767900000070881e-05, 0.0021514899999992565, 0.001069727000000853, 0.0006465110000011265, 0.0004593849999992017, 0.00047918499999966, 0.0001384449999992654, 0.00040517700000108903, 0.00014749700000038501, 0.00015776899999941918, 0.00018469299999956945, 0.0002076119999987469, 0.00027600399999982983, 7.515000000068994e-06, 0.0005149070000012301, 0.0004072829999994809, 1.5025999999807027e-05, 1.6030000001165945e-05, 2.016800000070873e-05, 0.0004201760000004384, 2.076200000011852e-05, 2.3559000000616948e-05, 3.301399999955379e-05, 0.00046628599999998244, 3.850200000066195e-05, 0.0007930740000006153, 6.533599999869466e-05, 7.741900000013402e-05, 8.260999999976093e-05, 8.419199999920579e-05, 0.0011751320000001897, 0.00012425000000071407, 0.0001360600000008816, 0.00015263000000054205, 0.00015619899999919085, 0.0004806760000004573, 0.00019114600000058601, 0.0004425530000009559, 0.00021442099999902098, 0.00022182099999845661, 0.00022798200000018198, 0.0002322370000005236, 0.00046650300000017353]
App Gdpt (overall): 168.5440517719636 Gbps
App Gdpt (per flow): [None, None, 38.88000000607623, 38.88000000607623, None, None, None, 38.88000000147191, None, None, None, None, None, None, 38.88000000189048, None, None, None, None, None, None, 38.87999999930517, None, None, None, 38.87999999997041, 38.87999999930517, 38.87999999710678, None, 38.88000000156219, None, None, 38.880000001377944, 38.879999998881985, 38.88000000181297, None, None, None, None, None, None, 38.88000000607623, 38.88000000189048, None, None, 38.88000000607623, None, 38.88000000173253, None, None, 38.88000000033388, None, None, 38.880000000210856, None, None, None, 38.88000000607623, None, None, None, None, 38.88000000607623, None, 38.88000000210699, 38.879999998992666, None, None, None, None, None, 38.879999998881985, None, None, 38.8800000005949, None, None, 38.87999999667966, 38.88000000607623, None, None, None, 38.879999998649915, None, 38.87999999722177, None, None, 38.87999999722177, None, None, 38.88000000056208, 38.87999999840237, 38.880000000796045, None, None, 38.88000000107154, None, 38.879999998992666, None, 38.879999998992666, 38.87999999978617, None, None, None, None, None, 38.87999999985417, None, 38.87999999976895, None, None, 38.88000000607623, 38.88000000210699, 38.879999998649915, 38.88000000607623, 38.88000000273976, None, 38.88000000217426, None, None, None, 38.879999999099994, None, None, None, None, 38.88000000189048, None, None, None, None, None, 38.87999999971668, None, None, None, None, None, None, None, None, None, 38.879999999099994, None, None, None, None, 38.879999998992666, None, None, 38.88000000607623, None, 38.879999998649915, 38.88000000607623, None, 38.879999998649915, None, None, None, 38.879999999987604, None, None, None, 38.88000000084405, None, None, None, None, None, None, None, None, None, 38.880000000013034, None, None, 38.88000000027943, None, None, None, None, None, 38.88000000156219, None, 38.88000000078391, None, None, 38.87999999904673, None, None, 38.88000000607623, None, 38.88000000217426, 38.8800000005949, None, None, 38.87999999754972, None, 38.87999999722177, 38.87999999754972, None, None, None, None, None, None, 38.879999998649915, 38.87999999667966, 38.88000000607623, None, None, None, None, None, None, None, None, None, 38.88000000607623, None, 38.880000000142836, None, None, 38.88000000607623, None, None, None, None, None, None, None, None, None, 38.879999998649915, 38.87999999987994, None, 38.87999999930517, 38.88000000607623, None, 38.87999994852227, None, None, None, 38.879999998649915, None, None, None, None, None, 38.88000000156219, 38.880000001648995, None, None, None, 38.88000000607623, None, None, None, 38.88000000003829, 38.87999999964162, 38.88000000084405, 38.88000000189048, 38.879999998649915, None, 38.879999998649915, None, None, None, None, 38.88000000607623, None, 38.88000000039189, 38.88000000189048, None, None, None, 38.879999997388836, None, None, None, 38.879999998649915, None, 38.87999999981185, 38.88000000607623, None, None, None, 38.879999999515675, None, None, 38.88000000607623, None, 38.88000000173253, None, 38.879999998649915, None, None, None, None, 38.87999999949863]
Network Gdpt (overall): 91.45190459012693
Network Gdpt (per flow): [1.6178736518624324, 1.6827896521618217, 6.736842105024015, 7.386839332751658, 1.104161768117919, 0.8726405720907245, 0.8234262669698615, 2.0778365901842206, 0.46922462029047235, 0.3611186044419549, 0.2247792347089428, 0.28204227824164585, 0.16050253189493713, 0.03819918144557359, 1.750932460358007, 0.11574552519714756, 0.11569486056198107, 0.06645987862471293, 0.1172505682269353, 0.05517662628731981, 0.09703869350105784, 1.5674066860891525, 0.12685970244622485, 0.00927569424563716, 0.05276127800811088, 23.134620187207236, 1.1991178081377698, 1.5872142834470804, 0.0312283136712585, 1.4553187199835182, 0.4118143458707229, 0.8322887942572476, 2.0283799101599636, 2.1198460446966534, 1.9389768574967263, 0.36722515493159474, 0.182122336160247, 0.2451171874961406, 0.3758809710183555, 0.25491003982102267, 0.4728197611946309, 0.38151156342842374, 1.840262494954808, 0.1195985586225328, 0.23309238538886656, 0.8407689619110245, 0.10070005385062142, 1.6534356548164362, 0.036789704876785845, 0.04578171091406954, 4.06174175973948, 0.03797355759503213, 0.026897711108418015, 6.256647240943867, 0.0026037561216195, 0.036247753394430156, 0.012911140383466125, 0.11876624798760547, 0.031150085073587973, 0.01138580321296802, 1.8404907982013674, 1.6178736518624324, 3.8870936347197835, 0.7270595133846688, 1.880621693126533, 1.9593383041772863, 0.7897738446817603, 0.16521871665444868, 0.15641369229353905, 0.02898113207611557, 0.20938215102913552, 1.6718486275242705, 0.16844823874898504, 0.23447447447359507, 1.3696971727525593, 0.16706291472837131, 0.17782326850665583, 1.4731887245220132, 0.16247426010478036, 0.07817661006354652, 0.027560774419085284, 0.018426540284344185, 1.0271409589507154, 0.03279372845030926, 1.5321580559246253, 0.025734096884328296, 0.018723392035381075, 0.8702330523262297, 0.02985590931474119, 0.02844957107531941, 2.322238584756177, 1.0966235342917288, 2.700553091127857, 0.3865202574745064, 0.3465743192790083, 1.6644511779446867, 0.1257047786315328, 1.439198208181021, 0.10120808239164636, 1.4379078072961344, 2.475816709797835, 0.14627234081453086, 0.04250107805036384, 0.1918103091416373, 0.07222726363991172, 0.03408485709255394, 0.8962626817361989, 0.05621394860999657, 1.4698246600496152, 0.03590111447439295, 0.01586270554855407, 0.21016902506733484, 1.2844720496883377, 0.7542084263855904, 0.6405211445980626, 1.1100575787051707, 0.014737654627937665, 1.3090445286417995, 0.006987591202651744, 0.016543304952987073, 1.877920119793636, 4.464093513048921, 1.8625954201902262, 0.7350299398958341, 1.170971709688108, 0.42469470832440337, 3.2415783643317764, 0.199182460059487, 0.3643263757306481, 0.15675649523798046, 0.11027123166239339, 0.22149837133892475, 4.4113666101102895, 0.039719205615561755, 0.07378777231295582, 0.0545972617970664, 0.047093451066934106, 0.03226350131213692, 0.06319698315134403, 0.05712517335856982, 0.04852811603329383, 0.04350763709731518, 1.5451578831261423, 0.041266029489405436, 0.034982633074727584, 0.023862072786725474, 0.023590633130964014, 2.5887411828521163, 0.038101515116165066, 0.03068617701399218, 1.293048973200695, 0.26984303687852207, 2.584821583734563, 0.597717936988939, 0.20456870098995153, 2.2535508531050708, 0.13715846994681985, 0.1695140051156661, 0.14338588872832958, 7.89170081392192, 0.08746381652245556, 0.04669077189072919, 0.21053396823189155, 1.8880342004617725, 0.01895543456353063, 0.06969437303533713, 0.04722442955982485, 0.01836608066178706, 0.04233975068179244, 0.024797212933118724, 0.019712870727090125, 0.023141217564871478, 0.018190353244840876, 18.0759716939349, 0.03128136500512006, 0.0181497906057696, 3.1463108660643146, 0.02463123677501014, 0.030016838714524513, 0.0316836120214005, 0.835796045844163, 0.4713932712331747, 1.9827090091046495, 0.29704142008931217, 2.534397650976368, 0.12219551283047848, 0.131344868782331, 2.2017599839716246, 0.08109814870490793, 0.13168076594759498, 0.3378782840069464, 0.07347308595210189, 1.5278810978603397, 2.935916961086971, 0.07101382974923577, 0.087858258691381, 0.8754715344928627, 0.010802127832933139, 1.2657841015054307, 1.3032924118549218, 0.015758145475803415, 0.01920881716189696, 0.015305642387439321, 0.007919575792988836, 0.007780677342621473, 0.010067256551307672, 0.7834702245729424, 1.1748792270513777, 0.033207068770804746, 0.012491379646825977, 0.486752926627201, 0.4674731796277455, 0.23564538355019762, 0.021830089139226978, 0.20672653637688415, 0.11653071416801682, 0.14248470612199465, 0.08976778121473566, 0.2806832652760462, 0.057083764219067884, 2.59233127430747, 0.08688697655073754, 0.06258376188084615, 0.1847132845086408, 0.06055062114548807, 0.05038595052208083, 0.055163115986161346, 0.06667500104139164, 0.05894308943169024, 0.02625590757886616, 0.06252916472235462, 0.06063972025112215, 0.038144288415557885, 1.426424678139781, 3.925920919793024, 0.004874416085564993, 1.3917776212480617, 0.31129515253655315, 0.024177545691946658, 0.3059431296352321, 0.5020026702121618, 0.8048747461101465, 0.502565386035823, 2.250003081598512, 0.23624655016462026, 0.3274151871395926, 0.5646833625774764, 0.15696821515845832, 0.23314576920204175, 1.4338112896227153, 1.4430808234603225, 0.21386971804374108, 0.12204656839565527, 0.04498673740049545, 0.1887098226338872, 0.03996647972748087, 0.04151641528971672, 0.07092303373202513, 8.065547132455182, 3.5187071093811775, 1.599626301792542, 1.4088923234348634, 1.5232196333368488, 0.016121925674541102, 0.9065272707952643, 0.06383858654735636, 0.020029283319356994, 0.01537686864151116, 0.011945359613196583, 0.2008376690194134, 0.5588822355238111, 1.8437348880433397, 1.6021292320102525, 0.4056967922320171, 0.39925140358917627, 0.15271717571855242, 1.4788469593678641, 0.13678836335535055, 0.15348699010591735, 0.16041679287791788, 1.5653568839725567, 0.13588904472261307, 2.1703901527457266, 0.1894208399695001, 0.04288352988277106, 0.05810434572102519, 0.052166476625349574, 3.8321754492255113, 0.06496579476823831, 0.0555637218870426, 0.08307672148303065, 0.041383107446484844, 1.3032812122914479, 0.01757818630779456, 0.8401795943066637, 0.02555719822230575, 0.008367106811406105, 0.020141941030416152, 0.018911715187459783, 0.8934047583827863]
Processing ExpressPass results exp_id 4:: 30flo-38.879999999999995Gbps_target
ExpressPass FCT (ms): [7.738999999062912e-06, 7.971999998801493e-06, 9.03090000008433e-05, 0.0001440909999992357, 8.825000000101113e-06, 8.846000000062304e-06, 9.506999999686627e-06, 0.0004602179999988465, 1.0232999999360004e-05, 1.0404999999380493e-05, 1.0850999998979205e-05, 8.662699999995027e-05, 0.00018544299999945224, 9.821400000120661e-05, 0.0007414809999986005, 0.0002726600000002577, 1.575100000117402e-05, 1.6643000000371444e-05, 1.7331999998759784e-05, 1.784499999857303e-05, 2.097499999997865e-05, 0.0006130819999992099, 2.2915000000622854e-05, 2.5292000000121106e-05, 0.00027905099999969707, 0.0025904010000008526, 0.0004640460000011615, 0.0009789170000011893, 3.0749000000440674e-05, 0.0005919320000007389, 8.832000000680296e-06, 8.841999999731343e-06, 0.0007453769999994364, 0.0004601519999987147, 0.0007093200000003463, 9.821999999104492e-06, 1.0121000000751224e-05, 1.0298000001185414e-05, 1.0767000000910798e-05, 1.1904000000839687e-05, 1.2168999999673247e-05, 0.00037075400000041725, 0.000641326999998526, 8.372299999948041e-05, 1.4248999999466605e-05, 0.00041494199999903003, 9.206400000039139e-05, 0.000645971999999162, 2.3549999999872284e-05, 0.0002811920000009849, 0.0012945559999995027, 2.7339000000736746e-05, 3.092799999926399e-05, 0.0017372319999999775, 3.4976000000241925e-05, 3.581500000038318e-05, 3.5882000000597714e-05, 0.0001456700000002087, 3.741500000131737e-05, 0.0003731239999993363, 7.635999999422438e-06, 7.764000001131421e-06, 0.0001988940000003936, 8.187000000603462e-06, 0.0006589529999985189, 0.0006751610000002017, 8.851000000476006e-06, 9.407000000294374e-06, 1.102100000061057e-05, 0.00017788599999946086, 1.3486000000284548e-05, 0.00043663699999996197, 1.3864000001362342e-05, 1.4688000000262491e-05, 0.0006310060000007667, 1.8634999999989077e-05, 1.9212999999851377e-05, 0.00085522900000079, 0.00012002699999946742, 2.0484000000209335e-05, 9.467299999954548e-05, 8.839600000065673e-05, 0.00020814300000004948, 2.9242000000095913e-05, 0.0005968280000008264, 3.053100000016684e-05, 3.1247999999095555e-05, 0.00035029900000083103, 3.245099999915624e-05, 3.463500000044917e-05, 0.0008235750000000763, 0.0004422650000002193, 0.001038631000000123, 1.0510999999269188e-05, 8.897499999882541e-05, 0.0008359239999986556, 1.3698000000061938e-05, 0.0007622570000016538, 8.53420000002103e-05, 0.0005781000000002479, 0.0008866259999997794, 0.00010027899999975887, 0.00027601500000074, 1.5317000000791836e-05, 1.5387999999560975e-05, 1.555199999891954e-05, 0.0004992519999991174, 1.798900000160586e-05, 0.0008569220000005373, 0.000280440999999243, 0.0002747919999990245, 0.00014719400000018368, 0.0007323780000003666, 0.000629298999999861, 0.00030834899999909737, 0.000891090999999733, 2.933300000051986e-05, 0.000689786999998887, 3.4740999998561506e-05, 3.5093000001040764e-05, 7.701999999554232e-06, 0.0006483050000003487, 7.961999999750446e-06, 9.216000000478175e-06, 9.43299999889291e-06, 9.719999999546758e-06, 0.0007335429999990595, 1.032199999961847e-05, 1.2286000000472086e-05, 1.4290000001082603e-05, 1.4368999998737308e-05, 1.5079000000639553e-05, 0.0013458240000012722, 2.6539000000269652e-05, 2.8225999999520468e-05, 3.0196000000870526e-05, 3.317600000052323e-05, 3.3219000000528354e-05, 3.370700000004945e-05, 3.448000000005891e-05, 0.00037427200000017535, 3.5221999999279774e-05, 0.000271658999999147, 3.708999999929574e-05, 3.749799999930303e-05, 3.772800000056975e-05, 3.793199999968522e-05, 0.000565285000000415, 3.917099999917184e-05, 3.926800000009223e-05, 0.00010673099999891633, 1.5151999999574173e-05, 0.0006093530000015335, 0.00011442599999966774, 8.681599999960099e-05, 0.0006795010000004709, 1.9919999999729043e-05, 2.2406999999446953e-05, 2.2952000000131534e-05, 0.001925062999999838, 2.8337999999905605e-05, 2.8320000000192636e-05, 2.993200000034335e-05, 0.0008750279999993893, 3.0559000000707215e-05, 3.361399999946002e-05, 3.3667000000292546e-05, 3.591500000155179e-05, 3.768600000064737e-05, 0.0003805400000000958, 3.8724000001266745e-05, 3.929899999910447e-05, 3.9795999999370224e-05, 0.0026108130000004337, 4.101799999922662e-05, 4.101400000067201e-05, 0.001269674999999637, 4.1826000000355634e-05, 4.186999999866714e-05, 4.2407000000466155e-05, 1.3762000000028252e-05, 1.3807000000198855e-05, 0.0008029789999994819, 1.6818000000640154e-05, 0.001132262999998801, 1.906399999995756e-05, 0.0001896749999996672, 0.0011485069999999098, 2.183999999871844e-05, 8.666300000115257e-05, 0.00040243199999956403, 2.6102999999721987e-05, 0.0004903110000000765, 0.0012196360000000794, 3.71650000001722e-05, 0.00010281299999981286, 0.0003473389999992804, 4.1110999999816045e-05, 0.0005238960000006898, 0.0005488769999999477, 4.240099999996971e-05, 4.246700000010151e-05, 4.243800000125475e-05, 4.247900000109439e-05, 4.2813000000307966e-05, 4.308399999963797e-05, 0.0006585330000010714, 0.0005358229999998798, 0.00011578499999842506, 4.3005000000206905e-05, 1.3902000000953763e-05, 1.7161000000598392e-05, 1.871899999983384e-05, 0.0002708550000001253, 0.00028560699999857775, 2.396299999851692e-05, 0.00010236800000029689, 2.507200000145815e-05, 9.58769999996889e-05, 2.9436000000160334e-05, 0.0012041680000010047, 3.4070999999968876e-05, 3.436900000153287e-05, 0.00010727499999951817, 3.5643999998669074e-05, 0.000269450999999421, 3.6288000000439524e-05, 3.665000000019347e-05, 3.912799999916672e-05, 3.9609999999967727e-05, 4.0417999999320386e-05, 4.0692000000674966e-05, 4.115200000143204e-05, 0.0003597519999996024, 0.00142541499999993, 4.230100000057746e-05, 0.0006055440000007906, 0.00013395200000054786, 4.275499999906174e-05, 0.0001345650000015297, 1.3883999999464436e-05, 1.410800000023471e-05, 1.4342000000056032e-05, 0.000382498000000453, 1.5165999998956181e-05, 1.5529000000569226e-05, 1.661099999950011e-05, 1.8225999999899045e-05, 8.801999999974441e-05, 0.0007602729999991453, 0.0007120910000004699, 2.2782000000276525e-05, 2.8079999999874872e-05, 2.854400000096291e-05, 0.00026405600000067864, 3.0442999999991116e-05, 9.282999999982167e-05, 3.084500000127832e-05, 0.0020686930000000103, 0.0012584249999996189, 0.0010292639999995856, 0.0005636429999995585, 0.0005748790000001947, 3.733500000002721e-05, 0.00022275999999976648, 3.794000000034714e-05, 3.874399999936884e-05, 3.891599999938933e-05, 3.992099999905463e-05, 0.0001263530000006341, 1.4155000000570794e-05, 0.0007750690000012384, 0.0006431819999992427, 1.615200000060213e-05, 1.734399999975267e-05, 0.0001935900000002988, 0.0006698820000003991, 0.0002783789999991626, 8.87699999996272e-05, 0.0003800419999997473, 0.0008042489999997571, 1.9537000000013904e-05, 0.00111890300000006, 8.964399999911166e-05, 2.5288999999872885e-05, 2.5672999999670765e-05, 2.649800000043001e-05, 0.0013381790000011051, 3.276300000010224e-05, 3.4821999999934405e-05, 0.00010324800000027778, 3.683199999926501e-05, 0.0006865939999993742, 3.868599999989897e-05, 0.0005008460000013315, 3.977199999916081e-05, 3.976799999882985e-05, 4.056400000074234e-05, 4.09100000009488e-05, 0.000611826000000093]
App Gdpt (overall): 168.5440517719636 Gbps
App Gdpt (per flow): [None, None, 38.88000000607623, 38.88000000607623, None, None, None, 38.88000000147191, None, None, None, None, None, None, 38.88000000189048, None, None, None, None, None, None, 38.87999999930517, None, None, None, 38.87999999997041, 38.87999999930517, 38.87999999710678, None, 38.88000000156219, None, None, 38.880000001377944, 38.879999998881985, 38.88000000181297, None, None, None, None, None, None, 38.88000000607623, 38.88000000189048, None, None, 38.88000000607623, None, 38.88000000173253, None, None, 38.88000000033388, None, None, 38.880000000210856, None, None, None, 38.88000000607623, None, None, None, None, 38.88000000607623, None, 38.88000000210699, 38.879999998992666, None, None, None, None, None, 38.879999998881985, None, None, 38.8800000005949, None, None, 38.87999999667966, 38.88000000607623, None, None, None, 38.879999998649915, None, 38.87999999722177, None, None, 38.87999999722177, None, None, 38.88000000056208, 38.87999999840237, 38.880000000796045, None, None, 38.88000000107154, None, 38.879999998992666, None, 38.879999998992666, 38.87999999978617, None, None, None, None, None, 38.87999999985417, None, 38.87999999976895, None, None, 38.88000000607623, 38.88000000210699, 38.879999998649915, 38.88000000607623, 38.88000000273976, None, 38.88000000217426, None, None, None, 38.879999999099994, None, None, None, None, 38.88000000189048, None, None, None, None, None, 38.87999999971668, None, None, None, None, None, None, None, None, None, 38.879999999099994, None, None, None, None, 38.879999998992666, None, None, 38.88000000607623, None, 38.879999998649915, 38.88000000607623, None, 38.879999998649915, None, None, None, 38.879999999987604, None, None, None, 38.88000000084405, None, None, None, None, None, None, None, None, None, 38.880000000013034, None, None, 38.88000000027943, None, None, None, None, None, 38.88000000156219, None, 38.88000000078391, None, None, 38.87999999904673, None, None, 38.88000000607623, None, 38.88000000217426, 38.8800000005949, None, None, 38.87999999754972, None, 38.87999999722177, 38.87999999754972, None, None, None, None, None, None, 38.879999998649915, 38.87999999667966, 38.88000000607623, None, None, None, None, None, None, None, None, None, 38.88000000607623, None, 38.880000000142836, None, None, 38.88000000607623, None, None, None, None, None, None, None, None, None, 38.879999998649915, 38.87999999987994, None, 38.87999999930517, 38.88000000607623, None, 38.87999994852227, None, None, None, 38.879999998649915, None, None, None, None, None, 38.88000000156219, 38.880000001648995, None, None, None, 38.88000000607623, None, None, None, 38.88000000003829, 38.87999999964162, 38.88000000084405, 38.88000000189048, 38.879999998649915, None, 38.879999998649915, None, None, None, None, 38.88000000607623, None, 38.88000000039189, 38.88000000189048, None, None, None, 38.879999997388836, None, None, None, 38.879999998649915, None, 38.87999999981185, 38.88000000607623, None, None, None, 38.879999999515675, None, None, 38.88000000607623, None, 38.88000000173253, None, 38.879999998649915, None, None, None, None, 38.87999999949863]
Network Gdpt (overall): 84.158029070331
Network Gdpt (per flow): [0.5427057760057583, 0.5629703964719925, 0.4422150616176359, 0.34045152022166697, 0.5321246458862544, 0.49649559122417664, 0.4939518249873558, 1.2675210443777996, 0.4589074562976351, 0.38596828450159637, 0.23223666023749573, 0.04635968000741461, 0.013502801399930956, 0.006272018245794206, 0.880022549466853, 0.010269199735925159, 0.2549679385245802, 0.14805023132518225, 0.25894299563357637, 0.1214906136269747, 0.20481525625765784, 1.3022205838713727, 0.27684922539068574, 0.025620749644033575, 0.013273559313544911, 19.525758367134415, 0.8728789818228929, 0.9197511127081317, 0.0936615824891452, 1.0243744213849617, 0.16576086955244948, 0.3754806604954621, 0.7778399387161643, 0.8246840174574054, 0.8977048440755782, 0.4886988393848131, 0.2474063827501376, 0.3899786365835807, 0.6687099470038953, 0.4677419354508773, 0.9013065987586906, 0.031546524110291026, 1.0091949972502132, 0.047967703020973015, 0.6608183030635468, 0.14492627885376888, 0.048748696558708296, 0.9619240462447384, 0.16679405520260307, 0.01931776152942109, 3.979409156499973, 0.17176926734238449, 0.12105535437432419, 6.328273943837175, 0.014638609332012196, 0.20103308669336784, 0.07156791706028713, 0.17123635614721128, 0.17811038352974376, 0.006710905757883316, 0.628601362017163, 0.5409582688547074, 0.20079037074985154, 0.30291926222269455, 1.0356429062490558, 1.1306458755760063, 0.453734041326858, 0.23046667374637575, 0.23300970872495522, 0.0032380288499474145, 0.3256710662840969, 0.8620432991249776, 0.33871898438679665, 0.531590413933855, 0.7774379324434378, 0.5052857526163412, 0.5425493155717814, 0.6696873001260142, 0.10057737009217564, 0.2784612380365997, 0.029997993092155468, 0.021991945336729688, 1.7863872433851324, 0.13432733739098274, 1.0242951067965202, 0.10612164685016195, 0.08346134152827338, 0.8908275501764484, 0.138300822782555, 0.13558539049918, 2.3761964605528565, 0.8006059715325076, 2.450656681727869, 0.48558652843258227, 0.057364428210928686, 1.2938879611085932, 0.1985691341792744, 1.0014575136710373, 0.03327787021622416, 1.3204774260502903, 2.419175616325862, 0.06382193679649169, 0.008927051066041317, 0.7562838675589963, 0.30517286197907323, 0.1481481481584406, 0.8695248091159724, 0.3277558507684513, 1.0005391389175005, 0.014634094158882184, 0.006754199540039699, 0.2490318898865053, 0.9318138993793622, 0.5908542680030989, 1.0038235895070393, 0.9162520999541515, 0.1262741622041508, 1.0117674006629962, 0.06908264011108992, 0.16527512608862133, 0.6471046481807919, 0.5949668751587487, 0.7967847274803869, 0.4262152777556635, 0.706456058600881, 0.2576131687362923, 0.8895456708070785, 0.259639604737363, 0.5000813934367507, 0.22673198038870115, 0.17259377828783723, 0.38782412625187124, 4.712122833293213, 0.09977768566913203, 0.17855877560000086, 0.13008345475846997, 0.11574632264104891, 0.08067672115227352, 0.16257750615575284, 0.14454756380485748, 0.011478283173729233, 0.1115212083379797, 1.4431916483577982, 0.11582636829553981, 0.09749853325691912, 0.0684902459701277, 0.06812190235214183, 1.3504126237197867, 0.12396926297778119, 0.10451258021774375, 0.12270099596305636, 0.15997888068031438, 0.6101947475421707, 0.1144495132228517, 0.05528934758595261, 0.5405496091981403, 0.20160642570555354, 0.23956799215122473, 0.21436040432083497, 8.479680924728891, 0.13861246382994863, 0.08389830508417509, 0.3870105572586904, 0.5935444351499182, 0.03691220262357719, 0.15969536502904244, 0.11120681973349175, 0.04945009048930152, 0.12184896247734223, 0.007463078782780484, 0.0630100196240105, 0.0755235502192838, 0.06231782088750745, 16.627519473816314, 0.10941537861632991, 0.0645633198409473, 2.560037804950818, 0.09601683163500821, 0.11750656795215238, 0.13337420708698627, 0.2918180497014792, 0.17961903382083597, 0.7551380546694139, 0.23879177071275637, 1.7929473982653765, 0.1279899286616362, 0.01564781863716994, 1.3397776417558804, 0.1117216117281675, 0.046340422094164634, 0.03282045165397958, 0.1366892694340881, 1.4233904603402556, 2.4167472918147777, 0.21719359612438047, 0.10885782926303456, 0.930088472646807, 0.04514606796254786, 1.1764319635942793, 1.1601141968055881, 0.10358246267784103, 0.12640403136522876, 0.10349215325581186, 0.057063490193685125, 0.05661831686596509, 0.07705876891718266, 0.5646247036965423, 1.0688902865314265, 0.11220797167315906, 0.11161492849614944, 0.2273054236644515, 0.35802109432933765, 0.2192424809037037, 0.0017721659190333499, 0.016442174036432528, 0.17527020824854733, 0.053923100968896444, 0.14231014676900489, 0.13333750534582312, 0.0937627395021391, 1.8819766012700132, 0.15943177482330903, 0.11684948645060624, 0.12013982754656619, 0.11513859275483226, 0.012766699696818316, 0.10824514991050552, 0.1309686221002636, 0.13044367205348337, 0.06059075990916323, 0.14587559998265967, 0.14489334512686036, 0.09214618973240772, 1.0147879650437064, 3.9530831371918196, 0.013616699368623364, 0.6689125810832428, 0.397336359291256, 0.08663314232443656, 0.4119347527170502, 0.21665226160443904, 0.4213212361710456, 0.28001673406667904, 0.9544415918503304, 0.16932612423689478, 0.25294610083431107, 0.42622358679267147, 0.1408976187871296, 0.049897750511392336, 0.7862649337812497, 0.8584970179367477, 0.3659029057983855, 0.22792022792124358, 0.08912556053511002, 0.04762626109600873, 0.08146371908158603, 0.028525261230260553, 0.1556167936391983, 8.388361153636579, 2.9910848878567577, 1.0047723421788932, 1.148287125007331, 1.2696654426405434, 0.05978304539971537, 1.6488777159291843, 0.24818133895397593, 0.08156101590056469, 0.0729776955505336, 0.062122692318797856, 0.4387074307671509, 0.296714941704743, 1.2248612704139674, 1.0145184411267234, 0.3774145616501206, 0.3690036900421625, 0.015909912702077825, 0.9275902323090183, 0.010201918966619405, 0.04073448237034117, 0.013935301887695364, 0.907559723419265, 0.26779955980940146, 1.5383639153705977, 0.1380572040529499, 0.13128237573714613, 0.1869668523375358, 0.16574835836397941, 3.3652538262790563, 0.24637548453971894, 0.21710412957366726, 0.12281109561411249, 0.17549956559863683, 0.9124111192357798, 0.08685312516178398, 0.7423918729489933, 0.13778537664979454, 0.046670690003384925, 0.11320382605058586, 0.10735761427274847, 0.6812002105172659]
=====
** Num Flows: 40, Target Flow Rate (Gbps): 38.879999999999995
Processing SIRD results exp_id 5:: 40flo-38.879999999999995Gbps_target
SSIRD FCT (ms): [0.0001897650000000084, 1.6528999999820826e-05, 0.0009018940000000697, 7.6753000000096e-05, 0.00010795800000096278, 6.32070000001761e-05, 2.7470000000917594e-05, 3.7518999999264224e-05, 6.452100000053917e-05, 2.0158999999964067e-05, 0.000579483000000991, 4.08699999887574e-06, 0.0004963460000002584, 4.30800000117415e-06, 1.8774000000831848e-05, 1.0381999999253821e-05, 2.495500000065931e-05, 6.263100000047928e-05, 6.243000001404653e-06, 3.9619999999018773e-05, 8.247000000238813e-06, 4.844500000089624e-05, 4.065999999980363e-05, 0.00015811099999929468, 3.3065000000220834e-05, 0.00021397800000144684, 4.136799999976404e-05, 6.671400000080041e-05, 2.6255999999946766e-05, 1.3475000001150761e-05, 0.0006254409999986166, 6.850099999944348e-05, 0.0008335209999987825, 1.2257000001625329e-05, 2.216999999937741e-05, 1.5716000000054464e-05, 6.28289999990983e-05, 2.0924999999394345e-05, 2.4454000000062592e-05, 6.05930000006083e-05, 0.0009302540000000192, 8.30000000107134e-06, 7.4839999992804e-06, 9.00070000007247e-05, 6.3079999996773495e-06, 1.2106999999872414e-05, 0.0006007189999994722, 0.00020536499999934676, 6.617999998681512e-06, 5.149999999787269e-06, 0.0002798830000010355, 8.813000000884585e-06, 9.942800000040108e-05, 5.5919999990550195e-06, 0.00030956400000015094, 1.0172999999724652e-05, 0.0008178529999991468, 3.876900000143735e-05, 0.0001123129999989203, 1.4557000000081644e-05, 7.64199999991888e-06, 7.82050000012191e-05, 0.00018650600000036377, 0.0002610910000004907, 0.0006139310000001785, 2.6917000001347446e-05, 1.868400000049064e-05, 6.11260000003e-05, 1.8610999999779665e-05, 4.402999999975066e-05, 0.0005320580000010011, 4.318299999894748e-05, 3.1367000000059875e-05, 4.831699999918726e-05, 2.780800000046213e-05, 0.0004286790000005425, 2.7682999999001368e-05, 5.3173999999600596e-05, 4.684900000029302e-05, 0.0003151189999996973, 1.1304000000933456e-05, 1.3226000000088334e-05, 7.72800000010676e-05, 8.455199999879426e-05, 1.9900999999933333e-05, 9.910999999362957e-06, 0.00029035300000046504, 0.001034051999999619, 8.331000000083577e-06, 0.0007035469999987498, 0.00012962899999990896, 1.0121000000751224e-05, 0.0008647010000011335, 0.00022384699999911106, 3.7948000001009063e-05, 2.9084999999540173e-05, 0.00023690699999967535, 6.921700000006581e-05, 1.1580999998983543e-05, 0.0002916880000007893, 7.069800000003568e-05, 0.0007842719999988645, 5.1281999999375216e-05, 4.8364999999606084e-05, 4.447800000129121e-05, 6.694800000062173e-05, 2.9712999999986778e-05, 4.7286999999229806e-05, 3.481100000080062e-05, 6.31410000000443e-05, 3.8898000001452715e-05, 3.222199999974862e-05, 2.057500000063328e-05, 4.922299999954305e-05, 5.067400000058342e-05, 4.5242000000556004e-05, 0.00010433399999953963, 4.7574999999966394e-05, 3.8028000000522866e-05, 3.205400000005909e-05, 3.3551000001352804e-05, 0.0001625930000006548, 3.142999999994345e-05, 3.942499999887161e-05, 9.858000000306788e-06, 7.415000000676741e-06, 0.0004900519999999631, 7.554300000123249e-05, 0.00021919599999975503, 0.0004219670000011888, 6.383000000553807e-06, 0.0013367510000001914, 1.2900999999843066e-05, 5.009999998861758e-06, 1.819599999919319e-05, 7.24749999996277e-05, 0.00038559100000057356, 8.381000000667882e-06, 7.948200000029715e-05, 5.6980000007200715e-06, 4.319000000307938e-06, 2.655299999965166e-05, 6.849100000039243e-05, 0.0005167200000002481, 1.5078000000556813e-05, 6.564700000133428e-05, 4.325200000110385e-05, 3.933400000022402e-05, 9.043599999891683e-05, 1.568199999901765e-05, 5.282100000059131e-05, 2.6296999999786408e-05, 6.360800000138056e-05, 0.00011501399999858108, 3.110900000002914e-05, 0.00018497800000005782, 2.4026999998483234e-05, 0.000344683999999873, 5.754800000090654e-05, 3.2298000000707816e-05, 7.662999999880071e-06, 8.353800000016065e-05, 2.4995000000416212e-05, 0.00019812100000038413, 0.00027386200000023564, 1.5241999999915379e-05, 0.0007727610000003438, 3.413299999976971e-05, 0.0002857499999997515, 7.433900000108906e-05, 2.5292000000121106e-05, 9.695000001030962e-06, 1.7642999999623044e-05, 0.0004102229999993767, 1.1756999999334994e-05, 1.1515000000628106e-05, 5.329499999895404e-05, 2.5555999998871926e-05, 1.4037999999771955e-05, 0.00030164300000024014, 8.989300000017408e-05, 7.229899999927625e-05, 1.2823999998801128e-05, 0.0006846320000004624, 2.2002999999770623e-05, 1.0298999999491798e-05, 6.9289999995447715e-06, 7.835700000136114e-05, 6.81080000006773e-05, 6.660299999872166e-05, 6.709300000018459e-05, 5.0667000000004236e-05, 0.00023910700000051577, 6.461000000079764e-05, 4.575600000045199e-05, 0.0002490250000004579, 6.24330000000839e-05, 2.26940000001008e-05, 2.686000000018396e-05, 4.437700000003986e-05, 0.0003724540000007437, 2.348699999998871e-05, 0.0002814979999996581, 1.97990000003756e-05, 7.841600000091375e-05, 0.00046154099999995424, 2.037500000007242e-05, 2.6214000000024384e-05, 1.0950000000065074e-05, 8.033499999982041e-05, 3.370700000004945e-05, 7.5229000000121e-05, 7.527399999851525e-05, 0.0002084030000002457, 1.731200000065769e-05, 7.436299999952212e-05, 7.212000000045293e-05, 2.358500000099184e-05, 7.172399999966217e-05, 7.214600000082783e-05, 9.6910000007e-06, 7.231200000035187e-05, 0.0004688320000010293, 1.6391000000837153e-05, 2.5847999999939475e-05, 7.044000000000494e-05, 7.48630000000361e-05, 7.292800000158195e-05, 7.078599999843505e-05, 2.121999999893376e-05, 2.5063000000713487e-05, 6.976799999947048e-05, 0.00023298600000032366, 6.841199999918501e-05, 6.823400000044444e-05, 6.682899999965741e-05, 6.826399999937394e-05, 6.622999999983392e-05, 0.00033836299999912, 1.5000000001208491e-05, 3.740400000040722e-05, 0.0006682619999995865, 3.557999999870276e-05, 6.163300000139316e-05, 1.6744999999929178e-05, 1.1750999998838552e-05, 2.0548000000175648e-05, 0.00017443199999966907, 0.0005082889999989959, 7.875199999851645e-05, 0.0004489169999999376, 4.639899999858699e-05, 3.8181000000747645e-05, 8.999099999940086e-05, 2.4307000000334256e-05, 1.0089999999962629e-05, 0.00015556399999994142, 3.721999999939385e-05, 3.526899999961586e-05, 2.1630000000882887e-05, 0.0001369369999988379, 8.258899999979974e-05, 7.784900000018524e-05, 2.6354000000949895e-05, 2.02609999995218e-05, 1.826000000093586e-05, 5.793200000070442e-05, 3.5049999999259285e-05, 2.668499999991525e-05, 1.5266999998431174e-05, 0.0015272319999990458, 3.8199999998767e-05, 3.292200000082346e-05, 2.5837000000805688e-05, 0.000306268999999304, 0.0029277279999995187, 0.0004162570000012522, 0.000544552999999226, 0.00039499999999925706, 0.00034413100000030283, 3.408600000120998e-05, 0.00018736500000038347, 3.684400000025789e-05, 0.000521575000000496, 0.0024481540000014235, 2.366200000025742e-05, 3.813200000024608e-05, 6.21049999995904e-05, 9.627999999040071e-06, 0.00021292699999975184, 0.0010055419999996928, 7.276800000077799e-05, 4.417500000108987e-05, 1.4892999999460699e-05, 0.0007485759999994457, 1.0675000000404111e-05, 0.00016423900000006597, 9.766999999882842e-06, 0.00013189799999935303, 1.7225000000564705e-05, 0.0003344330000008, 3.831899999973132e-05, 5.277400000025523e-05, 1.4248999999466605e-05, 4.34529999999711e-05, 3.7576999998734095e-05, 4.6595000000593245e-05, 7.24139999999096e-05, 6.493599999934929e-05, 4.787299999975403e-05, 0.00037226000000067927, 4.8333000000511106e-05, 0.00042347299999967447, 4.616000000012832e-05, 4.356399999849714e-05, 4.9447000000313324e-05, 4.94389999996514e-05, 5.907800000137797e-05, 3.4820999999851665e-05, 4.95650000011949e-05, 0.0005900410000005962, 1.6742999999763697e-05, 0.00023383799999976418, 0.00011785800000119195, 0.0005648820000008214, 0.0019948319999993913, 6.421400000000688e-05, 0.0004599990000002663, 4.5911999999148634e-05, 5.288199999853305e-05, 0.00022116699999941147, 5.6933999999841944e-05, 0.0012021640000003941, 4.407299999975578e-05, 1.3746000000480763e-05, 6.088199999965127e-05, 5.4662000000149646e-05, 0.0002433449999994508, 0.0006400109999997738, 0.0003161230000010562, 5.5024999999986335e-05, 5.071000000000936e-05, 2.4076000000761155e-05, 2.0501999999922305e-05, 6.281300000132717e-05, 0.000664775000000617, 6.574200000031283e-05, 5.565300000043294e-05, 0.0004671910000002555, 5.843000000105292e-05, 0.00013101400000081753, 5.2900000000022374e-05, 2.863599999969324e-05, 0.0005219859999989751, 6.253599999972437e-05, 4.144099999869866e-05, 2.5636000000162085e-05, 4.098199999980068e-05, 9.241699999940067e-05, 4.222100000106366e-05, 3.066300000043043e-05, 1.671900000133064e-05, 4.941999999985569e-05, 0.001711006999999043, 0.00012532899999939673, 1.2533999999675416e-05, 0.0007287900000001457, 0.00039841699999954017, 6.556800000012686e-05, 2.3904000000740666e-05, 3.283799999920234e-05, 1.557300000065709e-05, 3.597700000135262e-05, 0.001134456999999145, 0.0009601499999991603, 2.2377000000517455e-05, 0.0002543550000009276, 1.4531999999789491e-05, 9.462999999598765e-06, 3.060599999926694e-05, 0.00014511700000063854, 2.674199999930238e-05, 1.433399999939411e-05, 3.76319999997321e-05, 1.6825000001219337e-05, 0.00016791500000046256, 0.00028613200000116024, 1.449099999994985e-05, 3.861100000079887e-05, 1.9452999998392784e-05, 3.616200000067238e-05, 0.0003640279999999052, 4.3060999999511296e-05, 5.9832999999898107e-05, 3.367499999917811e-05, 4.291199999961748e-05, 3.057499999847835e-05, 5.275800000070774e-05, 4.574599999962459e-05, 0.000599361999999104]
App Gdpt (overall): 192.96945805027002 Gbps
App Gdpt (per flow): [38.879999998649915, None, 38.87999999940331, None, 38.879999996867596, None, None, None, None, None, 38.87999999804544, None, 38.87999999949863, None, None, None, None, None, None, None, None, None, None, 38.88000000607623, None, 38.879999998881985, None, 38.88000000607623, None, None, 38.88000000147191, 38.88000000607623, 38.88000000023319, None, None, None, None, None, None, None, 38.88000000004437, None, None, 38.87999998049669, None, None, 38.88000000072237, 38.87999999840237, None, None, 38.879999999099994, None, 38.87999999606684, None, 38.87999999536851, None, 38.880000000142836, None, 38.88000000607623, None, None, 38.87999996770692, 38.87999999840237, 38.879999999099994, 38.88000000084405, None, None, None, None, None, 38.8800000000966, None, None, None, None, 38.87999999754972, None, None, None, 38.88000000128006, None, None, None, 38.88000000607623, None, None, 38.87999999930517, 38.88000000007712, None, 38.88000000080411, 38.87999999722177, None, 38.87999999906458, 38.879999998649915, None, None, 38.879999998649915, None, None, 38.87999999985417, 38.88000000607623, 38.88000000065938, None, None, None, 38.879999775860384, None, None, None, None, None, None, None, None, None, None, 38.879999996867596, None, None, None, None, 38.879999998649915, None, None, None, None, 38.87999999876779, None, 38.879999998881985, 38.87999999770474, None, 38.879999999966465, None, None, None, None, 38.88000000181297, None, 38.87999997318825, None, None, 38.88000000607623, None, 38.87999999976895, None, None, None, None, 38.88000000607623, None, None, None, None, 38.88000000607623, None, 38.879999998649915, None, 38.879999997388836, None, None, None, 38.88000000607623, None, 38.879999997854235, 38.879999998881985, None, 38.880000000320834, None, 38.879999999099994, None, None, None, None, 38.88000000156219, None, None, None, None, None, 38.880000000320834, 38.88000000607623, 38.88000000607623, None, 38.87999999979761, None, None, None, 38.87999996003306, None, None, None, None, 38.879999998649915, None, None, 38.879999998649915, None, None, None, None, 38.88000000147191, None, 38.879999999099994, None, None, 38.88000000181297, None, None, None, None, None, None, None, 38.87999999840237, None, None, None, None, None, None, None, None, 38.879999997998475, None, None, None, 38.88000000607623, None, None, None, None, None, 38.879999998649915, None, None, None, None, None, 38.88000000147191, None, None, 38.88000000160602, 38.88000000607623, None, None, None, None, 38.87999999840237, 38.8800000026907, 38.88000000607623, 38.87999999770474, None, None, 38.88000000607623, None, None, 38.87999999840237, None, None, None, 38.87999999840237, 38.88000000607623, 38.88000000607623, None, None, None, None, None, None, None, 38.880000000031174, None, None, None, 38.88000000107154, 38.8800000000235, 38.87999999754972, 38.88000000024798, 38.88000000173253, 38.88000000156219, None, 38.87999999840237, None, 38.87999999959127, 38.87999999994963, None, None, 38.88000000607623, None, 38.88000000607623, 38.88000000007712, None, None, None, 38.88000000024798, None, 38.87999999840237, None, 38.87999999813775, None, 38.88000000147191, None, None, None, None, None, None, 38.88000000607623, None, None, 38.880000001648995, None, 38.88000000189048, None, None, None, None, None, None, None, 38.88000000024798, None, 38.88000000607623, 38.87999999606684, 38.88000000024798, 38.880000000032915, None, 38.87999999770474, None, None, 38.87999999813775, None, 38.88000000007712, None, None, None, None, 38.879999998649915, 38.88000000147191, 38.88000000096032, None, None, None, None, None, 38.87999999930517, None, None, 38.879999998272304, None, 38.87999999754972, None, None, 38.87999999976895, None, None, None, None, 38.87999999606684, None, None, None, None, 38.88000000003829, 38.87999999754972, None, 38.8800000000966, 38.88000000181297, 38.88000000607623, None, None, None, None, 38.87999999992689, 38.8800000005949, None, 38.879999999099994, None, None, None, 38.87999999813775, None, None, None, None, 38.87999999840237, 38.87999999985417, None, None, None, None, 38.879999997388836, None, None, None, None, None, None, None, 38.88000000090283]
Network Gdpt (overall): 86.33009654652182
Network Gdpt (per flow): [1.93557294548512, 0.16939923770526663, 2.6875087316245736, 0.028246452907342887, 2.7751533003327973, 0.012656825984428485, 0.15988350927751335, 0.06609984274763812, 0.08840532539719369, 0.13492732774467228, 1.7344564033772885, 0.5970149255373624, 1.6651771143508152, 0.5998142988151643, 0.2390540108554993, 0.4322866500021733, 0.19459026246730934, 0.09733199214372037, 0.9059746914508121, 0.12115093387478235, 0.5568085364213686, 0.0586231809257397, 0.06591244466337785, 2.2669643478416996, 0.14202328746313736, 1.7734533456590589, 0.1425256236712829, 0.2892346433997136, 0.18281535649031583, 0.29150278290646015, 1.8761801672781215, 0.45091312535949757, 2.7691683832841303, 0.21277637265678134, 0.1111411817802975, 0.19139730211183353, 0.07474255519055525, 0.16248506571557517, 0.1030506256642492, 0.032743056128267, 2.8733055703065453, 0.5060240963202262, 0.39016568683601865, 1.2213272300944915, 0.4248573240547052, 0.3964648550467154, 1.6731416852153556, 1.7560538553363383, 0.6938652162156018, 0.8341747573160107, 1.4122472604571827, 0.49835470322922537, 2.7604296576305756, 0.4549356223944752, 1.6372187980506547, 0.5559815197240823, 2.7709331628084315, 0.11576259382067139, 2.6675451639870733, 0.2066359826875819, 0.38838000523835453, 0.9218847899606947, 1.9101154922592583, 1.5138936232932472, 1.684515035076742, 0.09302671173885098, 0.2766002997144235, 0.07512351536134318, 0.14228144645808122, 0.09121053826987834, 1.692221524717805, 0.10874649746693045, 0.11808588644093888, 0.1220274437589084, 0.1283084004581669, 1.4854004978065039, 0.09565437272317032, 0.11840373114769044, 0.10638434118057648, 1.8064540697341225, 0.35527246989281397, 0.38106759413022373, 0.06076604554781478, 0.5570063393021053, 0.18370936133924162, 0.2526485723096507, 1.3837225721771655, 3.466371130273256, 0.2957628135848375, 2.187123248344083, 2.4270495028135755, 0.7113921548726001, 2.6693157519153727, 1.6209643193852985, 0.09170443764908466, 0.10727178958395485, 1.5694935143347795, 0.06483956253515369, 0.2010189103017293, 1.488275143299777, 0.32385640329271614, 2.541465205952636, 0.09157209157320724, 0.0812157551955338, 0.0922703358937196, 0.19561450677956593, 0.09423484670013954, 0.11774906422675767, 0.11536583263645504, 0.0828621656292477, 0.11044269627846055, 0.1055179690902652, 0.1205346294009073, 0.07980009345298875, 0.05762323874109764, 0.047920074266684855, 2.848237391466936, 0.09652128218609025, 0.11296939097351774, 0.08735259249999495, 0.08345503859459039, 2.2729145781092157, 0.22068087814229972, 0.11140139505708825, 0.1923311016373499, 0.40566419416392047, 1.5232016194200948, 0.15207232966406647, 1.731235971461268, 1.5463768493701207, 0.6429578567513593, 8.22417937222297, 0.22323850864545647, 0.5157684631910318, 0.1653110573825772, 0.06335977923454418, 1.6513870915012354, 0.5946784392796595, 1.0440602903763085, 0.5279045278378153, 0.6038434822445136, 0.6962678416842744, 0.04391817903056994, 1.6592816225413927, 0.35124021752251133, 0.038752722895917455, 0.11097752704793992, 0.11165912442098404, 3.394842761772715, 0.2504782553402664, 0.08890403437927019, 0.07879225767261777, 0.0792353163106938, 3.0785817379133693, 0.12909447426777582, 2.0100984981991576, 0.11986515171189942, 1.8027410613786221, 0.03086119413310668, 0.07752802030915612, 0.32885292966715896, 0.3542340012921436, 0.10338067613350557, 1.6984368138629806, 1.3744148512742773, 0.20994620128708608, 2.426385389530742, 0.2704713913240057, 1.3498512685926003, 0.03712721451673504, 0.15878538668277598, 0.31026302214338636, 0.608966729027351, 1.4781228746338488, 0.5668112614082617, 0.2917933130539925, 0.06454639272103412, 0.17968383159346912, 0.12366433965153165, 1.5613689029734656, 2.8430244846595962, 0.1811366685587781, 0.6631316282591243, 1.8900898584920456, 0.20397218561317942, 0.5965627731142028, 1.0391109828940732, 0.7994180481502849, 0.14400657778678666, 0.045163130790771194, 0.07893520933607723, 0.09063098269089577, 1.5361490880618622, 0.07998761801479956, 0.09808549698303319, 1.4931191647397501, 0.06432495635312421, 0.10751740548114755, 0.25584512285751804, 0.05408206954047918, 1.5951714842606435, 0.17098820624183295, 1.4041449672838888, 0.123238547399046, 0.07039379718342785, 1.379639078651871, 0.23047852760654278, 0.11139085984578027, 0.24182648401682771, 0.11720918653166179, 0.0842554958909376, 0.016376663254835482, 0.053351754923070566, 1.681780012761749, 0.25369685766134165, 0.06314968465540899, 0.06367165834679925, 0.23031587872679937, 0.03457698957129666, 0.06819504892777904, 0.25425652665586834, 0.07699966810450418, 1.4233499419803575, 0.2074309071945793, 0.1857010213560523, 0.026916524701872047, 0.1693760602700117, 0.11902150065560162, 0.07990280564129976, 0.13383600377675314, 0.14427642340889202, 0.08955395023574449, 1.586189728135968, 0.08068759866786178, 0.08359468886424433, 0.04369360606944543, 0.08707371381774456, 0.03780764004237172, 1.723994644809028, 0.3653333333038999, 0.15634691476677182, 1.8141507372867982, 0.48386734122056474, 0.039589181119608755, 0.6917885936129589, 0.3996255638213041, 0.21374343001569285, 2.0299027701377717, 1.5706969853795325, 0.7331369362186058, 1.430037178365019, 0.05534602039005592, 0.06935386710531805, 1.8625862586382635, 0.14152301805869485, 0.6287413280499006, 2.2761050114430934, 0.06770553465988823, 0.10252629788310938, 0.19417475727362765, 2.58571459870601, 1.532020002667508, 0.8046346131594619, 0.4161797070503405, 0.10937268644451419, 0.4420591456509471, 0.042118345646108044, 0.0776034236820965, 0.09443507588562877, 0.1493417174450967, 10.472970707796847, 0.1815706806341329, 0.12757426644477698, 0.15203003444198288, 1.7807874776789012, 17.2760393042005, 1.5172934028691412, 1.6943217648260342, 1.5859645569650083, 1.7620034231134842, 0.10866631461211394, 1.9247564913364927, 0.07013353598908678, 1.6041259646248467, 15.219235391228795, 0.1815569267159692, 0.16511066820411646, 0.18961436277397417, 0.5110095555141809, 1.7569589577669154, 3.564652694766698, 0.0727792436227927, 0.25082059988062566, 0.32229906668729047, 2.4743513016732726, 0.37620608897873264, 2.1823805551656794, 0.5356813760686762, 2.630335562341368, 0.2438316400500614, 1.7765232497946637, 0.10480440512612957, 0.19949217417571313, 0.3407958453352361, 0.09886544082118284, 0.03278601272165165, 0.0765747397779713, 0.7056094125454164, 0.05765676974309348, 0.05180373070442091, 1.6556385322056504, 0.12711811805464238, 1.5159596951883438, 0.12062391681075654, 0.10779542742085212, 0.06795154407706655, 0.08123141649362482, 0.049426182334065004, 0.13486114700956334, 0.08102491677399745, 1.5637015054870216, 0.154333154156153, 1.523482068784198, 2.3622325170729552, 1.633346433412037, 11.8089222551108, 0.06989130096239947, 1.395585642576676, 0.06272869838067183, 0.06913505540829427, 1.568660785745266, 0.10018618048996795, 5.961263188714394, 0.0820456969123962, 0.18972792084306606, 0.15163759403523014, 0.0859097727852465, 1.509396124846736, 1.8334684872610232, 1.6835978400756093, 0.1308496138119362, 0.05852888976532148, 0.10400398737002979, 0.09482001755962184, 0.08431375670463283, 1.7941829942445087, 0.1375072252130599, 0.0737426553818855, 1.4938301465559447, 0.08214958069336818, 2.4408383836689556, 0.07758034026461748, 0.1117474507624766, 1.6425421371486657, 0.1600358193687494, 0.017760189185181633, 0.101731939459491, 0.10716900102536141, 2.9277730287907495, 0.1062978138814082, 0.18915305090560558, 0.06746815000360214, 0.09291784702576708, 10.14194798736049, 2.6040900350403415, 0.28466570927815527, 2.4801657541948146, 1.5982249753417523, 0.19180087847693492, 0.12048192770711025, 0.2986783604433353, 0.2948693251015376, 0.29574450342162967, 6.164457533432533, 3.069886996826098, 0.2145059659422176, 1.5413732775002271, 0.3737957610844128, 0.37704744797118095, 0.18950532575765924, 2.3665318329243914, 0.09513125420934732, 0.43197990792951957, 0.09247448979657669, 0.27910846951914847, 2.1086859422864226, 1.548404233005059, 0.17555724242694118, 0.1406852969331955, 0.11967305815002008, 0.14114263591353074, 1.7069456195681703, 0.13246324980991467, 0.08637374024382534, 0.08671121009862708, 0.06916480238689544, 0.12847097302356464, 0.08703893248300541, 0.1343068246415079, 1.7502477634577573]
Processing DCTCP results exp_id 5:: 40flo-38.879999999999995Gbps_target
DCTCP-50 FCT (ms): [0.00013787099999973407, 3.6820000008930265e-06, 0.0012863210000002567, 5.5210000002858806e-06, 0.00012798000000024956, 8.95500000019922e-06, 1.3091000001352882e-05, 1.4118999999368498e-05, 2.3977999999758026e-05, 2.5162000000023e-05, 0.0007337689999999952, 3.797499999969034e-05, 0.0007026359999997567, 5.605199999969557e-05, 6.460500000038394e-05, 7.716899999898885e-05, 9.510900000009315e-05, 9.546400000104427e-05, 0.00011172700000017244, 0.00012318199999938884, 0.00013086399999906462, 0.00013227600000043083, 0.00013603199999856486, 0.0003762149999992914, 0.00014646000000162473, 0.000401651000000669, 0.00017307199999905265, 0.00020140099999998995, 0.00019918400000129566, 0.00020393500000004394, 0.0011880330000000328, 0.00024706199999968703, 0.0016928189999987353, 0.00027389800000143794, 0.0002826239999986768, 0.00029229899999982933, 0.0002978919999989671, 0.00030640199999965034, 0.00031136900000028334, 0.00031385600000000125, 0.0013012930000009248, 2.5959999998548255e-06, 2.998999999448415e-06, 2.5778000001253076e-05, 6.381000000388326e-06, 1.4085000000108039e-05, 0.0007384669999996873, 0.00031489000000028966, 3.037299999952836e-05, 3.2624000001035824e-05, 0.00039371300000112797, 4.0495000000362324e-05, 0.000325499000000562, 5.954899999949248e-05, 0.000527044000000032, 6.856199999916157e-05, 0.0013225709999993285, 8.808100000123886e-05, 0.00039051199999917685, 0.00010990200000016159, 0.00011374800000041319, 0.00018507900000130917, 0.00046110100000085197, 0.0005212490000001679, 0.001198838000000535, 0.00032131700000093133, 0.00033861899999898526, 0.00036427300000063667, 0.0003683279999986411, 0.00039390699999941603, 0.0011896360000012152, 0.00044493399999900873, 0.0004452029999999496, 0.00046221599999896057, 0.00048404200000007336, 0.0006640430000004471, 0.0005046629999991836, 0.0005134959999999467, 0.0005201220000010665, 0.0006628210000005907, 3.127999999463782e-06, 3.889999998563098e-06, 4.119000001523432e-06, 1.0510999999269188e-05, 5.176000000162162e-06, 1.91399999991404e-05, 0.00022672100000065143, 0.0014317310000002692, 4.9120999999985315e-05, 0.0011211269999993334, 0.00031679599999989705, 7.340400000011016e-05, 0.0013059420000001154, 0.0003840759999995669, 9.979000000015503e-05, 0.00010015999999879455, 0.00040371200000066665, 0.00013011400000095819, 0.00013389399999930163, 0.0004686469999999332, 0.0001905339999996869, 0.0012282589999994542, 0.000202590999998975, 0.00022056999999975346, 0.00024796500000157096, 0.0002753390000016509, 0.00026997099999981344, 0.0002946979999993715, 0.0003164709999996518, 0.00032269499999948437, 0.00032805900000099086, 0.0003319120000000453, 0.00034773199999982296, 0.0003551840000000084, 0.0003639600000013843, 0.00038254700000095454, 0.0005310749999996034, 0.0003934549999993209, 0.0003949470000002009, 0.0004047929999995148, 2.695000000940695e-06, 0.00017721699999917462, 4.054999999780762e-06, 4.4769999991700615e-06, 4.638000000056763e-06, 5.4069999997352625e-06, 0.0004186179999994266, 1.2501000000497697e-05, 0.00022843999999899722, 0.0003928030000004412, 2.0318000000685288e-05, 0.0020543110000001974, 3.9759999999944284e-05, 4.324400000044193e-05, 5.0298999999753846e-05, 7.491000000037218e-05, 0.0004952159999991324, 0.00010234500000017022, 0.00016904900000014322, 0.00013147700000004647, 0.00013764899999912927, 0.0001660059999988306, 0.00017511600000119643, 0.000778773000000399, 0.0002154910000005117, 0.00023258700000106103, 0.00025164800000077037, 0.00026049600000099815, 0.00047865300000005107, 0.0002786090000004293, 0.00028131999999914115, 0.00030499200000022597, 0.00031258699999980877, 0.0005347729999982676, 0.000342733000000095, 0.000542473000001209, 0.0003514039999998886, 0.000575021999999592, 0.00044159099999951934, 0.0004511940000000436, 2.56299999890075e-06, 4.06899999916277e-06, 2.6349999995289863e-06, 0.0001393070000013097, 0.00016981699999973898, 9.926000000604063e-06, 0.0011560100000007623, 1.692700000077707e-05, 0.0002514009999998734, 2.765300000007187e-05, 3.081799999904433e-05, 4.3107000001540996e-05, 6.000900000024956e-05, 0.00043018699999919363, 6.415200000020604e-05, 6.807399999964048e-05, 6.855500000035875e-05, 6.901399999925673e-05, 9.828199999972753e-05, 0.00040869100000051617, 0.00028920799999987423, 0.0001267279999996873, 0.0001215169999984056, 0.000902471999999932, 0.00015594499999949107, 0.00015807299999970326, 0.0001599080000005415, 0.00021953800000140689, 0.00021223200000086706, 0.00021395599999962656, 0.00022912399999874822, 0.0002390269999992256, 0.0004616370000007919, 0.0002894100000006006, 0.0002932330000007255, 0.000480795999999728, 0.0003222429999993892, 0.0003492910000009175, 0.0003597130000017046, 0.0003679559999998361, 0.00025542000000022824, 5.920999999631249e-06, 0.00016264499999962823, 1.0005000000035125e-05, 1.0445000000913751e-05, 0.000288438000000113, 1.317899999975225e-05, 1.4984999999967386e-05, 1.734399999975267e-05, 2.1596999999928812e-05, 2.8557000000262178e-05, 2.9973000000182992e-05, 3.1539000000080364e-05, 0.00021356000000061215, 3.884500000062019e-05, 5.313999999856378e-05, 8.159899999959919e-05, 8.546599999981197e-05, 8.561699999987127e-05, 8.76749999996207e-05, 9.48230000012984e-05, 9.685500000067293e-05, 0.00035806200000010335, 9.91950000006625e-05, 0.00011169899999963206, 0.00011441899999908856, 0.00012400199999973438, 0.00012454500000025348, 0.00013094299999849568, 0.00014349299999949494, 0.0001539760000000001, 0.00016363599999991152, 0.0003260590000007113, 0.0001691069999996131, 0.00018030800000090608, 0.00018982799999989197, 0.00019179999999963115, 0.0001988179999994344, 0.00037050099999902386, 0.00022522900000154777, 5.183000000741345e-06, 0.0007951529999985496, 9.720999999629498e-06, 8.011000000252011e-06, 1.1973999999526086e-05, 1.5139999998581288e-05, 1.5488000000729585e-05, 0.0002266090000002663, 0.0006994909999988863, 4.696999999964646e-05, 0.0005293350000012964, 5.621199999872317e-05, 5.6147000000450475e-05, 0.0001592590000001337, 6.687100000135615e-05, 7.08920000001001e-05, 0.00032333399999906476, 0.00010582600000041964, 0.00013688199999961626, 0.0001370319999995928, 0.0004280869999995218, 0.00026014999999901534, 0.00021963699999894004, 0.00018718699999986654, 0.0001911759999995155, 0.00019795700000102556, 0.0002178480000001315, 0.00023012599999994166, 0.00024033200000062038, 0.0002524409999988819, 0.002242597999998708, 0.00026453499999945507, 0.0002757850000012496, 0.0002959890000013843, 0.0006547050000005328, 0.002922318999999618, 0.0006781790000012222, 0.0011805049999988881, 0.0006773889999998062, 0.0006731670000004186, 6.145000000401524e-06, 0.0001822849999992826, 1.0127000001247666e-05, 0.000538176000000945, 0.002821252000000385, 2.3225999999709757e-05, 3.175100000163411e-05, 4.71270000002022e-05, 5.345800000000622e-05, 0.00034268199999942794, 0.0014412890000006229, 6.383400000053996e-05, 6.502699999977324e-05, 7.853900000043268e-05, 0.0012112880000003656, 0.00010251500000002522, 0.00038322199999996087, 0.00013525700000016627, 0.0004145550000007603, 0.00017491800000080104, 0.00058388100000073, 0.0002205849999992182, 0.0002372849999989768, 0.0002623889999995299, 0.0003094620000005932, 0.00030984399999844925, 0.0003122370000010477, 0.0003684650000010947, 0.00034742199999904244, 0.0003758030000007295, 0.0006089080000002411, 0.00038464200000021265, 0.0006108329999996442, 0.0004115890000004896, 0.0004325339999997624, 0.00043590299999962667, 0.00044804800000086686, 0.00046426300000135257, 0.0004924810000002111, 0.0005000979999998378, 0.00071521399999952, 3.4981000000655627e-05, 0.0002486229999991707, 0.00018126800000040078, 0.0007380349999994706, 0.002539598000000254, 6.988600000035206e-05, 0.0006414259999996119, 0.0001237379999992072, 0.00012535399999968888, 0.00046622500000026434, 0.0001543979999993894, 0.0017458000000001306, 0.0001773089999996813, 0.00018347900000037498, 0.00018442200000023945, 0.00020303099999985363, 0.0005776480000001527, 0.0012134389999989281, 0.0006778270000005193, 0.0002852810000000261, 0.0003118120000014102, 0.0003206650000002753, 0.0003351450000010914, 0.00033694200000056185, 0.0013203879999998946, 0.00034028500000005124, 0.0003417950000006442, 0.0006961190000005502, 0.0004250409999997373, 0.0006618840000012227, 0.0004426679999998129, 0.00045773400000115316, 0.0011022129999993524, 0.0004813049999992103, 0.00048688899999937973, 0.0004982099999999434, 0.0005084190000008704, 0.0006688829999994539, 0.0005172760000000665, 6.1389999999050815e-06, 1.651900000076978e-05, 2.2428999999490884e-05, 0.00237200199999954, 0.00022524099999898795, 3.7214000000673764e-05, 0.0011614610000005854, 0.0005235629999997826, 5.2192000000061967e-05, 5.39479999996928e-05, 6.207100000032995e-05, 6.237000000020032e-05, 6.342600000053267e-05, 0.001792530999999542, 0.001389824000000317, 8.826900000080684e-05, 0.00041777200000048254, 0.00016465400000065245, 0.00016616000000091447, 0.00018346999999963032, 0.0004744399999996318, 0.00020763500000064994, 0.0002403859999997593, 0.00024032199999979298, 0.0002553230000010842, 0.0005635450000003317, 0.0006036640000015581, 0.00029132300000078715, 0.0002943300000008975, 0.00030892699999895967, 0.0003320609999999391, 0.0006322100000009101, 0.00034338999999938835, 0.00036557199999975865, 0.00038019999999860943, 0.0003970019999997021, 0.0004022709999986773, 0.0004059810000001107, 0.000412925999999203, 0.0012359639999992567]
App Gdpt (overall): 192.96945805027002 Gbps
App Gdpt (per flow): [38.879999998649915, None, 38.87999999940331, None, 38.879999996867596, None, None, None, None, None, 38.87999999804544, None, 38.87999999949863, None, None, None, None, None, None, None, None, None, None, 38.88000000607623, None, 38.879999998881985, None, 38.88000000607623, None, None, 38.88000000147191, 38.88000000607623, 38.88000000023319, None, None, None, None, None, None, None, 38.88000000004437, None, None, 38.87999998049669, None, None, 38.88000000072237, 38.87999999840237, None, None, 38.879999999099994, None, 38.87999999606684, None, 38.87999999536851, None, 38.880000000142836, None, 38.88000000607623, None, None, 38.87999996770692, 38.87999999840237, 38.879999999099994, 38.88000000084405, None, None, None, None, None, 38.8800000000966, None, None, None, None, 38.87999999754972, None, None, None, 38.88000000128006, None, None, None, 38.88000000607623, None, None, 38.87999999930517, 38.88000000007712, None, 38.88000000080411, 38.87999999722177, None, 38.87999999906458, 38.879999998649915, None, None, 38.879999998649915, None, None, 38.87999999985417, 38.88000000607623, 38.88000000065938, None, None, None, 38.879999775860384, None, None, None, None, None, None, None, None, None, None, 38.879999996867596, None, None, None, None, 38.879999998649915, None, None, None, None, 38.87999999876779, None, 38.879999998881985, 38.87999999770474, None, 38.879999999966465, None, None, None, None, 38.88000000181297, None, 38.87999997318825, None, None, 38.88000000607623, None, 38.87999999976895, None, None, None, None, 38.88000000607623, None, None, None, None, 38.88000000607623, None, 38.879999998649915, None, 38.879999997388836, None, None, None, 38.88000000607623, None, 38.879999997854235, 38.879999998881985, None, 38.880000000320834, None, 38.879999999099994, None, None, None, None, 38.88000000156219, None, None, None, None, None, 38.880000000320834, 38.88000000607623, 38.88000000607623, None, 38.87999999979761, None, None, None, 38.87999996003306, None, None, None, None, 38.879999998649915, None, None, 38.879999998649915, None, None, None, None, 38.88000000147191, None, 38.879999999099994, None, None, 38.88000000181297, None, None, None, None, None, None, None, 38.87999999840237, None, None, None, None, None, None, None, None, 38.879999997998475, None, None, None, 38.88000000607623, None, None, None, None, None, 38.879999998649915, None, None, None, None, None, 38.88000000147191, None, None, 38.88000000160602, 38.88000000607623, None, None, None, None, 38.87999999840237, 38.8800000026907, 38.88000000607623, 38.87999999770474, None, None, 38.88000000607623, None, None, 38.87999999840237, None, None, None, 38.87999999840237, 38.88000000607623, 38.88000000607623, None, None, None, None, None, None, None, 38.880000000031174, None, None, None, 38.88000000107154, 38.8800000000235, 38.87999999754972, 38.88000000024798, 38.88000000173253, 38.88000000156219, None, 38.87999999840237, None, 38.87999999959127, 38.87999999994963, None, None, 38.88000000607623, None, 38.88000000607623, 38.88000000007712, None, None, None, 38.88000000024798, None, 38.87999999840237, None, 38.87999999813775, None, 38.88000000147191, None, None, None, None, None, None, 38.88000000607623, None, None, 38.880000001648995, None, 38.88000000189048, None, None, None, None, None, None, None, 38.88000000024798, None, 38.88000000607623, 38.87999999606684, 38.88000000024798, 38.880000000032915, None, 38.87999999770474, None, None, 38.87999999813775, None, 38.88000000007712, None, None, None, None, 38.879999998649915, 38.88000000147191, 38.88000000096032, None, None, None, None, None, 38.87999999930517, None, None, 38.879999998272304, None, 38.87999999754972, None, None, 38.87999999976895, None, None, None, None, 38.87999999606684, None, None, None, None, 38.88000000003829, 38.87999999754972, None, 38.8800000000966, 38.88000000181297, 38.88000000607623, None, None, None, None, 38.87999999992689, 38.8800000005949, None, 38.879999999099994, None, None, None, 38.87999999813775, None, None, None, None, 38.87999999840237, 38.87999999985417, None, None, None, None, 38.879999997388836, None, None, None, None, None, None, None, 38.88000000090283]
Network Gdpt (overall): 86.48900413806716
Network Gdpt (per flow): [2.664113555430138, 0.7604562735798188, 1.8843259186466803, 0.39268248503672154, 2.3409907798047804, 0.08933556672051397, 0.33549767012039655, 0.17564983356547373, 0.23788472766942872, 0.10809951514178182, 1.3697607830257295, 0.06425279789387482, 1.1762904263377998, 0.04610004995386488, 0.06946830740613463, 0.05815806865527357, 0.05105720804545568, 0.06385653230467314, 0.05062339452407449, 0.0389667321526182, 0.03508986428683841, 0.021470259155030015, 0.0197012467656748, 0.9527318155859684, 0.032063362009749456, 0.9448003366090659, 0.034066746787650655, 0.09580885894310834, 0.024098321150136444, 0.01926103905655799, 0.9877166711698814, 0.12502124972694761, 1.3635007641110624, 0.009521792784125143, 0.008718297101490092, 0.01029083233265169, 0.015764102426437377, 0.011096533312458403, 0.008093291239647193, 0.006321370309951036, 2.0540370231747196, 1.6178736518624324, 0.9736578861410654, 4.264411513486554, 0.41999686566947253, 0.3407880724148514, 1.361046600593426, 1.1452634253220753, 0.15118690942848273, 0.13168219715128743, 1.0039394177963836, 0.10845783429956052, 0.8432099637772349, 0.04272112042220158, 0.9616350817009002, 0.08249467635234045, 1.7134928862050889, 0.05095309998679484, 0.7671979350202595, 0.027369838583425028, 0.026092766466128802, 0.38954176324429046, 0.7726029655093826, 0.7583016945833425, 0.8626486647900206, 0.007792927233830586, 0.015261990614866524, 0.012605930167736763, 0.007189244369175761, 0.010195299905830447, 0.7568365449591979, 0.01055437435666967, 0.008319800181041951, 0.012755940945387565, 0.007371261171550112, 0.9589138052800366, 0.005247065863763113, 0.012261049745276798, 0.009582367213826335, 0.8588261385796356, 1.2838874682507815, 1.295629820529998, 1.1400825438852056, 4.480639330537009, 0.7063369396996637, 0.13082549634861326, 1.7720811040831932, 2.5035485017781456, 0.05016184523932202, 1.3724974958242153, 0.9931185999826458, 0.0980872976948013, 1.767429181387685, 0.9447296889168009, 0.034873233790906843, 0.031150159744783846, 0.9210129993643638, 0.03449282936476436, 0.01738688813548137, 0.9263091409953801, 0.12016752915509897, 1.6227847709651515, 0.023179706897264733, 0.017808405494874148, 0.01655072288417317, 0.04756318574528664, 0.01037148434462196, 0.018893918520016678, 0.012689946314210209, 0.016213452331174515, 0.013095205435568066, 0.010243679047456966, 0.007131929186848673, 0.011059056714266147, 0.008022859654876618, 0.005667277484843929, 0.5595593842681768, 0.011670966184208934, 0.0108774088675134, 0.006917115661593349, 1.0389610385983876, 2.085352985332791, 1.7104808878853275, 0.9810140721050216, 0.4087968952084509, 0.5563158868406284, 1.7831244714776298, 0.9189664826447991, 1.661180178609989, 1.6611889420377826, 0.20198838467671917, 5.35151688327568, 0.07243460764597676, 0.059753954305189004, 0.05980238175738525, 0.061300226938688904, 1.2858227520942693, 0.048698031169003966, 0.49088725754029716, 0.022878526282155337, 0.018946741349493985, 0.1113694685742096, 0.017177185408411847, 1.1009421230571177, 0.024576432426353885, 0.01093784261368174, 0.019074262461793084, 0.016860143725750763, 0.6414166421185437, 0.014098611315477775, 0.016692734252859154, 0.006793620816278673, 0.016123511214487754, 0.6621127095069255, 0.011717576072332946, 0.6854239750165839, 0.008195694983554295, 1.0806125678677352, 0.004021821096901733, 0.005549719189527694, 0.9832227862195894, 7.272548539220644, 0.9806451614656156, 2.415499580041466, 2.2165036480480667, 0.3223856538187849, 1.6219721282677173, 0.5454008388713999, 1.534281884321042, 0.09980833905879388, 0.13031345318075593, 0.06977985013785394, 0.17903981069431785, 1.4095265547334916, 0.10387828906314062, 0.04935805153241686, 0.050178688643891745, 0.0665372243320117, 0.01766345821213257, 1.1524012028633006, 0.8836823324393209, 0.10333943564194427, 0.06998197783118067, 1.4338572277035715, 0.028779377344670537, 0.03886811789496963, 0.04502588988653237, 0.2853264582878526, 0.046213577594141936, 0.0140589653947786, 0.023114121611131678, 0.019211218816346593, 0.795655460891068, 0.017857019453333595, 0.015305235086054083, 0.7733508598245626, 0.01246264465017894, 0.00698557935931241, 0.019104119117094562, 0.006522518996839485, 2.326082530731615, 0.6782638068316349, 2.430225337396806, 0.24387806096865905, 0.5284825274788989, 2.207614808034138, 0.356324455579959, 0.19486152819528565, 0.15267527675494474, 0.43598647960508574, 0.09945022236137993, 0.04110365996038029, 0.12733441136338397, 1.6411687581897143, 0.11306474449555615, 0.0883703424939202, 0.056275199451250084, 0.06355743804567841, 0.028966209981706074, 0.05611633875131206, 0.025985256741152055, 0.05748799752166966, 1.8636772402539432, 0.0342759211651524, 0.04297263180526067, 0.01657067445105361, 0.1022564152193284, 0.06969368501330711, 0.04319436701515147, 0.019791906225460447, 0.023484179352626366, 0.038182307071814144, 1.1334145047344004, 0.032642055030321804, 0.031634758302301266, 0.015382346123868249, 0.030990615224251467, 0.012594433099654577, 1.5744518908222567, 0.02433079221575526, 1.128304070839965, 1.5246474577876352, 1.771011212905685, 0.3045812008392513, 0.9674294304708936, 0.31017173054425656, 0.28357438015193104, 1.5625151692985888, 1.141355642890718, 1.229210134137419, 1.2127820756202174, 0.045684195546472836, 0.04716191426040136, 1.0524742714688606, 0.05144232925977235, 0.08948823562589633, 1.0950905255897128, 0.023812673633984156, 0.026416913838270464, 0.030649775235072684, 0.8271215897712276, 0.4863655583335726, 0.2851978491797935, 0.058593812604549565, 0.01159141314812328, 0.04077653227700047, 0.01120047005250692, 0.011819611864807497, 0.010485495065132796, 0.009031813374254176, 7.132199350935485, 0.02621959287056264, 0.015229254672955272, 0.013270763440471199, 0.8330469448065254, 17.30801599688693, 0.931293950415542, 0.7815705990240355, 0.9248098212403498, 0.9007571672402582, 0.6027664767710292, 1.9783964670785819, 0.2551594746402337, 1.5546438339846649, 13.20655935733317, 0.18496512529293402, 0.1982929671404355, 0.24987798926198304, 0.09203486849488249, 1.091694340527441, 2.4869460600881927, 0.08296519096336126, 0.17039076076150889, 0.06111613338562442, 1.5291491371163928, 0.0391747549139054, 0.9353116470349736, 0.038681916647519674, 0.8368877471007797, 0.02401125098606642, 1.0175498089495245, 0.01820613369002531, 0.04436858629936742, 0.01850687338268258, 0.013882156775280215, 0.003976194472076807, 0.011427217145911689, 0.13867260119644523, 0.010776519621700177, 0.0065992022415871775, 1.0121857489140493, 0.01597329464800153, 1.0509713784297408, 0.013528058330017025, 0.01085694997388085, 0.007708136902023793, 0.008963325357980015, 0.006289538472786961, 0.009535393243593128, 0.008030426036499451, 1.290030676134163, 0.07386867156317915, 1.432884326877193, 1.5358916080024299, 1.250141253464486, 9.275805068360288, 0.06421887073201202, 1.0008449922522449, 0.023274984241045214, 0.029165403577142125, 0.7441385597078735, 0.03694348372402854, 4.104946729292854, 0.02039377583769859, 0.014214160748612484, 0.050059103577599275, 0.023129472839139766, 0.6358612857655578, 0.9670366619179346, 0.7851915016657528, 0.025238273842279516, 0.009518556052963251, 0.007808772394860213, 0.005800474421500155, 0.01571783867844071, 0.9033162979367393, 0.026565966763150414, 0.012007197296602538, 1.0025642167495048, 0.011293028201992199, 0.4831420611457737, 0.009271056412484605, 0.006990959815071501, 0.7778750568179688, 0.020793467759562898, 0.0015116381762597588, 0.005234740370527079, 0.008638544192865494, 0.4045191759997203, 0.008676219271722298, 0.9447792800276392, 0.06828500514240789, 0.20473494137519435, 7.315737507811278, 1.4489724339772354, 0.09587789541396789, 1.5562468304997665, 1.2162051176272282, 0.24095646842399351, 0.0533847408618744, 0.1580125984750989, 0.0736251402915705, 0.16775454860641761, 3.9013618174535263, 2.120809541351515, 0.05437922713473728, 0.9384448933857397, 0.03299039197334092, 0.021473278767334878, 0.03161279773266303, 0.7238512772958995, 0.012252269607686744, 0.0257585716306532, 0.014480571899380823, 0.018392389248050738, 0.6283082983608969, 0.7339314585578343, 0.008732575182849023, 0.018455475146887633, 0.007535760875572028, 0.015370669846808075, 0.9828632890955624, 0.016610850636332334, 0.014136750079337072, 0.007680168332484692, 0.007476032866338778, 0.009764561700975003, 0.011310874154206103, 0.014879179320294337, 0.8487561126380955]
Processing ExpressPass results exp_id 5:: 40flo-38.879999999999995Gbps_target
ExpressPass FCT (ms): [0.0005863369999996593, 8.346999999631066e-06, 0.0012514230000011395, 9.42000000137e-06, 0.0005291669999998305, 9.66900000065607e-06, 9.752000000418093e-06, 9.74599999992165e-06, 1.3014000000310944e-05, 1.5251000000660042e-05, 0.0009288660000006388, 0.00010983800000019528, 0.0005418920000010985, 1.9198000000386628e-05, 9.726999999948305e-05, 2.2196999999835043e-05, 0.00010191199999987077, 2.588400000114177e-05, 2.889400000150033e-05, 3.3291999999462973e-05, 3.6771999999629656e-05, 3.731900000047972e-05, 3.907799999858241e-05, 0.00042956499999924347, 4.183400000101756e-05, 0.0003860850000005911, 4.6224000000094634e-05, 0.00011422800000104871, 5.1376000000047384e-05, 5.17970000011303e-05, 0.0006733109999998987, 0.00014297200000079613, 0.0013760579999999578, 5.6147000000450475e-05, 5.703499999931694e-05, 5.808799999940106e-05, 5.8548999998464524e-05, 5.979700000047217e-05, 6.0428999999473376e-05, 6.049599999968791e-05, 0.0013956730000010964, 7.802000000722842e-06, 8.191000000934423e-06, 0.00025139500000115333, 9.574999999983902e-06, 1.1376999999868076e-05, 0.0011104109999990897, 0.0004734630000005069, 1.5581999999625396e-05, 9.54899999996428e-05, 0.0003158230000011031, 9.430200000082323e-05, 0.0005339689999992459, 2.0197999999638228e-05, 0.000704431000000838, 2.14569999990033e-05, 0.001249102999999252, 0.00019604500000092173, 0.00074788299999895, 0.00028759399999955804, 0.00020464300000000435, 0.00021967900000063878, 0.0003242009999997464, 0.0007801250000003535, 0.0008819239999997563, 4.6960000000595414e-05, 4.823699999967346e-05, 4.973300000088443e-05, 5.01279999998161e-05, 5.2695000000824166e-05, 0.0004650710000007052, 5.589699999930531e-05, 5.644400000015537e-05, 5.8286999999879185e-05, 0.00020926600000059636, 0.0008232040000013541, 6.111999999980355e-05, 6.139799999971274e-05, 6.181600000054743e-05, 0.000821064000000149, 8.23799999949415e-06, 8.596999998999877e-06, 8.750000001001013e-06, 0.00020846500000004653, 9.051000001036869e-06, 1.3893999998515483e-05, 0.0010818360000008909, 0.0014700709999999617, 2.4404999999561028e-05, 0.0008980599999990346, 0.000353732999998968, 3.4278999999415305e-05, 0.0012555040000012951, 0.0006150229999999368, 3.815400000029001e-05, 3.8675999999071564e-05, 0.0007097710000003588, 4.2699000001533705e-05, 4.411499999967816e-05, 0.0007825070000002654, 0.00011844399999993982, 0.0011594810000001843, 4.923000000012223e-05, 5.0677999999138024e-05, 5.301200000040751e-05, 0.0001478560000016671, 5.5161000000580884e-05, 5.582699999884255e-05, 5.775300000010475e-05, 5.8937999998676105e-05, 5.9295000001569065e-05, 5.9654999999381175e-05, 6.0890000000313194e-05, 6.12420000010161e-05, 6.172200000165162e-05, 6.235000000032187e-05, 0.0006410910000003156, 6.307700000007799e-05, 6.309300000140183e-05, 6.390399999922636e-05, 7.91800000143894e-06, 0.0006429980000000057, 8.352000000044768e-06, 8.822999999935632e-06, 8.97099999974671e-06, 9.37499999942304e-06, 0.0008608950000006388, 1.009200000012811e-05, 0.0006359709999994578, 0.0008378190000009056, 1.1974999999608826e-05, 0.001962855000000374, 1.5214999999457746e-05, 9.568699999995545e-05, 9.461299999991013e-05, 1.8153000000964425e-05, 0.0008330809999996802, 2.3589999999629185e-05, 0.00023926700000131973, 2.7292000000400662e-05, 2.8507999999760614e-05, 0.0001323580000001101, 3.65120000012098e-05, 0.0009933259999996835, 4.282399999944175e-05, 0.00036929300000032583, 4.952200000118978e-05, 5.1586999999742034e-05, 0.0005358869999998461, 5.2819999998732214e-05, 5.359200000043529e-05, 5.6528000000000134e-05, 5.693000000128734e-05, 0.0006547459999985961, 5.9970000000575396e-05, 0.0006159910000000934, 6.036499999950706e-05, 0.0009186530000011572, 6.396800000096903e-05, 6.437399999903448e-05, 7.589999999169095e-06, 0.00010992399999842917, 7.927000000407247e-06, 0.0006496060000014126, 0.0006536779999990472, 9.7260000000432e-06, 0.0013307410000003017, 1.1139999999798533e-05, 0.0006806079999996939, 1.4988000000215607e-05, 1.5094000000104302e-05, 1.627100000156645e-05, 1.9005000000404948e-05, 0.0009882569999994928, 1.9385999999954606e-05, 2.1191000000087e-05, 9.639499999991585e-05, 2.1476999998881752e-05, 2.6526999999276768e-05, 0.0008582459999999514, 0.00046193699999896864, 0.00013279999999937786, 3.2944999999173774e-05, 0.0010787299999996947, 3.7891999999928316e-05, 3.834199999985799e-05, 3.94820000000351e-05, 0.00022825300000128834, 4.5107000000044195e-05, 4.515199999843844e-05, 0.00020082899999884773, 4.872799999944277e-05, 0.0007042699999999513, 5.38380000012495e-05, 5.487900000034074e-05, 0.0005510520000004959, 5.607699999998772e-05, 6.020800000072768e-05, 6.094800000155942e-05, 6.160599999915917e-05, 0.0005746490000007043, 1.3556999999053687e-05, 0.00040378899999993223, 1.4585000000622017e-05, 1.4908000000701804e-05, 0.0011911819999994577, 1.5315000000626355e-05, 1.5427999999317876e-05, 1.6148000000271168e-05, 1.6890999999574774e-05, 0.00011210399999939114, 9.653800000108959e-05, 0.0002875189999986816, 0.0007808590000006888, 2.109600000110845e-05, 2.191899999992586e-05, 0.00011340999999909229, 3.158400000025097e-05, 3.184100000019896e-05, 0.00019740299999959632, 3.3801000000721615e-05, 3.414400000067985e-05, 0.0010183960000009762, 3.5324000000613864e-05, 3.7041000000570534e-05, 3.780099999950437e-05, 0.00012043499999947471, 4.070000000133689e-05, 4.169499999839843e-05, 4.299399999929676e-05, 4.48100000003393e-05, 4.674999999920715e-05, 0.0004064600000006635, 4.84790000001567e-05, 4.975500000092836e-05, 5.1531000000437643e-05, 5.1975999999953615e-05, 5.296600000015417e-05, 0.0009442419999992069, 5.646199999986834e-05, 1.3843999999707535e-05, 0.00101278399999849, 9.795499999931678e-05, 1.4937000001324918e-05, 1.6449000000307024e-05, 1.6952999999375606e-05, 1.7724999999302327e-05, 0.0003777270000000499, 0.0007683189999987405, 0.00010545999999855837, 0.0007483150000009431, 2.5363999998972986e-05, 0.00021134500000030698, 0.00042514999999987424, 2.9280999999770074e-05, 3.063900000022102e-05, 0.0009275960000003636, 3.5651999999331e-05, 4.106099999923174e-05, 4.1441000000475015e-05, 0.000517256000000188, 0.00036069699999963234, 0.00036858100000003446, 4.83540000004723e-05, 4.886700000028554e-05, 4.934600000083833e-05, 5.0567000000611984e-05, 5.3303999999698704e-05, 5.35660000000604e-05, 5.403899999834039e-05, 0.0023849109999982687, 5.617799999946271e-05, 5.6628000001168743e-05, 5.9141000001261546e-05, 0.0008211639999995413, 0.0030129119999990905, 0.0007514890000006602, 0.0010795459999997092, 0.0008865440000001001, 0.0008067280000005894, 1.4344000000221513e-05, 0.0006373699999997484, 1.5775000001383432e-05, 0.000857850000000937, 0.0028711330000010804, 1.9034999999334445e-05, 9.656300000138174e-05, 9.939999999986071e-05, 2.653399999985595e-05, 0.0006848299999990815, 0.001628226999999427, 0.00019673099999906185, 0.00010105500000001655, 0.0001006429999996783, 0.001354085000000893, 3.649599999988595e-05, 0.0006560990000004097, 4.0838999998626946e-05, 0.0006163350000001344, 4.517500000034147e-05, 0.0008564510000006464, 5.023599999987027e-05, 5.2347000000452226e-05, 0.0002029740000004665, 5.783599999986677e-05, 5.7990999998480675e-05, 5.8171000000939443e-05, 0.0003966320000010626, 5.927399999983152e-05, 6.262700000014831e-05, 0.0010676249999992393, 0.00022275300000096365, 0.00066764500000005, 6.415800000070249e-05, 6.51820000001635e-05, 6.559000000017079e-05, 6.590199999934043e-05, 6.630000000029668e-05, 6.657199999970942e-05, 6.66450000004204e-05, 0.0010649410000009851, 2.263700000071367e-05, 0.0009639899999989154, 0.0005008289999999249, 0.0011963030000003982, 0.0024038750000006104, 3.253700000094284e-05, 0.0007860439999998192, 4.448099999976307e-05, 4.4738999999793805e-05, 0.0003591529999997789, 4.867100000005564e-05, 0.0018576130000003133, 5.034299999984171e-05, 5.1187000000396665e-05, 5.145799999972667e-05, 5.2884000000474884e-05, 0.00045376599999968903, 0.0009426010000002094, 0.0009594090000000222, 5.930100000028915e-05, 6.022900000068887e-05, 6.0137000000182184e-05, 6.215099999984375e-05, 6.228900000060378e-05, 0.0011125600000010394, 6.290800000030572e-05, 6.298500000134766e-05, 0.00073202600000144, 6.472699999982012e-05, 0.0007835240000009236, 6.554600000008293e-05, 6.56750000000983e-05, 0.0008413789999988097, 6.628599999913831e-05, 6.62569999985152e-05, 6.636700000051121e-05, 6.644599999994227e-05, 0.0008426979999995865, 6.659200000136423e-05, 1.4304000000464612e-05, 1.7896000001016432e-05, 0.00019554799999887962, 0.0021905339999985785, 0.000538552000000081, 2.285300000082202e-05, 0.001097344000001499, 0.0006375629999997301, 0.00010730500000022403, 2.76750000001158e-05, 2.919900000009079e-05, 0.00010376000000000829, 0.00019572900000142113, 0.0015226269999999431, 0.0013261670000002113, 3.5975999999493524e-05, 0.0006112839999996567, 4.635600000035822e-05, 4.6628999999853704e-05, 4.941499999944199e-05, 0.0007722050000005254, 5.245600000058914e-05, 5.3594999998907156e-05, 5.57269999994503e-05, 5.623700000079168e-05, 0.0007018730000005746, 0.0006151400000007357, 5.864000000066483e-05, 5.8964000000827355e-05, 5.904199999839932e-05, 6.0351000000125055e-05, 0.0008984880000006967, 6.113299999910282e-05, 6.318999999876951e-05, 0.00021576299999992443, 6.401000000089141e-05, 6.402899999891076e-05, 6.435899999956973e-05, 6.432899999886388e-05, 0.0008746849999994311]
App Gdpt (overall): 192.96945805027002 Gbps
App Gdpt (per flow): [38.879999998649915, None, 38.87999999940331, None, 38.879999996867596, None, None, None, None, None, 38.87999999804544, None, 38.87999999949863, None, None, None, None, None, None, None, None, None, None, 38.88000000607623, None, 38.879999998881985, None, 38.88000000607623, None, None, 38.88000000147191, 38.88000000607623, 38.88000000023319, None, None, None, None, None, None, None, 38.88000000004437, None, None, 38.87999998049669, None, None, 38.88000000072237, 38.87999999840237, None, None, 38.879999999099994, None, 38.87999999606684, None, 38.87999999536851, None, 38.880000000142836, None, 38.88000000607623, None, None, 38.87999996770692, 38.87999999840237, 38.879999999099994, 38.88000000084405, None, None, None, None, None, 38.8800000000966, None, None, None, None, 38.87999999754972, None, None, None, 38.88000000128006, None, None, None, 38.88000000607623, None, None, 38.87999999930517, 38.88000000007712, None, 38.88000000080411, 38.87999999722177, None, 38.87999999906458, 38.879999998649915, None, None, 38.879999998649915, None, None, 38.87999999985417, 38.88000000607623, 38.88000000065938, None, None, None, 38.879999775860384, None, None, None, None, None, None, None, None, None, None, 38.879999996867596, None, None, None, None, 38.879999998649915, None, None, None, None, 38.87999999876779, None, 38.879999998881985, 38.87999999770474, None, 38.879999999966465, None, None, None, None, 38.88000000181297, None, 38.87999997318825, None, None, 38.88000000607623, None, 38.87999999976895, None, None, None, None, 38.88000000607623, None, None, None, None, 38.88000000607623, None, 38.879999998649915, None, 38.879999997388836, None, None, None, 38.88000000607623, None, 38.879999997854235, 38.879999998881985, None, 38.880000000320834, None, 38.879999999099994, None, None, None, None, 38.88000000156219, None, None, None, None, None, 38.880000000320834, 38.88000000607623, 38.88000000607623, None, 38.87999999979761, None, None, None, 38.87999996003306, None, None, None, None, 38.879999998649915, None, None, 38.879999998649915, None, None, None, None, 38.88000000147191, None, 38.879999999099994, None, None, 38.88000000181297, None, None, None, None, None, None, None, 38.87999999840237, None, None, None, None, None, None, None, None, 38.879999997998475, None, None, None, 38.88000000607623, None, None, None, None, None, 38.879999998649915, None, None, None, None, None, 38.88000000147191, None, None, 38.88000000160602, 38.88000000607623, None, None, None, None, 38.87999999840237, 38.8800000026907, 38.88000000607623, 38.87999999770474, None, None, 38.88000000607623, None, None, 38.87999999840237, None, None, None, 38.87999999840237, 38.88000000607623, 38.88000000607623, None, None, None, None, None, None, None, 38.880000000031174, None, None, None, 38.88000000107154, 38.8800000000235, 38.87999999754972, 38.88000000024798, 38.88000000173253, 38.88000000156219, None, 38.87999999840237, None, 38.87999999959127, 38.87999999994963, None, None, 38.88000000607623, None, 38.88000000607623, 38.88000000007712, None, None, None, 38.88000000024798, None, 38.87999999840237, None, 38.87999999813775, None, 38.88000000147191, None, None, None, None, None, None, 38.88000000607623, None, None, 38.880000001648995, None, 38.88000000189048, None, None, None, None, None, None, None, 38.88000000024798, None, 38.88000000607623, 38.87999999606684, 38.88000000024798, 38.880000000032915, None, 38.87999999770474, None, None, 38.87999999813775, None, 38.88000000007712, None, None, None, None, 38.879999998649915, 38.88000000147191, 38.88000000096032, None, None, None, None, None, 38.87999999930517, None, None, 38.879999998272304, None, 38.87999999754972, None, None, 38.87999999976895, None, None, None, None, 38.87999999606684, None, None, None, None, 38.88000000003829, 38.87999999754972, None, 38.8800000000966, 38.88000000181297, 38.88000000607623, None, None, None, None, 38.87999999992689, 38.8800000005949, None, 38.879999999099994, None, None, None, 38.87999999813775, None, None, None, None, 38.87999999840237, 38.87999999985417, None, None, None, None, 38.879999997388836, None, None, None, None, None, None, None, 38.88000000090283]
Network Gdpt (overall): 83.90237402996948
Network Gdpt (per flow): [0.6264383792941832, 0.3354498622407762, 1.9368734632476734, 0.23014861992406546, 0.5661728717023095, 0.08273864928593627, 0.4503691550258105, 0.2544633695895688, 0.43829721836973373, 0.17834896071616826, 1.0820591990656443, 0.02221453413204594, 1.525219047334754, 0.13459735388831967, 0.0461396113912188, 0.20218948506705198, 0.047648952037112, 0.2355122855714379, 0.1957499826852049, 0.14417878169162046, 0.12487762428060067, 0.07610064578267084, 0.06858078714614922, 0.8344069000049614, 0.11225319118147382, 0.9828923682593705, 0.12755278643102996, 0.16892530727862562, 0.09342883836802346, 0.07583450778837161, 1.7427904786943575, 0.2160423019879977, 1.6773711573204553, 0.04644949863713246, 0.04320154291276426, 0.05178350089572744, 0.08020632291111984, 0.05685903975070912, 0.04170183190226483, 0.03279555673119273, 1.915136281921267, 0.5383235067432552, 0.3564888291621156, 0.4372720221145833, 0.27989556135817295, 0.42190384108777884, 0.9051495347225703, 0.76168993141938, 0.29469901168722856, 0.04498900408436559, 1.2515364618745926, 0.04657377362051345, 0.514007367469624, 0.1259530646621233, 0.7194799774561271, 0.26359696137683397, 1.8142747235427, 0.022892703205788976, 0.40059741965042744, 0.010459188995614035, 0.014503305756854313, 0.3281879469580177, 1.0988491707313635, 0.5066675212303425, 1.172636190873914, 0.053321976149238746, 0.10713767440004529, 0.09233305853092189, 0.05282476859259725, 0.07621216434077596, 1.9359624659431245, 0.08401166431218783, 0.06562256395701588, 0.10115463139314462, 0.017050070245476247, 0.7735142200462494, 0.04332460732998219, 0.10254405681014785, 0.08062637504781711, 0.6933052721832851, 0.48749696531277015, 0.5862510178651068, 0.5366857142243167, 0.22591801981142873, 0.4039332669960418, 0.18022167844159656, 0.3713760680913458, 2.438255023056773, 0.10096291743676788, 1.71340890363857, 0.8894165938742438, 0.21004113305880598, 1.8384330117607106, 0.5899746838736719, 0.0912093096391872, 0.0806701830611981, 0.5238647394720439, 0.10510784795519323, 0.052771166270361186, 0.5547707560441667, 0.1933065414880588, 1.719044986506621, 0.09538899045273899, 0.07750897825618239, 0.0774164340143449, 0.08857266529496498, 0.05076050107812611, 0.09973668655158688, 0.06953751320265122, 0.08877125114726533, 0.07245130280607673, 0.05699438437742469, 0.04072918377380923, 0.06413898958124864, 0.047308901200898604, 0.03477145148338105, 0.46353481798972956, 0.07279991121953046, 0.06808996243489056, 0.04381572358590852, 0.353624652625809, 0.5747451780565364, 0.8304597701104912, 0.49778986739567516, 0.21134767585035474, 0.3208533333530795, 0.8670604429105131, 1.1383273880156728, 0.5966938744067316, 0.7788317046990993, 0.342713987485099, 5.600862009673616, 0.18928688794627946, 0.027004713283948743, 0.03179267119743436, 0.2529609430813661, 0.7643434431948928, 0.21127596439501248, 0.3468259308619337, 0.11021544774863848, 0.09148309246604111, 0.1396817721632589, 0.082383873792187, 0.8631446272424896, 0.12366897067226411, 0.006888838943596969, 0.09692661847026936, 0.08513772849791543, 0.5729118265606148, 0.0743657705432465, 0.0876250186587897, 0.03665440135861866, 0.08852977340393522, 0.5407898635512998, 0.06696681674106165, 0.6036192087221138, 0.047709765593034345, 0.67639903206022, 0.0277638819405499, 0.038897691615210436, 0.33201581031302685, 0.26920417743552705, 0.3259745174551845, 0.5180001416231813, 0.575818675250733, 0.32901501130842964, 1.409001451070926, 0.8287253141981115, 0.5667285721004947, 0.18414731785163443, 0.26606598648285734, 0.18486878493702985, 0.5653249144841396, 0.6135650949098376, 0.34375322397687014, 0.15855787834392926, 0.03568649826238916, 0.21381012246771397, 0.06544275643862217, 0.5487657384945887, 0.5532529327604644, 0.0986144578317873, 0.2581271816728873, 1.1995735726274102, 0.11844188746987466, 0.1602420322367836, 0.18236158249312595, 0.2744323185221944, 0.21743853503869445, 0.0666194188541821, 0.026370693475695175, 0.09423739944287703, 0.5215386144518799, 0.09599167873769565, 0.08177991581428479, 0.6747530178634056, 0.07161581397009253, 0.04052617592297552, 0.11275185403662422, 0.038957244424776105, 1.0338972137761866, 0.2962307295331067, 0.9788874882675515, 0.16729516625957763, 0.3702709954212599, 0.5345614691963864, 0.30662748937694695, 0.18926626912944666, 0.16398315580601516, 0.5574566337242938, 0.025333618782696646, 0.01276181400056035, 0.01396777256465978, 0.4488492800873024, 0.2081911262689245, 0.21424335051854027, 0.040490256591453604, 0.1719858156014703, 0.07788700103591294, 0.024923633379482894, 0.07289725155904844, 0.16307403935945214, 0.655257876110433, 0.09625184010703529, 0.12958613428163568, 0.050157403243958086, 0.10528500851127418, 0.213267813260808, 0.13565175681058295, 0.06605572870741157, 0.08069627315270296, 0.133647058825796, 0.9092161590301548, 0.11386373481264378, 0.11464174454614755, 0.05666492014467411, 0.11436047406505512, 0.047275610769035074, 0.6177823058077166, 0.09705642733188302, 0.4224212655391176, 1.1970252294682848, 0.17575417283569067, 0.16335274819465564, 0.7042373396427615, 0.2770011207557929, 0.24778561354995055, 0.9373965853644385, 1.039110057152444, 0.5474682344091528, 0.8578847143237687, 0.10124586027850423, 0.01252927677492325, 0.3942514406681162, 0.11748232642420042, 0.20705636606789507, 0.38171790305247244, 0.07068327162704162, 0.08806409975567221, 0.10134890567196395, 0.6845353171347869, 0.3507875030846638, 0.16994907496586678, 0.22682714976822746, 0.045347576073568076, 0.163579621445768, 0.04825281309886824, 0.051028065436278226, 0.04704476720302354, 0.04219175040378286, 6.706604984425671, 0.12346470148574773, 0.07416825598490705, 0.06641754451085054, 0.6641791408297304, 16.78759419459157, 0.8404434396237938, 0.8546629786968305, 0.7066270822428772, 0.7516288017765059, 0.2582264361365588, 0.5658126363025282, 0.16380348651495336, 0.9753127003544747, 12.977118092399754, 0.22568951931443176, 0.06520095688731616, 0.11847082494986422, 0.18542247682319704, 0.5462727976293413, 2.201417861269505, 0.0269200075230912, 0.10964326356932548, 0.047693331876189536, 1.3678904943181398, 0.11003945637912511, 0.5463077980606222, 0.12811283332539744, 0.5629016687352242, 0.09297177642431108, 0.6937092723337956, 0.07994267059499902, 0.20111945287999405, 0.023924246455156027, 0.07427899578134546, 0.021244675898540767, 0.06133640473676537, 0.1288247040074001, 0.06316428788356855, 0.03959953374733146, 0.5772888420563768, 0.027582120106007194, 0.9615409386724262, 0.08678574768445142, 0.07204442944353075, 0.0512273212378602, 0.06093896998634629, 0.04404223227732932, 0.07054016703750071, 0.06025958436453849, 0.8663841471021836, 0.11414940141885122, 0.36955570078569366, 0.5558943272055767, 0.7712494242676754, 9.79951786178317, 0.13793527368441924, 0.8167074616690003, 0.06474674580192308, 0.08171841122995262, 0.9659838564628823, 0.11719504427674547, 3.8578627518211768, 0.07182726496258407, 0.05095043663390685, 0.17940844961034316, 0.0887981241955569, 0.8094568566182828, 1.244895772442146, 0.5547415127437701, 0.12141447867599017, 0.04927858672676043, 0.04163825930778746, 0.031278660037728875, 0.08502303777470606, 1.0720572373614778, 0.14370191390532314, 0.06515837103932982, 0.953386901556266, 0.07415761583285707, 0.40813555168651255, 0.06261251640061649, 0.04872478111907439, 1.0190223430834535, 0.1509821078377048, 0.01110826025954229, 0.039296638389258384, 0.06609878698497752, 0.3210829977051479, 0.06739548293951313, 0.40548098432687424, 0.06303084487795783, 0.023482725469073117, 7.921787107623649, 0.6060101902879406, 0.15612829824844263, 1.64717718418065, 0.9987405166238781, 0.11719863939214151, 0.10406504064997107, 0.33590191444808054, 0.04425597532767572, 0.054360876517648114, 4.592925253525822, 2.2226099729517705, 0.13342228152289237, 0.641364733904732, 0.11718008456204211, 0.07651890454462233, 0.11737326722787607, 0.44473164509394053, 0.04849778862230113, 0.11553316540957664, 0.0624472876708656, 0.08350374308611576, 0.5044787304821672, 0.7202392951189489, 0.043383356070449484, 0.09212400786791569, 0.039429558620356936, 0.08457192092905542, 0.6915796315582604, 0.09330476175034288, 0.08178509257953215, 0.013533367630228643, 0.04636775503762955, 0.06134720205011514, 0.07134977237108561, 0.09550902392557804, 1.1993254714562183]
#################################
Src-Dst pairs list: [(1, 0), (2, 0), (3, 0), (4, 0), (5, 0), (6, 0), (7, 0), (8, 0), (9, 0), (10, 0)]
Num Flows: [1, 5, 10, 20, 30, 40]
Target Flow Rate (Gbps): 38.879999999999995
Protos tested: ['SSIRD', 'DCTCP-50', 'ExpressPass']
Src-Dst pairs list: [(1, 0), (2, 0), (3, 0), (4, 0), (5, 0), (6, 0), (7, 0), (8, 0), (9, 0), (10, 0)]
Num Flows: [1, 5, 10, 20, 30, 40]
- APP Gdpt Gbps measured (SSIRD): [64.09872905031376, 85.92954076936961, 108.17780458964074, 141.17512866659618, 168.5440517719636, 192.96945805027002]
+ APP Gdpt Gbps union (SSIRD):    [65.12830655384931, 85.93877734367862, 108.19417906024054, 141.17965315641632, 168.5762726617921, 192.97282924372567]
- APP Gdpt Gbps measured (DCTCP): [64.09872905031376, 85.92954076936961, 108.17780458964074, 141.17512866659618, 168.5440517719636, 192.96945805027002]
+ APP Gdpt Gbps union (DCTCP):    [65.12830655384931, 85.93877734367862, 108.19417906024054, 141.17965315641632, 168.5762726617921, 192.97282924372567]
- APP Gdpt Gbps measured (XPass): [64.09872905031376, 85.92954076936961, 108.17780458964074, 141.17512866659618, 168.5440517719636, 192.96945805027002]
+ APP Gdpt Gbps union (XPass):    [65.12830655384931, 85.93877734367862, 108.19417906024054, 141.17965315641632, 168.5762726617921, 192.97282924372567]
APP Gdpt Gbps measured per flow (SSIRD): [[38.87999999930517, 38.880000001648995, None, None, None, None, None, None, None, None], [None, None, None, None, 38.880000000028964, 38.880000001377944, 38.879999999974125, 38.87999999722177, None, 38.879999998649915, None, 38.87999999930517, None, 38.87999999840237, 38.88000000124652, 38.879999999099994, 38.880000001648995, 38.88000000607623, None, None, None, None, None, 38.879999998881985, None, None, None, None, None, None, 38.87999999999505, None, None, 38.8800000000126, None, 38.87999999606684, None, None, None, None, 38.88000000181297, 38.87999999978617, 38.87999999930517, None, None, None, 38.88000000607623, None, None, None], [None, None, None, 38.879999999099994, None, None, None, None, None, None, 38.87999999930517, None, None, None, None, 38.879999995611875, None, None, None, None, 38.88000000607623, None, None, None, None, None, 38.87999999981185, None, 38.88000000004625, None, None, None, 38.88000000046121, None, None, 38.87999999754972, None, None, 38.88000000110754, None, None, 38.880000001648995, 38.879999998272304, None, None, None, None, 38.879999998881985, None, None, 38.87999999872891, None, None, None, None, None, None, 38.879999999099994, None, None, None, None, None, 38.88000000065938, None, None, 38.87999999395961, 38.879999999681345, None, 38.88000000607623, 38.879999999152446, None, None, 38.879999997854235, None, None, None, 38.879999997854235, 38.88000000101653, 38.88000000607623, None, None, None, 38.88000000607623, None, None, 38.87999999840237, None, None, 38.879999999099994, None, None, 38.880000000883385, 38.879999998649915, None, None, None, 38.88000000607623, None, 38.88000000607623], [None, None, 38.879999999099994, 38.879999999621575, None, 38.879999998881985, None, 38.87999999985417, None, 38.88000000607623, None, 38.87999999722177, 38.87999999949863, None, None, None, None, None, None, 38.879999999681345, None, 38.879999998881985, None, None, None, None, None, 38.879999998881985, None, 38.87999999840237, 38.87999999813775, 38.88000000607623, 38.88000000607623, 38.87999999840237, None, None, None, None, None, 38.879999995113565, None, None, None, 38.88000000607623, 38.88000000080411, None, 38.88000000607623, 38.87999999852817, 38.879999999918894, None, None, None, None, None, None, 38.880000001773126, None, None, None, None, None, 38.879999997854235, 38.88000000607623, 38.88000000607623, 38.879999997854235, None, None, None, None, None, None, None, None, None, None, None, 38.880000000320834, None, None, None, None, None, None, None, 38.88000000607623, None, 38.87999999813775, None, None, None, None, None, None, 38.87999999949863, None, None, 38.88000000607623, None, None, 38.879999995611875, None, None, None, 38.879999997854235, None, 38.88000000607623, None, None, 38.87999999770474, 38.87999999995004, None, None, None, None, None, None, 38.87999999704815, 38.88000000607623, None, None, None, None, 38.88000000007712, None, 38.88000000173253, None, None, 38.88000000607623, 38.88000000147191, None, 38.88000000000382, 38.87999999606684, None, 38.87999999985417, 38.88000000607623, None, None, None, 38.88000000107154, None, None, 38.88000000607623, None, None, None, 38.87999999997779, None, None, None, None, None, None, None, 38.87999999395961, 38.879999995113565, None, None, None, None, None, 38.879999999681345, 38.880000000013794, 38.87999999999505, None, None, 38.88000000607623, None, 38.88000000607623, None, None, None, 38.88000000147191, None, None, None, None, None, None, 38.87999999971668, 38.880000001648995, None, None, None, 38.879999995611875, None, None, 38.88000000607623, 38.8800000000235, 38.880000001377944, None, 38.88000000001019, None, None, None, None, None, None, None, 38.88000000607623, None], [None, None, 38.88000000607623, 38.88000000607623, None, None, None, 38.88000000147191, None, None, None, None, None, None, 38.88000000189048, None, None, None, None, None, None, 38.87999999930517, None, None, None, 38.87999999997041, 38.87999999930517, 38.87999999710678, None, 38.88000000156219, None, None, 38.880000001377944, 38.879999998881985, 38.88000000181297, None, None, None, None, None, None, 38.88000000607623, 38.88000000189048, None, None, 38.88000000607623, None, 38.88000000173253, None, None, 38.88000000033388, None, None, 38.880000000210856, None, None, None, 38.88000000607623, None, None, None, None, 38.88000000607623, None, 38.88000000210699, 38.879999998992666, None, None, None, None, None, 38.879999998881985, None, None, 38.8800000005949, None, None, 38.87999999667966, 38.88000000607623, None, None, None, 38.879999998649915, None, 38.87999999722177, None, None, 38.87999999722177, None, None, 38.88000000056208, 38.87999999840237, 38.880000000796045, None, None, 38.88000000107154, None, 38.879999998992666, None, 38.879999998992666, 38.87999999978617, None, None, None, None, None, 38.87999999985417, None, 38.87999999976895, None, None, 38.88000000607623, 38.88000000210699, 38.879999998649915, 38.88000000607623, 38.88000000273976, None, 38.88000000217426, None, None, None, 38.879999999099994, None, None, None, None, 38.88000000189048, None, None, None, None, None, 38.87999999971668, None, None, None, None, None, None, None, None, None, 38.879999999099994, None, None, None, None, 38.879999998992666, None, None, 38.88000000607623, None, 38.879999998649915, 38.88000000607623, None, 38.879999998649915, None, None, None, 38.879999999987604, None, None, None, 38.88000000084405, None, None, None, None, None, None, None, None, None, 38.880000000013034, None, None, 38.88000000027943, None, None, None, None, None, 38.88000000156219, None, 38.88000000078391, None, None, 38.87999999904673, None, None, 38.88000000607623, None, 38.88000000217426, 38.8800000005949, None, None, 38.87999999754972, None, 38.87999999722177, 38.87999999754972, None, None, None, None, None, None, 38.879999998649915, 38.87999999667966, 38.88000000607623, None, None, None, None, None, None, None, None, None, 38.88000000607623, None, 38.880000000142836, None, None, 38.88000000607623, None, None, None, None, None, None, None, None, None, 38.879999998649915, 38.87999999987994, None, 38.87999999930517, 38.88000000607623, None, 38.87999994852227, None, None, None, 38.879999998649915, None, None, None, None, None, 38.88000000156219, 38.880000001648995, None, None, None, 38.88000000607623, None, None, None, 38.88000000003829, 38.87999999964162, 38.88000000084405, 38.88000000189048, 38.879999998649915, None, 38.879999998649915, None, None, None, None, 38.88000000607623, None, 38.88000000039189, 38.88000000189048, None, None, None, 38.879999997388836, None, None, None, 38.879999998649915, None, 38.87999999981185, 38.88000000607623, None, None, None, 38.879999999515675, None, None, 38.88000000607623, None, 38.88000000173253, None, 38.879999998649915, None, None, None, None, 38.87999999949863], [38.879999998649915, None, 38.87999999940331, None, 38.879999996867596, None, None, None, None, None, 38.87999999804544, None, 38.87999999949863, None, None, None, None, None, None, None, None, None, None, 38.88000000607623, None, 38.879999998881985, None, 38.88000000607623, None, None, 38.88000000147191, 38.88000000607623, 38.88000000023319, None, None, None, None, None, None, None, 38.88000000004437, None, None, 38.87999998049669, None, None, 38.88000000072237, 38.87999999840237, None, None, 38.879999999099994, None, 38.87999999606684, None, 38.87999999536851, None, 38.880000000142836, None, 38.88000000607623, None, None, 38.87999996770692, 38.87999999840237, 38.879999999099994, 38.88000000084405, None, None, None, None, None, 38.8800000000966, None, None, None, None, 38.87999999754972, None, None, None, 38.88000000128006, None, None, None, 38.88000000607623, None, None, 38.87999999930517, 38.88000000007712, None, 38.88000000080411, 38.87999999722177, None, 38.87999999906458, 38.879999998649915, None, None, 38.879999998649915, None, None, 38.87999999985417, 38.88000000607623, 38.88000000065938, None, None, None, 38.879999775860384, None, None, None, None, None, None, None, None, None, None, 38.879999996867596, None, None, None, None, 38.879999998649915, None, None, None, None, 38.87999999876779, None, 38.879999998881985, 38.87999999770474, None, 38.879999999966465, None, None, None, None, 38.88000000181297, None, 38.87999997318825, None, None, 38.88000000607623, None, 38.87999999976895, None, None, None, None, 38.88000000607623, None, None, None, None, 38.88000000607623, None, 38.879999998649915, None, 38.879999997388836, None, None, None, 38.88000000607623, None, 38.879999997854235, 38.879999998881985, None, 38.880000000320834, None, 38.879999999099994, None, None, None, None, 38.88000000156219, None, None, None, None, None, 38.880000000320834, 38.88000000607623, 38.88000000607623, None, 38.87999999979761, None, None, None, 38.87999996003306, None, None, None, None, 38.879999998649915, None, None, 38.879999998649915, None, None, None, None, 38.88000000147191, None, 38.879999999099994, None, None, 38.88000000181297, None, None, None, None, None, None, None, 38.87999999840237, None, None, None, None, None, None, None, None, 38.879999997998475, None, None, None, 38.88000000607623, None, None, None, None, None, 38.879999998649915, None, None, None, None, None, 38.88000000147191, None, None, 38.88000000160602, 38.88000000607623, None, None, None, None, 38.87999999840237, 38.8800000026907, 38.88000000607623, 38.87999999770474, None, None, 38.88000000607623, None, None, 38.87999999840237, None, None, None, 38.87999999840237, 38.88000000607623, 38.88000000607623, None, None, None, None, None, None, None, 38.880000000031174, None, None, None, 38.88000000107154, 38.8800000000235, 38.87999999754972, 38.88000000024798, 38.88000000173253, 38.88000000156219, None, 38.87999999840237, None, 38.87999999959127, 38.87999999994963, None, None, 38.88000000607623, None, 38.88000000607623, 38.88000000007712, None, None, None, 38.88000000024798, None, 38.87999999840237, None, 38.87999999813775, None, 38.88000000147191, None, None, None, None, None, None, 38.88000000607623, None, None, 38.880000001648995, None, 38.88000000189048, None, None, None, None, None, None, None, 38.88000000024798, None, 38.88000000607623, 38.87999999606684, 38.88000000024798, 38.880000000032915, None, 38.87999999770474, None, None, 38.87999999813775, None, 38.88000000007712, None, None, None, None, 38.879999998649915, 38.88000000147191, 38.88000000096032, None, None, None, None, None, 38.87999999930517, None, None, 38.879999998272304, None, 38.87999999754972, None, None, 38.87999999976895, None, None, None, None, 38.87999999606684, None, None, None, None, 38.88000000003829, 38.87999999754972, None, 38.8800000000966, 38.88000000181297, 38.88000000607623, None, None, None, None, 38.87999999992689, 38.8800000005949, None, 38.879999999099994, None, None, None, 38.87999999813775, None, None, None, None, 38.87999999840237, 38.87999999985417, None, None, None, None, 38.879999997388836, None, None, None, None, None, None, None, 38.88000000090283]]
APP Gdpt Gbps measured per flow (DCTCP): [[38.87999999930517, 38.880000001648995, None, None, None, None, None, None, None, None], [None, None, None, None, 38.880000000028964, 38.880000001377944, 38.879999999974125, 38.87999999722177, None, 38.879999998649915, None, 38.87999999930517, None, 38.87999999840237, 38.88000000124652, 38.879999999099994, 38.880000001648995, 38.88000000607623, None, None, None, None, None, 38.879999998881985, None, None, None, None, None, None, 38.87999999999505, None, None, 38.8800000000126, None, 38.87999999606684, None, None, None, None, 38.88000000181297, 38.87999999978617, 38.87999999930517, None, None, None, 38.88000000607623, None, None, None], [None, None, None, 38.879999999099994, None, None, None, None, None, None, 38.87999999930517, None, None, None, None, 38.879999995611875, None, None, None, None, 38.88000000607623, None, None, None, None, None, 38.87999999981185, None, 38.88000000004625, None, None, None, 38.88000000046121, None, None, 38.87999999754972, None, None, 38.88000000110754, None, None, 38.880000001648995, 38.879999998272304, None, None, None, None, 38.879999998881985, None, None, 38.87999999872891, None, None, None, None, None, None, 38.879999999099994, None, None, None, None, None, 38.88000000065938, None, None, 38.87999999395961, 38.879999999681345, None, 38.88000000607623, 38.879999999152446, None, None, 38.879999997854235, None, None, None, 38.879999997854235, 38.88000000101653, 38.88000000607623, None, None, None, 38.88000000607623, None, None, 38.87999999840237, None, None, 38.879999999099994, None, None, 38.880000000883385, 38.879999998649915, None, None, None, 38.88000000607623, None, 38.88000000607623], [None, None, 38.879999999099994, 38.879999999621575, None, 38.879999998881985, None, 38.87999999985417, None, 38.88000000607623, None, 38.87999999722177, 38.87999999949863, None, None, None, None, None, None, 38.879999999681345, None, 38.879999998881985, None, None, None, None, None, 38.879999998881985, None, 38.87999999840237, 38.87999999813775, 38.88000000607623, 38.88000000607623, 38.87999999840237, None, None, None, None, None, 38.879999995113565, None, None, None, 38.88000000607623, 38.88000000080411, None, 38.88000000607623, 38.87999999852817, 38.879999999918894, None, None, None, None, None, None, 38.880000001773126, None, None, None, None, None, 38.879999997854235, 38.88000000607623, 38.88000000607623, 38.879999997854235, None, None, None, None, None, None, None, None, None, None, None, 38.880000000320834, None, None, None, None, None, None, None, 38.88000000607623, None, 38.87999999813775, None, None, None, None, None, None, 38.87999999949863, None, None, 38.88000000607623, None, None, 38.879999995611875, None, None, None, 38.879999997854235, None, 38.88000000607623, None, None, 38.87999999770474, 38.87999999995004, None, None, None, None, None, None, 38.87999999704815, 38.88000000607623, None, None, None, None, 38.88000000007712, None, 38.88000000173253, None, None, 38.88000000607623, 38.88000000147191, None, 38.88000000000382, 38.87999999606684, None, 38.87999999985417, 38.88000000607623, None, None, None, 38.88000000107154, None, None, 38.88000000607623, None, None, None, 38.87999999997779, None, None, None, None, None, None, None, 38.87999999395961, 38.879999995113565, None, None, None, None, None, 38.879999999681345, 38.880000000013794, 38.87999999999505, None, None, 38.88000000607623, None, 38.88000000607623, None, None, None, 38.88000000147191, None, None, None, None, None, None, 38.87999999971668, 38.880000001648995, None, None, None, 38.879999995611875, None, None, 38.88000000607623, 38.8800000000235, 38.880000001377944, None, 38.88000000001019, None, None, None, None, None, None, None, 38.88000000607623, None], [None, None, 38.88000000607623, 38.88000000607623, None, None, None, 38.88000000147191, None, None, None, None, None, None, 38.88000000189048, None, None, None, None, None, None, 38.87999999930517, None, None, None, 38.87999999997041, 38.87999999930517, 38.87999999710678, None, 38.88000000156219, None, None, 38.880000001377944, 38.879999998881985, 38.88000000181297, None, None, None, None, None, None, 38.88000000607623, 38.88000000189048, None, None, 38.88000000607623, None, 38.88000000173253, None, None, 38.88000000033388, None, None, 38.880000000210856, None, None, None, 38.88000000607623, None, None, None, None, 38.88000000607623, None, 38.88000000210699, 38.879999998992666, None, None, None, None, None, 38.879999998881985, None, None, 38.8800000005949, None, None, 38.87999999667966, 38.88000000607623, None, None, None, 38.879999998649915, None, 38.87999999722177, None, None, 38.87999999722177, None, None, 38.88000000056208, 38.87999999840237, 38.880000000796045, None, None, 38.88000000107154, None, 38.879999998992666, None, 38.879999998992666, 38.87999999978617, None, None, None, None, None, 38.87999999985417, None, 38.87999999976895, None, None, 38.88000000607623, 38.88000000210699, 38.879999998649915, 38.88000000607623, 38.88000000273976, None, 38.88000000217426, None, None, None, 38.879999999099994, None, None, None, None, 38.88000000189048, None, None, None, None, None, 38.87999999971668, None, None, None, None, None, None, None, None, None, 38.879999999099994, None, None, None, None, 38.879999998992666, None, None, 38.88000000607623, None, 38.879999998649915, 38.88000000607623, None, 38.879999998649915, None, None, None, 38.879999999987604, None, None, None, 38.88000000084405, None, None, None, None, None, None, None, None, None, 38.880000000013034, None, None, 38.88000000027943, None, None, None, None, None, 38.88000000156219, None, 38.88000000078391, None, None, 38.87999999904673, None, None, 38.88000000607623, None, 38.88000000217426, 38.8800000005949, None, None, 38.87999999754972, None, 38.87999999722177, 38.87999999754972, None, None, None, None, None, None, 38.879999998649915, 38.87999999667966, 38.88000000607623, None, None, None, None, None, None, None, None, None, 38.88000000607623, None, 38.880000000142836, None, None, 38.88000000607623, None, None, None, None, None, None, None, None, None, 38.879999998649915, 38.87999999987994, None, 38.87999999930517, 38.88000000607623, None, 38.87999994852227, None, None, None, 38.879999998649915, None, None, None, None, None, 38.88000000156219, 38.880000001648995, None, None, None, 38.88000000607623, None, None, None, 38.88000000003829, 38.87999999964162, 38.88000000084405, 38.88000000189048, 38.879999998649915, None, 38.879999998649915, None, None, None, None, 38.88000000607623, None, 38.88000000039189, 38.88000000189048, None, None, None, 38.879999997388836, None, None, None, 38.879999998649915, None, 38.87999999981185, 38.88000000607623, None, None, None, 38.879999999515675, None, None, 38.88000000607623, None, 38.88000000173253, None, 38.879999998649915, None, None, None, None, 38.87999999949863], [38.879999998649915, None, 38.87999999940331, None, 38.879999996867596, None, None, None, None, None, 38.87999999804544, None, 38.87999999949863, None, None, None, None, None, None, None, None, None, None, 38.88000000607623, None, 38.879999998881985, None, 38.88000000607623, None, None, 38.88000000147191, 38.88000000607623, 38.88000000023319, None, None, None, None, None, None, None, 38.88000000004437, None, None, 38.87999998049669, None, None, 38.88000000072237, 38.87999999840237, None, None, 38.879999999099994, None, 38.87999999606684, None, 38.87999999536851, None, 38.880000000142836, None, 38.88000000607623, None, None, 38.87999996770692, 38.87999999840237, 38.879999999099994, 38.88000000084405, None, None, None, None, None, 38.8800000000966, None, None, None, None, 38.87999999754972, None, None, None, 38.88000000128006, None, None, None, 38.88000000607623, None, None, 38.87999999930517, 38.88000000007712, None, 38.88000000080411, 38.87999999722177, None, 38.87999999906458, 38.879999998649915, None, None, 38.879999998649915, None, None, 38.87999999985417, 38.88000000607623, 38.88000000065938, None, None, None, 38.879999775860384, None, None, None, None, None, None, None, None, None, None, 38.879999996867596, None, None, None, None, 38.879999998649915, None, None, None, None, 38.87999999876779, None, 38.879999998881985, 38.87999999770474, None, 38.879999999966465, None, None, None, None, 38.88000000181297, None, 38.87999997318825, None, None, 38.88000000607623, None, 38.87999999976895, None, None, None, None, 38.88000000607623, None, None, None, None, 38.88000000607623, None, 38.879999998649915, None, 38.879999997388836, None, None, None, 38.88000000607623, None, 38.879999997854235, 38.879999998881985, None, 38.880000000320834, None, 38.879999999099994, None, None, None, None, 38.88000000156219, None, None, None, None, None, 38.880000000320834, 38.88000000607623, 38.88000000607623, None, 38.87999999979761, None, None, None, 38.87999996003306, None, None, None, None, 38.879999998649915, None, None, 38.879999998649915, None, None, None, None, 38.88000000147191, None, 38.879999999099994, None, None, 38.88000000181297, None, None, None, None, None, None, None, 38.87999999840237, None, None, None, None, None, None, None, None, 38.879999997998475, None, None, None, 38.88000000607623, None, None, None, None, None, 38.879999998649915, None, None, None, None, None, 38.88000000147191, None, None, 38.88000000160602, 38.88000000607623, None, None, None, None, 38.87999999840237, 38.8800000026907, 38.88000000607623, 38.87999999770474, None, None, 38.88000000607623, None, None, 38.87999999840237, None, None, None, 38.87999999840237, 38.88000000607623, 38.88000000607623, None, None, None, None, None, None, None, 38.880000000031174, None, None, None, 38.88000000107154, 38.8800000000235, 38.87999999754972, 38.88000000024798, 38.88000000173253, 38.88000000156219, None, 38.87999999840237, None, 38.87999999959127, 38.87999999994963, None, None, 38.88000000607623, None, 38.88000000607623, 38.88000000007712, None, None, None, 38.88000000024798, None, 38.87999999840237, None, 38.87999999813775, None, 38.88000000147191, None, None, None, None, None, None, 38.88000000607623, None, None, 38.880000001648995, None, 38.88000000189048, None, None, None, None, None, None, None, 38.88000000024798, None, 38.88000000607623, 38.87999999606684, 38.88000000024798, 38.880000000032915, None, 38.87999999770474, None, None, 38.87999999813775, None, 38.88000000007712, None, None, None, None, 38.879999998649915, 38.88000000147191, 38.88000000096032, None, None, None, None, None, 38.87999999930517, None, None, 38.879999998272304, None, 38.87999999754972, None, None, 38.87999999976895, None, None, None, None, 38.87999999606684, None, None, None, None, 38.88000000003829, 38.87999999754972, None, 38.8800000000966, 38.88000000181297, 38.88000000607623, None, None, None, None, 38.87999999992689, 38.8800000005949, None, 38.879999999099994, None, None, None, 38.87999999813775, None, None, None, None, 38.87999999840237, 38.87999999985417, None, None, None, None, 38.879999997388836, None, None, None, None, None, None, None, 38.88000000090283]]
APP Gdpt Gbps measured per flow (XPass): [[38.87999999930517, 38.880000001648995, None, None, None, None, None, None, None, None], [None, None, None, None, 38.880000000028964, 38.880000001377944, 38.879999999974125, 38.87999999722177, None, 38.879999998649915, None, 38.87999999930517, None, 38.87999999840237, 38.88000000124652, 38.879999999099994, 38.880000001648995, 38.88000000607623, None, None, None, None, None, 38.879999998881985, None, None, None, None, None, None, 38.87999999999505, None, None, 38.8800000000126, None, 38.87999999606684, None, None, None, None, 38.88000000181297, 38.87999999978617, 38.87999999930517, None, None, None, 38.88000000607623, None, None, None], [None, None, None, 38.879999999099994, None, None, None, None, None, None, 38.87999999930517, None, None, None, None, 38.879999995611875, None, None, None, None, 38.88000000607623, None, None, None, None, None, 38.87999999981185, None, 38.88000000004625, None, None, None, 38.88000000046121, None, None, 38.87999999754972, None, None, 38.88000000110754, None, None, 38.880000001648995, 38.879999998272304, None, None, None, None, 38.879999998881985, None, None, 38.87999999872891, None, None, None, None, None, None, 38.879999999099994, None, None, None, None, None, 38.88000000065938, None, None, 38.87999999395961, 38.879999999681345, None, 38.88000000607623, 38.879999999152446, None, None, 38.879999997854235, None, None, None, 38.879999997854235, 38.88000000101653, 38.88000000607623, None, None, None, 38.88000000607623, None, None, 38.87999999840237, None, None, 38.879999999099994, None, None, 38.880000000883385, 38.879999998649915, None, None, None, 38.88000000607623, None, 38.88000000607623], [None, None, 38.879999999099994, 38.879999999621575, None, 38.879999998881985, None, 38.87999999985417, None, 38.88000000607623, None, 38.87999999722177, 38.87999999949863, None, None, None, None, None, None, 38.879999999681345, None, 38.879999998881985, None, None, None, None, None, 38.879999998881985, None, 38.87999999840237, 38.87999999813775, 38.88000000607623, 38.88000000607623, 38.87999999840237, None, None, None, None, None, 38.879999995113565, None, None, None, 38.88000000607623, 38.88000000080411, None, 38.88000000607623, 38.87999999852817, 38.879999999918894, None, None, None, None, None, None, 38.880000001773126, None, None, None, None, None, 38.879999997854235, 38.88000000607623, 38.88000000607623, 38.879999997854235, None, None, None, None, None, None, None, None, None, None, None, 38.880000000320834, None, None, None, None, None, None, None, 38.88000000607623, None, 38.87999999813775, None, None, None, None, None, None, 38.87999999949863, None, None, 38.88000000607623, None, None, 38.879999995611875, None, None, None, 38.879999997854235, None, 38.88000000607623, None, None, 38.87999999770474, 38.87999999995004, None, None, None, None, None, None, 38.87999999704815, 38.88000000607623, None, None, None, None, 38.88000000007712, None, 38.88000000173253, None, None, 38.88000000607623, 38.88000000147191, None, 38.88000000000382, 38.87999999606684, None, 38.87999999985417, 38.88000000607623, None, None, None, 38.88000000107154, None, None, 38.88000000607623, None, None, None, 38.87999999997779, None, None, None, None, None, None, None, 38.87999999395961, 38.879999995113565, None, None, None, None, None, 38.879999999681345, 38.880000000013794, 38.87999999999505, None, None, 38.88000000607623, None, 38.88000000607623, None, None, None, 38.88000000147191, None, None, None, None, None, None, 38.87999999971668, 38.880000001648995, None, None, None, 38.879999995611875, None, None, 38.88000000607623, 38.8800000000235, 38.880000001377944, None, 38.88000000001019, None, None, None, None, None, None, None, 38.88000000607623, None], [None, None, 38.88000000607623, 38.88000000607623, None, None, None, 38.88000000147191, None, None, None, None, None, None, 38.88000000189048, None, None, None, None, None, None, 38.87999999930517, None, None, None, 38.87999999997041, 38.87999999930517, 38.87999999710678, None, 38.88000000156219, None, None, 38.880000001377944, 38.879999998881985, 38.88000000181297, None, None, None, None, None, None, 38.88000000607623, 38.88000000189048, None, None, 38.88000000607623, None, 38.88000000173253, None, None, 38.88000000033388, None, None, 38.880000000210856, None, None, None, 38.88000000607623, None, None, None, None, 38.88000000607623, None, 38.88000000210699, 38.879999998992666, None, None, None, None, None, 38.879999998881985, None, None, 38.8800000005949, None, None, 38.87999999667966, 38.88000000607623, None, None, None, 38.879999998649915, None, 38.87999999722177, None, None, 38.87999999722177, None, None, 38.88000000056208, 38.87999999840237, 38.880000000796045, None, None, 38.88000000107154, None, 38.879999998992666, None, 38.879999998992666, 38.87999999978617, None, None, None, None, None, 38.87999999985417, None, 38.87999999976895, None, None, 38.88000000607623, 38.88000000210699, 38.879999998649915, 38.88000000607623, 38.88000000273976, None, 38.88000000217426, None, None, None, 38.879999999099994, None, None, None, None, 38.88000000189048, None, None, None, None, None, 38.87999999971668, None, None, None, None, None, None, None, None, None, 38.879999999099994, None, None, None, None, 38.879999998992666, None, None, 38.88000000607623, None, 38.879999998649915, 38.88000000607623, None, 38.879999998649915, None, None, None, 38.879999999987604, None, None, None, 38.88000000084405, None, None, None, None, None, None, None, None, None, 38.880000000013034, None, None, 38.88000000027943, None, None, None, None, None, 38.88000000156219, None, 38.88000000078391, None, None, 38.87999999904673, None, None, 38.88000000607623, None, 38.88000000217426, 38.8800000005949, None, None, 38.87999999754972, None, 38.87999999722177, 38.87999999754972, None, None, None, None, None, None, 38.879999998649915, 38.87999999667966, 38.88000000607623, None, None, None, None, None, None, None, None, None, 38.88000000607623, None, 38.880000000142836, None, None, 38.88000000607623, None, None, None, None, None, None, None, None, None, 38.879999998649915, 38.87999999987994, None, 38.87999999930517, 38.88000000607623, None, 38.87999994852227, None, None, None, 38.879999998649915, None, None, None, None, None, 38.88000000156219, 38.880000001648995, None, None, None, 38.88000000607623, None, None, None, 38.88000000003829, 38.87999999964162, 38.88000000084405, 38.88000000189048, 38.879999998649915, None, 38.879999998649915, None, None, None, None, 38.88000000607623, None, 38.88000000039189, 38.88000000189048, None, None, None, 38.879999997388836, None, None, None, 38.879999998649915, None, 38.87999999981185, 38.88000000607623, None, None, None, 38.879999999515675, None, None, 38.88000000607623, None, 38.88000000173253, None, 38.879999998649915, None, None, None, None, 38.87999999949863], [38.879999998649915, None, 38.87999999940331, None, 38.879999996867596, None, None, None, None, None, 38.87999999804544, None, 38.87999999949863, None, None, None, None, None, None, None, None, None, None, 38.88000000607623, None, 38.879999998881985, None, 38.88000000607623, None, None, 38.88000000147191, 38.88000000607623, 38.88000000023319, None, None, None, None, None, None, None, 38.88000000004437, None, None, 38.87999998049669, None, None, 38.88000000072237, 38.87999999840237, None, None, 38.879999999099994, None, 38.87999999606684, None, 38.87999999536851, None, 38.880000000142836, None, 38.88000000607623, None, None, 38.87999996770692, 38.87999999840237, 38.879999999099994, 38.88000000084405, None, None, None, None, None, 38.8800000000966, None, None, None, None, 38.87999999754972, None, None, None, 38.88000000128006, None, None, None, 38.88000000607623, None, None, 38.87999999930517, 38.88000000007712, None, 38.88000000080411, 38.87999999722177, None, 38.87999999906458, 38.879999998649915, None, None, 38.879999998649915, None, None, 38.87999999985417, 38.88000000607623, 38.88000000065938, None, None, None, 38.879999775860384, None, None, None, None, None, None, None, None, None, None, 38.879999996867596, None, None, None, None, 38.879999998649915, None, None, None, None, 38.87999999876779, None, 38.879999998881985, 38.87999999770474, None, 38.879999999966465, None, None, None, None, 38.88000000181297, None, 38.87999997318825, None, None, 38.88000000607623, None, 38.87999999976895, None, None, None, None, 38.88000000607623, None, None, None, None, 38.88000000607623, None, 38.879999998649915, None, 38.879999997388836, None, None, None, 38.88000000607623, None, 38.879999997854235, 38.879999998881985, None, 38.880000000320834, None, 38.879999999099994, None, None, None, None, 38.88000000156219, None, None, None, None, None, 38.880000000320834, 38.88000000607623, 38.88000000607623, None, 38.87999999979761, None, None, None, 38.87999996003306, None, None, None, None, 38.879999998649915, None, None, 38.879999998649915, None, None, None, None, 38.88000000147191, None, 38.879999999099994, None, None, 38.88000000181297, None, None, None, None, None, None, None, 38.87999999840237, None, None, None, None, None, None, None, None, 38.879999997998475, None, None, None, 38.88000000607623, None, None, None, None, None, 38.879999998649915, None, None, None, None, None, 38.88000000147191, None, None, 38.88000000160602, 38.88000000607623, None, None, None, None, 38.87999999840237, 38.8800000026907, 38.88000000607623, 38.87999999770474, None, None, 38.88000000607623, None, None, 38.87999999840237, None, None, None, 38.87999999840237, 38.88000000607623, 38.88000000607623, None, None, None, None, None, None, None, 38.880000000031174, None, None, None, 38.88000000107154, 38.8800000000235, 38.87999999754972, 38.88000000024798, 38.88000000173253, 38.88000000156219, None, 38.87999999840237, None, 38.87999999959127, 38.87999999994963, None, None, 38.88000000607623, None, 38.88000000607623, 38.88000000007712, None, None, None, 38.88000000024798, None, 38.87999999840237, None, 38.87999999813775, None, 38.88000000147191, None, None, None, None, None, None, 38.88000000607623, None, None, 38.880000001648995, None, 38.88000000189048, None, None, None, None, None, None, None, 38.88000000024798, None, 38.88000000607623, 38.87999999606684, 38.88000000024798, 38.880000000032915, None, 38.87999999770474, None, None, 38.87999999813775, None, 38.88000000007712, None, None, None, None, 38.879999998649915, 38.88000000147191, 38.88000000096032, None, None, None, None, None, 38.87999999930517, None, None, 38.879999998272304, None, 38.87999999754972, None, None, 38.87999999976895, None, None, None, None, 38.87999999606684, None, None, None, None, 38.88000000003829, 38.87999999754972, None, 38.8800000000966, 38.88000000181297, 38.88000000607623, None, None, None, None, 38.87999999992689, 38.8800000005949, None, 38.879999999099994, None, None, None, 38.87999999813775, None, None, None, None, 38.87999999840237, 38.87999999985417, None, None, None, None, 38.879999997388836, None, None, None, None, None, None, None, 38.88000000090283]]
- NW Gdpt Gbps measured (SSIRD): [43.41708211283275, 85.11775591699849, 88.4808674946757, 86.69933905883063, 89.77031884891248, 86.33009654652182]
+ NW Gdpt Gbps union (SSIRD):    [43.41708211283275, 85.11775591699849, 88.4808674946757, 86.69933905883063, 89.77031884891248, 86.33009654652182]
- NW Gdpt Gbps measured (DCTCP): [55.34828509998, 85.66162157056998, 93.91935919103946, 94.11016091089746, 91.45190459012693, 86.48900413806716]
+ NW Gdpt Gbps union (DCTCP):    [55.34828509998, 85.66162157056998, 93.91935919103946, 94.11016091089746, 91.45190459012693, 86.48900413806716]
- NW Gdpt Gbps measured (Xpass): [8.770284553786706, 77.39269677484748, 65.08964120189057, 83.7108276491369, 84.158029070331, 83.90237402996948]
+ NW Gdpt Gbps union (Xpass):    [8.770284553786706, 77.39269677484748, 65.08964120189057, 83.7108276491369, 84.158029070331, 83.90237402996948]
NW Gdpt Gbps measured per flow (SSIRD): [[21.49296528174337, 26.133310718124246, 0.43150506884734435, 0.9553898648701644, 0.5966963150433673, 0.23324694556665662, 0.44669303649312775, 0.5700422319724205, 0.411592076242329, 0.1782122379759073], [0.49446668240131314, 0.327094119218282, 0.556478611325349, 0.6221454141008435, 38.51710278293632, 8.461282507881226, 12.694154932973483, 7.693713486737292, 0.56317487040355, 1.2630041649998804, 0.5202180250444407, 11.474014568691805, 0.60708619773316, 8.71736751215497, 14.789705402449645, 8.130996461694847, 8.726774396178286, 3.3898851499045235, 1.4194603434884687, 0.8965241709397982, 0.4514942528519378, 0.6685076239710354, 0.8214116531912635, 8.913678618782695, 0.42756302519180567, 0.4468481248083549, 0.46809262860237355, 0.23811335105102072, 0.23662823663238056, 0.18185381147134735, 10.638067013698707, 0.19710806698323252, 0.4612960823033514, 37.305003565613006, 0.7646356033674125, 9.696494132861353, 0.2842062525430269, 0.25841636076993596, 0.3583908980399429, 0.25598606878710517, 6.526587675734149, 16.247672577702357, 24.544385870059944, 0.3375348281759166, 0.7008119924483266, 0.18990010080888695, 0.8597193030047253, 0.5516957862069453, 0.4050120237927979, 0.3197524496969929], [0.4784648187716539, 0.5255255254955209, 0.3290826820480355, 5.914492996170747, 0.38777269409772763, 0.45434439180515557, 1.4730796834134152, 0.5374206681858947, 0.5437824870077862, 0.5846518134977949, 6.276543132039955, 0.36622932110714745, 0.3754380617912352, 0.5955414012714999, 0.7025703793532725, 9.310579237735386, 0.8333333333864692, 1.0845665960653068, 0.9238535971659828, 1.1486146098997676, 2.824178460138717, 0.4407218720028578, 0.3883984868140418, 0.4089709761990083, 0.4275451199183038, 0.5520504733316872, 19.76400899277495, 0.7856025038822655, 31.733859766138004, 0.6499841621613934, 0.7210912906751972, 0.32349292982849553, 6.330045433601531, 0.6267154621222608, 0.5284541908694711, 8.91266719090228, 0.8685316714028755, 0.736050156704557, 12.296451727327641, 0.6284991873044478, 0.46595636732346124, 7.220892737006626, 7.331309417503462, 0.5856246984756677, 0.5326263072307091, 0.6836902800193524, 0.6179046751769487, 6.898194813622593, 1.1000243366352769, 0.8992673994664517, 9.080957848398889, 0.22607623910246802, 0.257418662888927, 0.6961309955187337, 0.5388858674157168, 0.4068658614412075, 0.4075346522777422, 10.923421306930265, 0.41227229140964683, 0.4940938238234543, 0.2306029305880528, 0.3245353966245721, 0.23755287990318286, 10.153070320741257, 0.31364664488519234, 0.6736050156042075, 7.916714204001206, 9.01784360832453, 0.5435393258745291, 0.8867132867049994, 10.061924254573563, 0.24609665426750843, 0.25423225425499657, 7.307445921593087, 0.4515097989890861, 0.168484392607865, 0.34457655909491175, 8.485669884968676, 10.348689521128563, 4.0731509072760685, 0.19904234343829186, 0.22749822817901266, 0.22824331598175793, 2.299721666119927, 0.2149735015297748, 0.21962050868372754, 7.2306724309702295, 0.3747347804920526, 0.34782608698529616, 5.491749544719659, 0.177711125692793, 0.3861775085091011, 9.250394111401912, 6.737650853370742, 0.3052296215534744, 0.6356645917219982, 0.39696312362216135, 4.652873563343098, 0.4253459576727946, 2.0846777033685706], [0.4823066841345785, 0.16378100140991955, 3.419231072458155, 4.534509224671204, 0.4298664909033888, 4.334957214810344, 0.49608740581415245, 13.168913842222036, 0.22452229299273127, 2.3435849642387883, 0.227253491313408, 3.8786673547024106, 3.4356499436672454, 0.1701955222436478, 0.093955654550002, 0.45052520083397707, 1.3501962491359105, 0.8294032405674108, 0.5422726152401162, 3.5152476818505947, 0.23252240712906674, 2.938539093529813, 0.2703463813009174, 0.2934793429627711, 0.5516154452774922, 0.4633460201239506, 0.42861645130930776, 3.2034388861515253, 0.4609992664789962, 3.4590674966577986, 5.038894817925968, 1.2044673540114583, 0.9294284223813196, 4.062693622739687, 0.30234315946483603, 0.3526118517893191, 1.0108108108879008, 0.45347189418719647, 0.21979434445800972, 7.646242221221003, 0.20219130201099336, 0.10375237765500395, 0.1992850423219817, 0.4228075569829199, 4.70083767650708, 0.3112513144274002, 0.5301684655075545, 3.297700894504072, 18.26343369501198, 0.11466251488991305, 0.380833463354041, 0.2832875996691974, 0.19187432792124193, 0.12884888678052134, 0.25208872302993834, 4.371848526854517, 0.7173308618992502, 0.473026241734372, 0.27236440479228413, 0.2416259325901609, 0.29626354187656184, 4.051776661943478, 1.327033134734884, 0.4584494865734622, 5.318707554252379, 0.5432282004201483, 0.22193843850880363, 0.20835791098359285, 0.13999339654359078, 0.22458857696825746, 0.24560774470621, 0.36365222702869454, 0.16920657302677744, 0.32217009612831154, 0.10663447512671131, 0.13784487245236032, 3.710709428787178, 0.2530120481736504, 0.2542767068240373, 0.1706211676953504, 0.3606251167583614, 0.18584035775064445, 0.40342530926053355, 0.4091663899644131, 2.9709096824754306, 0.4492779461209861, 4.400502293627349, 0.33569313941017165, 0.19519837073192273, 0.11970927746468081, 0.20290200754332835, 0.21094151945848152, 0.22746185852320383, 2.9267817212304195, 0.4571796522405588, 0.2212729963992903, 4.022171473178301, 0.16139353003646967, 0.41569195735456305, 6.10853224634607, 0.29629629628880355, 0.19765770724116186, 0.19856187712972317, 4.69979608369638, 0.24685060187872296, 3.239270561738655, 0.23849589696030388, 0.21188868064377117, 3.0581700560756744, 16.311010246774924, 0.21722875920467868, 0.2171959485151069, 0.6651157096484961, 0.5157075606910102, 0.166869329343193, 0.25257924176178786, 3.3537239632133633, 0.4388860612175245, 0.3172606568226085, 0.6812389231249771, 0.16420154550752455, 0.15097595168024802, 8.518849135632335, 0.2556185264942784, 3.0609655172554775, 0.3620286086084899, 0.22527425066108417, 3.840700495818943, 3.3080978124017233, 0.22496071457504796, 17.87333441827992, 4.5931961703192075, 0.19962608263280215, 3.569123978634099, 0.5111243307741686, 0.4026542425609877, 0.1270864098099943, 0.3601827362391695, 3.7714357714783704, 0.2693893893835889, 0.21573864804186277, 3.2472189359972545, 0.13868116926971485, 0.08730447435178254, 0.09412124222098166, 5.4177964800307885, 0.18497109826103864, 0.14782608695540625, 0.26145825229116826, 0.26287720694260747, 0.468698667608985, 0.17799001519966734, 0.17115169586616935, 5.786116322566776, 5.060151269066582, 0.18753202391299525, 0.2902298850559156, 0.13458572830799542, 0.24321458030818888, 0.09843530494154921, 7.606310997765049, 23.876176295283667, 6.744631475728082, 0.3622599187107235, 0.2043965159532352, 0.5200960768786639, 0.20358357904570196, 3.4252766890234896, 0.33802816902663985, 0.23518569717364202, 0.3114802729132982, 3.4260429983122855, 0.12794521782317905, 0.3087279124946168, 0.16836623998597405, 0.19514574948592858, 0.29435897437145886, 0.25168225115791604, 10.316435042475302, 1.9109760635045854, 0.14627964516550382, 0.16911241838465788, 0.147667747563569, 4.760278374459377, 0.23501151036485263, 0.17505775686048133, 1.3171163914730455, 20.730102938311834, 3.625258708540525, 0.14568111857084068, 16.928140484709836, 0.18176998523114699, 0.19288912702289845, 0.12816415775934792, 0.1626767124410558, 0.20350849896232157, 0.381197020322258, 0.5019808307303844, 0.7257409357394425, 0.27616335764451333], [0.1354795006613784, 0.2617978183651196, 0.6268403704192723, 0.33150425733320904, 0.5365630712264743, 0.18077793785219454, 0.16042086564899638, 2.7056902725428142, 0.08060695526897535, 0.3200000000198144, 0.062010925734900864, 0.32397547594190806, 0.4636178486119046, 0.11903381642329394, 1.9765906144385235, 0.050638405612779824, 0.3798354298381269, 0.47112810697751306, 0.08213612488762141, 0.09472626381754651, 0.27816627815471995, 1.9249518381137187, 0.9632553902821552, 0.022494532579175226, 0.4527563867438634, 20.64342267605461, 2.0458716986473453, 2.064951149027846, 0.40793201134729873, 2.780294554581694, 0.03063530593465545, 0.1865902321179515, 2.796093655823869, 2.680378875117563, 2.1617400928144805, 0.0819014793458749, 0.10166050911248008, 0.22824666097051363, 0.5595275100736494, 0.3264540337559396, 0.4551792828899994, 0.2825939885981693, 2.0508901014703067, 0.41261687048968965, 0.9914709907728589, 0.9597803881665684, 0.19918338362414337, 2.3816269585818386, 0.2415298530535924, 0.4822443181314465, 5.992355383926965, 0.37011349306481056, 0.5802851829648032, 9.656852884627273, 0.0790367397185186, 0.16842499239613692, 0.4679300290600324, 0.5124917817210939, 0.17431792617637565, 0.05219602693274469, 0.2559590465649135, 0.130228520044389, 0.6189324902286383, 0.17665075860286833, 1.9796017822399856, 1.8931235616219475, 0.26933136612048536, 0.36290592564976454, 0.16810683423932507, 0.13192853868873916, 0.632033386151179, 2.764049729398248, 0.15898703320498225, 0.32438720398479975, 2.9091901059605325, 0.772943687360135, 0.18824379232327595, 3.1487869108347004, 0.2172043397700276, 0.10625139706595361, 0.2591477324801987, 0.10326144693615784, 3.237926049785362, 0.17613559930396874, 2.8057627258505247, 0.4449938196237131, 0.05167426193810059, 4.513784823655926, 0.17404793298595633, 0.09485335703314657, 3.605049710506622, 4.129068370763433, 3.9637407284595807, 0.43803638862051997, 0.2670433736384534, 2.2516232583445768, 0.4701002418905783, 1.881755524217796, 0.3964819210179161, 2.0000209599650343, 3.6640848944169786, 0.3426307618166732, 0.09575625679715022, 1.2486795299940634, 0.9299009900262721, 0.47850467302493693, 2.6700125470474836, 0.4528765649951475, 1.943212003078852, 0.2663032898632912, 0.3441498238231833, 1.3424647500605325, 1.9975763536430344, 3.9185566140578363, 5.020729927068621, 1.9456481331431863, 0.551929667623598, 2.1993974460769814, 0.20036734012595117, 0.305633134821019, 0.238937628829367, 3.0033948983084584, 0.176276084356322, 0.3823243137655101, 0.18135800789631681, 0.35035679306891754, 2.151741785721167, 0.39342337049244264, 0.22218204173088027, 0.6758448059328249, 0.7035460995780008, 0.1448456927753298, 6.345539742619096, 0.7078321303620858, 0.09810218978108942, 0.11291574438535211, 0.2533650039604141, 0.23570800353277166, 0.12083259834452542, 0.09710478120352527, 0.11158151736150673, 0.08813498474270075, 2.9015178987814085, 0.1951574069972271, 0.14804616319880234, 0.14300736066411424, 0.17453562986320822, 2.010339170075755, 0.14868795737602633, 0.2563077691782966, 0.2500716072546763, 0.08927847961600842, 3.3446734251398254, 0.2527502219440263, 0.08301769314551208, 4.046713527031358, 0.10042008401780746, 0.1409663865564865, 0.09956893934582332, 12.123511290268056, 0.304543340020345, 0.05217620448835488, 0.5108935344397285, 2.988824307993978, 0.031500460778116336, 0.12307410124436126, 0.14626142667069827, 0.05308147528123256, 0.2848635235465675, 0.07455633728771209, 0.06307843441174707, 0.059478957915246156, 0.0993987975942119, 19.92227021490825, 0.11362312970044879, 0.1879747284694105, 4.628962775083824, 0.10315156807638509, 0.49175412293680437, 0.1855216977723406, 0.1469931554522391, 0.07513785372608807, 2.480649331513201, 0.12224894219250614, 3.5539325272286826, 0.1948414916745649, 0.0815519041592909, 3.0692746211066533, 0.06978606566904264, 0.071010520731456, 0.24913703668464837, 0.06501102345119282, 1.9698108947236743, 4.363272478047672, 0.5823533655112322, 0.25613328450801987, 4.917887045245075, 0.09727463312621312, 2.4785574107954917, 2.2939775703454424, 0.0918041010869876, 0.1414716424178808, 0.09261328891078732, 0.14584837544911555, 0.08873920047237864, 0.08176534331492415, 3.6326546562592856, 3.2793170379781156, 0.29497105233809584, 0.16819679024183692, 0.07051210532069406, 0.09921359019354539, 0.1619382077954476, 0.010720268006461676, 0.14596089889378985, 0.0771434868857832, 0.13537042940673524, 0.06459438419719608, 0.22134880096857737, 0.18150729976546004, 3.680128873428606, 0.14040166455528275, 0.16459016392819556, 0.3081705363338489, 0.2152522815469168, 0.11080332409920346, 0.12377501181539617, 0.17251913884241868, 0.23186299006374467, 0.2060793405317956, 0.2094196206660506, 0.1201597782646196, 0.07775909444975952, 2.999991782456355, 6.036720954606174, 0.024635387707862628, 2.835692583399985, 1.0902089307672083, 0.09699382004932444, 1.1339265623402208, 0.2343226610601293, 0.17610808248285278, 0.0722029449291346, 4.125853261567802, 0.12777390784996373, 0.28455520139191887, 0.2992265753749939, 0.19068834931651554, 0.23017661548634147, 2.970182699920353, 2.6073315846700624, 0.1826788218830901, 0.2229809769367645, 0.16290983605866544, 0.22943880901939437, 0.36518922109318214, 0.17248566961807638, 0.2777617036072195, 11.42372321228933, 4.9828713037687695, 2.216731113831922, 2.358052128804597, 2.0378361475885245, 0.09865629420242704, 3.708156239604948, 0.32566665514323745, 0.11852074113063756, 0.31580117870189217, 0.280004516227289, 1.0528395061597704, 0.29502669288779376, 2.061576814662739, 2.0833705827555336, 0.24399615752830184, 0.20516766044780713, 0.13698020902475866, 2.483080513418247, 0.15809396571326778, 0.06214766946214019, 0.2310141766663177, 1.942856534446678, 0.3195309636994229, 3.3023298646250123, 0.2309472269906678, 0.07877378636134517, 0.13645667500946243, 0.1593035908578397, 5.541473883162824, 0.14950086122312933, 0.18189254866145738, 0.3382054838312932, 0.12160662214323634, 2.377171479529844, 0.19100676481586717, 3.900756391566444, 0.2942913914582521, 0.07677670224211662, 0.19632321504207653, 0.4217804667225689, 2.74619312753223], [1.93557294548512, 0.16939923770526663, 2.6875087316245736, 0.028246452907342887, 2.7751533003327973, 0.012656825984428485, 0.15988350927751335, 0.06609984274763812, 0.08840532539719369, 0.13492732774467228, 1.7344564033772885, 0.5970149255373624, 1.6651771143508152, 0.5998142988151643, 0.2390540108554993, 0.4322866500021733, 0.19459026246730934, 0.09733199214372037, 0.9059746914508121, 0.12115093387478235, 0.5568085364213686, 0.0586231809257397, 0.06591244466337785, 2.2669643478416996, 0.14202328746313736, 1.7734533456590589, 0.1425256236712829, 0.2892346433997136, 0.18281535649031583, 0.29150278290646015, 1.8761801672781215, 0.45091312535949757, 2.7691683832841303, 0.21277637265678134, 0.1111411817802975, 0.19139730211183353, 0.07474255519055525, 0.16248506571557517, 0.1030506256642492, 0.032743056128267, 2.8733055703065453, 0.5060240963202262, 0.39016568683601865, 1.2213272300944915, 0.4248573240547052, 0.3964648550467154, 1.6731416852153556, 1.7560538553363383, 0.6938652162156018, 0.8341747573160107, 1.4122472604571827, 0.49835470322922537, 2.7604296576305756, 0.4549356223944752, 1.6372187980506547, 0.5559815197240823, 2.7709331628084315, 0.11576259382067139, 2.6675451639870733, 0.2066359826875819, 0.38838000523835453, 0.9218847899606947, 1.9101154922592583, 1.5138936232932472, 1.684515035076742, 0.09302671173885098, 0.2766002997144235, 0.07512351536134318, 0.14228144645808122, 0.09121053826987834, 1.692221524717805, 0.10874649746693045, 0.11808588644093888, 0.1220274437589084, 0.1283084004581669, 1.4854004978065039, 0.09565437272317032, 0.11840373114769044, 0.10638434118057648, 1.8064540697341225, 0.35527246989281397, 0.38106759413022373, 0.06076604554781478, 0.5570063393021053, 0.18370936133924162, 0.2526485723096507, 1.3837225721771655, 3.466371130273256, 0.2957628135848375, 2.187123248344083, 2.4270495028135755, 0.7113921548726001, 2.6693157519153727, 1.6209643193852985, 0.09170443764908466, 0.10727178958395485, 1.5694935143347795, 0.06483956253515369, 0.2010189103017293, 1.488275143299777, 0.32385640329271614, 2.541465205952636, 0.09157209157320724, 0.0812157551955338, 0.0922703358937196, 0.19561450677956593, 0.09423484670013954, 0.11774906422675767, 0.11536583263645504, 0.0828621656292477, 0.11044269627846055, 0.1055179690902652, 0.1205346294009073, 0.07980009345298875, 0.05762323874109764, 0.047920074266684855, 2.848237391466936, 0.09652128218609025, 0.11296939097351774, 0.08735259249999495, 0.08345503859459039, 2.2729145781092157, 0.22068087814229972, 0.11140139505708825, 0.1923311016373499, 0.40566419416392047, 1.5232016194200948, 0.15207232966406647, 1.731235971461268, 1.5463768493701207, 0.6429578567513593, 8.22417937222297, 0.22323850864545647, 0.5157684631910318, 0.1653110573825772, 0.06335977923454418, 1.6513870915012354, 0.5946784392796595, 1.0440602903763085, 0.5279045278378153, 0.6038434822445136, 0.6962678416842744, 0.04391817903056994, 1.6592816225413927, 0.35124021752251133, 0.038752722895917455, 0.11097752704793992, 0.11165912442098404, 3.394842761772715, 0.2504782553402664, 0.08890403437927019, 0.07879225767261777, 0.0792353163106938, 3.0785817379133693, 0.12909447426777582, 2.0100984981991576, 0.11986515171189942, 1.8027410613786221, 0.03086119413310668, 0.07752802030915612, 0.32885292966715896, 0.3542340012921436, 0.10338067613350557, 1.6984368138629806, 1.3744148512742773, 0.20994620128708608, 2.426385389530742, 0.2704713913240057, 1.3498512685926003, 0.03712721451673504, 0.15878538668277598, 0.31026302214338636, 0.608966729027351, 1.4781228746338488, 0.5668112614082617, 0.2917933130539925, 0.06454639272103412, 0.17968383159346912, 0.12366433965153165, 1.5613689029734656, 2.8430244846595962, 0.1811366685587781, 0.6631316282591243, 1.8900898584920456, 0.20397218561317942, 0.5965627731142028, 1.0391109828940732, 0.7994180481502849, 0.14400657778678666, 0.045163130790771194, 0.07893520933607723, 0.09063098269089577, 1.5361490880618622, 0.07998761801479956, 0.09808549698303319, 1.4931191647397501, 0.06432495635312421, 0.10751740548114755, 0.25584512285751804, 0.05408206954047918, 1.5951714842606435, 0.17098820624183295, 1.4041449672838888, 0.123238547399046, 0.07039379718342785, 1.379639078651871, 0.23047852760654278, 0.11139085984578027, 0.24182648401682771, 0.11720918653166179, 0.0842554958909376, 0.016376663254835482, 0.053351754923070566, 1.681780012761749, 0.25369685766134165, 0.06314968465540899, 0.06367165834679925, 0.23031587872679937, 0.03457698957129666, 0.06819504892777904, 0.25425652665586834, 0.07699966810450418, 1.4233499419803575, 0.2074309071945793, 0.1857010213560523, 0.026916524701872047, 0.1693760602700117, 0.11902150065560162, 0.07990280564129976, 0.13383600377675314, 0.14427642340889202, 0.08955395023574449, 1.586189728135968, 0.08068759866786178, 0.08359468886424433, 0.04369360606944543, 0.08707371381774456, 0.03780764004237172, 1.723994644809028, 0.3653333333038999, 0.15634691476677182, 1.8141507372867982, 0.48386734122056474, 0.039589181119608755, 0.6917885936129589, 0.3996255638213041, 0.21374343001569285, 2.0299027701377717, 1.5706969853795325, 0.7331369362186058, 1.430037178365019, 0.05534602039005592, 0.06935386710531805, 1.8625862586382635, 0.14152301805869485, 0.6287413280499006, 2.2761050114430934, 0.06770553465988823, 0.10252629788310938, 0.19417475727362765, 2.58571459870601, 1.532020002667508, 0.8046346131594619, 0.4161797070503405, 0.10937268644451419, 0.4420591456509471, 0.042118345646108044, 0.0776034236820965, 0.09443507588562877, 0.1493417174450967, 10.472970707796847, 0.1815706806341329, 0.12757426644477698, 0.15203003444198288, 1.7807874776789012, 17.2760393042005, 1.5172934028691412, 1.6943217648260342, 1.5859645569650083, 1.7620034231134842, 0.10866631461211394, 1.9247564913364927, 0.07013353598908678, 1.6041259646248467, 15.219235391228795, 0.1815569267159692, 0.16511066820411646, 0.18961436277397417, 0.5110095555141809, 1.7569589577669154, 3.564652694766698, 0.0727792436227927, 0.25082059988062566, 0.32229906668729047, 2.4743513016732726, 0.37620608897873264, 2.1823805551656794, 0.5356813760686762, 2.630335562341368, 0.2438316400500614, 1.7765232497946637, 0.10480440512612957, 0.19949217417571313, 0.3407958453352361, 0.09886544082118284, 0.03278601272165165, 0.0765747397779713, 0.7056094125454164, 0.05765676974309348, 0.05180373070442091, 1.6556385322056504, 0.12711811805464238, 1.5159596951883438, 0.12062391681075654, 0.10779542742085212, 0.06795154407706655, 0.08123141649362482, 0.049426182334065004, 0.13486114700956334, 0.08102491677399745, 1.5637015054870216, 0.154333154156153, 1.523482068784198, 2.3622325170729552, 1.633346433412037, 11.8089222551108, 0.06989130096239947, 1.395585642576676, 0.06272869838067183, 0.06913505540829427, 1.568660785745266, 0.10018618048996795, 5.961263188714394, 0.0820456969123962, 0.18972792084306606, 0.15163759403523014, 0.0859097727852465, 1.509396124846736, 1.8334684872610232, 1.6835978400756093, 0.1308496138119362, 0.05852888976532148, 0.10400398737002979, 0.09482001755962184, 0.08431375670463283, 1.7941829942445087, 0.1375072252130599, 0.0737426553818855, 1.4938301465559447, 0.08214958069336818, 2.4408383836689556, 0.07758034026461748, 0.1117474507624766, 1.6425421371486657, 0.1600358193687494, 0.017760189185181633, 0.101731939459491, 0.10716900102536141, 2.9277730287907495, 0.1062978138814082, 0.18915305090560558, 0.06746815000360214, 0.09291784702576708, 10.14194798736049, 2.6040900350403415, 0.28466570927815527, 2.4801657541948146, 1.5982249753417523, 0.19180087847693492, 0.12048192770711025, 0.2986783604433353, 0.2948693251015376, 0.29574450342162967, 6.164457533432533, 3.069886996826098, 0.2145059659422176, 1.5413732775002271, 0.3737957610844128, 0.37704744797118095, 0.18950532575765924, 2.3665318329243914, 0.09513125420934732, 0.43197990792951957, 0.09247448979657669, 0.27910846951914847, 2.1086859422864226, 1.548404233005059, 0.17555724242694118, 0.1406852969331955, 0.11967305815002008, 0.14114263591353074, 1.7069456195681703, 0.13246324980991467, 0.08637374024382534, 0.08671121009862708, 0.06916480238689544, 0.12847097302356464, 0.08703893248300541, 0.1343068246415079, 1.7502477634577573]]
NW Gdpt Gbps measured per flow (DCTCP): [[30.845911709568355, 33.5836966004365, 1.2833397753623095, 2.694226657675245, 1.5669002330130786, 0.6607236498189509, 1.2486500384879027, 1.5568098160811146, 1.0927684439786303, 0.4871531345719473], [1.5322874866443923, 0.7357420125441688, 1.2397790057591744, 1.3407821228484549, 38.76362269916256, 5.587256309647323, 16.027658627668842, 5.7344039300481855, 0.753470919509295, 6.265808223886525, 1.5132743359646148, 6.472583160128602, 1.0587964030384744, 5.9718760412041725, 10.024219156452777, 7.427959333346871, 7.251728923794102, 2.239020495079955, 0.42457444726119686, 0.21782178218371478, 1.4651249534945596, 1.7037943694420825, 1.7675840972393795, 7.124601947840784, 0.4383939341322408, 1.00679184971849, 0.8602988954515548, 0.4093509890562103, 0.39457926246259295, 0.2776364995981027, 13.516562337561577, 0.34011818781132497, 0.4729191342215879, 20.82467957858552, 0.4032766225490877, 6.7485344956176965, 0.19505398816619654, 0.16178594879673835, 0.2059063849852212, 0.13719085394953784, 6.526386995538519, 10.77115911894673, 4.730636270277871, 0.07612891641768194, 0.1062424543728204, 0.31050502024569326, 1.3967834325174808, 0.3758314079542672, 0.15710147773904537, 0.12062843522880601], [1.680269562619246, 1.5283842794777267, 1.3900955691875032, 4.635333102917771, 0.430696715249611, 0.27066961555104, 0.1601498478038737, 0.13216326050020466, 0.07580191177111924, 0.12806488117325862, 5.280436741375418, 0.7803099360672707, 0.5288688559756396, 0.6247216036219739, 0.31355411402658256, 3.6306001574142384, 0.16996866202894959, 0.2161137440853452, 0.22867853796555418, 0.20872749466295246, 7.479117039214648, 1.6723460024672903, 0.7550870311369012, 0.3176636351529348, 0.2500256173532796, 0.20344401656451497, 16.663166849399403, 0.24880738492513702, 33.706502090101196, 0.22306772475366615, 2.221073045731682, 0.8434670116326266, 5.119141186658209, 1.0842896717726387, 0.6540126540607029, 4.278407251521557, 0.4449725234375262, 0.3443320134809439, 7.793042746151538, 0.23190723710626174, 1.696342814825747, 5.042421043076446, 5.462018877038439, 0.5044670683224204, 0.2855337965938619, 0.2336218422369404, 0.3630045442393579, 3.54188819151253, 0.3205787439175493, 0.12641199755891935, 6.599441726424092, 0.40282352941859634, 0.42959427216020496, 0.6171634121177922, 0.3643814026580113, 0.17616295073915453, 0.15768966307440044, 3.8456539082419208, 0.1289258676277239, 0.14786883038638937, 0.4597701149726599, 0.640593776709129, 0.39646978954017, 8.828219119880748, 0.35844901869882245, 0.7886083381661947, 2.9940536385770744, 9.094484822587175, 0.21916256680723462, 0.41594226668971557, 7.486478967804041, 0.4175339009305916, 0.3787052057367426, 3.076428591214065, 0.46097037359245047, 0.07622936872378264, 0.15502183405630185, 2.8314178850510068, 5.538198908103545, 1.2256644382697461, 0.53053053050024, 0.48700929252281205, 0.44243478263227937, 3.1972844534561378, 0.3543307086156067, 0.2565553669193292, 4.318628698858367, 0.3027426160512863, 0.2635046113477984, 4.136790014002363, 0.47317194895467707, 0.9987945584498469, 7.722880835993739, 4.056866660114222, 0.26408498047730017, 0.38970951377824004, 0.1690726411828785, 1.5864191630781022, 0.08433456561601976, 0.7145409764810833], [2.1044605411141606, 1.5424164526094228, 2.536741338630479, 3.1418243844952816, 0.2831397242407714, 1.8335484813810377, 0.22181146026986168, 4.390325498420635, 0.05758627731063849, 1.300832379713903, 0.12078612196901763, 2.0379869056240225, 2.3728636435403736, 0.027917874917997153, 0.015405685827033307, 0.03945242751470426, 0.04763150202301935, 0.03999212353351636, 0.041216768980193344, 1.4240059457442238, 0.7124362491476364, 3.5241783448637016, 1.326333240856902, 1.485887096891111, 0.5323193916942034, 0.2431188677439493, 0.25666188570901255, 2.3189893504872967, 0.1184800368697847, 1.8998330023106602, 1.8104565765027472, 0.4900313114481473, 0.29941902338069937, 1.6783349370186278, 0.025177139157601003, 0.06271518261009454, 0.03675705779778297, 0.0384926903988547, 0.02814332247545444, 1.219912456979304, 1.1690633502984087, 0.4951516402321078, 0.828924714216532, 1.1736367946553687, 3.756690047148699, 0.17416887319912563, 0.9608083725090775, 2.8224314587788135, 9.05678170129146, 0.06256246252452623, 0.06058198430826427, 0.04682707676447326, 0.08811026664766947, 0.056533577203582014, 0.11984354207740924, 3.1937456333165417, 0.1019897219633616, 0.05899705014758567, 0.08063843394556448, 0.06406024063437386, 0.9571428568876249, 4.048997665634575, 3.1005965853454183, 0.9230550622141395, 3.1129868290411093, 0.18429003021061097, 0.18574482199617356, 0.1516362315531241, 0.0956647864619617, 0.13777837765205933, 0.12740334317274565, 0.18639595724631078, 0.06275140788439255, 0.13503621213082714, 0.036732218660333445, 0.03766928416951505, 2.6982649760417345, 0.06345928658620835, 0.06151537884558085, 0.03439602725858782, 4.221574344537324, 1.5316373126276057, 0.7414747887637151, 0.6745140979518041, 3.044665726997075, 0.3585657370196178, 3.0157185760534526, 0.23264942015514822, 0.4256191289214374, 0.2225578252919037, 0.32738935214277964, 0.22193152601184243, 0.12782540919534346, 2.2761338364595605, 0.05868496094529383, 0.095638504002802, 1.9262345085469001, 0.021705871103480198, 0.04472060755897613, 1.4288548877835436, 1.268160950288068, 1.6485590405866726, 1.403477485537156, 2.668379525006322, 0.8782647189220203, 2.3611328921541994, 0.22282608695856534, 0.234181420255579, 2.7630541447858596, 6.631426893948483, 0.11068556876771268, 0.09706292754242371, 0.08890780234755763, 0.07654792801455561, 0.0411681223967652, 0.06711956222488115, 2.495134085262222, 0.10485902402679154, 0.016474345017658047, 0.0681912260400708, 1.0377900553429062, 0.7641921397388634, 5.209562179160448, 0.6711994868381753, 2.1768905767262, 0.40824107343040206, 0.13128618172330161, 1.312708457277539, 2.024131406481031, 0.08192030840782963, 6.146751383980067, 1.2038601689835842, 0.10733848962777412, 2.37622721473313, 0.16633326019879602, 0.07225374949313622, 0.03372000522422841, 0.07084752175492737, 1.8168439865822805, 0.06739119547230986, 1.021649233548976, 3.7886131887287484, 0.9284236656462255, 0.5005213763698496, 0.17531127713303477, 3.886276306980032, 0.1527689369813535, 0.20685840708690814, 0.13528748590921502, 0.2435102792267641, 0.051675218833548316, 0.09506695264177481, 0.0836963455767508, 1.777649686572027, 1.8039032998050881, 0.0711289617327877, 0.03848474264143324, 0.03812095461226235, 0.08158102766736859, 0.026048610398630753, 4.923632014478264, 28.008678892009, 4.9448922047089185, 0.8397790056108553, 0.3254523840477895, 0.8591456156226777, 0.3814056258976851, 1.6710304501597377, 0.13550135501546812, 0.15370716135891466, 0.07974178849359363, 1.9877129406948857, 0.050265486726144344, 0.11200688248494481, 0.03198593058794346, 0.05647922623509291, 0.047440466966631005, 0.026776997815172728, 4.137989355015935, 1.9433205529261774, 0.6574450773823584, 1.40494092410045, 0.47537473232998356, 2.6454950863652407, 0.8141470181142894, 0.5684359518642328, 1.8008149480738487, 20.181138724433183, 2.891878276386176, 0.12221530802711655, 10.372052051902433, 0.11212333566907969, 0.1050109386373268, 0.061900893581259483, 0.0585456877950374, 0.07479735235646508, 0.04075187763514754, 0.05363262742608991, 0.24062250598436516, 0.08229878644150239], [1.6178736518624324, 1.6827896521618217, 6.736842105024015, 7.386839332751658, 1.104161768117919, 0.8726405720907245, 0.8234262669698615, 2.0778365901842206, 0.46922462029047235, 0.3611186044419549, 0.2247792347089428, 0.28204227824164585, 0.16050253189493713, 0.03819918144557359, 1.750932460358007, 0.11574552519714756, 0.11569486056198107, 0.06645987862471293, 0.1172505682269353, 0.05517662628731981, 0.09703869350105784, 1.5674066860891525, 0.12685970244622485, 0.00927569424563716, 0.05276127800811088, 23.134620187207236, 1.1991178081377698, 1.5872142834470804, 0.0312283136712585, 1.4553187199835182, 0.4118143458707229, 0.8322887942572476, 2.0283799101599636, 2.1198460446966534, 1.9389768574967263, 0.36722515493159474, 0.182122336160247, 0.2451171874961406, 0.3758809710183555, 0.25491003982102267, 0.4728197611946309, 0.38151156342842374, 1.840262494954808, 0.1195985586225328, 0.23309238538886656, 0.8407689619110245, 0.10070005385062142, 1.6534356548164362, 0.036789704876785845, 0.04578171091406954, 4.06174175973948, 0.03797355759503213, 0.026897711108418015, 6.256647240943867, 0.0026037561216195, 0.036247753394430156, 0.012911140383466125, 0.11876624798760547, 0.031150085073587973, 0.01138580321296802, 1.8404907982013674, 1.6178736518624324, 3.8870936347197835, 0.7270595133846688, 1.880621693126533, 1.9593383041772863, 0.7897738446817603, 0.16521871665444868, 0.15641369229353905, 0.02898113207611557, 0.20938215102913552, 1.6718486275242705, 0.16844823874898504, 0.23447447447359507, 1.3696971727525593, 0.16706291472837131, 0.17782326850665583, 1.4731887245220132, 0.16247426010478036, 0.07817661006354652, 0.027560774419085284, 0.018426540284344185, 1.0271409589507154, 0.03279372845030926, 1.5321580559246253, 0.025734096884328296, 0.018723392035381075, 0.8702330523262297, 0.02985590931474119, 0.02844957107531941, 2.322238584756177, 1.0966235342917288, 2.700553091127857, 0.3865202574745064, 0.3465743192790083, 1.6644511779446867, 0.1257047786315328, 1.439198208181021, 0.10120808239164636, 1.4379078072961344, 2.475816709797835, 0.14627234081453086, 0.04250107805036384, 0.1918103091416373, 0.07222726363991172, 0.03408485709255394, 0.8962626817361989, 0.05621394860999657, 1.4698246600496152, 0.03590111447439295, 0.01586270554855407, 0.21016902506733484, 1.2844720496883377, 0.7542084263855904, 0.6405211445980626, 1.1100575787051707, 0.014737654627937665, 1.3090445286417995, 0.006987591202651744, 0.016543304952987073, 1.877920119793636, 4.464093513048921, 1.8625954201902262, 0.7350299398958341, 1.170971709688108, 0.42469470832440337, 3.2415783643317764, 0.199182460059487, 0.3643263757306481, 0.15675649523798046, 0.11027123166239339, 0.22149837133892475, 4.4113666101102895, 0.039719205615561755, 0.07378777231295582, 0.0545972617970664, 0.047093451066934106, 0.03226350131213692, 0.06319698315134403, 0.05712517335856982, 0.04852811603329383, 0.04350763709731518, 1.5451578831261423, 0.041266029489405436, 0.034982633074727584, 0.023862072786725474, 0.023590633130964014, 2.5887411828521163, 0.038101515116165066, 0.03068617701399218, 1.293048973200695, 0.26984303687852207, 2.584821583734563, 0.597717936988939, 0.20456870098995153, 2.2535508531050708, 0.13715846994681985, 0.1695140051156661, 0.14338588872832958, 7.89170081392192, 0.08746381652245556, 0.04669077189072919, 0.21053396823189155, 1.8880342004617725, 0.01895543456353063, 0.06969437303533713, 0.04722442955982485, 0.01836608066178706, 0.04233975068179244, 0.024797212933118724, 0.019712870727090125, 0.023141217564871478, 0.018190353244840876, 18.0759716939349, 0.03128136500512006, 0.0181497906057696, 3.1463108660643146, 0.02463123677501014, 0.030016838714524513, 0.0316836120214005, 0.835796045844163, 0.4713932712331747, 1.9827090091046495, 0.29704142008931217, 2.534397650976368, 0.12219551283047848, 0.131344868782331, 2.2017599839716246, 0.08109814870490793, 0.13168076594759498, 0.3378782840069464, 0.07347308595210189, 1.5278810978603397, 2.935916961086971, 0.07101382974923577, 0.087858258691381, 0.8754715344928627, 0.010802127832933139, 1.2657841015054307, 1.3032924118549218, 0.015758145475803415, 0.01920881716189696, 0.015305642387439321, 0.007919575792988836, 0.007780677342621473, 0.010067256551307672, 0.7834702245729424, 1.1748792270513777, 0.033207068770804746, 0.012491379646825977, 0.486752926627201, 0.4674731796277455, 0.23564538355019762, 0.021830089139226978, 0.20672653637688415, 0.11653071416801682, 0.14248470612199465, 0.08976778121473566, 0.2806832652760462, 0.057083764219067884, 2.59233127430747, 0.08688697655073754, 0.06258376188084615, 0.1847132845086408, 0.06055062114548807, 0.05038595052208083, 0.055163115986161346, 0.06667500104139164, 0.05894308943169024, 0.02625590757886616, 0.06252916472235462, 0.06063972025112215, 0.038144288415557885, 1.426424678139781, 3.925920919793024, 0.004874416085564993, 1.3917776212480617, 0.31129515253655315, 0.024177545691946658, 0.3059431296352321, 0.5020026702121618, 0.8048747461101465, 0.502565386035823, 2.250003081598512, 0.23624655016462026, 0.3274151871395926, 0.5646833625774764, 0.15696821515845832, 0.23314576920204175, 1.4338112896227153, 1.4430808234603225, 0.21386971804374108, 0.12204656839565527, 0.04498673740049545, 0.1887098226338872, 0.03996647972748087, 0.04151641528971672, 0.07092303373202513, 8.065547132455182, 3.5187071093811775, 1.599626301792542, 1.4088923234348634, 1.5232196333368488, 0.016121925674541102, 0.9065272707952643, 0.06383858654735636, 0.020029283319356994, 0.01537686864151116, 0.011945359613196583, 0.2008376690194134, 0.5588822355238111, 1.8437348880433397, 1.6021292320102525, 0.4056967922320171, 0.39925140358917627, 0.15271717571855242, 1.4788469593678641, 0.13678836335535055, 0.15348699010591735, 0.16041679287791788, 1.5653568839725567, 0.13588904472261307, 2.1703901527457266, 0.1894208399695001, 0.04288352988277106, 0.05810434572102519, 0.052166476625349574, 3.8321754492255113, 0.06496579476823831, 0.0555637218870426, 0.08307672148303065, 0.041383107446484844, 1.3032812122914479, 0.01757818630779456, 0.8401795943066637, 0.02555719822230575, 0.008367106811406105, 0.020141941030416152, 0.018911715187459783, 0.8934047583827863], [2.664113555430138, 0.7604562735798188, 1.8843259186466803, 0.39268248503672154, 2.3409907798047804, 0.08933556672051397, 0.33549767012039655, 0.17564983356547373, 0.23788472766942872, 0.10809951514178182, 1.3697607830257295, 0.06425279789387482, 1.1762904263377998, 0.04610004995386488, 0.06946830740613463, 0.05815806865527357, 0.05105720804545568, 0.06385653230467314, 0.05062339452407449, 0.0389667321526182, 0.03508986428683841, 0.021470259155030015, 0.0197012467656748, 0.9527318155859684, 0.032063362009749456, 0.9448003366090659, 0.034066746787650655, 0.09580885894310834, 0.024098321150136444, 0.01926103905655799, 0.9877166711698814, 0.12502124972694761, 1.3635007641110624, 0.009521792784125143, 0.008718297101490092, 0.01029083233265169, 0.015764102426437377, 0.011096533312458403, 0.008093291239647193, 0.006321370309951036, 2.0540370231747196, 1.6178736518624324, 0.9736578861410654, 4.264411513486554, 0.41999686566947253, 0.3407880724148514, 1.361046600593426, 1.1452634253220753, 0.15118690942848273, 0.13168219715128743, 1.0039394177963836, 0.10845783429956052, 0.8432099637772349, 0.04272112042220158, 0.9616350817009002, 0.08249467635234045, 1.7134928862050889, 0.05095309998679484, 0.7671979350202595, 0.027369838583425028, 0.026092766466128802, 0.38954176324429046, 0.7726029655093826, 0.7583016945833425, 0.8626486647900206, 0.007792927233830586, 0.015261990614866524, 0.012605930167736763, 0.007189244369175761, 0.010195299905830447, 0.7568365449591979, 0.01055437435666967, 0.008319800181041951, 0.012755940945387565, 0.007371261171550112, 0.9589138052800366, 0.005247065863763113, 0.012261049745276798, 0.009582367213826335, 0.8588261385796356, 1.2838874682507815, 1.295629820529998, 1.1400825438852056, 4.480639330537009, 0.7063369396996637, 0.13082549634861326, 1.7720811040831932, 2.5035485017781456, 0.05016184523932202, 1.3724974958242153, 0.9931185999826458, 0.0980872976948013, 1.767429181387685, 0.9447296889168009, 0.034873233790906843, 0.031150159744783846, 0.9210129993643638, 0.03449282936476436, 0.01738688813548137, 0.9263091409953801, 0.12016752915509897, 1.6227847709651515, 0.023179706897264733, 0.017808405494874148, 0.01655072288417317, 0.04756318574528664, 0.01037148434462196, 0.018893918520016678, 0.012689946314210209, 0.016213452331174515, 0.013095205435568066, 0.010243679047456966, 0.007131929186848673, 0.011059056714266147, 0.008022859654876618, 0.005667277484843929, 0.5595593842681768, 0.011670966184208934, 0.0108774088675134, 0.006917115661593349, 1.0389610385983876, 2.085352985332791, 1.7104808878853275, 0.9810140721050216, 0.4087968952084509, 0.5563158868406284, 1.7831244714776298, 0.9189664826447991, 1.661180178609989, 1.6611889420377826, 0.20198838467671917, 5.35151688327568, 0.07243460764597676, 0.059753954305189004, 0.05980238175738525, 0.061300226938688904, 1.2858227520942693, 0.048698031169003966, 0.49088725754029716, 0.022878526282155337, 0.018946741349493985, 0.1113694685742096, 0.017177185408411847, 1.1009421230571177, 0.024576432426353885, 0.01093784261368174, 0.019074262461793084, 0.016860143725750763, 0.6414166421185437, 0.014098611315477775, 0.016692734252859154, 0.006793620816278673, 0.016123511214487754, 0.6621127095069255, 0.011717576072332946, 0.6854239750165839, 0.008195694983554295, 1.0806125678677352, 0.004021821096901733, 0.005549719189527694, 0.9832227862195894, 7.272548539220644, 0.9806451614656156, 2.415499580041466, 2.2165036480480667, 0.3223856538187849, 1.6219721282677173, 0.5454008388713999, 1.534281884321042, 0.09980833905879388, 0.13031345318075593, 0.06977985013785394, 0.17903981069431785, 1.4095265547334916, 0.10387828906314062, 0.04935805153241686, 0.050178688643891745, 0.0665372243320117, 0.01766345821213257, 1.1524012028633006, 0.8836823324393209, 0.10333943564194427, 0.06998197783118067, 1.4338572277035715, 0.028779377344670537, 0.03886811789496963, 0.04502588988653237, 0.2853264582878526, 0.046213577594141936, 0.0140589653947786, 0.023114121611131678, 0.019211218816346593, 0.795655460891068, 0.017857019453333595, 0.015305235086054083, 0.7733508598245626, 0.01246264465017894, 0.00698557935931241, 0.019104119117094562, 0.006522518996839485, 2.326082530731615, 0.6782638068316349, 2.430225337396806, 0.24387806096865905, 0.5284825274788989, 2.207614808034138, 0.356324455579959, 0.19486152819528565, 0.15267527675494474, 0.43598647960508574, 0.09945022236137993, 0.04110365996038029, 0.12733441136338397, 1.6411687581897143, 0.11306474449555615, 0.0883703424939202, 0.056275199451250084, 0.06355743804567841, 0.028966209981706074, 0.05611633875131206, 0.025985256741152055, 0.05748799752166966, 1.8636772402539432, 0.0342759211651524, 0.04297263180526067, 0.01657067445105361, 0.1022564152193284, 0.06969368501330711, 0.04319436701515147, 0.019791906225460447, 0.023484179352626366, 0.038182307071814144, 1.1334145047344004, 0.032642055030321804, 0.031634758302301266, 0.015382346123868249, 0.030990615224251467, 0.012594433099654577, 1.5744518908222567, 0.02433079221575526, 1.128304070839965, 1.5246474577876352, 1.771011212905685, 0.3045812008392513, 0.9674294304708936, 0.31017173054425656, 0.28357438015193104, 1.5625151692985888, 1.141355642890718, 1.229210134137419, 1.2127820756202174, 0.045684195546472836, 0.04716191426040136, 1.0524742714688606, 0.05144232925977235, 0.08948823562589633, 1.0950905255897128, 0.023812673633984156, 0.026416913838270464, 0.030649775235072684, 0.8271215897712276, 0.4863655583335726, 0.2851978491797935, 0.058593812604549565, 0.01159141314812328, 0.04077653227700047, 0.01120047005250692, 0.011819611864807497, 0.010485495065132796, 0.009031813374254176, 7.132199350935485, 0.02621959287056264, 0.015229254672955272, 0.013270763440471199, 0.8330469448065254, 17.30801599688693, 0.931293950415542, 0.7815705990240355, 0.9248098212403498, 0.9007571672402582, 0.6027664767710292, 1.9783964670785819, 0.2551594746402337, 1.5546438339846649, 13.20655935733317, 0.18496512529293402, 0.1982929671404355, 0.24987798926198304, 0.09203486849488249, 1.091694340527441, 2.4869460600881927, 0.08296519096336126, 0.17039076076150889, 0.06111613338562442, 1.5291491371163928, 0.0391747549139054, 0.9353116470349736, 0.038681916647519674, 0.8368877471007797, 0.02401125098606642, 1.0175498089495245, 0.01820613369002531, 0.04436858629936742, 0.01850687338268258, 0.013882156775280215, 0.003976194472076807, 0.011427217145911689, 0.13867260119644523, 0.010776519621700177, 0.0065992022415871775, 1.0121857489140493, 0.01597329464800153, 1.0509713784297408, 0.013528058330017025, 0.01085694997388085, 0.007708136902023793, 0.008963325357980015, 0.006289538472786961, 0.009535393243593128, 0.008030426036499451, 1.290030676134163, 0.07386867156317915, 1.432884326877193, 1.5358916080024299, 1.250141253464486, 9.275805068360288, 0.06421887073201202, 1.0008449922522449, 0.023274984241045214, 0.029165403577142125, 0.7441385597078735, 0.03694348372402854, 4.104946729292854, 0.02039377583769859, 0.014214160748612484, 0.050059103577599275, 0.023129472839139766, 0.6358612857655578, 0.9670366619179346, 0.7851915016657528, 0.025238273842279516, 0.009518556052963251, 0.007808772394860213, 0.005800474421500155, 0.01571783867844071, 0.9033162979367393, 0.026565966763150414, 0.012007197296602538, 1.0025642167495048, 0.011293028201992199, 0.4831420611457737, 0.009271056412484605, 0.006990959815071501, 0.7778750568179688, 0.020793467759562898, 0.0015116381762597588, 0.005234740370527079, 0.008638544192865494, 0.4045191759997203, 0.008676219271722298, 0.9447792800276392, 0.06828500514240789, 0.20473494137519435, 7.315737507811278, 1.4489724339772354, 0.09587789541396789, 1.5562468304997665, 1.2162051176272282, 0.24095646842399351, 0.0533847408618744, 0.1580125984750989, 0.0736251402915705, 0.16775454860641761, 3.9013618174535263, 2.120809541351515, 0.05437922713473728, 0.9384448933857397, 0.03299039197334092, 0.021473278767334878, 0.03161279773266303, 0.7238512772958995, 0.012252269607686744, 0.0257585716306532, 0.014480571899380823, 0.018392389248050738, 0.6283082983608969, 0.7339314585578343, 0.008732575182849023, 0.018455475146887633, 0.007535760875572028, 0.015370669846808075, 0.9828632890955624, 0.016610850636332334, 0.014136750079337072, 0.007680168332484692, 0.007476032866338778, 0.009764561700975003, 0.011310874154206103, 0.014879179320294337, 0.8487561126380955]]
NW Gdpt Gbps measured per flow (XPass): [[3.671595416085071, 5.159024324868838, 0.43644012090820955, 0.9806719418691353, 0.6146596858837141, 0.23764617125929835, 0.45553470915310396, 0.5907440171134346, 0.42140845069979527, 0.17905373500136718], [0.5483028720890154, 0.3082697359982272, 0.558347847797412, 0.6247675716223065, 35.016103935974655, 1.4712492006648317, 16.595574708860124, 2.651945302613596, 0.5033212182368366, 2.2691222005187943, 0.53291780279639, 2.7924237434150467, 0.5657262535321423, 1.8752622464530548, 7.421929999334131, 2.784863280560111, 4.478330940290005, 0.34762485277670185, 1.1163987137882858, 0.5730337078906054, 0.5075591162263378, 0.693658901225748, 0.8538717222031217, 2.0363860885501635, 0.3136481321799502, 0.46997389029973485, 0.49141690637642665, 0.23306031271567865, 0.23461069989169073, 0.17405983304823122, 11.635238288620313, 0.1927979901501297, 0.4124718256970395, 16.899909443315575, 0.5959031657104243, 3.2708596405866617, 0.263281617285341, 0.23069001031757694, 0.3318908749305793, 0.2207828780918678, 1.735868602192597, 4.573668139405455, 2.200506318112778, 0.22834574993511453, 0.4201853759355865, 0.19479176461292794, 0.12303990063821564, 0.5029985007422777, 0.2966808826061926, 0.2306976744292444], [0.5802948022735785, 0.543900543815385, 0.5970149254400559, 1.1156657753744725, 0.6705653021151926, 0.06904747614153842, 0.38319327725640906, 0.43421052635777896, 0.26866851049078744, 0.535858735310243, 1.2266228349602362, 0.32506329114131377, 0.29942884917274853, 0.5455871626365831, 0.4657673191823279, 1.8092551566600836, 0.018116865102910978, 0.3885259869348318, 0.41262683203294326, 0.38180295843528556, 0.45504260952057834, 0.6428211585701232, 0.3825136612822184, 0.3002057861736544, 0.3009744664699692, 0.3199268738796974, 14.211496497832185, 0.3835354789597035, 23.27885238042988, 0.044653349001214745, 0.8697633210950335, 0.32933451194391633, 3.113483262514101, 0.6643229483466473, 0.4794336629225332, 2.7718120805329365, 0.7272727273100761, 0.565646832004384, 3.3207294874946705, 0.4030576789304104, 0.5848936441628878, 1.5739609321351171, 2.736899897245092, 0.5874667311855455, 0.4387284639743665, 0.3629208570107507, 0.06120218579223771, 1.0628835092100961, 0.8361080280332809, 0.364649090249236, 2.7865469283402082, 0.22022125031641582, 0.24491878562142558, 0.7242575003853527, 0.04000461414242297, 0.2842549411416914, 0.2534256667403514, 2.4894756068238943, 0.2553254657276355, 0.02508725131247097, 0.24564994885685154, 0.3802423112900561, 0.24463806970643293, 4.886180336636962, 0.2999759634922767, 0.833385044932593, 0.9714065726374268, 5.115125842233282, 0.06975722413175085, 0.13776618861337386, 4.884314615182226, 0.22792218970036018, 0.21907524313272458, 1.9474161166063444, 0.4311992931246446, 0.014989627712866004, 0.20672586985277702, 1.5563768894634156, 2.9970623773099176, 0.312479215164687, 0.19105984138926455, 0.22569871678767617, 0.22315789473694492, 0.4438078365605113, 0.23431779349055767, 0.21974470836768986, 1.2793966600839413, 0.3414888079421556, 0.30775994725479794, 0.9552695570791301, 0.1704882654437118, 0.4979395604738418, 4.007137007432188, 1.6412375138432094, 0.3088778799884253, 0.09834133961905225, 0.02509298459096671, 0.4603368318297686, 0.22149738299185082, 0.2796711085932604], [0.714748154906947, 0.546590317554238, 1.8873816264395689, 2.251308091203694, 0.30042621821761323, 0.9271552541684079, 0.33083891295478157, 7.22843570920736, 0.09064609450822496, 0.3981518354497852, 0.31772797870854785, 1.1661217570302962, 1.4881506688977257, 0.17181427694992385, 0.09380844074164418, 0.24719101124112802, 0.2947869554771825, 0.28609078929299486, 0.2991026919289147, 0.9340738251950295, 0.23695198324476782, 1.5185031051902305, 0.6000750092984914, 0.7015706805619425, 0.46219874543700795, 0.2621722846241191, 0.4795148438331795, 0.8976183735078029, 0.32665319089138517, 0.7169508238426098, 0.5081162522339828, 0.2616200413652691, 0.2662283604065585, 2.1461084812771016, 0.12182387747467051, 0.3217733904878702, 0.19501173198979707, 0.20885001958747004, 0.18082481494324332, 1.1675849528938504, 0.38933471396479696, 0.28663561447489455, 0.6040145984909608, 0.12448950852087508, 1.9842267062794618, 0.17096649981158035, 0.15429194000878355, 1.5697162437394152, 14.539575085821276, 0.16965919101323212, 0.027414190213630164, 0.14767386418137507, 0.04182931925434827, 0.1813212452347092, 0.06844141488680511, 2.495201856704295, 0.3604610548327856, 0.22416737831554964, 0.3056170302463959, 0.2412535319660754, 0.34148827722561725, 0.9101447864180136, 0.2813199940287329, 0.06706482967988243, 1.314358152546696, 0.052548456568504875, 0.026379147911571296, 0.31562306689003705, 0.034085949881853976, 0.34324142570467986, 0.3440050219711812, 0.4900358591320486, 0.17491730672504727, 0.3876376236350647, 0.10889105758029978, 0.12194897300871622, 1.6053847658090916, 0.22490963450790524, 0.21870554765578, 0.13902163524039413, 1.4893288765596446, 0.5927047835358811, 0.31226218243406656, 0.3010017102831601, 1.5186788180786117, 0.29095947347695983, 0.9723381484430267, 0.2891032036253523, 0.5137085137173144, 0.23606778516170526, 0.05520224962075214, 0.37442922374206705, 0.30609252100541046, 0.9466176167199994, 0.16322777170397548, 0.2815628026981664, 0.7128985147612393, 0.08259801691933066, 0.18285298001172387, 1.176241055914606, 0.36828484040852977, 0.49381207023474327, 0.4722118052930156, 0.6900670183006538, 0.5218992502791373, 0.7340236744084101, 0.260909090914755, 0.05954723431317093, 1.492910646469687, 8.702512450462397, 0.05845785633424939, 0.06366924141639808, 0.016175283856569665, 0.25437141638736527, 0.15571946057720037, 0.2556082016045025, 1.5858726667351488, 0.10275704156399561, 0.0720149105732828, 0.3180958385880697, 0.3507880780071035, 0.2963590177773373, 4.453499525379069, 0.351754739822364, 1.4360832747843704, 0.33980227025874044, 0.00917289213410051, 0.5479138682903961, 1.3496306589637261, 0.007733534253608527, 8.528925207579164, 0.7170710376694984, 0.05951541349018956, 1.5629221596542273, 0.061704338167481276, 0.28320341591424897, 0.13605442177700283, 0.03186674679434618, 0.7635400472500223, 0.30804450344865586, 0.32004876932535725, 1.228062873713383, 0.32663755458552557, 0.17277373839122195, 0.027482516702486737, 1.677245618304657, 0.028960732062940253, 0.2544939041828403, 0.03488589405474656, 0.4226672347853254, 0.029562774848554352, 0.01768219489236478, 0.20559659727973442, 0.9382613802963636, 0.8567654729890046, 0.18537120669123305, 0.10069372326370701, 0.11922503725646706, 0.2544483254480153, 0.08240399043192803, 4.597690822246672, 23.053006376122866, 4.387854044404185, 0.36117129081866994, 0.17287588578088794, 0.11654526534784156, 0.29713983052509135, 0.7809951308260425, 0.2428166734197643, 0.2930470230455697, 0.2325967768716017, 1.0261578352000387, 0.008074467056745659, 0.04406330005303718, 0.006413117138580305, 0.24422509414039578, 0.22163231816086046, 0.13085555908787558, 5.637141183464705, 1.218017861345657, 0.19002822200899597, 0.40517308142035374, 0.13704761168691373, 1.0712706565836063, 0.33796329614058335, 0.2880504949294917, 0.3144131672036378, 18.05248545134983, 1.0096421922980678, 0.2208602755042057, 11.427193451757562, 0.2584814216486539, 0.05582260815586022, 0.15988250104945373, 0.00913096661830154, 0.2607135738318107, 0.1465461906831957, 0.1909391405923417, 0.10517537404897699, 0.3194081025130638], [0.5427057760057583, 0.5629703964719925, 0.4422150616176359, 0.34045152022166697, 0.5321246458862544, 0.49649559122417664, 0.4939518249873558, 1.2675210443777996, 0.4589074562976351, 0.38596828450159637, 0.23223666023749573, 0.04635968000741461, 0.013502801399930956, 0.006272018245794206, 0.880022549466853, 0.010269199735925159, 0.2549679385245802, 0.14805023132518225, 0.25894299563357637, 0.1214906136269747, 0.20481525625765784, 1.3022205838713727, 0.27684922539068574, 0.025620749644033575, 0.013273559313544911, 19.525758367134415, 0.8728789818228929, 0.9197511127081317, 0.0936615824891452, 1.0243744213849617, 0.16576086955244948, 0.3754806604954621, 0.7778399387161643, 0.8246840174574054, 0.8977048440755782, 0.4886988393848131, 0.2474063827501376, 0.3899786365835807, 0.6687099470038953, 0.4677419354508773, 0.9013065987586906, 0.031546524110291026, 1.0091949972502132, 0.047967703020973015, 0.6608183030635468, 0.14492627885376888, 0.048748696558708296, 0.9619240462447384, 0.16679405520260307, 0.01931776152942109, 3.979409156499973, 0.17176926734238449, 0.12105535437432419, 6.328273943837175, 0.014638609332012196, 0.20103308669336784, 0.07156791706028713, 0.17123635614721128, 0.17811038352974376, 0.006710905757883316, 0.628601362017163, 0.5409582688547074, 0.20079037074985154, 0.30291926222269455, 1.0356429062490558, 1.1306458755760063, 0.453734041326858, 0.23046667374637575, 0.23300970872495522, 0.0032380288499474145, 0.3256710662840969, 0.8620432991249776, 0.33871898438679665, 0.531590413933855, 0.7774379324434378, 0.5052857526163412, 0.5425493155717814, 0.6696873001260142, 0.10057737009217564, 0.2784612380365997, 0.029997993092155468, 0.021991945336729688, 1.7863872433851324, 0.13432733739098274, 1.0242951067965202, 0.10612164685016195, 0.08346134152827338, 0.8908275501764484, 0.138300822782555, 0.13558539049918, 2.3761964605528565, 0.8006059715325076, 2.450656681727869, 0.48558652843258227, 0.057364428210928686, 1.2938879611085932, 0.1985691341792744, 1.0014575136710373, 0.03327787021622416, 1.3204774260502903, 2.419175616325862, 0.06382193679649169, 0.008927051066041317, 0.7562838675589963, 0.30517286197907323, 0.1481481481584406, 0.8695248091159724, 0.3277558507684513, 1.0005391389175005, 0.014634094158882184, 0.006754199540039699, 0.2490318898865053, 0.9318138993793622, 0.5908542680030989, 1.0038235895070393, 0.9162520999541515, 0.1262741622041508, 1.0117674006629962, 0.06908264011108992, 0.16527512608862133, 0.6471046481807919, 0.5949668751587487, 0.7967847274803869, 0.4262152777556635, 0.706456058600881, 0.2576131687362923, 0.8895456708070785, 0.259639604737363, 0.5000813934367507, 0.22673198038870115, 0.17259377828783723, 0.38782412625187124, 4.712122833293213, 0.09977768566913203, 0.17855877560000086, 0.13008345475846997, 0.11574632264104891, 0.08067672115227352, 0.16257750615575284, 0.14454756380485748, 0.011478283173729233, 0.1115212083379797, 1.4431916483577982, 0.11582636829553981, 0.09749853325691912, 0.0684902459701277, 0.06812190235214183, 1.3504126237197867, 0.12396926297778119, 0.10451258021774375, 0.12270099596305636, 0.15997888068031438, 0.6101947475421707, 0.1144495132228517, 0.05528934758595261, 0.5405496091981403, 0.20160642570555354, 0.23956799215122473, 0.21436040432083497, 8.479680924728891, 0.13861246382994863, 0.08389830508417509, 0.3870105572586904, 0.5935444351499182, 0.03691220262357719, 0.15969536502904244, 0.11120681973349175, 0.04945009048930152, 0.12184896247734223, 0.007463078782780484, 0.0630100196240105, 0.0755235502192838, 0.06231782088750745, 16.627519473816314, 0.10941537861632991, 0.0645633198409473, 2.560037804950818, 0.09601683163500821, 0.11750656795215238, 0.13337420708698627, 0.2918180497014792, 0.17961903382083597, 0.7551380546694139, 0.23879177071275637, 1.7929473982653765, 0.1279899286616362, 0.01564781863716994, 1.3397776417558804, 0.1117216117281675, 0.046340422094164634, 0.03282045165397958, 0.1366892694340881, 1.4233904603402556, 2.4167472918147777, 0.21719359612438047, 0.10885782926303456, 0.930088472646807, 0.04514606796254786, 1.1764319635942793, 1.1601141968055881, 0.10358246267784103, 0.12640403136522876, 0.10349215325581186, 0.057063490193685125, 0.05661831686596509, 0.07705876891718266, 0.5646247036965423, 1.0688902865314265, 0.11220797167315906, 0.11161492849614944, 0.2273054236644515, 0.35802109432933765, 0.2192424809037037, 0.0017721659190333499, 0.016442174036432528, 0.17527020824854733, 0.053923100968896444, 0.14231014676900489, 0.13333750534582312, 0.0937627395021391, 1.8819766012700132, 0.15943177482330903, 0.11684948645060624, 0.12013982754656619, 0.11513859275483226, 0.012766699696818316, 0.10824514991050552, 0.1309686221002636, 0.13044367205348337, 0.06059075990916323, 0.14587559998265967, 0.14489334512686036, 0.09214618973240772, 1.0147879650437064, 3.9530831371918196, 0.013616699368623364, 0.6689125810832428, 0.397336359291256, 0.08663314232443656, 0.4119347527170502, 0.21665226160443904, 0.4213212361710456, 0.28001673406667904, 0.9544415918503304, 0.16932612423689478, 0.25294610083431107, 0.42622358679267147, 0.1408976187871296, 0.049897750511392336, 0.7862649337812497, 0.8584970179367477, 0.3659029057983855, 0.22792022792124358, 0.08912556053511002, 0.04762626109600873, 0.08146371908158603, 0.028525261230260553, 0.1556167936391983, 8.388361153636579, 2.9910848878567577, 1.0047723421788932, 1.148287125007331, 1.2696654426405434, 0.05978304539971537, 1.6488777159291843, 0.24818133895397593, 0.08156101590056469, 0.0729776955505336, 0.062122692318797856, 0.4387074307671509, 0.296714941704743, 1.2248612704139674, 1.0145184411267234, 0.3774145616501206, 0.3690036900421625, 0.015909912702077825, 0.9275902323090183, 0.010201918966619405, 0.04073448237034117, 0.013935301887695364, 0.907559723419265, 0.26779955980940146, 1.5383639153705977, 0.1380572040529499, 0.13128237573714613, 0.1869668523375358, 0.16574835836397941, 3.3652538262790563, 0.24637548453971894, 0.21710412957366726, 0.12281109561411249, 0.17549956559863683, 0.9124111192357798, 0.08685312516178398, 0.7423918729489933, 0.13778537664979454, 0.046670690003384925, 0.11320382605058586, 0.10735761427274847, 0.6812002105172659], [0.6264383792941832, 0.3354498622407762, 1.9368734632476734, 0.23014861992406546, 0.5661728717023095, 0.08273864928593627, 0.4503691550258105, 0.2544633695895688, 0.43829721836973373, 0.17834896071616826, 1.0820591990656443, 0.02221453413204594, 1.525219047334754, 0.13459735388831967, 0.0461396113912188, 0.20218948506705198, 0.047648952037112, 0.2355122855714379, 0.1957499826852049, 0.14417878169162046, 0.12487762428060067, 0.07610064578267084, 0.06858078714614922, 0.8344069000049614, 0.11225319118147382, 0.9828923682593705, 0.12755278643102996, 0.16892530727862562, 0.09342883836802346, 0.07583450778837161, 1.7427904786943575, 0.2160423019879977, 1.6773711573204553, 0.04644949863713246, 0.04320154291276426, 0.05178350089572744, 0.08020632291111984, 0.05685903975070912, 0.04170183190226483, 0.03279555673119273, 1.915136281921267, 0.5383235067432552, 0.3564888291621156, 0.4372720221145833, 0.27989556135817295, 0.42190384108777884, 0.9051495347225703, 0.76168993141938, 0.29469901168722856, 0.04498900408436559, 1.2515364618745926, 0.04657377362051345, 0.514007367469624, 0.1259530646621233, 0.7194799774561271, 0.26359696137683397, 1.8142747235427, 0.022892703205788976, 0.40059741965042744, 0.010459188995614035, 0.014503305756854313, 0.3281879469580177, 1.0988491707313635, 0.5066675212303425, 1.172636190873914, 0.053321976149238746, 0.10713767440004529, 0.09233305853092189, 0.05282476859259725, 0.07621216434077596, 1.9359624659431245, 0.08401166431218783, 0.06562256395701588, 0.10115463139314462, 0.017050070245476247, 0.7735142200462494, 0.04332460732998219, 0.10254405681014785, 0.08062637504781711, 0.6933052721832851, 0.48749696531277015, 0.5862510178651068, 0.5366857142243167, 0.22591801981142873, 0.4039332669960418, 0.18022167844159656, 0.3713760680913458, 2.438255023056773, 0.10096291743676788, 1.71340890363857, 0.8894165938742438, 0.21004113305880598, 1.8384330117607106, 0.5899746838736719, 0.0912093096391872, 0.0806701830611981, 0.5238647394720439, 0.10510784795519323, 0.052771166270361186, 0.5547707560441667, 0.1933065414880588, 1.719044986506621, 0.09538899045273899, 0.07750897825618239, 0.0774164340143449, 0.08857266529496498, 0.05076050107812611, 0.09973668655158688, 0.06953751320265122, 0.08877125114726533, 0.07245130280607673, 0.05699438437742469, 0.04072918377380923, 0.06413898958124864, 0.047308901200898604, 0.03477145148338105, 0.46353481798972956, 0.07279991121953046, 0.06808996243489056, 0.04381572358590852, 0.353624652625809, 0.5747451780565364, 0.8304597701104912, 0.49778986739567516, 0.21134767585035474, 0.3208533333530795, 0.8670604429105131, 1.1383273880156728, 0.5966938744067316, 0.7788317046990993, 0.342713987485099, 5.600862009673616, 0.18928688794627946, 0.027004713283948743, 0.03179267119743436, 0.2529609430813661, 0.7643434431948928, 0.21127596439501248, 0.3468259308619337, 0.11021544774863848, 0.09148309246604111, 0.1396817721632589, 0.082383873792187, 0.8631446272424896, 0.12366897067226411, 0.006888838943596969, 0.09692661847026936, 0.08513772849791543, 0.5729118265606148, 0.0743657705432465, 0.0876250186587897, 0.03665440135861866, 0.08852977340393522, 0.5407898635512998, 0.06696681674106165, 0.6036192087221138, 0.047709765593034345, 0.67639903206022, 0.0277638819405499, 0.038897691615210436, 0.33201581031302685, 0.26920417743552705, 0.3259745174551845, 0.5180001416231813, 0.575818675250733, 0.32901501130842964, 1.409001451070926, 0.8287253141981115, 0.5667285721004947, 0.18414731785163443, 0.26606598648285734, 0.18486878493702985, 0.5653249144841396, 0.6135650949098376, 0.34375322397687014, 0.15855787834392926, 0.03568649826238916, 0.21381012246771397, 0.06544275643862217, 0.5487657384945887, 0.5532529327604644, 0.0986144578317873, 0.2581271816728873, 1.1995735726274102, 0.11844188746987466, 0.1602420322367836, 0.18236158249312595, 0.2744323185221944, 0.21743853503869445, 0.0666194188541821, 0.026370693475695175, 0.09423739944287703, 0.5215386144518799, 0.09599167873769565, 0.08177991581428479, 0.6747530178634056, 0.07161581397009253, 0.04052617592297552, 0.11275185403662422, 0.038957244424776105, 1.0338972137761866, 0.2962307295331067, 0.9788874882675515, 0.16729516625957763, 0.3702709954212599, 0.5345614691963864, 0.30662748937694695, 0.18926626912944666, 0.16398315580601516, 0.5574566337242938, 0.025333618782696646, 0.01276181400056035, 0.01396777256465978, 0.4488492800873024, 0.2081911262689245, 0.21424335051854027, 0.040490256591453604, 0.1719858156014703, 0.07788700103591294, 0.024923633379482894, 0.07289725155904844, 0.16307403935945214, 0.655257876110433, 0.09625184010703529, 0.12958613428163568, 0.050157403243958086, 0.10528500851127418, 0.213267813260808, 0.13565175681058295, 0.06605572870741157, 0.08069627315270296, 0.133647058825796, 0.9092161590301548, 0.11386373481264378, 0.11464174454614755, 0.05666492014467411, 0.11436047406505512, 0.047275610769035074, 0.6177823058077166, 0.09705642733188302, 0.4224212655391176, 1.1970252294682848, 0.17575417283569067, 0.16335274819465564, 0.7042373396427615, 0.2770011207557929, 0.24778561354995055, 0.9373965853644385, 1.039110057152444, 0.5474682344091528, 0.8578847143237687, 0.10124586027850423, 0.01252927677492325, 0.3942514406681162, 0.11748232642420042, 0.20705636606789507, 0.38171790305247244, 0.07068327162704162, 0.08806409975567221, 0.10134890567196395, 0.6845353171347869, 0.3507875030846638, 0.16994907496586678, 0.22682714976822746, 0.045347576073568076, 0.163579621445768, 0.04825281309886824, 0.051028065436278226, 0.04704476720302354, 0.04219175040378286, 6.706604984425671, 0.12346470148574773, 0.07416825598490705, 0.06641754451085054, 0.6641791408297304, 16.78759419459157, 0.8404434396237938, 0.8546629786968305, 0.7066270822428772, 0.7516288017765059, 0.2582264361365588, 0.5658126363025282, 0.16380348651495336, 0.9753127003544747, 12.977118092399754, 0.22568951931443176, 0.06520095688731616, 0.11847082494986422, 0.18542247682319704, 0.5462727976293413, 2.201417861269505, 0.0269200075230912, 0.10964326356932548, 0.047693331876189536, 1.3678904943181398, 0.11003945637912511, 0.5463077980606222, 0.12811283332539744, 0.5629016687352242, 0.09297177642431108, 0.6937092723337956, 0.07994267059499902, 0.20111945287999405, 0.023924246455156027, 0.07427899578134546, 0.021244675898540767, 0.06133640473676537, 0.1288247040074001, 0.06316428788356855, 0.03959953374733146, 0.5772888420563768, 0.027582120106007194, 0.9615409386724262, 0.08678574768445142, 0.07204442944353075, 0.0512273212378602, 0.06093896998634629, 0.04404223227732932, 0.07054016703750071, 0.06025958436453849, 0.8663841471021836, 0.11414940141885122, 0.36955570078569366, 0.5558943272055767, 0.7712494242676754, 9.79951786178317, 0.13793527368441924, 0.8167074616690003, 0.06474674580192308, 0.08171841122995262, 0.9659838564628823, 0.11719504427674547, 3.8578627518211768, 0.07182726496258407, 0.05095043663390685, 0.17940844961034316, 0.0887981241955569, 0.8094568566182828, 1.244895772442146, 0.5547415127437701, 0.12141447867599017, 0.04927858672676043, 0.04163825930778746, 0.031278660037728875, 0.08502303777470606, 1.0720572373614778, 0.14370191390532314, 0.06515837103932982, 0.953386901556266, 0.07415761583285707, 0.40813555168651255, 0.06261251640061649, 0.04872478111907439, 1.0190223430834535, 0.1509821078377048, 0.01110826025954229, 0.039296638389258384, 0.06609878698497752, 0.3210829977051479, 0.06739548293951313, 0.40548098432687424, 0.06303084487795783, 0.023482725469073117, 7.921787107623649, 0.6060101902879406, 0.15612829824844263, 1.64717718418065, 0.9987405166238781, 0.11719863939214151, 0.10406504064997107, 0.33590191444808054, 0.04425597532767572, 0.054360876517648114, 4.592925253525822, 2.2226099729517705, 0.13342228152289237, 0.641364733904732, 0.11718008456204211, 0.07651890454462233, 0.11737326722787607, 0.44473164509394053, 0.04849778862230113, 0.11553316540957664, 0.0624472876708656, 0.08350374308611576, 0.5044787304821672, 0.7202392951189489, 0.043383356070449484, 0.09212400786791569, 0.039429558620356936, 0.08457192092905542, 0.6915796315582604, 0.09330476175034288, 0.08178509257953215, 0.013533367630228643, 0.04636775503762955, 0.06134720205011514, 0.07134977237108561, 0.09550902392557804, 1.1993254714562183]]
* SSIRD FCT: [[1.8692999999458948e-05, 2.35840000009091e-05, 7.694000000668666e-06, 7.912999999248882e-06, 7.870000001020117e-06, 1.0804000000419478e-05, 1.0871000000634012e-05, 1.1129000000664746e-05, 1.0904000001588088e-05, 1.0639000000978172e-05], [8.493999999359403e-06, 7.532999999781964e-06, 8.06499999939092e-06, 8.101000000593217e-06, 0.0008302449999995076, 6.852199999940467e-05, 0.0007632590000010708, 8.010800000057827e-05, 7.130999998494758e-06, 0.0005779110000005971, 7.889000000815827e-06, 3.4731000001286816e-05, 7.564000000570559e-06, 4.111700000031249e-05, 0.00011334099999871228, 4.861200000050303e-05, 7.00519999998761e-05, 9.926000000604063e-06, 6.1149999996956694e-06, 5.006000000307154e-06, 8.700000000416708e-06, 8.328999999918096e-06, 8.444000000551455e-06, 4.292100000036214e-05, 5.950000000254363e-06, 1.1279000000641304e-05, 1.1313999999984503e-05, 1.0516000001459247e-05, 1.0581999999814684e-05, 1.0206000000678728e-05, 0.0005817319999987802, 1.0511999999351929e-05, 9.521000000844992e-06, 0.00035618599999942546, 8.369999999757738e-06, 5.5564000000174474e-05, 9.851999999810346e-06, 9.535000000227e-06, 9.843999999148423e-06, 9.187999999937801e-06, 9.756400000071608e-05, 0.0001320129999999864, 1.6502999999445933e-05, 7.537000000112926e-06, 6.404000000514998e-06, 1.0911000000390914e-05, 1.4748999999980583e-05, 9.730000000374162e-06, 7.901000000032354e-06, 7.756000000469498e-06], [9.379999999836741e-06, 7.9920000004563e-06, 1.45859999989284e-05, 6.574899999911565e-05, 1.5081000000805034e-05, 1.2659999999442562e-05, 2.7860000013646413e-06, 8.350999999962028e-06, 5.001999999976192e-06, 9.291000001354632e-06, 6.349100000058172e-05, 7.012000001083152e-06, 6.563000001236219e-06, 7.536000000030185e-06, 6.536000000778586e-06, 2.8244000001009795e-05, 3.83999999975515e-06, 3.78400000045076e-06, 4.753999998996505e-06, 3.5729999989797534e-06, 1.6675999999549163e-05, 1.15810000007599e-05, 7.929999998879111e-06, 6.064000000804981e-06, 5.707000001464735e-06, 5.071999998662591e-06, 0.0002606539999998603, 5.112000000195849e-06, 0.00039308599999898775, 6.314000000173792e-06, 9.529999999813299e-06, 8.0619999991427e-06, 7.593499999991593e-05, 8.743999998728214e-06, 7.432999998613354e-06, 3.558800000114104e-05, 6.898999998838917e-06, 6.380000000305586e-06, 0.00013248700000012548, 5.53699999983337e-06, 9.855000000058567e-06, 8.466099999893117e-05, 9.519500000010339e-05, 8.292000000409416e-06, 6.7890000003956175e-06, 4.856000000330596e-06, 8.791000000840654e-06, 5.456499999922926e-05, 8.218000001392056e-06, 4.367999999033145e-06, 0.00012106299999992132, 1.1359000000155106e-05, 1.1187999998441e-05, 1.3801999999785153e-05, 1.2871000000913568e-05, 9.437999999306612e-06, 8.441000000303234e-06, 3.618500000079905e-05, 8.344000001159202e-06, 8.889000000067426e-06, 1.2488999999504813e-05, 1.3829000000242786e-05, 1.2292000000968528e-05, 0.00019631499999839264, 1.1937000000017406e-05, 1.5950000001652143e-05, 2.8048000000779894e-05, 0.0002335289999990664, 1.1391999999332825e-05, 1.430000000013365e-05, 0.0001551250000009219, 1.0760000000331615e-05, 1.0100999999096416e-05, 4.558200000026602e-05, 1.1888999999598582e-05, 7.977000000991552e-06, 8.241999999825111e-06, 3.925300000062748e-05, 0.00010282499999902939, 1.4764000001221689e-05, 1.06510000001947e-05, 1.1288000001385967e-05, 1.1146000000294976e-05, 2.0478999999795633e-05, 1.3397000000026082e-05, 1.2384999999781598e-05, 4.926899999979639e-05, 1.2253999999600751e-05, 1.207499999900108e-05, 7.13900000004486e-05, 1.0668999999907669e-05, 1.5018999999227844e-05, 0.00016873400000072536, 5.518600000087304e-05, 1.2869000000748088e-05, 1.3655000000056816e-05, 1.1064000000615692e-05, 1.7834999999521983e-05, 6.865000001354815e-06, 1.4195000000327695e-05], [1.144500000016535e-05, 2.564399999904765e-05, 0.00022831799999956104, 0.0002762159999996072, 6.066999999276845e-06, 8.682899999890026e-05, 6.773000000848128e-06, 0.0005576630000003746, 5.0240000000201235e-06, 3.540900000054137e-05, 1.8904000000929955e-05, 0.00015890200000079346, 0.00024056700000052444, 1.9741999999212112e-05, 1.9754000000204996e-05, 1.1328999999449252e-05, 4.586000001083335e-06, 7.591000001028192e-06, 1.2170999999838727e-05, 0.00012100200000020322, 7.810000001384765e-06, 0.00012913900000022238, 1.775500000000818e-05, 2.008999999958405e-05, 7.613999999378507e-06, 6.04300000084379e-06, 1.586499999994828e-05, 0.0001167819999992048, 1.22689999990655e-05, 0.00010425700000027405, 6.74640000006832e-05, 2.79359999986184e-05, 2.6838000000140028e-05, 8.715400000092188e-05, 9.261000000648778e-06, 2.1076999999536383e-05, 4.4399999996613815e-06, 1.0585000000062905e-05, 1.8672000001274114e-05, 3.342399999972656e-05, 1.487699999991321e-05, 2.3132000000813946e-05, 2.657500000147195e-05, 2.927099999894267e-05, 0.00032733399999962387, 5.705999999605638e-06, 2.5108999999190473e-05, 0.00021643200000021068, 0.0012898349999996839, 2.183799999855296e-05, 6.407000000763219e-06, 7.652999999052668e-06, 2.1389000000482383e-05, 2.111000000049046e-05, 2.357899999871904e-05, 0.0002864929999990551, 8.632000000119433e-06, 8.878999999240023e-06, 2.1294999999810216e-05, 1.943500000045617e-05, 9.046000000623167e-06, 8.304900000055682e-05, 3.407300000013436e-05, 2.8338999999988346e-05, 6.199100000081614e-05, 8.084999999269371e-06, 2.270899999956555e-05, 2.2038999999196562e-05, 2.1200999999138048e-05, 2.272599999919578e-05, 2.23120000004684e-05, 2.292299999950842e-05, 1.8438999999759176e-05, 2.1529000001407894e-05, 1.9881000000054883e-05, 1.9210000001379512e-05, 0.000252216999999888, 1.99200000015054e-05, 1.934899999866957e-05, 1.875499999925978e-05, 3.212199999858001e-05, 2.5268999999994435e-05, 6.305999999511869e-06, 6.021999999106242e-06, 0.0001352340000000396, 5.609000000461606e-06, 7.804200000016692e-05, 7.768999999768766e-06, 2.553300000052161e-05, 2.339000000084468e-05, 2.5155000001220174e-05, 2.3324000000712886e-05, 2.018800000058718e-05, 0.00013952800000005539, 6.212000000616058e-06, 2.3645000000627192e-05, 8.713899999968078e-05, 1.125200000018367e-05, 9.660999999994146e-06, 4.243899999956113e-05, 1.5849000000400792e-05, 3.2703000000466886e-05, 3.170799999985263e-05, 7.159799999989502e-05, 3.2149000000814e-05, 0.0001161989999989288, 1.9253999999691018e-05, 2.8279000000352994e-05, 0.00020991899999955876, 0.0010213940000003419, 2.541099999930907e-05, 2.626200000044321e-05, 8.166999998948654e-06, 1.0409000001487811e-05, 2.13819999999032e-05, 2.4135000000313767e-05, 0.0001808020000009236, 2.7506000000343533e-05, 5.724000001094964e-06, 1.184899999984168e-05, 2.859900000018456e-05, 2.7819000001372274e-05, 0.0004207619999991863, 2.046799999888549e-05, 0.00020299999999906504, 1.5379999998899052e-05, 1.1577000000428939e-05, 3.791600000013773e-05, 0.0001785049999991628, 1.2091000000324925e-05, 0.0008418230000000193, 5.890799999974661e-05, 2.620900000138704e-05, 0.00024317899999992676, 2.521499999907917e-05, 1.4165999999704582e-05, 2.23469999998116e-05, 1.663599999979226e-05, 0.00014285699999838641, 2.497500000053776e-05, 1.946799999963389e-05, 0.00010904099999997641, 3.236200000067413e-05, 2.7490000000796044e-05, 2.617899999890483e-05, 0.0003255699999993311, 1.5570000000408868e-05, 3.0360000000229093e-05, 1.2850999999258761e-05, 3.0188999998514987e-05, 5.479000000363499e-06, 2.7641999999161726e-05, 2.6829999999478105e-05, 3.8376000000894805e-05, 5.050600000089389e-05, 2.3419999999774177e-05, 8.352000000044768e-06, 2.139899999953343e-05, 2.5458999999727894e-05, 2.0643000000930556e-05, 0.00038751400000158753, 0.0028757660000007235, 0.00045892500000022096, 1.4265999999096834e-05, 1.2055000000898985e-05, 2.4979999999175106e-05, 2.2044999999693005e-05, 0.00010128699999967239, 1.24249999995385e-05, 2.1701999999734767e-05, 1.3484000000119067e-05, 0.000171309000000619, 2.2196999999835043e-05, 2.614599999972711e-05, 1.3826999998300948e-05, 2.4596999999459968e-05, 1.5599999999338365e-05, 1.144299999999987e-05, 0.0006147169999994873, 0.00032251999999921566, 1.6570999999743208e-05, 3.093800000009139e-05, 1.2027000000358612e-05, 5.445900000111692e-05, 1.9981999999529876e-05, 2.294099999922139e-05, 3.7244999999686e-05, 0.002439907999999491, 0.0001599290000005027, 2.6962999999824433e-05, 0.0016213579999995176, 2.6407000000006065e-05, 2.612900000009688e-05, 2.3782000001304482e-05, 2.4686999999801174e-05, 2.570900000087306e-05, 7.785999999398996e-06, 7.824999999073157e-06, 2.6588000000771217e-05, 2.5637000000244825e-05], [3.1000999999974965e-05, 1.7142999999109065e-05, 6.37100000009383e-05, 0.0001479799999994924, 8.752000001166493e-06, 2.429499999934137e-05, 2.927299999910815e-05, 0.00021559600000031764, 5.825799999925607e-05, 1.2549999999222905e-05, 4.06379999997597e-05, 1.2396000000691743e-05, 5.40099999923882e-06, 5.175000000079422e-06, 0.0003301239999995431, 5.529400000092721e-05, 1.0573000000846378e-05, 5.230000001077428e-06, 5.4641000000188455e-05, 2.288700000008248e-05, 1.5444000000641722e-05, 0.00041474699999888287, 6.585999999586534e-06, 2.880699999963099e-05, 8.18100000010702e-06, 0.002450152999999844, 0.00019798699999995506, 0.0004360200000004255, 7.059999999725619e-06, 0.00021809200000078022, 4.7787999999826525e-05, 1.77929999995996e-05, 0.00020735499999879892, 0.00014157699999906015, 0.0002945590000003051, 5.860699999971075e-05, 2.4631000000496783e-05, 1.7595000000980576e-05, 1.2868000000665347e-05, 1.7056000000792437e-05, 2.409599999886325e-05, 4.138799999964249e-05, 0.0003155819999989262, 9.732999998846026e-06, 9.49700000063558e-06, 6.265599999899507e-05, 2.2532000000907715e-05, 0.0002609039999992291, 1.626299999912817e-05, 1.1264000001176555e-05, 0.0008596899999986363, 1.2687999999982935e-05, 6.451999999157465e-06, 0.0011384329999994947, 6.478000001308715e-06, 4.274900000034165e-05, 5.488000001108162e-06, 4.867200000013838e-05, 3.822900000116647e-05, 4.797299999914628e-05, 1.87529999990943e-05, 3.225100000037173e-05, 6.45240000007874e-05, 1.4038999999854695e-05, 0.0003447359999988464, 0.0004032320000000311, 1.4910999999173669e-05, 5.974000000463775e-06, 1.5276000000952195e-05, 4.366000000644021e-06, 6.948999999423222e-06, 0.00013617699999990407, 2.9537000001411684e-05, 2.4070000000264713e-05, 0.00016862700000075392, 1.2182000000748872e-05, 5.5375000000523755e-05, 0.00018189100000043368, 5.557899999963922e-05, 5.368399999916562e-05, 1.095899999903338e-05, 1.8825999999805276e-05, 0.00011483399999967503, 2.2300999999558258e-05, 0.00021788300000125105, 7.280999998471316e-06, 5.0469999999691595e-05, 6.913400000030379e-05, 2.5786000000138642e-05, 4.9508000000031416e-05, 0.0005428429999998485, 8.575300000046582e-05, 0.000642152999999368, 1.1651999999529039e-05, 1.9112999998682767e-05, 0.00048036099999926307, 5.786000000895797e-06, 0.00040566800000085834, 7.162999999366093e-06, 0.0003816800000002729, 0.0005853859999991329, 1.867900000007694e-05, 2.5732000000999733e-05, 9.277000000196267e-06, 5.050000000395016e-06, 4.8149999987145975e-06, 0.0001625880000002411, 1.3019000000724645e-05, 0.0004412200000007971, 1.5410999999687647e-05, 5.393000000353254e-06, 2.730499999969993e-05, 0.0003416339999997575, 9.488800000134745e-05, 6.164999999924703e-05, 0.00041963600000016754, 6.711000001047296e-06, 0.0003173160000002895, 1.1977999999857047e-05, 1.897700000164093e-05, 2.0859000001038908e-05, 0.00012842800000001375, 3.598900000056915e-05, 1.0274000000976002e-05, 3.674499999917202e-05, 7.146999999818604e-06, 0.00030325199999836627, 6.812000000522289e-06, 2.765300000007187e-05, 4.794000000529763e-06, 3.5249999985609293e-06, 4.0373999999232524e-05, 0.0009993930000007367, 3.741000000445638e-06, 5.1374999999964643e-05, 3.4787000000591206e-05, 1.5155999999905134e-05, 1.1369999999288893e-05, 4.5351999998999304e-05, 5.132599999946308e-05, 3.850100000057921e-05, 4.4567999999856056e-05, 0.00013512099999957172, 2.201299999882167e-05, 2.469499999868674e-05, 1.806900000111966e-05, 1.4804999999284973e-05, 0.000379720999999833, 3.2659000000379024e-05, 1.6011999999676618e-05, 5.23689999987198e-05, 2.715099999939241e-05, 0.00011116900000018859, 5.181400000076053e-05, 5.781900000023654e-05, 9.076600000135215e-05, 3.9991999999600125e-05, 3.8079999999496295e-05, 4.9413000001052865e-05, 0.0013464680000012663, 1.2898000001371202e-05, 4.553800000017816e-05, 2.267400000022235e-05, 0.000173769999999962, 3.580899999988674e-05, 4.361600000102328e-05, 2.5598000000570664e-05, 3.345800000076338e-05, 1.612000000150715e-05, 3.809200000048918e-05, 3.868200000134436e-05, 4.990000000049122e-05, 2.495000000024561e-05, 0.002179035999999357, 3.949899999966533e-05, 1.408700000027352e-05, 0.0007021910000002407, 3.8933000000795914e-05, 1.0005000000035125e-05, 3.048700000007898e-05, 2.732099999924742e-05, 3.3005999998891866e-05, 0.0002444360000009027, 3.2851000000277963e-05, 0.0005712229999996765, 1.2522999998765272e-05, 3.639400000032822e-05, 0.0005013380000011836, 3.496399999924904e-05, 5.655500000045777e-05, 5.301500000065573e-05, 5.488299999889534e-05, 0.0003542999999996965, 0.0006755369999993377, 1.3861000001114121e-05, 4.369600000053708e-05, 6.568999999956304e-05, 1.907999999950505e-05, 0.0002486640000007867, 0.00027757900000047186, 4.7840999998882694e-05, 3.79440000006781e-05, 4.7422999999824356e-05, 1.6620000000244772e-05, 2.7315999998833718e-05, 4.060400000049924e-05, 0.00010235600000108036, 0.00017465100000002565, 4.4044999999215406e-05, 2.8538000000466468e-05, 4.4815000000753e-05, 6.192700000084983e-05, 2.5342999999011795e-05, 4.47750000009961e-05, 3.2172999999247054e-05, 5.4443999999875814e-05, 4.077700000060247e-05, 5.523700000154008e-05, 5.775500000027023e-05, 1.5205999998713082e-05, 0.0006157980000001118, 3.868900000014719e-05, 2.4400000000923683e-05, 4.182099999994193e-05, 1.906600000012304e-05, 3.104600000014557e-05, 3.1735000000310265e-05, 2.782299999992688e-05, 2.201299999882167e-05, 1.1646000000808954e-05, 2.8153999998892232e-05, 4.9068000000929146e-05, 4.876600000081055e-05, 0.00012169100000036792, 0.000933417999998909, 2.3381000000100016e-05, 0.00014284200000069802, 4.881999999994946e-05, 3.818799999955047e-05, 4.888499999999851e-05, 1.2836999999876753e-05, 3.375200000022005e-05, 5.562100000133796e-05, 8.848400000083245e-05, 2.0098000000245975e-05, 1.3803999999950634e-05, 2.366100000017468e-05, 1.3466999998712481e-05, 1.908099999958779e-05, 0.00020125899999889896, 0.00023446500000012804, 4.563199999907397e-05, 2.8701999999825034e-05, 1.561600000066221e-05, 5.4812000000126204e-05, 6.790999998784741e-06, 1.5352000000135035e-05, 1.7280999999869096e-05, 0.0015190270000005057, 0.0007553990000008781, 0.00046653200000079664, 0.0002744739999993584, 0.00035817600000065397, 2.2623999999638045e-05, 9.905299999957151e-05, 2.8912999999519684e-05, 2.6661999999788577e-05, 8.99299999979064e-06, 8.856999999196091e-06, 5.265000000065356e-05, 1.4236000000167337e-05, 0.0004604980000006975, 0.00031320399999934523, 2.4984000001282425e-05, 3.1193999999956645e-05, 2.248500000057163e-05, 0.0002502440000000661, 1.796399999953735e-05, 5.818400000023871e-05, 2.29249999996739e-05, 0.0003756859999999307, 1.6374000001206923e-05, 0.0005212320000005377, 5.358800000010433e-05, 4.21460000001872e-05, 3.517599999902643e-05, 2.7570000000309847e-05, 0.0008126560000007998, 5.39929999998634e-05, 4.15629999999112e-05, 3.749200000058295e-05, 5.3154999999804886e-05, 0.00026352999999978977, 1.7591000000649615e-05, 9.532099999987054e-05, 1.8620999998830712e-05, 2.4173999999987927e-05, 2.339000000084468e-05, 1.0413000000042416e-05, 0.0001517650000000259], [0.0001897650000000084, 1.6528999999820826e-05, 0.0009018940000000697, 7.6753000000096e-05, 0.00010795800000096278, 6.32070000001761e-05, 2.7470000000917594e-05, 3.7518999999264224e-05, 6.452100000053917e-05, 2.0158999999964067e-05, 0.000579483000000991, 4.08699999887574e-06, 0.0004963460000002584, 4.30800000117415e-06, 1.8774000000831848e-05, 1.0381999999253821e-05, 2.495500000065931e-05, 6.263100000047928e-05, 6.243000001404653e-06, 3.9619999999018773e-05, 8.247000000238813e-06, 4.844500000089624e-05, 4.065999999980363e-05, 0.00015811099999929468, 3.3065000000220834e-05, 0.00021397800000144684, 4.136799999976404e-05, 6.671400000080041e-05, 2.6255999999946766e-05, 1.3475000001150761e-05, 0.0006254409999986166, 6.850099999944348e-05, 0.0008335209999987825, 1.2257000001625329e-05, 2.216999999937741e-05, 1.5716000000054464e-05, 6.28289999990983e-05, 2.0924999999394345e-05, 2.4454000000062592e-05, 6.05930000006083e-05, 0.0009302540000000192, 8.30000000107134e-06, 7.4839999992804e-06, 9.00070000007247e-05, 6.3079999996773495e-06, 1.2106999999872414e-05, 0.0006007189999994722, 0.00020536499999934676, 6.617999998681512e-06, 5.149999999787269e-06, 0.0002798830000010355, 8.813000000884585e-06, 9.942800000040108e-05, 5.5919999990550195e-06, 0.00030956400000015094, 1.0172999999724652e-05, 0.0008178529999991468, 3.876900000143735e-05, 0.0001123129999989203, 1.4557000000081644e-05, 7.64199999991888e-06, 7.82050000012191e-05, 0.00018650600000036377, 0.0002610910000004907, 0.0006139310000001785, 2.6917000001347446e-05, 1.868400000049064e-05, 6.11260000003e-05, 1.8610999999779665e-05, 4.402999999975066e-05, 0.0005320580000010011, 4.318299999894748e-05, 3.1367000000059875e-05, 4.831699999918726e-05, 2.780800000046213e-05, 0.0004286790000005425, 2.7682999999001368e-05, 5.3173999999600596e-05, 4.684900000029302e-05, 0.0003151189999996973, 1.1304000000933456e-05, 1.3226000000088334e-05, 7.72800000010676e-05, 8.455199999879426e-05, 1.9900999999933333e-05, 9.910999999362957e-06, 0.00029035300000046504, 0.001034051999999619, 8.331000000083577e-06, 0.0007035469999987498, 0.00012962899999990896, 1.0121000000751224e-05, 0.0008647010000011335, 0.00022384699999911106, 3.7948000001009063e-05, 2.9084999999540173e-05, 0.00023690699999967535, 6.921700000006581e-05, 1.1580999998983543e-05, 0.0002916880000007893, 7.069800000003568e-05, 0.0007842719999988645, 5.1281999999375216e-05, 4.8364999999606084e-05, 4.447800000129121e-05, 6.694800000062173e-05, 2.9712999999986778e-05, 4.7286999999229806e-05, 3.481100000080062e-05, 6.31410000000443e-05, 3.8898000001452715e-05, 3.222199999974862e-05, 2.057500000063328e-05, 4.922299999954305e-05, 5.067400000058342e-05, 4.5242000000556004e-05, 0.00010433399999953963, 4.7574999999966394e-05, 3.8028000000522866e-05, 3.205400000005909e-05, 3.3551000001352804e-05, 0.0001625930000006548, 3.142999999994345e-05, 3.942499999887161e-05, 9.858000000306788e-06, 7.415000000676741e-06, 0.0004900519999999631, 7.554300000123249e-05, 0.00021919599999975503, 0.0004219670000011888, 6.383000000553807e-06, 0.0013367510000001914, 1.2900999999843066e-05, 5.009999998861758e-06, 1.819599999919319e-05, 7.24749999996277e-05, 0.00038559100000057356, 8.381000000667882e-06, 7.948200000029715e-05, 5.6980000007200715e-06, 4.319000000307938e-06, 2.655299999965166e-05, 6.849100000039243e-05, 0.0005167200000002481, 1.5078000000556813e-05, 6.564700000133428e-05, 4.325200000110385e-05, 3.933400000022402e-05, 9.043599999891683e-05, 1.568199999901765e-05, 5.282100000059131e-05, 2.6296999999786408e-05, 6.360800000138056e-05, 0.00011501399999858108, 3.110900000002914e-05, 0.00018497800000005782, 2.4026999998483234e-05, 0.000344683999999873, 5.754800000090654e-05, 3.2298000000707816e-05, 7.662999999880071e-06, 8.353800000016065e-05, 2.4995000000416212e-05, 0.00019812100000038413, 0.00027386200000023564, 1.5241999999915379e-05, 0.0007727610000003438, 3.413299999976971e-05, 0.0002857499999997515, 7.433900000108906e-05, 2.5292000000121106e-05, 9.695000001030962e-06, 1.7642999999623044e-05, 0.0004102229999993767, 1.1756999999334994e-05, 1.1515000000628106e-05, 5.329499999895404e-05, 2.5555999998871926e-05, 1.4037999999771955e-05, 0.00030164300000024014, 8.989300000017408e-05, 7.229899999927625e-05, 1.2823999998801128e-05, 0.0006846320000004624, 2.2002999999770623e-05, 1.0298999999491798e-05, 6.9289999995447715e-06, 7.835700000136114e-05, 6.81080000006773e-05, 6.660299999872166e-05, 6.709300000018459e-05, 5.0667000000004236e-05, 0.00023910700000051577, 6.461000000079764e-05, 4.575600000045199e-05, 0.0002490250000004579, 6.24330000000839e-05, 2.26940000001008e-05, 2.686000000018396e-05, 4.437700000003986e-05, 0.0003724540000007437, 2.348699999998871e-05, 0.0002814979999996581, 1.97990000003756e-05, 7.841600000091375e-05, 0.00046154099999995424, 2.037500000007242e-05, 2.6214000000024384e-05, 1.0950000000065074e-05, 8.033499999982041e-05, 3.370700000004945e-05, 7.5229000000121e-05, 7.527399999851525e-05, 0.0002084030000002457, 1.731200000065769e-05, 7.436299999952212e-05, 7.212000000045293e-05, 2.358500000099184e-05, 7.172399999966217e-05, 7.214600000082783e-05, 9.6910000007e-06, 7.231200000035187e-05, 0.0004688320000010293, 1.6391000000837153e-05, 2.5847999999939475e-05, 7.044000000000494e-05, 7.48630000000361e-05, 7.292800000158195e-05, 7.078599999843505e-05, 2.121999999893376e-05, 2.5063000000713487e-05, 6.976799999947048e-05, 0.00023298600000032366, 6.841199999918501e-05, 6.823400000044444e-05, 6.682899999965741e-05, 6.826399999937394e-05, 6.622999999983392e-05, 0.00033836299999912, 1.5000000001208491e-05, 3.740400000040722e-05, 0.0006682619999995865, 3.557999999870276e-05, 6.163300000139316e-05, 1.6744999999929178e-05, 1.1750999998838552e-05, 2.0548000000175648e-05, 0.00017443199999966907, 0.0005082889999989959, 7.875199999851645e-05, 0.0004489169999999376, 4.639899999858699e-05, 3.8181000000747645e-05, 8.999099999940086e-05, 2.4307000000334256e-05, 1.0089999999962629e-05, 0.00015556399999994142, 3.721999999939385e-05, 3.526899999961586e-05, 2.1630000000882887e-05, 0.0001369369999988379, 8.258899999979974e-05, 7.784900000018524e-05, 2.6354000000949895e-05, 2.02609999995218e-05, 1.826000000093586e-05, 5.793200000070442e-05, 3.5049999999259285e-05, 2.668499999991525e-05, 1.5266999998431174e-05, 0.0015272319999990458, 3.8199999998767e-05, 3.292200000082346e-05, 2.5837000000805688e-05, 0.000306268999999304, 0.0029277279999995187, 0.0004162570000012522, 0.000544552999999226, 0.00039499999999925706, 0.00034413100000030283, 3.408600000120998e-05, 0.00018736500000038347, 3.684400000025789e-05, 0.000521575000000496, 0.0024481540000014235, 2.366200000025742e-05, 3.813200000024608e-05, 6.21049999995904e-05, 9.627999999040071e-06, 0.00021292699999975184, 0.0010055419999996928, 7.276800000077799e-05, 4.417500000108987e-05, 1.4892999999460699e-05, 0.0007485759999994457, 1.0675000000404111e-05, 0.00016423900000006597, 9.766999999882842e-06, 0.00013189799999935303, 1.7225000000564705e-05, 0.0003344330000008, 3.831899999973132e-05, 5.277400000025523e-05, 1.4248999999466605e-05, 4.34529999999711e-05, 3.7576999998734095e-05, 4.6595000000593245e-05, 7.24139999999096e-05, 6.493599999934929e-05, 4.787299999975403e-05, 0.00037226000000067927, 4.8333000000511106e-05, 0.00042347299999967447, 4.616000000012832e-05, 4.356399999849714e-05, 4.9447000000313324e-05, 4.94389999996514e-05, 5.907800000137797e-05, 3.4820999999851665e-05, 4.95650000011949e-05, 0.0005900410000005962, 1.6742999999763697e-05, 0.00023383799999976418, 0.00011785800000119195, 0.0005648820000008214, 0.0019948319999993913, 6.421400000000688e-05, 0.0004599990000002663, 4.5911999999148634e-05, 5.288199999853305e-05, 0.00022116699999941147, 5.6933999999841944e-05, 0.0012021640000003941, 4.407299999975578e-05, 1.3746000000480763e-05, 6.088199999965127e-05, 5.4662000000149646e-05, 0.0002433449999994508, 0.0006400109999997738, 0.0003161230000010562, 5.5024999999986335e-05, 5.071000000000936e-05, 2.4076000000761155e-05, 2.0501999999922305e-05, 6.281300000132717e-05, 0.000664775000000617, 6.574200000031283e-05, 5.565300000043294e-05, 0.0004671910000002555, 5.843000000105292e-05, 0.00013101400000081753, 5.2900000000022374e-05, 2.863599999969324e-05, 0.0005219859999989751, 6.253599999972437e-05, 4.144099999869866e-05, 2.5636000000162085e-05, 4.098199999980068e-05, 9.241699999940067e-05, 4.222100000106366e-05, 3.066300000043043e-05, 1.671900000133064e-05, 4.941999999985569e-05, 0.001711006999999043, 0.00012532899999939673, 1.2533999999675416e-05, 0.0007287900000001457, 0.00039841699999954017, 6.556800000012686e-05, 2.3904000000740666e-05, 3.283799999920234e-05, 1.557300000065709e-05, 3.597700000135262e-05, 0.001134456999999145, 0.0009601499999991603, 2.2377000000517455e-05, 0.0002543550000009276, 1.4531999999789491e-05, 9.462999999598765e-06, 3.060599999926694e-05, 0.00014511700000063854, 2.674199999930238e-05, 1.433399999939411e-05, 3.76319999997321e-05, 1.6825000001219337e-05, 0.00016791500000046256, 0.00028613200000116024, 1.449099999994985e-05, 3.861100000079887e-05, 1.9452999998392784e-05, 3.616200000067238e-05, 0.0003640279999999052, 4.3060999999511296e-05, 5.9832999999898107e-05, 3.367499999917811e-05, 4.291199999961748e-05, 3.057499999847835e-05, 5.275800000070774e-05, 4.574599999962459e-05, 0.000599361999999104]]
* DCTCP FCT: [[1.302499999944473e-05, 1.835199999966619e-05, 2.587000000886519e-06, 2.805999999466735e-06, 2.997000001059291e-06, 3.8139999993802576e-06, 3.889000000256715e-06, 4.074999999659212e-06, 4.107000000530547e-06, 3.892000000504936e-06], [2.7409999994176815e-06, 3.3489999999858355e-06, 3.619999999315837e-06, 3.7590000001586077e-06, 0.0008249649999996223, 0.00010376900000075295, 0.0006045130000007504, 0.00010747900000041, 5.329999998693324e-06, 0.00011648999999991361, 2.7120000005709244e-06, 6.156799999956775e-05, 4.3370000000209075e-06, 6.00200000011597e-05, 0.00016722300000004964, 5.321299999927476e-05, 8.430099999934271e-05, 1.5027999999972508e-05, 2.0444000000452434e-05, 2.0603999999480038e-05, 2.6809999997823297e-06, 3.268000000389293e-06, 3.924000001376271e-06, 5.369900000040673e-05, 5.803000000526026e-06, 5.006000000307154e-06, 6.155999999535311e-06, 6.11699999986115e-06, 6.346000001045127e-06, 6.685000000672403e-06, 0.00045784599999976194, 6.091999999568998e-06, 9.287000001023671e-06, 0.0006380660000004923, 1.5870000000361983e-05, 7.983600000116553e-05, 1.43549999993553e-05, 1.5229999998922494e-05, 1.7133999998364402e-05, 1.7143999999191806e-05, 9.75670000009643e-05, 0.00019913400000071135, 8.56239999986741e-05, 3.3417000000923736e-05, 4.224299999933123e-05, 6.672999999679519e-06, 9.077999999718145e-06, 1.428300000050342e-05, 2.0368999999575976e-05, 2.0559000001085792e-05], [2.670999998954926e-06, 2.747999999996864e-06, 3.45299999970905e-06, 8.389299999933542e-05, 1.3578000000791235e-05, 2.1250999999722353e-05, 2.5626000001111038e-05, 3.3957999999501e-05, 3.58829999989041e-05, 4.241600000121082e-05, 7.546800000035603e-05, 3.2910000005159645e-06, 4.659000000017954e-06, 7.183999999327284e-06, 1.4645000000257369e-05, 7.243099999953984e-05, 1.8826999999888017e-05, 1.8989999999163842e-05, 1.9205999999272194e-05, 1.966199999969831e-05, 6.297000000543562e-06, 3.052000000280941e-06, 4.078999999990174e-06, 7.807000001136544e-06, 9.759000000997275e-06, 1.3763000000110992e-05, 0.00030915900000039187, 1.6140999999691985e-05, 0.00037008099999980004, 1.8397999999919534e-05, 3.093999998426966e-06, 3.0920000000378423e-06, 9.38969999992878e-05, 5.053999998949621e-06, 6.005999999558753e-06, 7.413600000027998e-05, 1.346599999862974e-05, 1.3638000000426587e-05, 0.00020904800000032253, 1.5005999999928576e-05, 2.7070000001572225e-06, 0.00012123700000010729, 0.0001277740000009686, 9.626000000650947e-06, 1.2663999999773523e-05, 1.4210999999875185e-05, 1.4964000000006195e-05, 0.00010627099999993561, 2.819900000083919e-05, 3.1072999998826845e-05, 0.00016658500000055199, 6.374999999891884e-06, 6.7039999986917564e-06, 1.5568000000243387e-05, 1.9035000001110802e-05, 2.1797999998796058e-05, 2.1815000000202645e-05, 0.00010278200000080062, 2.6681999999667028e-05, 2.9701999999076634e-05, 6.263999999589487e-06, 7.0060000005867096e-06, 7.3650000000924365e-06, 0.00022577599999884512, 1.0444999999137394e-05, 1.3624000001044578e-05, 7.416300000073761e-05, 0.00023156099999965818, 2.82529999999781e-05, 3.0484999999913498e-05, 0.00020849000000033868, 6.342000000714165e-06, 6.7809999997336945e-06, 0.00010827100000021517, 1.1644999998949856e-05, 1.7631000000406516e-05, 1.8320000000571213e-05, 0.00011764000000091812, 0.00019213899999925843, 4.9064000000598185e-05, 3.99600000022815e-06, 5.273000001082551e-06, 5.7499999996935e-06, 1.4730000000184873e-05, 8.12800000105085e-06, 1.0601999999693135e-05, 8.249100000057297e-05, 1.5167999999121662e-05, 1.593899999896564e-05, 9.477300000071409e-05, 4.0070000011382945e-06, 5.806999999080631e-06, 0.00020210799999986762, 9.165300000013588e-05, 1.4874000001441345e-05, 2.2272999999017884e-05, 2.5976999999954842e-05, 5.230899999908445e-05, 3.462400000131538e-05, 4.141400000001738e-05], [2.6230000003124587e-06, 2.7229999997047116e-06, 0.0003077460000007193, 0.00039865499999969245, 9.211000000064473e-06, 0.00020528499999983296, 1.5147999999243211e-05, 0.0016727270000007621, 1.958800000068095e-05, 6.379300000070032e-05, 3.556699999940349e-05, 0.00030242000000058056, 0.00034831500000009896, 0.00012035299999979543, 0.00012047499999923161, 0.00012937099999987822, 0.0001299980000002421, 0.00015743099999987464, 0.0001601289999992872, 0.00029870100000017885, 2.5490000012950986e-06, 0.00010767900000097086, 3.6190000010094536e-06, 3.967999999687777e-06, 7.88999999912221e-06, 1.1517000000793587e-05, 2.649400000009905e-05, 0.00016132200000029684, 4.773799999924222e-05, 0.00018982300000125463, 0.00018776699999989432, 6.866499999880205e-05, 8.330800000067029e-05, 0.0002109710000013365, 0.00011121200000019371, 0.00011850399999957517, 0.00012209899999859886, 0.00012469899999878464, 0.00014582500000059895, 0.00020949700000016946, 2.572999999728154e-06, 4.8469999995859325e-06, 6.389000001050249e-06, 1.0545000000306004e-05, 0.00040960099999942656, 1.0196999999934064e-05, 1.3854999998841322e-05, 0.0002528769999994296, 0.0026010139999996795, 4.00239999986951e-05, 4.027600000000575e-05, 4.6297999999111994e-05, 4.6578000000963016e-05, 4.811300000007179e-05, 4.959800000037262e-05, 0.00039217399999991187, 6.071200000157262e-05, 7.118999999988773e-05, 7.192600000038851e-05, 7.330600000088339e-05, 2.8000000007466497e-06, 8.310599999994395e-05, 1.458299999868018e-05, 1.4074999999280635e-05, 0.0001059150000006781, 2.383200000011243e-05, 2.713399999976218e-05, 3.0282999999187155e-05, 3.102500000018438e-05, 3.704499999912514e-05, 4.301300000086883e-05, 4.4722000000163575e-05, 4.9719999999808806e-05, 5.1364000000830856e-05, 5.771500000051333e-05, 7.029600000052483e-05, 0.00034685400000000755, 7.942100000057906e-05, 7.997999999886929e-05, 9.303400000071349e-05, 2.7439999996659026e-06, 3.0659999996629494e-06, 3.4309999996651186e-06, 3.6530000002699126e-06, 0.00013195799999898838, 7.028000000630641e-06, 0.00011387799999873494, 1.1210000000261289e-05, 1.1710000000775267e-05, 1.25810000000115e-05, 1.559000000028732e-05, 2.216899999929467e-05, 3.5924000000520095e-05, 0.00017941299999968408, 4.83940000002292e-05, 5.470600000023751e-05, 0.00018195499999862363, 8.36639999999278e-05, 8.980199999975014e-05, 0.00018143199999975934, 3.7030000008542174e-06, 3.92100000112805e-06, 4.485999999914725e-06, 0.0001261049999996544, 9.035999999795763e-06, 0.00015941499999883035, 2.0607999999811e-05, 2.558699999966052e-05, 0.00023234000000016408, 0.002512275000000841, 4.9870999999868104e-05, 5.876600000043197e-05, 6.109699999967688e-05, 7.012600000066982e-05, 8.666899999987265e-05, 9.082300000073928e-05, 0.00024301700000073367, 0.00011512599999896622, 0.00011023200000082056, 0.00011837299999939432, 4.524999999588886e-06, 5.495999999993728e-06, 0.0006880440000003318, 7.79500000014366e-06, 0.00028544199999913644, 1.363899999873297e-05, 1.9865000000507393e-05, 0.00011093400000028453, 0.0002917359999994318, 3.320299999920451e-05, 0.0024478270000010127, 0.0002247569999997978, 4.874300000068388e-05, 0.0003652580000004235, 7.748300000010033e-05, 7.894400000019175e-05, 8.422299999999439e-05, 8.457600000078003e-05, 0.0002965449999994263, 9.983500000032564e-05, 4.111000000861509e-06, 9.345899999857465e-05, 4.8340000002866645e-06, 4.795000000612504e-06, 1.4054999999402185e-05, 0.0004538719999995777, 1.885200000018017e-05, 2.1695999999238325e-05, 2.483599999969499e-05, 3.258999999999901e-05, 4.969500000129301e-05, 5.175299999926608e-05, 5.486499999918237e-05, 0.0001249110000003384, 0.00014167500000006328, 6.174699999839106e-05, 6.298599999965404e-05, 7.554899999995257e-05, 7.590000000057273e-05, 7.800800000090646e-05, 0.00059865400000092, 0.0024514650000000415, 0.0006259550000002889, 6.15399999936983e-06, 7.571000001149741e-06, 1.5122000000644675e-05, 1.1767000000162398e-05, 0.00020761799999924335, 3.0995999999561263e-05, 3.320599999945273e-05, 5.2670000000532013e-05, 0.00029527000000051373, 5.649999999945976e-05, 7.206699999962041e-05, 7.278199999838364e-05, 8.498699999925918e-05, 9.679499999926122e-05, 0.00010755499999959284, 0.0015325530000005472, 0.00031715199999915455, 3.6869999995303715e-06, 3.7239999990390515e-06, 3.736000000031936e-06, 9.799300000068456e-05, 5.76799999940647e-06, 7.065000000139321e-06, 2.7240999999733617e-05, 0.0025062780000002505, 0.0002004870000007486, 3.2140000000069335e-05, 0.0026462049999995685, 4.2810000000059745e-05, 4.799500000096657e-05, 4.9240000000949635e-05, 6.859600000019839e-05, 6.994900000023563e-05, 7.28309999988852e-05, 7.32389999988925e-05, 8.019200000042304e-05, 8.602800000012678e-05], [2.5959999998548255e-06, 2.6669999986239645e-06, 5.928000000210432e-06, 6.640999998808184e-06, 4.253000000176144e-06, 5.033000000764787e-06, 5.7029999993574165e-06, 0.00028074199999927885, 1.0008000000283346e-05, 1.1121000000002823e-05, 1.1210999998567672e-05, 1.4239000000415558e-05, 1.5600999999421106e-05, 1.6126000000227236e-05, 0.0003726699999990757, 2.4190999999618157e-05, 3.4712000001491106e-05, 3.707499999983099e-05, 3.8276999999808936e-05, 3.9291999998525284e-05, 4.427100000015116e-05, 0.0005093560000002384, 5.0008000000545394e-05, 6.985999999997716e-05, 7.02029999999354e-05, 0.0021863140000011327, 0.0003377950000000851, 0.000567258000000237, 9.222399999941899e-05, 0.00041665100000010113, 3.5550000010431404e-06, 3.988999999648968e-06, 0.0002858359999997617, 0.0001790130000003387, 0.00032839999999900726, 1.3070999999698074e-05, 1.3749000000728984e-05, 1.638400000025797e-05, 1.9155000000381506e-05, 2.1843000000743018e-05, 2.3196999999086643e-05, 3.065699999993399e-05, 0.0003517019999996762, 3.357900000011682e-05, 4.0395999999276455e-05, 7.152499999918405e-05, 4.4567999999856056e-05, 0.0003758089999994496, 0.00010676900000028411, 0.00011865000000099712, 0.0012683149999990206, 0.00012366500000027258, 0.00013919399999906545, 0.0017571199999988352, 0.00019663900000033152, 0.00019863300000011463, 0.00019889800000072455, 0.00021002600000130656, 0.0002139320000011935, 0.00021992299999951115, 2.607999999071353e-06, 2.5959999998548255e-06, 1.0273999999199646e-05, 3.410999999786668e-06, 0.00036287999999906617, 0.0003896050000005147, 5.084999999738216e-06, 1.312200000036512e-05, 1.641799999951843e-05, 1.987499999955844e-05, 2.097600000006139e-05, 0.00022513999999951295, 2.7878000000924885e-05, 3.3300000000124896e-05, 0.000358158000000941, 5.636200000047609e-05, 5.8620000000786376e-05, 0.0003887730000009526, 7.430099999972128e-05, 7.296299999914879e-05, 0.0001030449999994687, 0.00010550000000009163, 0.0003619990000007789, 0.00011977899999848773, 0.00039899800000142704, 0.00012590299999892807, 0.00013929099999998584, 0.0003585889999992986, 0.00015032199999964746, 0.00016506400000082522, 0.0008427110000006621, 0.00032288200000074596, 0.0009425209999989193, 1.3205000000127143e-05, 1.4726999999936652e-05, 0.0006498189999994963, 2.1637999999768454e-05, 0.0005304120000015899, 2.806100000007916e-05, 0.0005308880000001182, 0.000866342000000131, 4.3754000000006954e-05, 5.797500000070954e-05, 6.0393000000047437e-05, 6.501699999894583e-05, 6.759599999917043e-05, 0.00048435799999957396, 0.00010488500000072065, 0.0005833240000008288, 0.0001143139999992826, 0.0001170039999998096, 0.00017441199999979062, 0.0005313000000004564, 0.0004929990000004381, 0.00048324399999977175, 0.0007355149999987987, 0.00025132900000102154, 0.000533139999999932, 0.0003434659999985712, 0.0003505950000004532, 2.6540000011010534e-06, 8.640500000112183e-05, 3.405999999372966e-06, 5.3440000016280464e-06, 5.691000000140889e-06, 5.8959999993390966e-06, 0.00020129699999849038, 1.3454999999495953e-05, 1.686399999911714e-05, 2.0668999999529092e-05, 2.2489999999208976e-05, 2.6401999999592363e-05, 0.0014375790000009658, 6.666800000054707e-05, 6.830399999913084e-05, 7.194500000018422e-05, 8.154000000004658e-05, 8.306600000018705e-05, 8.671299999996052e-05, 8.724699999973495e-05, 8.852600000075483e-05, 9.028299999869205e-05, 0.00025373199999911833, 0.00010410500000013201, 0.00010450899999980834, 0.00010828899999992814, 0.00010953499999999394, 0.0002948800000002194, 0.000127448999998947, 0.00013374099999907685, 1.012799999955405e-05, 8.982999998963237e-06, 0.0001438490000005288, 2.1910000000957552e-05, 2.346399999986204e-05, 0.00016298900000144556, 2.9279999999687334e-05, 3.166700000001299e-05, 3.431300000045212e-05, 0.002068492000001143, 4.4909999999731554e-05, 5.088800000052629e-05, 5.5021999999738114e-05, 0.00027508400000009203, 5.950799999965284e-05, 7.702200000103687e-05, 7.92810000014299e-05, 9.670000000028267e-05, 0.00010845600000131128, 0.00011452899999930821, 0.00012377700000065772, 0.00012825599999999326, 0.0001363360000006253, 0.002401604999999307, 0.00014347199999953375, 0.00014589699999945083, 0.0010330879999997933, 0.00016304500000074995, 0.00016390799999932426, 0.0001785149999999902, 4.804999999663551e-06, 5.261000000089666e-06, 0.00030582399999978804, 1.3520000001321364e-05, 0.0008010140000003219, 1.996799999837151e-05, 2.259700000095677e-05, 0.0006988700000007952, 3.0086999998957253e-05, 3.0498000000989123e-05, 3.909099999965804e-05, 4.8561999999918726e-05, 0.0004567790000002958, 0.0010039629999987199, 0.00011366800000089938, 0.0001273870000009225, 0.00036900799999983747, 0.00017181800000010128, 0.0004869139999996719, 0.0004885780000005724, 0.00027871300000015253, 0.00027945500000114976, 0.00028695299999981216, 0.00030607700000118143, 0.0003115410000003038, 0.0003297819999996676, 0.0004745860000010538, 0.00048748500000073136, 0.0003912419999991812, 0.00038426500000099395, 6.492000000690723e-06, 1.314300000032631e-05, 1.7416000000380905e-05, 2.1988000000305874e-05, 2.2715999998368375e-05, 3.604199999962532e-05, 3.8741000000896975e-05, 3.9747000000645016e-05, 4.5545999999063724e-05, 4.8350000000141335e-05, 0.0008742000000001582, 6.25180000000114e-05, 6.417000000169537e-05, 6.977299999988418e-05, 6.777800000001832e-05, 6.82730000001186e-05, 7.120699999951796e-05, 7.199100000043757e-05, 8.659199999883072e-05, 9.140800000118077e-05, 9.429199999999582e-05, 9.722999999972615e-05, 9.94120000008536e-05, 0.00025593500000020697, 0.0014352770000005677, 0.00011816800000019612, 0.00029103500000005056, 0.0001709759999997118, 0.00015319999999974243, 0.000181184000000556, 5.992000000176745e-06, 7.384999999970887e-06, 7.99100000037356e-06, 0.00016225399999925116, 1.0869999998774915e-05, 1.1996999999652758e-05, 1.2538000000006377e-05, 1.6360000000048558e-05, 1.8837999999021804e-05, 0.0004169139999987692, 0.000423626999999982, 3.897699999910742e-05, 5.2438999999182556e-05, 5.6550000000044065e-05, 6.664200000017217e-05, 6.205199999875788e-05, 6.378199999979017e-05, 6.767900000070881e-05, 0.0021514899999992565, 0.001069727000000853, 0.0006465110000011265, 0.0004593849999992017, 0.00047918499999966, 0.0001384449999992654, 0.00040517700000108903, 0.00014749700000038501, 0.00015776899999941918, 0.00018469299999956945, 0.0002076119999987469, 0.00027600399999982983, 7.515000000068994e-06, 0.0005149070000012301, 0.0004072829999994809, 1.5025999999807027e-05, 1.6030000001165945e-05, 2.016800000070873e-05, 0.0004201760000004384, 2.076200000011852e-05, 2.3559000000616948e-05, 3.301399999955379e-05, 0.00046628599999998244, 3.850200000066195e-05, 0.0007930740000006153, 6.533599999869466e-05, 7.741900000013402e-05, 8.260999999976093e-05, 8.419199999920579e-05, 0.0011751320000001897, 0.00012425000000071407, 0.0001360600000008816, 0.00015263000000054205, 0.00015619899999919085, 0.0004806760000004573, 0.00019114600000058601, 0.0004425530000009559, 0.00021442099999902098, 0.00022182099999845661, 0.00022798200000018198, 0.0002322370000005236, 0.00046650300000017353], [0.00013787099999973407, 3.6820000008930265e-06, 0.0012863210000002567, 5.5210000002858806e-06, 0.00012798000000024956, 8.95500000019922e-06, 1.3091000001352882e-05, 1.4118999999368498e-05, 2.3977999999758026e-05, 2.5162000000023e-05, 0.0007337689999999952, 3.797499999969034e-05, 0.0007026359999997567, 5.605199999969557e-05, 6.460500000038394e-05, 7.716899999898885e-05, 9.510900000009315e-05, 9.546400000104427e-05, 0.00011172700000017244, 0.00012318199999938884, 0.00013086399999906462, 0.00013227600000043083, 0.00013603199999856486, 0.0003762149999992914, 0.00014646000000162473, 0.000401651000000669, 0.00017307199999905265, 0.00020140099999998995, 0.00019918400000129566, 0.00020393500000004394, 0.0011880330000000328, 0.00024706199999968703, 0.0016928189999987353, 0.00027389800000143794, 0.0002826239999986768, 0.00029229899999982933, 0.0002978919999989671, 0.00030640199999965034, 0.00031136900000028334, 0.00031385600000000125, 0.0013012930000009248, 2.5959999998548255e-06, 2.998999999448415e-06, 2.5778000001253076e-05, 6.381000000388326e-06, 1.4085000000108039e-05, 0.0007384669999996873, 0.00031489000000028966, 3.037299999952836e-05, 3.2624000001035824e-05, 0.00039371300000112797, 4.0495000000362324e-05, 0.000325499000000562, 5.954899999949248e-05, 0.000527044000000032, 6.856199999916157e-05, 0.0013225709999993285, 8.808100000123886e-05, 0.00039051199999917685, 0.00010990200000016159, 0.00011374800000041319, 0.00018507900000130917, 0.00046110100000085197, 0.0005212490000001679, 0.001198838000000535, 0.00032131700000093133, 0.00033861899999898526, 0.00036427300000063667, 0.0003683279999986411, 0.00039390699999941603, 0.0011896360000012152, 0.00044493399999900873, 0.0004452029999999496, 0.00046221599999896057, 0.00048404200000007336, 0.0006640430000004471, 0.0005046629999991836, 0.0005134959999999467, 0.0005201220000010665, 0.0006628210000005907, 3.127999999463782e-06, 3.889999998563098e-06, 4.119000001523432e-06, 1.0510999999269188e-05, 5.176000000162162e-06, 1.91399999991404e-05, 0.00022672100000065143, 0.0014317310000002692, 4.9120999999985315e-05, 0.0011211269999993334, 0.00031679599999989705, 7.340400000011016e-05, 0.0013059420000001154, 0.0003840759999995669, 9.979000000015503e-05, 0.00010015999999879455, 0.00040371200000066665, 0.00013011400000095819, 0.00013389399999930163, 0.0004686469999999332, 0.0001905339999996869, 0.0012282589999994542, 0.000202590999998975, 0.00022056999999975346, 0.00024796500000157096, 0.0002753390000016509, 0.00026997099999981344, 0.0002946979999993715, 0.0003164709999996518, 0.00032269499999948437, 0.00032805900000099086, 0.0003319120000000453, 0.00034773199999982296, 0.0003551840000000084, 0.0003639600000013843, 0.00038254700000095454, 0.0005310749999996034, 0.0003934549999993209, 0.0003949470000002009, 0.0004047929999995148, 2.695000000940695e-06, 0.00017721699999917462, 4.054999999780762e-06, 4.4769999991700615e-06, 4.638000000056763e-06, 5.4069999997352625e-06, 0.0004186179999994266, 1.2501000000497697e-05, 0.00022843999999899722, 0.0003928030000004412, 2.0318000000685288e-05, 0.0020543110000001974, 3.9759999999944284e-05, 4.324400000044193e-05, 5.0298999999753846e-05, 7.491000000037218e-05, 0.0004952159999991324, 0.00010234500000017022, 0.00016904900000014322, 0.00013147700000004647, 0.00013764899999912927, 0.0001660059999988306, 0.00017511600000119643, 0.000778773000000399, 0.0002154910000005117, 0.00023258700000106103, 0.00025164800000077037, 0.00026049600000099815, 0.00047865300000005107, 0.0002786090000004293, 0.00028131999999914115, 0.00030499200000022597, 0.00031258699999980877, 0.0005347729999982676, 0.000342733000000095, 0.000542473000001209, 0.0003514039999998886, 0.000575021999999592, 0.00044159099999951934, 0.0004511940000000436, 2.56299999890075e-06, 4.06899999916277e-06, 2.6349999995289863e-06, 0.0001393070000013097, 0.00016981699999973898, 9.926000000604063e-06, 0.0011560100000007623, 1.692700000077707e-05, 0.0002514009999998734, 2.765300000007187e-05, 3.081799999904433e-05, 4.3107000001540996e-05, 6.000900000024956e-05, 0.00043018699999919363, 6.415200000020604e-05, 6.807399999964048e-05, 6.855500000035875e-05, 6.901399999925673e-05, 9.828199999972753e-05, 0.00040869100000051617, 0.00028920799999987423, 0.0001267279999996873, 0.0001215169999984056, 0.000902471999999932, 0.00015594499999949107, 0.00015807299999970326, 0.0001599080000005415, 0.00021953800000140689, 0.00021223200000086706, 0.00021395599999962656, 0.00022912399999874822, 0.0002390269999992256, 0.0004616370000007919, 0.0002894100000006006, 0.0002932330000007255, 0.000480795999999728, 0.0003222429999993892, 0.0003492910000009175, 0.0003597130000017046, 0.0003679559999998361, 0.00025542000000022824, 5.920999999631249e-06, 0.00016264499999962823, 1.0005000000035125e-05, 1.0445000000913751e-05, 0.000288438000000113, 1.317899999975225e-05, 1.4984999999967386e-05, 1.734399999975267e-05, 2.1596999999928812e-05, 2.8557000000262178e-05, 2.9973000000182992e-05, 3.1539000000080364e-05, 0.00021356000000061215, 3.884500000062019e-05, 5.313999999856378e-05, 8.159899999959919e-05, 8.546599999981197e-05, 8.561699999987127e-05, 8.76749999996207e-05, 9.48230000012984e-05, 9.685500000067293e-05, 0.00035806200000010335, 9.91950000006625e-05, 0.00011169899999963206, 0.00011441899999908856, 0.00012400199999973438, 0.00012454500000025348, 0.00013094299999849568, 0.00014349299999949494, 0.0001539760000000001, 0.00016363599999991152, 0.0003260590000007113, 0.0001691069999996131, 0.00018030800000090608, 0.00018982799999989197, 0.00019179999999963115, 0.0001988179999994344, 0.00037050099999902386, 0.00022522900000154777, 5.183000000741345e-06, 0.0007951529999985496, 9.720999999629498e-06, 8.011000000252011e-06, 1.1973999999526086e-05, 1.5139999998581288e-05, 1.5488000000729585e-05, 0.0002266090000002663, 0.0006994909999988863, 4.696999999964646e-05, 0.0005293350000012964, 5.621199999872317e-05, 5.6147000000450475e-05, 0.0001592590000001337, 6.687100000135615e-05, 7.08920000001001e-05, 0.00032333399999906476, 0.00010582600000041964, 0.00013688199999961626, 0.0001370319999995928, 0.0004280869999995218, 0.00026014999999901534, 0.00021963699999894004, 0.00018718699999986654, 0.0001911759999995155, 0.00019795700000102556, 0.0002178480000001315, 0.00023012599999994166, 0.00024033200000062038, 0.0002524409999988819, 0.002242597999998708, 0.00026453499999945507, 0.0002757850000012496, 0.0002959890000013843, 0.0006547050000005328, 0.002922318999999618, 0.0006781790000012222, 0.0011805049999988881, 0.0006773889999998062, 0.0006731670000004186, 6.145000000401524e-06, 0.0001822849999992826, 1.0127000001247666e-05, 0.000538176000000945, 0.002821252000000385, 2.3225999999709757e-05, 3.175100000163411e-05, 4.71270000002022e-05, 5.345800000000622e-05, 0.00034268199999942794, 0.0014412890000006229, 6.383400000053996e-05, 6.502699999977324e-05, 7.853900000043268e-05, 0.0012112880000003656, 0.00010251500000002522, 0.00038322199999996087, 0.00013525700000016627, 0.0004145550000007603, 0.00017491800000080104, 0.00058388100000073, 0.0002205849999992182, 0.0002372849999989768, 0.0002623889999995299, 0.0003094620000005932, 0.00030984399999844925, 0.0003122370000010477, 0.0003684650000010947, 0.00034742199999904244, 0.0003758030000007295, 0.0006089080000002411, 0.00038464200000021265, 0.0006108329999996442, 0.0004115890000004896, 0.0004325339999997624, 0.00043590299999962667, 0.00044804800000086686, 0.00046426300000135257, 0.0004924810000002111, 0.0005000979999998378, 0.00071521399999952, 3.4981000000655627e-05, 0.0002486229999991707, 0.00018126800000040078, 0.0007380349999994706, 0.002539598000000254, 6.988600000035206e-05, 0.0006414259999996119, 0.0001237379999992072, 0.00012535399999968888, 0.00046622500000026434, 0.0001543979999993894, 0.0017458000000001306, 0.0001773089999996813, 0.00018347900000037498, 0.00018442200000023945, 0.00020303099999985363, 0.0005776480000001527, 0.0012134389999989281, 0.0006778270000005193, 0.0002852810000000261, 0.0003118120000014102, 0.0003206650000002753, 0.0003351450000010914, 0.00033694200000056185, 0.0013203879999998946, 0.00034028500000005124, 0.0003417950000006442, 0.0006961190000005502, 0.0004250409999997373, 0.0006618840000012227, 0.0004426679999998129, 0.00045773400000115316, 0.0011022129999993524, 0.0004813049999992103, 0.00048688899999937973, 0.0004982099999999434, 0.0005084190000008704, 0.0006688829999994539, 0.0005172760000000665, 6.1389999999050815e-06, 1.651900000076978e-05, 2.2428999999490884e-05, 0.00237200199999954, 0.00022524099999898795, 3.7214000000673764e-05, 0.0011614610000005854, 0.0005235629999997826, 5.2192000000061967e-05, 5.39479999996928e-05, 6.207100000032995e-05, 6.237000000020032e-05, 6.342600000053267e-05, 0.001792530999999542, 0.001389824000000317, 8.826900000080684e-05, 0.00041777200000048254, 0.00016465400000065245, 0.00016616000000091447, 0.00018346999999963032, 0.0004744399999996318, 0.00020763500000064994, 0.0002403859999997593, 0.00024032199999979298, 0.0002553230000010842, 0.0005635450000003317, 0.0006036640000015581, 0.00029132300000078715, 0.0002943300000008975, 0.00030892699999895967, 0.0003320609999999391, 0.0006322100000009101, 0.00034338999999938835, 0.00036557199999975865, 0.00038019999999860943, 0.0003970019999997021, 0.0004022709999986773, 0.0004059810000001107, 0.000412925999999203, 0.0012359639999992567]]
* XPass FCT: [[0.00010942599999985703, 0.00011946600000101171, 7.607000000575681e-06, 7.709000000133415e-06, 7.6399999997534e-06, 1.0603999999858615e-05, 1.0660000000939363e-05, 1.0739000000370424e-05, 1.0650000000111959e-05, 1.0589000000393867e-05], [7.65999999963185e-06, 7.993000000539041e-06, 8.037999998933287e-06, 8.066999999556401e-06, 0.0009132549999986139, 0.0003940759999991883, 0.0005838260000015083, 0.00023240600000029588, 7.978999999380676e-06, 0.0003216680000015515, 7.701000001247849e-06, 0.0001427090000003517, 8.117000000140706e-06, 0.00019113699999984135, 0.00022585500000005254, 0.000141933000000094, 0.00013650800000064578, 9.679400000095484e-05, 7.775000000265209e-06, 7.83199999965234e-06, 7.738999999062912e-06, 8.0269999997995e-06, 8.123000000637148e-06, 0.00018787399999986576, 8.110999999644264e-06, 1.0724000000905676e-05, 1.0776999999961845e-05, 1.0744000000784126e-05, 1.067300000023863e-05, 1.0663000001187584e-05, 0.0005318760000001532, 1.074699999925599e-05, 1.0647999999946478e-05, 0.000786248000000711, 1.0740000000453165e-05, 0.00016472000000078424, 1.063500000064721e-05, 1.0680999999124197e-05, 1.0629999998457151e-05, 1.0652999998583823e-05, 0.00036682500000040363, 0.0004689679999998475, 0.0001840739999998675, 1.1140999999881274e-05, 1.0680999999124197e-05, 1.0636999999036334e-05, 0.00010305599999860249, 1.067200000015589e-05, 1.0786000000706508e-05, 1.0749999999504212e-05], [7.73399999864921e-06, 7.72200000120904e-06, 8.039999999098768e-06, 0.0003485559999987231, 8.721000000377899e-06, 8.330500000042207e-05, 1.0710000001523667e-05, 1.0335999999000478e-05, 1.0123999999223088e-05, 1.0137000000298713e-05, 0.0003248790000007773, 7.899999999949614e-06, 8.229000000525843e-06, 8.226000000277622e-06, 9.859000000389528e-06, 0.00014534600000004616, 0.00017663100000042675, 1.0563000000018974e-05, 1.0643999999615517e-05, 1.0748999999421471e-05, 0.0001034979999996466, 7.940000001482872e-06, 8.051999998315296e-06, 8.261000001397178e-06, 8.10700000108966e-06, 8.751999999390137e-06, 0.00036249300000079643, 1.0470999999512287e-05, 0.0005358569999991403, 9.190799999991839e-05, 7.901000000032354e-06, 7.918999999745324e-06, 0.0001543840000000074, 8.248999998627937e-06, 8.192999999323547e-06, 0.00011443200000016418, 8.23899999957689e-06, 8.30200000123682e-06, 0.0004905910000001512, 8.634000000284914e-06, 7.85099999944805e-06, 0.0003884009999985949, 0.00025499800000083894, 8.266000000034524e-06, 8.241999999825111e-06, 9.1480000001809e-06, 8.875500000016245e-05, 0.00035413099999992426, 1.0812000001081401e-05, 1.0771999999548143e-05, 0.00039452700000097707, 1.1661000000273702e-05, 1.1758999999500475e-05, 1.3265999999845235e-05, 0.0001733799999996677, 1.350900000041122e-05, 1.3573999998683917e-05, 0.00015877400000086084, 1.347300000098528e-05, 0.00017506899999908399, 1.1723999998380918e-05, 1.1802999999588337e-05, 1.1935999999934666e-05, 0.0004079259999993923, 1.248099999884289e-05, 1.289200000087476e-05, 0.0002285840000002537, 0.0004117059999995121, 8.87649999992135e-05, 9.204000000018198e-05, 0.0003195649999998551, 1.161800000026858e-05, 1.1721999999991795e-05, 0.00017104099999976086, 1.2448999999747912e-05, 8.966200000060098e-05, 1.373799999981884e-05, 0.00021401500000095552, 0.00035504899999949657, 0.0001924479999999562, 1.109599999971067e-05, 1.1378000001727173e-05, 1.1399999999994748e-05, 0.00010611799999971083, 1.2291000000885788e-05, 1.2377999999202416e-05, 0.0002784499999997081, 1.344699999883403e-05, 1.3646999999394893e-05, 0.0004104140000009693, 1.1121000000002823e-05, 1.1647999999198078e-05, 0.00038951900000050443, 0.00022655100000079642, 1.2717000000606049e-05, 8.826399999861678e-05, 0.00017502900000110344, 0.00018026799999937282, 1.3183000000083211e-05, 0.0001058099999990958], [7.722999999515423e-06, 7.683999999841262e-06, 0.00041362700000036057, 0.0005563449999996806, 8.68099999884464e-06, 0.0004059729999994488, 1.0156000000094423e-05, 0.0010159620000003144, 1.244399999933421e-05, 0.00020842300000012415, 1.3520999999627747e-05, 0.0005285280000002501, 0.0005553900000005996, 1.9555999999809615e-05, 1.9784999999217234e-05, 2.06479999995679e-05, 2.1005000000684504e-05, 2.2007000000101584e-05, 2.2065999999654196e-05, 0.00045537299999942604, 7.664000001739169e-06, 0.00024990400000035606, 7.999000001035483e-06, 8.404000000794554e-06, 9.087000000462808e-06, 1.0680000000817813e-05, 1.418099999916933e-05, 0.00041677399999962006, 1.7314999999129554e-05, 0.0005030080000008041, 0.0006690280000007931, 0.00012861399999941625, 9.369400000025507e-05, 0.00016498699999978328, 2.298400000100287e-05, 2.309699999969439e-05, 2.3013999999932366e-05, 2.298299999914377e-05, 2.269600000026628e-05, 0.00021888600000075087, 7.725999999763644e-06, 8.373000000005959e-06, 8.768000000713982e-06, 9.941399999924272e-05, 0.0007754880000003794, 1.0387999999750264e-05, 8.627799999949559e-05, 0.0004546859999994268, 0.0016201860000002455, 1.475899999903163e-05, 8.900500000130762e-05, 1.4680999999683308e-05, 9.811299999995526e-05, 1.5001000001291231e-05, 8.684799999869597e-05, 0.0005019649999997711, 1.717800000022862e-05, 1.873599999946407e-05, 1.8977999999947315e-05, 1.9465000001162025e-05, 7.848000000976185e-06, 0.0003697169999998806, 0.0001607279999991107, 0.00019372299999886877, 0.0002508540000007997, 8.358000000008303e-05, 0.00019106000000057577, 1.454899999941972e-05, 8.707399999963172e-05, 1.4869999999334027e-05, 1.5929999999997335e-05, 1.7011000000621834e-05, 1.7836999999687464e-05, 1.789300000076821e-05, 1.946899999971663e-05, 2.171400000072765e-05, 0.000582977999998846, 2.240900000138879e-05, 2.2495999999705418e-05, 2.3018000000263328e-05, 7.777999998737073e-06, 7.923000000076286e-06, 8.146999999070204e-06, 8.185999998744364e-06, 0.00026455099999900256, 8.661000000742547e-06, 0.00035319399999877987, 9.021000000331014e-06, 9.701999999833788e-06, 1.1861000000834565e-05, 9.246000000118215e-05, 1.314000000007809e-05, 1.5001999999597615e-05, 0.0004313969999998335, 1.7399000000750675e-05, 1.8582000000932908e-05, 0.0004916379999997389, 2.1986000000140393e-05, 2.196300000001372e-05, 0.00022039699999965023, 1.2750999999866508e-05, 1.3090000001270141e-05, 1.333300000005977e-05, 0.00048762800000012874, 1.5206000000489439e-05, 0.0005127900000001517, 1.759999999961792e-05, 0.00010062600000004807, 0.00043001100000061854, 0.0019143860000010449, 9.442699999873128e-05, 8.958799999980727e-05, 0.00033582100000018045, 2.1102999999911276e-05, 2.2912999998681016e-05, 2.384899999974266e-05, 0.00038235100000072464, 0.0001174810000001969, 2.5217000001021006e-05, 2.537599999996587e-05, 1.3386999999198679e-05, 1.4172000000201024e-05, 0.0008048519999999115, 1.4873999999664989e-05, 0.0004326880000000699, 1.6385999998647094e-05, 0.0002843160000001177, 0.0002657789999993554, 0.0004375359999997386, 0.0003517149999989755, 0.0017641360000002493, 0.00037733500000136644, 8.791000000130111e-05, 0.0005553290000008815, 0.00020886699999955738, 2.0141000000251097e-05, 2.08739999987273e-05, 0.00018803300000058698, 0.0007056289999987087, 2.1841000000577537e-05, 1.312300000044786e-05, 0.0002883239999995624, 1.373999999998432e-05, 1.3891000000043618e-05, 8.965700000018728e-05, 0.0010516480000006823, 9.944500000003131e-05, 1.763499999896112e-05, 9.631400000031931e-05, 1.877599999922097e-05, 8.68660000001853e-05, 0.0002782459999988163, 2.2334999998818716e-05, 0.00023665900000047202, 0.0002982940000002543, 2.369299999926966e-05, 2.4072999998736577e-05, 2.4156000000274958e-05, 2.433500000087463e-05, 2.46589999992608e-05, 0.0006410940000005638, 0.002978453000000769, 0.0007054199999991795, 1.4308999999101957e-05, 1.4252999999797566e-05, 0.00011147600000072089, 1.5103999999155349e-05, 0.0004442229999988001, 1.7296999999416585e-05, 1.7416999998687288e-05, 1.8057000000126777e-05, 0.0005719509999995154, 0.00035172599999988563, 0.0001831909999996384, 0.0003630059999988333, 1.9653999999036387e-05, 2.0719000000113397e-05, 2.2009000000267065e-05, 0.0011249830000004124, 0.0005060089999986417, 1.275600000028021e-05, 1.2912999999059593e-05, 1.2959000001089294e-05, 0.00024199300000127266, 1.389500000037458e-05, 1.3941999998934307e-05, 0.0001560240000006985, 0.002801804999998936, 0.0005742469999994171, 1.7785000000714035e-05, 0.0024018649999995034, 1.8569999999940023e-05, 9.028600000071663e-05, 1.906399999995756e-05, 0.00043982200000058924, 2.0068000001316477e-05, 2.0253000000636234e-05, 2.0571999998608703e-05, 0.00018346500000099297, 2.216599999904645e-05], [7.738999999062912e-06, 7.971999998801493e-06, 9.03090000008433e-05, 0.0001440909999992357, 8.825000000101113e-06, 8.846000000062304e-06, 9.506999999686627e-06, 0.0004602179999988465, 1.0232999999360004e-05, 1.0404999999380493e-05, 1.0850999998979205e-05, 8.662699999995027e-05, 0.00018544299999945224, 9.821400000120661e-05, 0.0007414809999986005, 0.0002726600000002577, 1.575100000117402e-05, 1.6643000000371444e-05, 1.7331999998759784e-05, 1.784499999857303e-05, 2.097499999997865e-05, 0.0006130819999992099, 2.2915000000622854e-05, 2.5292000000121106e-05, 0.00027905099999969707, 0.0025904010000008526, 0.0004640460000011615, 0.0009789170000011893, 3.0749000000440674e-05, 0.0005919320000007389, 8.832000000680296e-06, 8.841999999731343e-06, 0.0007453769999994364, 0.0004601519999987147, 0.0007093200000003463, 9.821999999104492e-06, 1.0121000000751224e-05, 1.0298000001185414e-05, 1.0767000000910798e-05, 1.1904000000839687e-05, 1.2168999999673247e-05, 0.00037075400000041725, 0.000641326999998526, 8.372299999948041e-05, 1.4248999999466605e-05, 0.00041494199999903003, 9.206400000039139e-05, 0.000645971999999162, 2.3549999999872284e-05, 0.0002811920000009849, 0.0012945559999995027, 2.7339000000736746e-05, 3.092799999926399e-05, 0.0017372319999999775, 3.4976000000241925e-05, 3.581500000038318e-05, 3.5882000000597714e-05, 0.0001456700000002087, 3.741500000131737e-05, 0.0003731239999993363, 7.635999999422438e-06, 7.764000001131421e-06, 0.0001988940000003936, 8.187000000603462e-06, 0.0006589529999985189, 0.0006751610000002017, 8.851000000476006e-06, 9.407000000294374e-06, 1.102100000061057e-05, 0.00017788599999946086, 1.3486000000284548e-05, 0.00043663699999996197, 1.3864000001362342e-05, 1.4688000000262491e-05, 0.0006310060000007667, 1.8634999999989077e-05, 1.9212999999851377e-05, 0.00085522900000079, 0.00012002699999946742, 2.0484000000209335e-05, 9.467299999954548e-05, 8.839600000065673e-05, 0.00020814300000004948, 2.9242000000095913e-05, 0.0005968280000008264, 3.053100000016684e-05, 3.1247999999095555e-05, 0.00035029900000083103, 3.245099999915624e-05, 3.463500000044917e-05, 0.0008235750000000763, 0.0004422650000002193, 0.001038631000000123, 1.0510999999269188e-05, 8.897499999882541e-05, 0.0008359239999986556, 1.3698000000061938e-05, 0.0007622570000016538, 8.53420000002103e-05, 0.0005781000000002479, 0.0008866259999997794, 0.00010027899999975887, 0.00027601500000074, 1.5317000000791836e-05, 1.5387999999560975e-05, 1.555199999891954e-05, 0.0004992519999991174, 1.798900000160586e-05, 0.0008569220000005373, 0.000280440999999243, 0.0002747919999990245, 0.00014719400000018368, 0.0007323780000003666, 0.000629298999999861, 0.00030834899999909737, 0.000891090999999733, 2.933300000051986e-05, 0.000689786999998887, 3.4740999998561506e-05, 3.5093000001040764e-05, 7.701999999554232e-06, 0.0006483050000003487, 7.961999999750446e-06, 9.216000000478175e-06, 9.43299999889291e-06, 9.719999999546758e-06, 0.0007335429999990595, 1.032199999961847e-05, 1.2286000000472086e-05, 1.4290000001082603e-05, 1.4368999998737308e-05, 1.5079000000639553e-05, 0.0013458240000012722, 2.6539000000269652e-05, 2.8225999999520468e-05, 3.0196000000870526e-05, 3.317600000052323e-05, 3.3219000000528354e-05, 3.370700000004945e-05, 3.448000000005891e-05, 0.00037427200000017535, 3.5221999999279774e-05, 0.000271658999999147, 3.708999999929574e-05, 3.749799999930303e-05, 3.772800000056975e-05, 3.793199999968522e-05, 0.000565285000000415, 3.917099999917184e-05, 3.926800000009223e-05, 0.00010673099999891633, 1.5151999999574173e-05, 0.0006093530000015335, 0.00011442599999966774, 8.681599999960099e-05, 0.0006795010000004709, 1.9919999999729043e-05, 2.2406999999446953e-05, 2.2952000000131534e-05, 0.001925062999999838, 2.8337999999905605e-05, 2.8320000000192636e-05, 2.993200000034335e-05, 0.0008750279999993893, 3.0559000000707215e-05, 3.361399999946002e-05, 3.3667000000292546e-05, 3.591500000155179e-05, 3.768600000064737e-05, 0.0003805400000000958, 3.8724000001266745e-05, 3.929899999910447e-05, 3.9795999999370224e-05, 0.0026108130000004337, 4.101799999922662e-05, 4.101400000067201e-05, 0.001269674999999637, 4.1826000000355634e-05, 4.186999999866714e-05, 4.2407000000466155e-05, 1.3762000000028252e-05, 1.3807000000198855e-05, 0.0008029789999994819, 1.6818000000640154e-05, 0.001132262999998801, 1.906399999995756e-05, 0.0001896749999996672, 0.0011485069999999098, 2.183999999871844e-05, 8.666300000115257e-05, 0.00040243199999956403, 2.6102999999721987e-05, 0.0004903110000000765, 0.0012196360000000794, 3.71650000001722e-05, 0.00010281299999981286, 0.0003473389999992804, 4.1110999999816045e-05, 0.0005238960000006898, 0.0005488769999999477, 4.240099999996971e-05, 4.246700000010151e-05, 4.243800000125475e-05, 4.247900000109439e-05, 4.2813000000307966e-05, 4.308399999963797e-05, 0.0006585330000010714, 0.0005358229999998798, 0.00011578499999842506, 4.3005000000206905e-05, 1.3902000000953763e-05, 1.7161000000598392e-05, 1.871899999983384e-05, 0.0002708550000001253, 0.00028560699999857775, 2.396299999851692e-05, 0.00010236800000029689, 2.507200000145815e-05, 9.58769999996889e-05, 2.9436000000160334e-05, 0.0012041680000010047, 3.4070999999968876e-05, 3.436900000153287e-05, 0.00010727499999951817, 3.5643999998669074e-05, 0.000269450999999421, 3.6288000000439524e-05, 3.665000000019347e-05, 3.912799999916672e-05, 3.9609999999967727e-05, 4.0417999999320386e-05, 4.0692000000674966e-05, 4.115200000143204e-05, 0.0003597519999996024, 0.00142541499999993, 4.230100000057746e-05, 0.0006055440000007906, 0.00013395200000054786, 4.275499999906174e-05, 0.0001345650000015297, 1.3883999999464436e-05, 1.410800000023471e-05, 1.4342000000056032e-05, 0.000382498000000453, 1.5165999998956181e-05, 1.5529000000569226e-05, 1.661099999950011e-05, 1.8225999999899045e-05, 8.801999999974441e-05, 0.0007602729999991453, 0.0007120910000004699, 2.2782000000276525e-05, 2.8079999999874872e-05, 2.854400000096291e-05, 0.00026405600000067864, 3.0442999999991116e-05, 9.282999999982167e-05, 3.084500000127832e-05, 0.0020686930000000103, 0.0012584249999996189, 0.0010292639999995856, 0.0005636429999995585, 0.0005748790000001947, 3.733500000002721e-05, 0.00022275999999976648, 3.794000000034714e-05, 3.874399999936884e-05, 3.891599999938933e-05, 3.992099999905463e-05, 0.0001263530000006341, 1.4155000000570794e-05, 0.0007750690000012384, 0.0006431819999992427, 1.615200000060213e-05, 1.734399999975267e-05, 0.0001935900000002988, 0.0006698820000003991, 0.0002783789999991626, 8.87699999996272e-05, 0.0003800419999997473, 0.0008042489999997571, 1.9537000000013904e-05, 0.00111890300000006, 8.964399999911166e-05, 2.5288999999872885e-05, 2.5672999999670765e-05, 2.649800000043001e-05, 0.0013381790000011051, 3.276300000010224e-05, 3.4821999999934405e-05, 0.00010324800000027778, 3.683199999926501e-05, 0.0006865939999993742, 3.868599999989897e-05, 0.0005008460000013315, 3.977199999916081e-05, 3.976799999882985e-05, 4.056400000074234e-05, 4.09100000009488e-05, 0.000611826000000093], [0.0005863369999996593, 8.346999999631066e-06, 0.0012514230000011395, 9.42000000137e-06, 0.0005291669999998305, 9.66900000065607e-06, 9.752000000418093e-06, 9.74599999992165e-06, 1.3014000000310944e-05, 1.5251000000660042e-05, 0.0009288660000006388, 0.00010983800000019528, 0.0005418920000010985, 1.9198000000386628e-05, 9.726999999948305e-05, 2.2196999999835043e-05, 0.00010191199999987077, 2.588400000114177e-05, 2.889400000150033e-05, 3.3291999999462973e-05, 3.6771999999629656e-05, 3.731900000047972e-05, 3.907799999858241e-05, 0.00042956499999924347, 4.183400000101756e-05, 0.0003860850000005911, 4.6224000000094634e-05, 0.00011422800000104871, 5.1376000000047384e-05, 5.17970000011303e-05, 0.0006733109999998987, 0.00014297200000079613, 0.0013760579999999578, 5.6147000000450475e-05, 5.703499999931694e-05, 5.808799999940106e-05, 5.8548999998464524e-05, 5.979700000047217e-05, 6.0428999999473376e-05, 6.049599999968791e-05, 0.0013956730000010964, 7.802000000722842e-06, 8.191000000934423e-06, 0.00025139500000115333, 9.574999999983902e-06, 1.1376999999868076e-05, 0.0011104109999990897, 0.0004734630000005069, 1.5581999999625396e-05, 9.54899999996428e-05, 0.0003158230000011031, 9.430200000082323e-05, 0.0005339689999992459, 2.0197999999638228e-05, 0.000704431000000838, 2.14569999990033e-05, 0.001249102999999252, 0.00019604500000092173, 0.00074788299999895, 0.00028759399999955804, 0.00020464300000000435, 0.00021967900000063878, 0.0003242009999997464, 0.0007801250000003535, 0.0008819239999997563, 4.6960000000595414e-05, 4.823699999967346e-05, 4.973300000088443e-05, 5.01279999998161e-05, 5.2695000000824166e-05, 0.0004650710000007052, 5.589699999930531e-05, 5.644400000015537e-05, 5.8286999999879185e-05, 0.00020926600000059636, 0.0008232040000013541, 6.111999999980355e-05, 6.139799999971274e-05, 6.181600000054743e-05, 0.000821064000000149, 8.23799999949415e-06, 8.596999998999877e-06, 8.750000001001013e-06, 0.00020846500000004653, 9.051000001036869e-06, 1.3893999998515483e-05, 0.0010818360000008909, 0.0014700709999999617, 2.4404999999561028e-05, 0.0008980599999990346, 0.000353732999998968, 3.4278999999415305e-05, 0.0012555040000012951, 0.0006150229999999368, 3.815400000029001e-05, 3.8675999999071564e-05, 0.0007097710000003588, 4.2699000001533705e-05, 4.411499999967816e-05, 0.0007825070000002654, 0.00011844399999993982, 0.0011594810000001843, 4.923000000012223e-05, 5.0677999999138024e-05, 5.301200000040751e-05, 0.0001478560000016671, 5.5161000000580884e-05, 5.582699999884255e-05, 5.775300000010475e-05, 5.8937999998676105e-05, 5.9295000001569065e-05, 5.9654999999381175e-05, 6.0890000000313194e-05, 6.12420000010161e-05, 6.172200000165162e-05, 6.235000000032187e-05, 0.0006410910000003156, 6.307700000007799e-05, 6.309300000140183e-05, 6.390399999922636e-05, 7.91800000143894e-06, 0.0006429980000000057, 8.352000000044768e-06, 8.822999999935632e-06, 8.97099999974671e-06, 9.37499999942304e-06, 0.0008608950000006388, 1.009200000012811e-05, 0.0006359709999994578, 0.0008378190000009056, 1.1974999999608826e-05, 0.001962855000000374, 1.5214999999457746e-05, 9.568699999995545e-05, 9.461299999991013e-05, 1.8153000000964425e-05, 0.0008330809999996802, 2.3589999999629185e-05, 0.00023926700000131973, 2.7292000000400662e-05, 2.8507999999760614e-05, 0.0001323580000001101, 3.65120000012098e-05, 0.0009933259999996835, 4.282399999944175e-05, 0.00036929300000032583, 4.952200000118978e-05, 5.1586999999742034e-05, 0.0005358869999998461, 5.2819999998732214e-05, 5.359200000043529e-05, 5.6528000000000134e-05, 5.693000000128734e-05, 0.0006547459999985961, 5.9970000000575396e-05, 0.0006159910000000934, 6.036499999950706e-05, 0.0009186530000011572, 6.396800000096903e-05, 6.437399999903448e-05, 7.589999999169095e-06, 0.00010992399999842917, 7.927000000407247e-06, 0.0006496060000014126, 0.0006536779999990472, 9.7260000000432e-06, 0.0013307410000003017, 1.1139999999798533e-05, 0.0006806079999996939, 1.4988000000215607e-05, 1.5094000000104302e-05, 1.627100000156645e-05, 1.9005000000404948e-05, 0.0009882569999994928, 1.9385999999954606e-05, 2.1191000000087e-05, 9.639499999991585e-05, 2.1476999998881752e-05, 2.6526999999276768e-05, 0.0008582459999999514, 0.00046193699999896864, 0.00013279999999937786, 3.2944999999173774e-05, 0.0010787299999996947, 3.7891999999928316e-05, 3.834199999985799e-05, 3.94820000000351e-05, 0.00022825300000128834, 4.5107000000044195e-05, 4.515199999843844e-05, 0.00020082899999884773, 4.872799999944277e-05, 0.0007042699999999513, 5.38380000012495e-05, 5.487900000034074e-05, 0.0005510520000004959, 5.607699999998772e-05, 6.020800000072768e-05, 6.094800000155942e-05, 6.160599999915917e-05, 0.0005746490000007043, 1.3556999999053687e-05, 0.00040378899999993223, 1.4585000000622017e-05, 1.4908000000701804e-05, 0.0011911819999994577, 1.5315000000626355e-05, 1.5427999999317876e-05, 1.6148000000271168e-05, 1.6890999999574774e-05, 0.00011210399999939114, 9.653800000108959e-05, 0.0002875189999986816, 0.0007808590000006888, 2.109600000110845e-05, 2.191899999992586e-05, 0.00011340999999909229, 3.158400000025097e-05, 3.184100000019896e-05, 0.00019740299999959632, 3.3801000000721615e-05, 3.414400000067985e-05, 0.0010183960000009762, 3.5324000000613864e-05, 3.7041000000570534e-05, 3.780099999950437e-05, 0.00012043499999947471, 4.070000000133689e-05, 4.169499999839843e-05, 4.299399999929676e-05, 4.48100000003393e-05, 4.674999999920715e-05, 0.0004064600000006635, 4.84790000001567e-05, 4.975500000092836e-05, 5.1531000000437643e-05, 5.1975999999953615e-05, 5.296600000015417e-05, 0.0009442419999992069, 5.646199999986834e-05, 1.3843999999707535e-05, 0.00101278399999849, 9.795499999931678e-05, 1.4937000001324918e-05, 1.6449000000307024e-05, 1.6952999999375606e-05, 1.7724999999302327e-05, 0.0003777270000000499, 0.0007683189999987405, 0.00010545999999855837, 0.0007483150000009431, 2.5363999998972986e-05, 0.00021134500000030698, 0.00042514999999987424, 2.9280999999770074e-05, 3.063900000022102e-05, 0.0009275960000003636, 3.5651999999331e-05, 4.106099999923174e-05, 4.1441000000475015e-05, 0.000517256000000188, 0.00036069699999963234, 0.00036858100000003446, 4.83540000004723e-05, 4.886700000028554e-05, 4.934600000083833e-05, 5.0567000000611984e-05, 5.3303999999698704e-05, 5.35660000000604e-05, 5.403899999834039e-05, 0.0023849109999982687, 5.617799999946271e-05, 5.6628000001168743e-05, 5.9141000001261546e-05, 0.0008211639999995413, 0.0030129119999990905, 0.0007514890000006602, 0.0010795459999997092, 0.0008865440000001001, 0.0008067280000005894, 1.4344000000221513e-05, 0.0006373699999997484, 1.5775000001383432e-05, 0.000857850000000937, 0.0028711330000010804, 1.9034999999334445e-05, 9.656300000138174e-05, 9.939999999986071e-05, 2.653399999985595e-05, 0.0006848299999990815, 0.001628226999999427, 0.00019673099999906185, 0.00010105500000001655, 0.0001006429999996783, 0.001354085000000893, 3.649599999988595e-05, 0.0006560990000004097, 4.0838999998626946e-05, 0.0006163350000001344, 4.517500000034147e-05, 0.0008564510000006464, 5.023599999987027e-05, 5.2347000000452226e-05, 0.0002029740000004665, 5.783599999986677e-05, 5.7990999998480675e-05, 5.8171000000939443e-05, 0.0003966320000010626, 5.927399999983152e-05, 6.262700000014831e-05, 0.0010676249999992393, 0.00022275300000096365, 0.00066764500000005, 6.415800000070249e-05, 6.51820000001635e-05, 6.559000000017079e-05, 6.590199999934043e-05, 6.630000000029668e-05, 6.657199999970942e-05, 6.66450000004204e-05, 0.0010649410000009851, 2.263700000071367e-05, 0.0009639899999989154, 0.0005008289999999249, 0.0011963030000003982, 0.0024038750000006104, 3.253700000094284e-05, 0.0007860439999998192, 4.448099999976307e-05, 4.4738999999793805e-05, 0.0003591529999997789, 4.867100000005564e-05, 0.0018576130000003133, 5.034299999984171e-05, 5.1187000000396665e-05, 5.145799999972667e-05, 5.2884000000474884e-05, 0.00045376599999968903, 0.0009426010000002094, 0.0009594090000000222, 5.930100000028915e-05, 6.022900000068887e-05, 6.0137000000182184e-05, 6.215099999984375e-05, 6.228900000060378e-05, 0.0011125600000010394, 6.290800000030572e-05, 6.298500000134766e-05, 0.00073202600000144, 6.472699999982012e-05, 0.0007835240000009236, 6.554600000008293e-05, 6.56750000000983e-05, 0.0008413789999988097, 6.628599999913831e-05, 6.62569999985152e-05, 6.636700000051121e-05, 6.644599999994227e-05, 0.0008426979999995865, 6.659200000136423e-05, 1.4304000000464612e-05, 1.7896000001016432e-05, 0.00019554799999887962, 0.0021905339999985785, 0.000538552000000081, 2.285300000082202e-05, 0.001097344000001499, 0.0006375629999997301, 0.00010730500000022403, 2.76750000001158e-05, 2.919900000009079e-05, 0.00010376000000000829, 0.00019572900000142113, 0.0015226269999999431, 0.0013261670000002113, 3.5975999999493524e-05, 0.0006112839999996567, 4.635600000035822e-05, 4.6628999999853704e-05, 4.941499999944199e-05, 0.0007722050000005254, 5.245600000058914e-05, 5.3594999998907156e-05, 5.57269999994503e-05, 5.623700000079168e-05, 0.0007018730000005746, 0.0006151400000007357, 5.864000000066483e-05, 5.8964000000827355e-05, 5.904199999839932e-05, 6.0351000000125055e-05, 0.0008984880000006967, 6.113299999910282e-05, 6.318999999876951e-05, 0.00021576299999992443, 6.401000000089141e-05, 6.402899999891076e-05, 6.435899999956973e-05, 6.432899999886388e-05, 0.0008746849999994311]]
** SSIRD FCT sorted: [[(237, 1.0639000000978172e-05), (315, 1.0804000000419478e-05), (415, 7.694000000668666e-06), (561, 1.0904000001588088e-05), (587, 7.870000001020117e-06), (607, 1.0871000000634012e-05), (793, 1.1129000000664746e-05), (945, 7.912999999248882e-06), (50221, 1.8692999999458948e-05), (77041, 2.35840000009091e-05)], [(232, 1.0206000000678728e-05), (259, 1.0511999999351929e-05), (259, 1.0911000000390914e-05), (294, 9.187999999937801e-06), (308, 7.532999999781964e-06), (308, 9.535000000227e-06), (310, 7.756000000469498e-06), (313, 1.0516000001459247e-05), (313, 1.0581999999814684e-05), (318, 5.950000000254363e-06), (318, 7.537000000112926e-06), (350, 9.851999999810346e-06), (400, 7.901000000032354e-06), (441, 9.843999999148423e-06), (491, 8.700000000416708e-06), (502, 7.130999998494758e-06), (513, 7.889000000815827e-06), (525, 8.493999999359403e-06), (549, 9.521000000844992e-06), (561, 8.06499999939092e-06), (561, 5.006000000307154e-06), (561, 6.404000000514998e-06), (574, 7.564000000570559e-06), (630, 8.101000000593217e-06), (630, 1.1279000000641304e-05), (662, 1.1313999999984503e-05), (671, 9.730000000374162e-06), (696, 8.328999999918096e-06), (800, 8.369999999757738e-06), (867, 8.444000000551455e-06), (1085, 6.1149999996956694e-06), (1585, 1.4748999999980583e-05), (4206, 9.926000000604063e-06), (44804, 4.111700000031249e-05), (47823, 4.292100000036214e-05), (49408, 4.861200000050303e-05), (49813, 3.4731000001286816e-05), (50632, 1.6502999999445933e-05), (67347, 5.5564000000174474e-05), (72473, 6.852199999940467e-05), (76416, 7.00519999998761e-05), (77041, 8.010800000057827e-05), (79595, 9.756400000071608e-05), (91238, 0.0005779110000005971), (209535, 0.00011334099999871228), (268113, 0.0001320129999999864), (773563, 0.0005817319999987802), (1211116, 0.0007632590000010708), (1660940, 0.00035618599999942546), (3997329, 0.0008302449999995076)], [(168, 7.977000000991552e-06), (237, 1.0668999999907669e-05), (265, 1.06510000001947e-05), (305, 5.707000001464735e-06), (308, 6.563000001236219e-06), (310, 6.064000000804981e-06), (318, 1.1146000000294976e-05), (321, 7.012000001083152e-06), (321, 1.1359000000155106e-05), (321, 1.0100999999096416e-05), (321, 1.1288000001385967e-05), (326, 8.0619999991427e-06), (331, 1.0760000000331615e-05), (340, 5.001999999976192e-06), (340, 1.2384999999781598e-05), (350, 5.071999998662591e-06), (355, 8.241999999825111e-06), (360, 1.1187999998441e-05), (360, 1.2488999999504813e-05), (360, 1.3397000000026082e-05), (365, 1.2292000000968528e-05), (365, 6.865000001354815e-06), (385, 7.929999998879111e-06), (400, 3.83999999975515e-06), (415, 4.856000000330596e-06), (430, 8.441000000303234e-06), (430, 8.344000001159202e-06), (435, 5.53699999983337e-06), (452, 6.7890000003956175e-06), (468, 1.1937000000017406e-05), (480, 9.437999999306612e-06), (491, 7.432999998613354e-06), (491, 4.367999999033145e-06), (491, 1.2869000000748088e-05), (502, 5.112000000195849e-06), (513, 2.7860000013646413e-06), (513, 3.78400000045076e-06), (513, 3.5729999989797534e-06), (513, 6.314000000173792e-06), (525, 7.9920000004563e-06), (525, 1.207499999900108e-05), (549, 4.753999998996505e-06), (549, 8.889000000067426e-06), (549, 1.1064000000615692e-05), (561, 9.379999999836741e-06), (561, 8.350999999962028e-06), (561, 7.536000000030185e-06), (561, 1.3829000000242786e-05), (574, 6.536000000778586e-06), (574, 9.855000000058567e-06), (574, 1.2253999999600751e-05), (587, 6.380000000305586e-06), (600, 1.45859999989284e-05), (607, 8.292000000409416e-06), (638, 1.15810000007599e-05), (671, 1.1888999999598582e-05), (679, 9.291000001354632e-06), (679, 8.791000000840654e-06), (685, 8.743999998728214e-06), (719, 1.2659999999442562e-05), (725, 1.5018999999227844e-05), (731, 1.5081000000805034e-05), (749, 6.898999998838917e-06), (774, 1.1391999999332825e-05), (859, 9.529999999813299e-06), (867, 1.2871000000913568e-05), (1085, 1.3655000000056816e-05), (1130, 8.218000001392056e-06), (1201, 1.3801999999785153e-05), (1343, 1.5950000001652143e-05), (1585, 1.430000000013365e-05), (3699, 1.4195000000327695e-05), (5887, 1.6675999999549163e-05), (5887, 2.0478999999795633e-05), (7517, 1.4764000001221689e-05), (10373, 1.7834999999521983e-05), (27756, 2.8048000000779894e-05), (32871, 2.8244000001009795e-05), (39648, 3.558800000114104e-05), (41636, 4.558200000026602e-05), (41636, 3.925300000062748e-05), (44531, 4.926899999979639e-05), (46478, 5.518600000087304e-05), (47050, 5.456499999922926e-05), (48609, 6.574899999911565e-05), (49007, 7.13900000004486e-05), (49408, 3.618500000079905e-05), (49813, 6.349100000058172e-05), (60084, 7.593499999991593e-05), (76416, 8.466099999893117e-05), (87238, 9.519500000010339e-05), (133013, 0.00010282499999902939), (137421, 0.00012106299999992132), (195107, 0.0001551250000009219), (195107, 0.00016873400000072536), (203640, 0.00013248700000012548), (249150, 0.00019631499999839264), (263241, 0.0002335289999990664), (643946, 0.0002606539999998603), (1559267, 0.00039308599999898775)], [(141, 5.0240000000201235e-06), (222, 5.705999999605638e-06), (222, 1.2027000000358612e-05), (227, 7.810000001384765e-06), (227, 1.125200000018367e-05), (227, 5.724000001094964e-06), (232, 1.9754000000204996e-05), (254, 2.0643000000930556e-05), (265, 1.9881000000054883e-05), (271, 7.652999999052668e-06), (291, 1.3826999998300948e-05), (300, 2.3132000000813946e-05), (300, 2.7490000000796044e-05), (303, 8.352000000044768e-06), (303, 1.6570999999743208e-05), (305, 6.407000000763219e-06), (308, 6.021999999106242e-06), (308, 2.617899999890483e-05), (308, 1.2055000000898985e-05), (313, 2.183799999855296e-05), (315, 5.609000000461606e-06), (318, 6.305999999511869e-06), (321, 5.479000000363499e-06), (326, 6.066999999276845e-06), (326, 7.768999999768766e-06), (326, 1.1577000000428939e-05), (331, 1.9210000001379512e-05), (335, 9.046000000623167e-06), (340, 2.111000000049046e-05), (340, 1.2091000000324925e-05), (350, 6.04300000084379e-06), (350, 9.261000000648778e-06), (350, 2.339000000084468e-05), (355, 6.212000000616058e-06), (355, 2.23469999998116e-05), (355, 2.2196999999835043e-05), (360, 1.5570000000408868e-05), (360, 2.139899999953343e-05), (360, 1.144299999999987e-05), (371, 2.1200999999138048e-05), (371, 7.785999999398996e-06), (376, 1.487699999991321e-05), (381, 2.3782000001304482e-05), (390, 1.8438999999759176e-05), (400, 1.875499999925978e-05), (420, 6.773000000848128e-06), (420, 1.9741999999212112e-05), (420, 1.2850999999258761e-05), (446, 2.13819999999032e-05), (491, 2.6962999999824433e-05), (491, 7.824999999073157e-06), (502, 9.660999999994146e-06), (502, 2.294099999922139e-05), (502, 2.4686999999801174e-05), (513, 1.8672000001274114e-05), (513, 2.1389000000482383e-05), (525, 2.564399999904765e-05), (525, 7.613999999378507e-06), (525, 8.878999999240023e-06), (525, 2.7819000001372274e-05), (525, 1.946799999963389e-05), (525, 1.24249999995385e-05), (525, 1.3484000000119067e-05), (537, 1.8904000000929955e-05), (549, 8.084999999269371e-06), (549, 2.3419999999774177e-05), (561, 4.4399999996613815e-06), (561, 3.236200000067413e-05), (561, 3.0360000000229093e-05), (561, 2.2044999999693005e-05), (574, 2.2038999999196562e-05), (574, 2.018800000058718e-05), (574, 1.9253999999691018e-05), (574, 2.6829999999478105e-05), (574, 1.5599999999338365e-05), (587, 1.943500000045617e-05), (587, 2.5268999999994435e-05), (587, 1.5849000000400792e-05), (587, 2.859900000018456e-05), (587, 1.9981999999529876e-05), (600, 1.775500000000818e-05), (600, 1.0585000000062905e-05), (600, 2.4596999999459968e-05), (600, 2.6407000000006065e-05), (615, 1.934899999866957e-05), (615, 2.3324000000712886e-05), (615, 2.7641999999161726e-05), (623, 2.553300000052161e-05), (630, 2.270899999956555e-05), (630, 1.99200000015054e-05), (630, 2.612900000009688e-05), (638, 1.1328999999449252e-05), (638, 2.272599999919578e-05), (638, 2.5155000001220174e-05), (638, 2.1701999999734767e-05), (646, 1.4265999999096834e-05), (654, 2.3645000000627192e-05), (654, 2.046799999888549e-05), (654, 2.620900000138704e-05), (654, 3.093800000009139e-05), (654, 2.570900000087306e-05), (662, 2.657500000147195e-05), (671, 1.0409000001487811e-05), (679, 8.166999998948654e-06), (685, 2.23120000004684e-05), (690, 1.144500000016535e-05), (690, 2.541099999930907e-05), (696, 1.5379999998899052e-05), (707, 1.22689999990655e-05), (713, 2.626200000044321e-05), (713, 1.4165999999704582e-05), (725, 2.1294999999810216e-05), (737, 2.008999999958405e-05), (743, 2.357899999871904e-05), (749, 2.8279000000352994e-05), (749, 1.663599999979226e-05), (762, 2.4135000000313767e-05), (774, 4.586000001083335e-06), (774, 8.632000000119433e-06), (774, 2.5458999999727894e-05), (787, 7.591000001028192e-06), (787, 3.170799999985263e-05), (808, 3.2703000000466886e-05), (825, 1.2170999999838727e-05), (841, 2.497500000053776e-05), (850, 1.586499999994828e-05), (867, 2.1529000001407894e-05), (885, 2.5637000000244825e-05), (929, 2.1076999999536383e-05), (992, 3.2149000000814e-05), (992, 3.0188999998514987e-05), (1009, 1.184899999984168e-05), (1009, 2.614599999972711e-05), (1042, 2.292299999950842e-05), (1448, 3.212199999858001e-05), (1509, 2.7506000000343533e-05), (1547, 2.927099999894267e-05), (1611, 2.521499999907917e-05), (1624, 2.8338999999988346e-05), (1624, 2.4979999999175106e-05), (1664, 2.5108999999190473e-05), (2412, 2.6588000000771217e-05), (3118, 2.6838000000140028e-05), (4206, 2.79359999986184e-05), (5652, 3.407300000013436e-05), (6132, 3.7244999999686e-05), (10373, 3.540900000054137e-05), (18203, 3.791600000013773e-05), (27756, 3.8376000000894805e-05), (31946, 3.342399999972656e-05), (31946, 5.050600000089389e-05), (32405, 4.243899999956113e-05), (32405, 5.445900000111692e-05), (33822, 5.890799999974661e-05), (41214, 6.199100000081614e-05), (42062, 8.304900000055682e-05), (42062, 7.159799999989502e-05), (42493, 6.74640000006832e-05), (42928, 7.804200000016692e-05), (43367, 0.00010128699999967239), (43811, 8.713899999968078e-05), (44260, 8.715400000092188e-05), (44260, 0.00010904099999997641), (45079, 0.00010425700000027405), (46763, 0.0001167819999992048), (47050, 8.682899999890026e-05), (47050, 0.0001161989999989288), (47435, 0.00012913900000022238), (50221, 0.0001352340000000396), (51046, 0.00013952800000005539), (53169, 0.00012100200000020322), (67347, 0.00014285699999838641), (72473, 0.0001599290000005027), (73364, 0.000171309000000619), (73814, 0.0001785049999991628), (75795, 0.0001808020000009236), (77041, 0.00015890200000079346), (77041, 0.00032251999999921566), (77672, 0.00020299999999906504), (80246, 0.00020991899999955876), (89216, 0.00021643200000021068), (97584, 0.00022831799999956104), (103313, 0.00024056700000052444), (108492, 0.00024317899999992676), (116988, 0.000252216999999888), (156563, 0.0002762159999996072), (156563, 0.0002864929999990551), (192343, 0.00032733399999962387), (220484, 0.0003255699999993311), (368444, 0.00038751400000158753), (386910, 0.00045892500000022096), (448051, 0.0004207619999991863), (792711, 0.0006147169999994873), (917977, 0.0005576630000003746), (1880773, 0.0008418230000000193), (2082496, 0.0010213940000003419), (2944602, 0.0012898349999996839), (3430822, 0.0016213579999995176), (6322443, 0.002439907999999491), (8582787, 0.0028757660000007235)], [(60, 4.47750000009961e-05), (64, 6.478000001308715e-06), (72, 4.366000000644021e-06), (72, 2.3381000000100016e-05), (77, 5.175000000079422e-06), (81, 2.880699999963099e-05), (141, 3.580899999988674e-05), (183, 4.7787999999826525e-05), (222, 3.345800000076338e-05), (232, 5.393000000353254e-06), (232, 1.907999999950505e-05), (232, 2.4173999999987927e-05), (243, 1.8825999999805276e-05), (271, 2.288700000008248e-05), (271, 5.974000000463775e-06), (279, 2.2623999999638045e-05), (288, 4.8149999987145975e-06), (297, 4.553800000017816e-05), (300, 1.1977999999857047e-05), (300, 1.1646000000808954e-05), (303, 2.715099999939241e-05), (303, 1.6620000000244772e-05), (303, 2.7315999998833718e-05), (305, 3.868200000134436e-05), (305, 1.2522999998765272e-05), (305, 3.496399999924904e-05), (308, 5.230000001077428e-06), (308, 2.5732000000999733e-05), (310, 1.4038999999854695e-05), (310, 3.5249999985609293e-06), (310, 2.495000000024561e-05), (310, 3.3005999998891866e-05), (310, 6.790999998784741e-06), (310, 8.856999999196091e-06), (313, 5.40099999923882e-06), (313, 2.4631000000496783e-05), (313, 4.797299999914628e-05), (313, 7.146999999818604e-06), (315, 4.06379999997597e-05), (318, 1.561600000066221e-05), (321, 5.488000001108162e-06), (321, 1.5276000000952195e-05), (321, 2.0098000000245975e-05), (321, 1.3466999998712481e-05), (323, 1.806900000111966e-05), (323, 1.4804999999284973e-05), (326, 5.0469999999691595e-05), (331, 3.741000000445638e-06), (331, 1.408700000027352e-05), (331, 1.5352000000135035e-05), (335, 6.812000000522289e-06), (335, 1.1369999999288893e-05), (340, 5.786000000895797e-06), (345, 1.5205999998713082e-05), (350, 5.529400000092721e-05), (355, 1.095899999903338e-05), (355, 7.162999999366093e-06), (355, 3.809200000048918e-05), (355, 8.99299999979064e-06), (355, 1.796399999953735e-05), (360, 7.059999999725619e-06), (371, 4.990000000049122e-05), (371, 3.639400000032822e-05), (376, 1.2836999999876753e-05), (385, 2.248500000057163e-05), (395, 4.4815000000753e-05), (395, 2.6661999999788577e-05), (405, 7.280999998471316e-06), (405, 4.794000000529763e-06), (415, 1.77929999995996e-05), (415, 4.060400000049924e-05), (415, 4.21460000001872e-05), (420, 1.7591000000649615e-05), (430, 3.104600000014557e-05), (446, 5.488299999889534e-05), (446, 5.523700000154008e-05), (452, 5.818400000023871e-05), (457, 2.469499999868674e-05), (463, 8.18100000010702e-06), (463, 6.711000001047296e-06), (463, 3.818799999955047e-05), (468, 6.451999999157465e-06), (468, 2.5598000000570664e-05), (474, 4.876600000081055e-05), (480, 1.5155999999905134e-05), (491, 1.626299999912817e-05), (491, 2.2300999999558258e-05), (491, 1.0274000000976002e-05), (491, 3.4787000000591206e-05), (491, 4.4567999999856056e-05), (491, 1.2898000001371202e-05), (491, 3.1735000000310265e-05), (491, 1.3803999999950634e-05), (502, 1.2549999999222905e-05), (502, 1.2396000000691743e-05), (502, 1.0573000000846378e-05), (502, 1.7595000000980576e-05), (502, 9.732999998846026e-06), (502, 1.4910999999173669e-05), (502, 3.9991999999600125e-05), (502, 3.8933000000795914e-05), (502, 2.732099999924742e-05), (502, 3.2851000000277963e-05), (502, 5.655500000045777e-05), (502, 2.4400000000923683e-05), (502, 5.562100000133796e-05), (513, 1.5410999999687647e-05), (513, 1.6011999999676618e-05), (513, 2.5342999999011795e-05), (513, 1.906600000012304e-05), (525, 3.1000999999974965e-05), (525, 3.225100000037173e-05), (525, 5.4443999999875814e-05), (525, 1.4236000000167337e-05), (537, 1.5444000000641722e-05), (537, 3.850100000057921e-05), (537, 2.201299999882167e-05), (549, 2.429499999934137e-05), (549, 6.948999999423222e-06), (549, 4.7840999998882694e-05), (549, 4.7422999999824356e-05), (549, 1.908099999958779e-05), (549, 2.7570000000309847e-05), (549, 1.0413000000042416e-05), (561, 1.7142999999109065e-05), (561, 5.4641000000188455e-05), (561, 2.2532000000907715e-05), (561, 2.5786000000138642e-05), (561, 3.949899999966533e-05), (574, 1.612000000150715e-05), (574, 2.339000000084468e-05), (587, 8.752000001166493e-06), (587, 2.927299999910815e-05), (587, 5.825799999925607e-05), (587, 1.2687999999982935e-05), (587, 2.9537000001411684e-05), (587, 4.9508000000031416e-05), (587, 5.050000000395016e-06), (587, 3.2172999999247054e-05), (600, 5.860699999971075e-05), (600, 1.87529999990943e-05), (600, 5.781900000023654e-05), (600, 2.8538000000466468e-05), (600, 2.782299999992688e-05), (600, 1.7280999999869096e-05), (600, 3.517599999902643e-05), (607, 3.2659000000379024e-05), (615, 4.9413000001052865e-05), (615, 1.0005000000035125e-05), (623, 2.0859000001038908e-05), (623, 5.132599999946308e-05), (630, 5.1374999999964643e-05), (638, 1.1651999999529039e-05), (638, 1.9112999998682767e-05), (638, 2.201299999882167e-05), (654, 1.6374000001206923e-05), (662, 2.29249999996739e-05), (671, 3.8079999999496295e-05), (671, 4.361600000102328e-05), (671, 3.79440000006781e-05), (679, 1.1264000001176555e-05), (679, 3.868900000014719e-05), (685, 4.5351999998999304e-05), (685, 1.8620999998830712e-05), (690, 4.077700000060247e-05), (696, 1.7056000000792437e-05), (707, 3.048700000007898e-05), (713, 5.368399999916562e-05), (725, 1.897700000164093e-05), (731, 4.0373999999232524e-05), (737, 1.3019000000724645e-05), (737, 2.8153999998892232e-05), (737, 4.9068000000929146e-05), (743, 3.375200000022005e-05), (762, 2.4984000001282425e-05), (768, 2.765300000007187e-05), (768, 6.192700000084983e-05), (793, 6.585999999586534e-06), (793, 3.598900000056915e-05), (800, 1.867900000007694e-05), (800, 2.8701999999825034e-05), (800, 3.1193999999956645e-05), (808, 5.3154999999804886e-05), (833, 3.822900000116647e-05), (833, 3.674499999917202e-05), (885, 2.366100000017468e-05), (900, 1.2868000000665347e-05), (900, 4.274900000034165e-05), (945, 4.15629999999112e-05), (976, 2.4070000000264713e-05), (1009, 1.3861000001114121e-05), (1009, 5.39929999998634e-05), (1042, 4.563199999907397e-05), (1177, 9.49700000063558e-06), (1177, 1.2182000000748872e-05), (1177, 2.8912999999519684e-05), (1303, 5.5375000000523755e-05), (1371, 2.409599999886325e-05), (1399, 4.369600000053708e-05), (1448, 9.277000000196267e-06), (1448, 2.267400000022235e-05), (1462, 4.138799999964249e-05), (1509, 5.557899999963922e-05), (1547, 5.358800000010433e-05), (1572, 5.4812000000126204e-05), (1585, 3.749200000058295e-05), (1598, 5.775500000027023e-05), (1611, 4.182099999994193e-05), (1624, 4.4044999999215406e-05), (1637, 5.23689999987198e-05), (1637, 5.181400000076053e-05), (1651, 5.301500000065573e-05), (3118, 4.867200000013838e-05), (4582, 2.730499999969993e-05), (4992, 6.37100000009383e-05), (4992, 6.45240000007874e-05), (6132, 0.0001479799999994924), (6653, 4.881999999994946e-05), (6929, 4.888499999999851e-05), (6929, 5.265000000065356e-05), (7517, 6.265599999899507e-05), (38691, 6.164999999924703e-05), (39007, 6.913400000030379e-05), (40382, 6.568999999956304e-05), (44260, 8.575300000046582e-05), (45634, 0.00012169100000036792), (45634, 8.848400000083245e-05), (45913, 9.076600000135215e-05), (45913, 9.905299999957151e-05), (46478, 0.00011483399999967503), (46478, 9.488800000134745e-05), (46478, 0.00011116900000018859), (46478, 0.00010235600000108036), (46478, 9.532099999987054e-05), (47050, 0.00013617699999990407), (47435, 0.00014157699999906015), (48215, 0.00012842800000001375), (49007, 0.00013512099999957172), (50632, 0.00019798699999995506), (50632, 0.00014284200000069802), (52097, 0.0001517650000000259), (54264, 0.0001625880000002411), (61321, 0.00016862700000075392), (64921, 0.000173769999999962), (71592, 0.00018189100000043368), (71592, 0.00017465100000002565), (72473, 0.00020735499999879892), (72917, 0.00021559600000031764), (74722, 0.00020125899999889896), (75795, 0.00021809200000078022), (75795, 0.0002444360000009027), (76416, 0.00021788300000125105), (76416, 0.00023446500000012804), (77041, 0.0002486640000007867), (77672, 0.0002609039999992291), (77672, 0.0002502440000000661), (78307, 0.00026352999999978977), (79595, 0.0002945590000003051), (79595, 0.00027757900000047186), (80903, 0.0003155819999989262), (80903, 0.0002744739999993584), (81565, 0.0003301239999995431), (81565, 0.00030325199999836627), (81565, 0.00031320399999934523), (85305, 0.0003447359999988464), (85305, 0.0003416339999997575), (87238, 0.0003173160000002895), (87238, 0.0003542999999996965), (91238, 0.00035817600000065397), (91238, 0.0003756859999999307), (95421, 0.0004032320000000311), (95421, 0.00040566800000085834), (95421, 0.0003816800000002729), (95421, 0.000379720999999833), (99796, 0.00041474699999888287), (102058, 0.00041963600000016754), (107173, 0.0004412200000007971), (112545, 0.0004360200000004255), (118669, 0.0004604980000006975), (129272, 0.00046653200000079664), (135199, 0.00048036099999926307), (192343, 0.0005013380000011836), (215160, 0.0005212320000005377), (244622, 0.0005428429999998485), (253761, 0.0005712229999996765), (268113, 0.0005853859999991329), (283277, 0.0006157980000001118), (318166, 0.000642152999999368), (368444, 0.0006755369999993377), (406302, 0.0007021910000002407), (470507, 0.0007553990000008781), (562914, 0.0008126560000007998), (643946, 0.0008596899999986363), (704348, 0.000933417999998909), (792711, 0.0009993930000007367), (1374210, 0.0011384329999994947), (2040490, 0.0013464680000012663), (2169118, 0.0015190270000005057), (5426418, 0.002179035999999357), (6322443, 0.002450152999999844)], [(92, 4.144099999869866e-05), (100, 6.32070000001761e-05), (141, 1.671900000133064e-05), (154, 7.5229000000121e-05), (154, 3.7576999998734095e-05), (217, 1.4037999999771955e-05), (222, 5.754800000090654e-05), (237, 9.858000000306788e-06), (237, 7.044000000000494e-05), (243, 2.0501999999922305e-05), (248, 6.05930000006083e-05), (259, 2.6296999999786408e-05), (271, 7.6753000000096e-05), (271, 4.5242000000556004e-05), (277, 2.02609999995218e-05), (285, 1.5266999998431174e-05), (291, 1.1580999998983543e-05), (291, 1.9452999998392784e-05), (300, 4.437700000003986e-05), (305, 4.08699999887574e-06), (305, 2.26940000001008e-05), (305, 1.97990000003756e-05), (305, 6.163300000139316e-05), (305, 5.793200000070442e-05), (308, 2.216999999937741e-05), (308, 8.331000000083577e-06), (308, 9.6910000007e-06), (310, 3.7518999999264224e-05), (310, 2.057500000063328e-05), (310, 7.172399999966217e-05), (310, 4.787299999975403e-05), (313, 2.6917000001347446e-05), (313, 9.910999999362957e-06), (313, 3.2298000000707816e-05), (313, 6.622999999983392e-05), (313, 2.4076000000761155e-05), (315, 2.4454000000062592e-05), (315, 7.662999999880071e-06), (315, 3.721999999939385e-05), (315, 2.668499999991525e-05), (318, 5.5919999990550195e-06), (318, 6.564700000133428e-05), (318, 2.674199999930238e-05), (318, 1.449099999994985e-05), (321, 4.639899999858699e-05), (323, 4.30800000117415e-06), (323, 5.009999998861758e-06), (323, 2.4995000000416212e-05), (323, 3.684400000025789e-05), (323, 1.6742999999763697e-05), (326, 1.2257000001625329e-05), (326, 4.319000000307938e-06), (326, 1.3746000000480763e-05), (326, 2.5636000000162085e-05), (331, 1.8610999999779665e-05), (331, 2.7682999999001368e-05), (331, 1.0950000000065074e-05), (331, 3.8181000000747645e-05), (335, 4.065999999980363e-05), (335, 6.3079999996773495e-06), (340, 2.0158999999964067e-05), (340, 3.5049999999259285e-05), (345, 7.433900000108906e-05), (350, 1.6528999999820826e-05), (350, 2.9712999999986778e-05), (350, 3.205400000005909e-05), (350, 3.3551000001352804e-05), (355, 4.844500000089624e-05), (355, 3.370700000004945e-05), (355, 2.121999999893376e-05), (360, 1.2900999999843066e-05), (360, 2.4026999998483234e-05), (360, 4.5911999999148634e-05), (360, 2.3904000000740666e-05), (365, 7.4839999992804e-06), (365, 5.067400000058342e-05), (365, 2.6214000000024384e-05), (365, 6.682899999965741e-05), (365, 5.907800000137797e-05), (365, 3.367499999917811e-05), (371, 7.64199999991888e-06), (371, 5.071000000000936e-05), (371, 4.291199999961748e-05), (376, 1.5716000000054464e-05), (376, 1.4557000000081644e-05), (376, 7.415000000676741e-06), (376, 1.819599999919319e-05), (376, 5.6980000007200715e-06), (376, 6.849100000039243e-05), (376, 9.695000001030962e-06), (376, 6.660299999872166e-05), (390, 2.9084999999540173e-05), (400, 1.5241999999915379e-05), (400, 2.863599999969324e-05), (420, 1.1515000000628106e-05), (420, 4.9447000000313324e-05), (425, 2.0924999999394345e-05), (425, 3.222199999974862e-05), (425, 1.6391000000837153e-05), (430, 5.329499999895404e-05), (430, 2.4307000000334256e-05), (435, 3.7948000001009063e-05), (435, 3.76319999997321e-05), (446, 2.780800000046213e-05), (446, 4.6595000000593245e-05), (446, 1.2533999999675416e-05), (446, 9.462999999598765e-06), (452, 2.5063000000713487e-05), (452, 3.526899999961586e-05), (452, 4.407299999975578e-05), (457, 1.9900999999933333e-05), (457, 5.288199999853305e-05), (463, 3.1367000000059875e-05), (463, 3.408600000120998e-05), (468, 6.493599999934929e-05), (491, 1.3475000001150761e-05), (491, 4.8364999999606084e-05), (491, 4.922299999954305e-05), (491, 1.568199999901765e-05), (491, 2.5837000000805688e-05), (491, 3.057499999847835e-05), (502, 4.402999999975066e-05), (502, 1.1304000000933456e-05), (502, 3.481100000080062e-05), (502, 3.110900000002914e-05), (502, 2.5292000000121106e-05), (502, 6.24330000000839e-05), (502, 2.348699999998871e-05), (502, 7.527399999851525e-05), (502, 1.0675000000404111e-05), (502, 3.831899999973132e-05), (502, 4.94389999996514e-05), (502, 4.95650000011949e-05), (513, 4.447800000129121e-05), (513, 6.383000000553807e-06), (513, 5.565300000043294e-05), (513, 5.2900000000022374e-05), (525, 8.30000000107134e-06), (525, 2.1630000000882887e-05), (525, 3.292200000082346e-05), (525, 1.7225000000564705e-05), (537, 5.149999999787269e-06), (537, 3.8898000001452715e-05), (537, 3.8028000000522866e-05), (537, 2.366200000025742e-05), (537, 4.34529999999711e-05), (549, 2.7470000000917594e-05), (549, 8.813000000884585e-06), (549, 3.942499999887161e-05), (549, 3.933400000022402e-05), (549, 1.731200000065769e-05), (549, 2.0548000000175648e-05), (549, 4.098199999980068e-05), (561, 1.8774000000831848e-05), (561, 1.0381999999253821e-05), (561, 3.876900000143735e-05), (561, 6.921700000006581e-05), (561, 2.2002999999770623e-05), (561, 4.575600000045199e-05), (561, 6.421400000000688e-05), (561, 4.222100000106366e-05), (574, 8.247000000238813e-06), (574, 6.617999998681512e-06), (574, 6.11260000003e-05), (574, 4.7574999999966394e-05), (574, 7.24749999996277e-05), (574, 2.5555999998871926e-05), (574, 5.0667000000004236e-05), (574, 7.212000000045293e-05), (574, 4.941999999985569e-05), (574, 1.557300000065709e-05), (574, 5.275800000070774e-05), (587, 3.3065000000220834e-05), (587, 6.28289999990983e-05), (587, 4.318299999894748e-05), (587, 7.72800000010676e-05), (587, 5.1281999999375216e-05), (587, 5.282100000059131e-05), (587, 2.037500000007242e-05), (587, 7.436299999952212e-05), (587, 1.1750999998838552e-05), (587, 4.356399999849714e-05), (587, 3.4820999999851665e-05), (587, 5.4662000000149646e-05), (587, 1.6825000001219337e-05), (600, 3.9619999999018773e-05), (600, 2.6255999999946766e-05), (600, 1.2106999999872414e-05), (600, 4.325200000110385e-05), (600, 2.5847999999939475e-05), (600, 1.4892999999460699e-05), (600, 5.843000000105292e-05), (600, 2.2377000000517455e-05), (607, 2.495500000065931e-05), (607, 1.4248999999466605e-05), (615, 7.214600000082783e-05), (615, 9.627999999040071e-06), (623, 4.684900000029302e-05), (623, 8.381000000667882e-06), (630, 1.3226000000088334e-05), (630, 6.360800000138056e-05), (638, 3.616200000067238e-05), (646, 1.868400000049064e-05), (646, 6.461000000079764e-05), (646, 5.9832999999898107e-05), (654, 6.31410000000443e-05), (654, 9.766999999882842e-06), (662, 1.5078000000556813e-05), (662, 6.709300000018459e-05), (662, 7.276800000077799e-05), (662, 6.281300000132717e-05), (679, 2.358500000099184e-05), (679, 1.4531999999789491e-05), (679, 3.861100000079887e-05), (685, 1.5000000001208491e-05), (690, 7.841600000091375e-05), (690, 6.841199999918501e-05), (696, 4.7286999999229806e-05), (696, 7.231200000035187e-05), (696, 4.616000000012832e-05), (707, 6.243000001404653e-06), (707, 1.0172999999724652e-05), (707, 7.078599999843505e-05), (713, 6.452100000053917e-05), (713, 6.823400000044444e-05), (713, 5.6933999999841944e-05), (713, 4.3060999999511296e-05), (725, 3.066300000043043e-05), (725, 3.060599999926694e-05), (731, 3.740400000040722e-05), (737, 4.136799999976404e-05), (737, 4.831699999918726e-05), (743, 6.826399999937394e-05), (762, 6.263100000047928e-05), (768, 1.0298999999491798e-05), (768, 4.8333000000511106e-05), (768, 4.574599999962459e-05), (774, 1.433399999939411e-05), (781, 6.976799999947048e-05), (787, 5.3173999999600596e-05), (787, 3.813200000024608e-05), (793, 1.0089999999962629e-05), (833, 1.1756999999334994e-05), (859, 2.686000000018396e-05), (867, 3.142999999994345e-05), (867, 3.8199999998767e-05), (900, 1.0121000000751224e-05), (900, 6.9289999995447715e-06), (900, 5.5024999999986335e-05), (1009, 1.826000000093586e-05), (1063, 1.2823999998801128e-05), (1085, 7.292800000158195e-05), (1130, 6.574200000031283e-05), (1154, 3.413299999976971e-05), (1154, 6.088199999965127e-05), (1177, 8.033499999982041e-05), (1226, 6.81080000006773e-05), (1226, 3.283799999920234e-05), (1251, 6.253599999972437e-05), (1316, 5.277400000025523e-05), (1330, 3.597700000135262e-05), (1343, 1.7642999999623044e-05), (1371, 2.6354000000949895e-05), (1385, 4.417500000108987e-05), (1436, 7.554300000123249e-05), (1448, 1.6744999999929178e-05), (1472, 6.21049999995904e-05), (1572, 6.556800000012686e-05), (1585, 7.48630000000361e-05), (1637, 6.694800000062173e-05), (1637, 7.229899999927625e-05), (2152, 3.557999999870276e-05), (2311, 2.655299999965166e-05), (2412, 6.671400000080041e-05), (2862, 7.069800000003568e-05), (3699, 8.353800000016065e-05), (3861, 6.850099999944348e-05), (5887, 8.455199999879426e-05), (6387, 7.24139999999096e-05), (7217, 7.875199999851645e-05), (7830, 7.835700000136114e-05), (7830, 7.784900000018524e-05), (9012, 7.82050000012191e-05), (10373, 7.948200000029715e-05), (13741, 9.00070000007247e-05), (15816, 8.258899999979974e-05), (20952, 8.999099999940086e-05), (31946, 8.989300000017408e-05), (33822, 9.241699999940067e-05), (34308, 9.942800000040108e-05), (34801, 0.00011785800000119195), (37146, 0.00010433399999953963), (37450, 0.00010795800000096278), (37450, 0.0001123129999989203), (38377, 9.043599999891683e-05), (39327, 0.00012962899999990896), (39973, 0.00013101400000081753), (40796, 0.00012532899999939673), (42062, 0.00019812100000038413), (42928, 0.00014511700000063854), (43367, 0.00013189799999935303), (43367, 0.00022116699999941147), (43811, 0.0002084030000002457), (44260, 0.00011501399999858108), (44260, 0.00017443199999966907), (44260, 0.00015556399999994142), (44260, 0.0001369369999988379), (44260, 0.00016791500000046256), (44531, 0.00018650600000036377), (44531, 0.00023383799999976418), (44804, 0.00015811099999929468), (44804, 0.00016423900000006597), (45079, 0.00020536499999934676), (45079, 0.00018736500000038347), (45356, 0.00022384699999911106), (45913, 0.0001897650000000084), (45913, 0.00023910700000051577), (45913, 0.0002433449999994508), (46195, 0.0001625930000006548), (46195, 0.00023298600000032366), (46478, 0.00023690699999967535), (46478, 0.00018497800000005782), (46478, 0.0002490250000004579), (46763, 0.00021292699999975184), (47050, 0.00027386200000023564), (47435, 0.00021397800000144684), (47435, 0.00021919599999975503), (48215, 0.0002857499999997515), (49007, 0.0002543550000009276), (49408, 0.0002798830000010355), (49408, 0.0002610910000004907), (49408, 0.0002814979999996581), (50221, 0.00029035300000046504), (54264, 0.0002916880000007893), (55381, 0.00028613200000116024), (58872, 0.00030164300000024014), (63353, 0.00030956400000015094), (66528, 0.0003161230000010562), (68175, 0.000306268999999304), (71156, 0.0003151189999996973), (72917, 0.00033836299999912), (74266, 0.0003724540000007437), (74266, 0.0003344330000008), (75795, 0.0004102229999993767), (75795, 0.00034413100000030283), (77041, 0.00037226000000067927), (77672, 0.000344683999999873), (77672, 0.0003640279999999052), (78307, 0.00039499999999925706), (78948, 0.0004162570000012522), (79595, 0.0004286790000005425), (79595, 0.00038559100000057356), (79595, 0.00046154099999995424), (79595, 0.00039841699999954017), (80246, 0.0004489169999999376), (80246, 0.00042347299999967447), (80246, 0.0004599990000002663), (81565, 0.0004219670000011888), (83414, 0.0004688320000010293), (87238, 0.0004671910000002555), (93306, 0.0004900519999999631), (99796, 0.0005082889999989959), (103313, 0.0004963460000002584), (104584, 0.000521575000000496), (107173, 0.0005167200000002481), (107173, 0.0005219859999989751), (112545, 0.0005320580000010011), (115331, 0.000544552999999226), (115331, 0.0005900410000005962), (115331, 0.0005648820000008214), (125636, 0.000579483000000991), (125636, 0.0006007189999994722), (129272, 0.0006139310000001785), (131129, 0.000599361999999104), (146680, 0.0006254409999986166), (146680, 0.0006400109999997738), (149091, 0.000664775000000617), (151541, 0.0006682619999995865), (161752, 0.0006846320000004624), (192343, 0.0007035469999987498), (225940, 0.0007287900000001457), (231530, 0.0007485759999994457), (234377, 0.0007727610000003438), (249150, 0.0007842719999988645), (283277, 0.0008178529999991468), (288520, 0.0008335209999987825), (288520, 0.0008647010000011335), (302981, 0.0009018940000000697), (334113, 0.0009302540000000192), (368444, 0.0009601499999991603), (448051, 0.001034051999999619), (448051, 0.0010055419999996928), (874164, 0.001134456999999145), (895802, 0.0012021640000003941), (1374210, 0.0013367510000001914), (1999332, 0.0015272319999990458), (2169118, 0.001711006999999043), (2944602, 0.0019948319999993913), (4657379, 0.0024481540000014235), (6322443, 0.0029277279999995187)]]
** DCTCP FCT sorted: [[(237, 3.892000000504936e-06), (315, 3.8139999993802576e-06), (415, 2.587000000886519e-06), (561, 4.107000000530547e-06), (587, 2.997000001059291e-06), (607, 3.889000000256715e-06), (793, 4.074999999659212e-06), (945, 2.805999999466735e-06), (50221, 1.302499999944473e-05), (77041, 1.835199999966619e-05)], [(232, 6.685000000672403e-06), (259, 6.091999999568998e-06), (259, 6.672999999679519e-06), (294, 1.7143999999191806e-05), (308, 3.3489999999858355e-06), (308, 1.5229999998922494e-05), (310, 2.0559000001085792e-05), (313, 6.11699999986115e-06), (313, 6.346000001045127e-06), (318, 5.803000000526026e-06), (318, 3.3417000000923736e-05), (350, 1.43549999993553e-05), (400, 2.0368999999575976e-05), (441, 1.7133999998364402e-05), (491, 2.6809999997823297e-06), (502, 5.329999998693324e-06), (513, 2.7120000005709244e-06), (525, 2.7409999994176815e-06), (549, 9.287000001023671e-06), (561, 3.619999999315837e-06), (561, 2.0603999999480038e-05), (561, 4.224299999933123e-05), (574, 4.3370000000209075e-06), (630, 3.7590000001586077e-06), (630, 5.006000000307154e-06), (662, 6.155999999535311e-06), (671, 1.428300000050342e-05), (696, 3.268000000389293e-06), (800, 1.5870000000361983e-05), (867, 3.924000001376271e-06), (1085, 2.0444000000452434e-05), (1585, 9.077999999718145e-06), (4206, 1.5027999999972508e-05), (44804, 6.00200000011597e-05), (47823, 5.369900000040673e-05), (49408, 5.321299999927476e-05), (49813, 6.156799999956775e-05), (50632, 8.56239999986741e-05), (67347, 7.983600000116553e-05), (72473, 0.00010376900000075295), (76416, 8.430099999934271e-05), (77041, 0.00010747900000041), (79595, 9.75670000009643e-05), (91238, 0.00011648999999991361), (209535, 0.00016722300000004964), (268113, 0.00019913400000071135), (773563, 0.00045784599999976194), (1211116, 0.0006045130000007504), (1660940, 0.0006380660000004923), (3997329, 0.0008249649999996223)], [(168, 1.7631000000406516e-05), (237, 4.0070000011382945e-06), (265, 3.99600000022815e-06), (305, 9.759000000997275e-06), (308, 4.659000000017954e-06), (310, 7.807000001136544e-06), (318, 5.7499999996935e-06), (321, 3.2910000005159645e-06), (321, 6.374999999891884e-06), (321, 6.7809999997336945e-06), (321, 5.273000001082551e-06), (326, 3.0920000000378423e-06), (331, 6.342000000714165e-06), (340, 3.58829999989041e-05), (340, 1.0601999999693135e-05), (350, 1.3763000000110992e-05), (355, 1.8320000000571213e-05), (360, 6.7039999986917564e-06), (360, 6.263999999589487e-06), (360, 8.12800000105085e-06), (365, 7.3650000000924365e-06), (365, 3.462400000131538e-05), (385, 4.078999999990174e-06), (400, 1.8826999999888017e-05), (415, 1.4210999999875185e-05), (430, 2.1815000000202645e-05), (430, 2.6681999999667028e-05), (435, 1.5005999999928576e-05), (452, 1.2663999999773523e-05), (468, 1.0444999999137394e-05), (480, 2.1797999998796058e-05), (491, 6.005999999558753e-06), (491, 3.1072999998826845e-05), (491, 1.4874000001441345e-05), (502, 1.6140999999691985e-05), (513, 2.5626000001111038e-05), (513, 1.8989999999163842e-05), (513, 1.966199999969831e-05), (513, 1.8397999999919534e-05), (525, 2.747999999996864e-06), (525, 1.593899999896564e-05), (549, 1.9205999999272194e-05), (549, 2.9701999999076634e-05), (549, 2.5976999999954842e-05), (561, 2.670999998954926e-06), (561, 3.3957999999501e-05), (561, 7.183999999327284e-06), (561, 7.0060000005867096e-06), (574, 1.4645000000257369e-05), (574, 2.7070000001572225e-06), (574, 1.5167999999121662e-05), (587, 1.3638000000426587e-05), (600, 3.45299999970905e-06), (607, 9.626000000650947e-06), (638, 3.052000000280941e-06), (671, 1.1644999998949856e-05), (679, 4.241600000121082e-05), (679, 1.4964000000006195e-05), (685, 5.053999998949621e-06), (719, 2.1250999999722353e-05), (725, 5.806999999080631e-06), (731, 1.3578000000791235e-05), (749, 1.346599999862974e-05), (774, 2.82529999999781e-05), (859, 3.093999998426966e-06), (867, 1.9035000001110802e-05), (1085, 2.2272999999017884e-05), (1130, 2.819900000083919e-05), (1201, 1.5568000000243387e-05), (1343, 1.3624000001044578e-05), (1585, 3.0484999999913498e-05), (3699, 4.141400000001738e-05), (5887, 6.297000000543562e-06), (5887, 1.4730000000184873e-05), (7517, 4.9064000000598185e-05), (10373, 5.230899999908445e-05), (27756, 7.416300000073761e-05), (32871, 7.243099999953984e-05), (39648, 7.413600000027998e-05), (41636, 0.00010827100000021517), (41636, 0.00011764000000091812), (44531, 8.249100000057297e-05), (46478, 9.165300000013588e-05), (47050, 0.00010627099999993561), (48609, 8.389299999933542e-05), (49007, 9.477300000071409e-05), (49408, 0.00010278200000080062), (49813, 7.546800000035603e-05), (60084, 9.38969999992878e-05), (76416, 0.00012123700000010729), (87238, 0.0001277740000009686), (133013, 0.00019213899999925843), (137421, 0.00016658500000055199), (195107, 0.00020849000000033868), (195107, 0.00020210799999986762), (203640, 0.00020904800000032253), (249150, 0.00022577599999884512), (263241, 0.00023156099999965818), (643946, 0.00030915900000039187), (1559267, 0.00037008099999980004)], [(141, 1.958800000068095e-05), (222, 1.0196999999934064e-05), (222, 3.736000000031936e-06), (227, 2.5490000012950986e-06), (227, 8.36639999999278e-05), (227, 0.00011023200000082056), (232, 0.00012047499999923161), (254, 7.800800000090646e-05), (265, 5.771500000051333e-05), (271, 4.6297999999111994e-05), (291, 7.278199999838364e-05), (300, 4.8469999995859325e-06), (300, 4.795000000612504e-06), (303, 6.298599999965404e-05), (303, 3.6869999995303715e-06), (305, 4.027600000000575e-05), (308, 3.6530000002699126e-06), (308, 1.4054999999402185e-05), (308, 7.571000001149741e-06), (313, 4.00239999986951e-05), (315, 7.028000000630641e-06), (318, 3.4309999996651186e-06), (321, 4.969500000129301e-05), (326, 9.211000000064473e-06), (326, 1.1210000000261289e-05), (326, 1.9865000000507393e-05), (331, 7.029600000052483e-05), (335, 2.8000000007466497e-06), (340, 4.811300000007179e-05), (340, 3.320299999920451e-05), (350, 1.1517000000793587e-05), (350, 0.00011121200000019371), (350, 1.25810000000115e-05), (355, 4.83940000002292e-05), (355, 8.422299999999439e-05), (355, 5.649999999945976e-05), (360, 1.885200000018017e-05), (360, 7.554899999995257e-05), (360, 0.00010755499999959284), (371, 3.102500000018438e-05), (371, 7.28309999988852e-05), (376, 2.572999999728154e-06), (381, 4.9240000000949635e-05), (390, 4.9719999999808806e-05), (400, 9.303400000071349e-05), (420, 1.5147999999243211e-05), (420, 0.00012035299999979543), (420, 2.483599999969499e-05), (446, 8.666899999987265e-05), (491, 3.2140000000069335e-05), (491, 7.32389999988925e-05), (502, 8.980199999975014e-05), (502, 7.065000000139321e-06), (502, 6.859600000019839e-05), (513, 0.00014582500000059895), (513, 4.6578000000963016e-05), (525, 2.7229999997047116e-06), (525, 7.88999999912221e-06), (525, 7.118999999988773e-05), (525, 5.495999999993728e-06), (525, 4.111000000861509e-06), (525, 3.0995999999561263e-05), (525, 5.2670000000532013e-05), (537, 3.556699999940349e-05), (549, 2.383200000011243e-05), (549, 6.174699999839106e-05), (561, 0.00012209899999859886), (561, 4.8340000002866645e-06), (561, 2.1695999999238325e-05), (561, 1.1767000000162398e-05), (574, 3.0282999999187155e-05), (574, 3.5924000000520095e-05), (574, 2.0607999999811e-05), (574, 5.486499999918237e-05), (574, 9.679499999926122e-05), (587, 7.330600000088339e-05), (587, 3.0659999996629494e-06), (587, 3.7030000008542174e-06), (587, 4.524999999588886e-06), (587, 5.76799999940647e-06), (600, 3.6190000010094536e-06), (600, 0.00012469899999878464), (600, 8.498699999925918e-05), (600, 4.2810000000059745e-05), (615, 7.997999999886929e-05), (615, 2.216899999929467e-05), (615, 5.175299999926608e-05), (623, 1.1710000000775267e-05), (630, 2.713399999976218e-05), (630, 7.942100000057906e-05), (630, 4.799500000096657e-05), (638, 0.00012937099999987822), (638, 3.704499999912514e-05), (638, 1.559000000028732e-05), (638, 3.320599999945273e-05), (646, 6.15399999936983e-06), (654, 5.470600000023751e-05), (654, 7.79500000014366e-06), (654, 4.874300000068388e-05), (654, 3.7239999990390515e-06), (654, 6.994900000023563e-05), (662, 6.389000001050249e-06), (671, 7.012600000066982e-05), (679, 6.109699999967688e-05), (685, 4.301300000086883e-05), (690, 2.6230000003124587e-06), (690, 4.9870999999868104e-05), (696, 1.363899999873297e-05), (707, 4.773799999924222e-05), (713, 5.876600000043197e-05), (713, 7.894400000019175e-05), (725, 7.192600000038851e-05), (737, 3.967999999687777e-06), (743, 4.959800000037262e-05), (749, 2.558699999966052e-05), (749, 8.457600000078003e-05), (762, 9.082300000073928e-05), (774, 0.0001299980000002421), (774, 6.071200000157262e-05), (774, 7.590000000057273e-05), (787, 0.00015743099999987464), (787, 4.485999999914725e-06), (808, 3.92100000112805e-06), (825, 0.0001601289999992872), (841, 9.983500000032564e-05), (850, 2.649400000009905e-05), (867, 5.1364000000830856e-05), (885, 8.602800000012678e-05), (929, 0.00011850399999957517), (992, 9.035999999795763e-06), (992, 3.258999999999901e-05), (1009, 0.00011837299999939432), (1009, 7.206699999962041e-05), (1042, 4.4722000000163575e-05), (1448, 2.7439999996659026e-06), (1509, 0.00011512599999896622), (1547, 1.0545000000306004e-05), (1611, 7.748300000010033e-05), (1624, 1.4074999999280635e-05), (1624, 1.5122000000644675e-05), (1664, 1.3854999998841322e-05), (2412, 8.019200000042304e-05), (3118, 8.330800000067029e-05), (4206, 6.866499999880205e-05), (5652, 1.458299999868018e-05), (6132, 2.7240999999733617e-05), (10373, 6.379300000070032e-05), (18203, 0.00011093400000028453), (27756, 0.0001249110000003384), (31946, 0.00020949700000016946), (31946, 0.00014167500000006328), (32405, 0.00018143199999975934), (32405, 9.799300000068456e-05), (33822, 0.0002247569999997978), (41214, 0.0001059150000006781), (42062, 8.310599999994395e-05), (42062, 0.0001261049999996544), (42493, 0.00018776699999989432), (42928, 0.00011387799999873494), (43367, 0.00020761799999924335), (43811, 0.00018195499999862363), (44260, 0.0002109710000013365), (44260, 9.345899999857465e-05), (45079, 0.00018982300000125463), (46763, 0.00016132200000029684), (47050, 0.00020528499999983296), (47050, 0.00015941499999883035), (47435, 0.00010767900000097086), (50221, 0.00013195799999898838), (51046, 0.00017941299999968408), (53169, 0.00029870100000017885), (67347, 0.0002965449999994263), (72473, 0.0002004870000007486), (73364, 0.00029527000000051373), (73814, 0.0002917359999994318), (75795, 0.00024301700000073367), (77041, 0.00030242000000058056), (77041, 0.00031715199999915455), (77672, 0.00028544199999913644), (80246, 0.00023234000000016408), (89216, 0.0002528769999994296), (97584, 0.0003077460000007193), (103313, 0.00034831500000009896), (108492, 0.0003652580000004235), (116988, 0.00034685400000000755), (156563, 0.00039865499999969245), (156563, 0.00039217399999991187), (192343, 0.00040960099999942656), (220484, 0.0004538719999995777), (368444, 0.00059865400000092), (386910, 0.0006259550000002889), (448051, 0.0006880440000003318), (792711, 0.0015325530000005472), (917977, 0.0016727270000007621), (1880773, 0.0024478270000010127), (2082496, 0.002512275000000841), (2944602, 0.0026010139999996795), (3430822, 0.0026462049999995685), (6322443, 0.0025062780000002505), (8582787, 0.0024514650000000415)], [(60, 2.1988000000305874e-05), (64, 0.00019663900000033152), (72, 1.987499999955844e-05), (72, 0.00011816800000019612), (77, 1.6126000000227236e-05), (81, 6.985999999997716e-05), (141, 5.950799999965284e-05), (183, 3.5550000010431404e-06), (222, 9.670000000028267e-05), (232, 0.0001170039999998096), (232, 0.00017181800000010128), (232, 0.00022182099999845661), (243, 0.00010550000000009163), (271, 3.9291999998525284e-05), (271, 1.312200000036512e-05), (279, 0.0001384449999992654), (288, 6.759599999917043e-05), (297, 5.088800000052629e-05), (300, 0.0003434659999985712), (300, 9.140800000118077e-05), (303, 8.982999998963237e-06), (303, 0.00030607700000118143), (303, 0.0003115410000003038), (305, 0.00012377700000065772), (305, 1.996799999837151e-05), (305, 3.0086999998957253e-05), (308, 3.707499999983099e-05), (308, 5.797500000070954e-05), (310, 3.410999999786668e-06), (310, 2.2489999999208976e-05), (310, 0.0001363360000006253), (310, 5.261000000089666e-06), (310, 6.205199999875788e-05), (310, 0.0002076119999987469), (313, 1.5600999999421106e-05), (313, 1.3749000000728984e-05), (313, 0.00021992299999951115), (313, 5.8959999993390966e-06), (315, 1.1210999998567672e-05), (318, 5.6550000000044065e-05), (321, 0.00019889800000072455), (321, 1.641799999951843e-05), (321, 1.0869999998774915e-05), (321, 1.6360000000048558e-05), (323, 0.00010828899999992814), (323, 0.00010953499999999394), (326, 0.00013929099999998584), (331, 6.666800000054707e-05), (331, 0.00014589699999945083), (331, 6.378199999979017e-05), (335, 1.3454999999495953e-05), (335, 8.306600000018705e-05), (340, 2.1637999999768454e-05), (345, 4.8350000000141335e-05), (350, 2.4190999999618157e-05), (355, 0.0001030449999994687), (355, 2.806100000007916e-05), (355, 0.00011452899999930821), (355, 0.00018469299999956945), (355, 2.076200000011852e-05), (360, 9.222399999941899e-05), (371, 0.00012825599999999326), (371, 2.259700000095677e-05), (376, 5.992000000176745e-06), (385, 2.016800000070873e-05), (395, 6.492000000690723e-06), (395, 0.00015776899999941918), (405, 0.00012590299999892807), (405, 2.0668999999529092e-05), (415, 3.988999999648968e-06), (415, 0.0003297819999996676), (415, 7.741900000013402e-05), (420, 0.00019114600000058601), (430, 6.82730000001186e-05), (446, 4.8561999999918726e-05), (446, 3.9747000000645016e-05), (452, 2.3559000000616948e-05), (457, 0.00010450899999980834), (463, 7.02029999999354e-05), (463, 0.00025132900000102154), (463, 0.00015319999999974243), (468, 0.00013919399999906545), (468, 7.92810000014299e-05), (474, 9.94120000008536e-05), (480, 8.154000000004658e-05), (491, 0.00010676900000028411), (491, 0.00011977899999848773), (491, 5.3440000016280464e-06), (491, 7.194500000018422e-05), (491, 9.028299999869205e-05), (491, 4.4909999999731554e-05), (491, 7.120699999951796e-05), (491, 1.1996999999652758e-05), (502, 1.1121000000002823e-05), (502, 1.4239000000415558e-05), (502, 3.4712000001491106e-05), (502, 1.638400000025797e-05), (502, 3.357900000011682e-05), (502, 5.084999999738216e-06), (502, 2.9279999999687334e-05), (502, 0.00016304500000074995), (502, 4.804999999663551e-06), (502, 1.3520000001321364e-05), (502, 3.0498000000989123e-05), (502, 6.417000000169537e-05), (502, 7.99100000037356e-06), (513, 0.0001143139999992826), (513, 0.00013374099999907685), (513, 1.7416000000380905e-05), (513, 6.777800000001832e-05), (525, 2.5959999998548255e-06), (525, 2.5959999998548255e-06), (525, 3.604199999962532e-05), (525, 7.515000000068994e-06), (537, 4.427100000015116e-05), (537, 8.852600000075483e-05), (537, 0.00010410500000013201), (549, 5.033000000764787e-06), (549, 2.097600000006139e-05), (549, 0.00027871300000015253), (549, 0.00028695299999981216), (549, 1.8837999999021804e-05), (549, 8.419199999920579e-05), (549, 0.0002322370000005236), (561, 2.6669999986239645e-06), (561, 3.8276999999808936e-05), (561, 4.4567999999856056e-05), (561, 0.00015032199999964746), (561, 0.00014347199999953375), (574, 0.00010845600000131128), (574, 0.00022798200000018198), (587, 4.253000000176144e-06), (587, 5.7029999993574165e-06), (587, 1.0008000000283346e-05), (587, 0.00012366500000027258), (587, 2.7878000000924885e-05), (587, 0.00016506400000082522), (587, 6.501699999894583e-05), (587, 2.2715999998368375e-05), (600, 1.3070999999698074e-05), (600, 2.607999999071353e-06), (600, 2.346399999986204e-05), (600, 0.00038426500000099395), (600, 7.199100000043757e-05), (600, 6.767900000070881e-05), (600, 8.260999999976093e-05), (607, 0.000127448999998947), (615, 3.431300000045212e-05), (615, 0.00016390799999932426), (623, 2.6540000011010534e-06), (623, 8.724699999973495e-05), (630, 6.830399999913084e-05), (638, 1.3205000000127143e-05), (638, 1.4726999999936652e-05), (638, 8.659199999883072e-05), (654, 3.850200000066195e-05), (662, 3.301399999955379e-05), (671, 3.166700000001299e-05), (671, 7.702200000103687e-05), (671, 0.00027945500000114976), (679, 0.00011865000000099712), (679, 6.25180000000114e-05), (685, 8.671299999996052e-05), (685, 0.00021442099999902098), (690, 3.8741000000896975e-05), (696, 2.1843000000743018e-05), (707, 0.0001785149999999902), (713, 7.296299999914879e-05), (725, 0.0003505950000004532), (731, 2.6401999999592363e-05), (737, 0.00010488500000072065), (737, 9.429199999999582e-05), (737, 9.722999999972615e-05), (743, 7.384999999970887e-06), (762, 1.5025999999807027e-05), (768, 1.686399999911714e-05), (768, 1.314300000032631e-05), (793, 5.0008000000545394e-05), (793, 3.405999999372966e-06), (800, 4.3754000000006954e-05), (800, 5.2438999999182556e-05), (800, 1.6030000001165945e-05), (808, 0.00015619899999919085), (833, 0.0002139320000011935), (833, 5.691000000140889e-06), (885, 1.2538000000006377e-05), (900, 1.9155000000381506e-05), (900, 0.00019863300000011463), (945, 0.0001360600000008816), (976, 3.3300000000124896e-05), (1009, 0.00011366800000089938), (1009, 0.00012425000000071407), (1042, 3.897699999910742e-05), (1177, 4.0395999999276455e-05), (1177, 5.636200000047609e-05), (1177, 0.00014749700000038501), (1303, 5.8620000000786376e-05), (1371, 2.3196999999086643e-05), (1399, 0.0001273870000009225), (1448, 6.0393000000047437e-05), (1448, 5.5021999999738114e-05), (1462, 3.065699999993399e-05), (1509, 7.430099999972128e-05), (1547, 6.533599999869466e-05), (1572, 6.664200000017217e-05), (1585, 0.00015263000000054205), (1598, 4.5545999999063724e-05), (1611, 6.977299999988418e-05), (1624, 0.0003912419999991812), (1637, 1.012799999955405e-05), (1637, 2.1910000000957552e-05), (1651, 3.909099999965804e-05), (3118, 0.00021002600000130656), (4582, 0.00017441199999979062), (4992, 5.928000000210432e-06), (4992, 1.0273999999199646e-05), (6132, 6.640999998808184e-06), (6653, 0.0001709759999997118), (6929, 0.000181184000000556), (6929, 0.00027600399999982983), (7517, 7.152499999918405e-05), (38691, 0.00048324399999977175), (39007, 0.0003585889999992986), (40382, 0.00036900799999983747), (44260, 0.00032288200000074596), (45634, 0.00025593500000020697), (45634, 0.00016225399999925116), (45913, 0.00016298900000144556), (45913, 0.00040517700000108903), (46478, 0.0003619990000007789), (46478, 0.0004929990000004381), (46478, 0.0001438490000005288), (46478, 0.0004745860000010538), (46478, 0.0004425530000009559), (47050, 0.00022513999999951295), (47435, 0.0001790130000003387), (48215, 8.640500000112183e-05), (49007, 0.00025373199999911833), (50632, 0.0003377950000000851), (50632, 0.00029103500000005056), (52097, 0.00046650300000017353), (54264, 0.00048435799999957396), (61321, 0.000358158000000941), (64921, 0.00027508400000009203), (71592, 0.0003887730000009526), (71592, 0.00048748500000073136), (72473, 0.0002858359999997617), (72917, 0.00028074199999927885), (74722, 0.0004169139999987692), (75795, 0.00041665100000010113), (75795, 0.00030582399999978804), (76416, 0.00039899800000142704), (76416, 0.000423626999999982), (77041, 0.0004869139999996719), (77672, 0.0003758089999994496), (77672, 0.0004201760000004384), (78307, 0.0004806760000004573), (79595, 0.00032839999999900726), (79595, 0.0004885780000005724), (80903, 0.0003517019999996762), (80903, 0.0004593849999992017), (81565, 0.0003726699999990757), (81565, 0.00020129699999849038), (81565, 0.0004072829999994809), (85305, 0.00036287999999906617), (85305, 0.0005313000000004564), (87238, 0.000533139999999932), (87238, 0.0004567790000002958), (91238, 0.00047918499999966), (91238, 0.00046628599999998244), (95421, 0.0003896050000005147), (95421, 0.0005304120000015899), (95421, 0.0005308880000001182), (95421, 0.0002948800000002194), (99796, 0.0005093560000002384), (102058, 0.0007355149999987987), (107173, 0.0005833240000008288), (112545, 0.000567258000000237), (118669, 0.0005149070000012301), (129272, 0.0006465110000011265), (135199, 0.0006498189999994963), (192343, 0.0006988700000007952), (215160, 0.0007930740000006153), (244622, 0.0008427110000006621), (253761, 0.0008010140000003219), (268113, 0.000866342000000131), (283277, 0.0008742000000001582), (318166, 0.0009425209999989193), (368444, 0.0010039629999987199), (406302, 0.0010330879999997933), (470507, 0.001069727000000853), (562914, 0.0011751320000001897), (643946, 0.0012683149999990206), (704348, 0.0014352770000005677), (792711, 0.0014375790000009658), (1374210, 0.0017571199999988352), (2040490, 0.002068492000001143), (2169118, 0.0021514899999992565), (5426418, 0.002401604999999307), (6322443, 0.0021863140000011327)], [(92, 0.00048688899999937973), (100, 8.95500000019922e-06), (141, 1.651900000076978e-05), (154, 2.9973000000182992e-05), (154, 0.00030984399999844925), (217, 9.828199999972753e-05), (222, 0.00044159099999951934), (237, 4.638000000056763e-06), (237, 0.00011441899999908856), (243, 0.0003351450000010914), (248, 0.00031385600000000125), (259, 0.00030499200000022597), (271, 5.5210000002858806e-06), (271, 0.00038254700000095454), (277, 0.0001911759999995155), (285, 0.0002524409999988819), (291, 0.00013389399999930163), (291, 0.00030892699999895967), (300, 0.0003679559999998361), (305, 3.797499999969034e-05), (305, 0.0003492910000009175), (305, 1.0005000000035125e-05), (305, 8.011000000252011e-06), (305, 0.0002178480000001315), (308, 0.0002826239999986768), (308, 4.9120999999985315e-05), (308, 9.48230000012984e-05), (310, 1.4118999999368498e-05), (310, 0.00034773199999982296), (310, 8.561699999987127e-05), (310, 0.0003758030000007295), (313, 0.00032131700000093133), (313, 1.91399999991404e-05), (313, 0.0004511940000000436), (313, 0.0001988179999994344), (313, 0.0003206650000002753), (315, 0.00031136900000028334), (315, 2.56299999890075e-06), (315, 0.00010582600000041964), (315, 0.00024033200000062038), (318, 5.954899999949248e-05), (318, 0.00023258700000106103), (318, 0.00020763500000064994), (318, 0.00029132300000078715), (321, 5.621199999872317e-05), (323, 5.605199999969557e-05), (323, 4.324400000044193e-05), (323, 2.6349999995289863e-06), (323, 1.0127000001247666e-05), (323, 3.4981000000655627e-05), (326, 0.00027389800000143794), (326, 0.00013764899999912927), (326, 0.00018347900000037498), (326, 0.0004982099999999434), (331, 0.0003683279999986411), (331, 0.0005046629999991836), (331, 1.734399999975267e-05), (331, 5.6147000000450475e-05), (335, 0.00013603199999856486), (335, 6.381000000388326e-06), (340, 2.5162000000023e-05), (340, 0.00023012599999994166), (345, 2.765300000007187e-05), (350, 3.6820000008930265e-06), (350, 0.00026997099999981344), (350, 0.0004047929999995148), (350, 2.695000000940695e-06), (355, 0.00013227600000043083), (355, 2.8557000000262178e-05), (355, 0.00014349299999949494), (360, 3.9759999999944284e-05), (360, 0.0003514039999998886), (360, 0.0001237379999992072), (360, 5.39479999996928e-05), (365, 2.998999999448415e-06), (365, 0.0003639600000013843), (365, 1.4984999999967386e-05), (365, 0.00018982799999989197), (365, 0.00046426300000135257), (365, 0.00038019999999860943), (371, 0.00011374800000041319), (371, 0.0003118120000014102), (371, 0.0003970019999997021), (376, 0.00029229899999982933), (376, 0.00010990200000016159), (376, 5.4069999997352625e-06), (376, 5.0298999999753846e-05), (376, 0.00013147700000004647), (376, 0.00017511600000119643), (376, 4.3107000001540996e-05), (376, 0.00021395599999962656), (390, 0.00010015999999879455), (400, 9.926000000604063e-06), (400, 0.00045773400000115316), (420, 6.807399999964048e-05), (420, 0.00043590299999962667), (425, 0.00030640199999965034), (425, 0.0003319120000000453), (425, 9.91950000006625e-05), (430, 6.855500000035875e-05), (430, 6.687100000135615e-05), (435, 9.979000000015503e-05), (435, 0.00024032199999979298), (446, 0.00048404200000007336), (446, 0.0003122370000010477), (446, 3.7214000000673764e-05), (446, 0.00016616000000091447), (452, 0.0001539760000000001), (452, 0.00013688199999961626), (452, 0.0001773089999996813), (457, 5.176000000162162e-06), (457, 0.00012535399999968888), (463, 0.0004452029999999496), (463, 6.145000000401524e-06), (468, 0.00034742199999904244), (491, 0.00020393500000004394), (491, 0.00022056999999975346), (491, 0.0003551840000000084), (491, 0.0002786090000004293), (491, 0.0002959890000013843), (491, 0.0004022709999986773), (502, 0.00039390699999941603), (502, 3.127999999463782e-06), (502, 0.0003164709999996518), (502, 0.000342733000000095), (502, 3.081799999904433e-05), (502, 0.0003222429999993892), (502, 5.920999999631249e-06), (502, 3.1539000000080364e-05), (502, 0.00010251500000002522), (502, 0.0002205849999992182), (502, 0.00044804800000086686), (502, 0.0005000979999998378), (513, 0.00024796500000157096), (513, 2.0318000000685288e-05), (513, 0.0003417950000006442), (513, 0.0004426679999998129), (525, 2.5959999998548255e-06), (525, 0.0001370319999995928), (525, 0.0002757850000012496), (525, 0.00017491800000080104), (537, 3.2624000001035824e-05), (537, 0.00032805900000099086), (537, 0.0003949470000002009), (537, 2.3225999999709757e-05), (537, 0.0003094620000005932), (549, 1.3091000001352882e-05), (549, 4.0495000000362324e-05), (549, 4.4769999991700615e-06), (549, 0.00026049600000099815), (549, 3.884500000062019e-05), (549, 1.5488000000729585e-05), (549, 0.0005084190000008704), (561, 6.460500000038394e-05), (561, 7.716899999898885e-05), (561, 8.808100000123886e-05), (561, 0.00013011400000095819), (561, 0.00015594499999949107), (561, 0.0002932330000007255), (561, 6.988600000035206e-05), (561, 0.0005172760000000665), (574, 0.00013086399999906462), (574, 3.037299999952836e-05), (574, 0.00036427300000063667), (574, 0.0003934549999993209), (574, 7.491000000037218e-05), (574, 6.901399999925673e-05), (574, 0.0002390269999992256), (574, 8.159899999959919e-05), (574, 2.2428999999490884e-05), (574, 6.237000000020032e-05), (574, 0.0004059810000001107), (587, 0.00014646000000162473), (587, 0.0002978919999989671), (587, 0.00044493399999900873), (587, 4.119000001523432e-06), (587, 0.000202590999998975), (587, 0.00028131999999914115), (587, 1.317899999975225e-05), (587, 5.313999999856378e-05), (587, 1.5139999998581288e-05), (587, 0.0004325339999997624), (587, 0.0004924810000002111), (587, 0.00020303099999985363), (587, 0.0002553230000010842), (600, 0.00012318199999938884), (600, 0.00019918400000129566), (600, 1.4085000000108039e-05), (600, 0.00025164800000077037), (600, 0.00011169899999963206), (600, 7.853900000043268e-05), (600, 0.0004250409999997373), (600, 8.826900000080684e-05), (607, 9.510900000009315e-05), (607, 0.0002623889999995299), (615, 8.76749999996207e-05), (615, 5.345800000000622e-05), (623, 0.0005201220000010665), (623, 0.00010234500000017022), (630, 3.889999998563098e-06), (630, 0.00031258699999980877), (638, 0.0003320609999999391), (646, 0.00033861899999898526), (646, 0.0002894100000006006), (646, 0.00036557199999975865), (654, 0.00032269499999948437), (654, 0.00013525700000016627), (662, 0.0002154910000005117), (662, 0.00022912399999874822), (662, 6.383400000053996e-05), (662, 0.00033694200000056185), (679, 8.546599999981197e-05), (679, 0.00016465400000065245), (679, 0.0002943300000008975), (685, 0.00022522900000154777), (690, 1.0445000000913751e-05), (690, 0.0001691069999996131), (696, 0.0002946979999993715), (696, 9.685500000067293e-05), (696, 0.0004115890000004896), (707, 0.00011172700000017244), (707, 6.856199999916157e-05), (707, 0.00013094299999849568), (713, 2.3977999999758026e-05), (713, 0.00018030800000090608), (713, 0.0001543979999993894), (713, 0.00034338999999938835), (725, 6.1389999999050815e-06), (725, 0.00018346999999963032), (731, 5.183000000741345e-06), (737, 0.00017307199999905265), (737, 0.00046221599999896057), (743, 0.00019179999999963115), (762, 9.546400000104427e-05), (768, 0.00015807299999970326), (768, 0.00038464200000021265), (768, 0.000412925999999203), (774, 0.0002403859999997593), (781, 0.00016363599999991152), (787, 0.0005134959999999467), (787, 3.175100000163411e-05), (793, 7.08920000001001e-05), (833, 6.415200000020604e-05), (859, 0.0003597130000017046), (867, 4.054999999780762e-06), (867, 0.00026453499999945507), (900, 7.340400000011016e-05), (900, 0.0001599080000005415), (900, 0.0002852810000000261), (1009, 0.00019795700000102556), (1063, 0.0001215169999984056), (1085, 0.00012454500000025348), (1130, 0.00034028500000005124), (1154, 1.692700000077707e-05), (1154, 0.00018442200000023945), (1177, 2.1596999999928812e-05), (1226, 0.00021223200000086706), (1226, 6.207100000032995e-05), (1251, 0.0004813049999992103), (1316, 0.0002372849999989768), (1330, 6.342600000053267e-05), (1343, 6.000900000024956e-05), (1371, 0.00018718699999986654), (1385, 6.502699999977324e-05), (1436, 1.2501000000497697e-05), (1448, 1.1973999999526086e-05), (1472, 4.71270000002022e-05), (1572, 5.2192000000061967e-05), (1585, 0.00012400199999973438), (1637, 0.0002753390000016509), (1637, 0.0001267279999996873), (2152, 9.720999999629498e-06), (2311, 0.0001660059999988306), (2412, 0.00020140099999998995), (2862, 0.0001905339999996869), (3699, 4.06899999916277e-06), (3861, 0.00024706199999968703), (5887, 1.0510999999269188e-05), (6387, 0.0003684650000010947), (7217, 4.696999999964646e-05), (7830, 0.00021953800000140689), (7830, 0.00021963699999894004), (9012, 0.00018507900000130917), (10373, 0.00016904900000014322), (13741, 2.5778000001253076e-05), (15816, 0.00026014999999901534), (20952, 0.0001592590000001337), (31946, 0.00028920799999987423), (33822, 0.0006688829999994539), (34308, 0.000325499000000562), (34801, 0.00018126800000040078), (37146, 0.0005310749999996034), (37450, 0.00012798000000024956), (37450, 0.00039051199999917685), (38377, 0.00047865300000005107), (39327, 0.00031679599999989705), (39973, 0.0006618840000012227), (40796, 0.00022524099999898795), (42062, 0.0001393070000013097), (42928, 0.0004744399999996318), (43367, 0.0004145550000007603), (43367, 0.00046622500000026434), (43811, 0.00021356000000061215), (44260, 0.0005347729999982676), (44260, 0.0002266090000002663), (44260, 0.00032333399999906476), (44260, 0.0004280869999995218), (44260, 0.0005635450000003317), (44531, 0.00046110100000085197), (44531, 0.0002486229999991707), (44804, 0.0003762149999992914), (44804, 0.00038322199999996087), (45079, 0.00031489000000028966), (45079, 0.0001822849999992826), (45356, 0.0003840759999995669), (45913, 0.00013787099999973407), (45913, 0.0004616370000007919), (45913, 0.0005776480000001527), (46195, 0.00017721699999917462), (46195, 0.0003260590000007113), (46478, 0.00040371200000066665), (46478, 0.000542473000001209), (46478, 0.000480795999999728), (46763, 0.00034268199999942794), (47050, 0.00016981699999973898), (47435, 0.000401651000000669), (47435, 0.00022843999999899722), (48215, 0.0002514009999998734), (49007, 0.00041777200000048254), (49408, 0.00039371300000112797), (49408, 0.0005212490000001679), (49408, 0.00016264499999962823), (50221, 0.00022672100000065143), (54264, 0.0004686469999999332), (55381, 0.0006036640000015581), (58872, 0.00040869100000051617), (63353, 0.000527044000000032), (66528, 0.0006778270000005193), (68175, 0.0006547050000005328), (71156, 0.0006628210000005907), (72917, 0.00037050099999902386), (74266, 0.00025542000000022824), (74266, 0.00058388100000073), (75795, 0.00043018699999919363), (75795, 0.0006731670000004186), (77041, 0.0006089080000002411), (77672, 0.000575021999999592), (77672, 0.0006322100000009101), (78307, 0.0006773889999998062), (78948, 0.0006781790000012222), (79595, 0.0006640430000004471), (79595, 0.0004952159999991324), (79595, 0.000288438000000113), (79595, 0.0005235629999997826), (80246, 0.0005293350000012964), (80246, 0.0006108329999996442), (80246, 0.0006414259999996119), (81565, 0.0003928030000004412), (83414, 0.00035806200000010335), (87238, 0.0006961190000005502), (93306, 0.0004186179999994266), (99796, 0.0006994909999988863), (103313, 0.0007026359999997567), (104584, 0.000538176000000945), (107173, 0.000778773000000399), (107173, 0.0011022129999993524), (112545, 0.0011896360000012152), (115331, 0.0011805049999988881), (115331, 0.00071521399999952), (115331, 0.0007380349999994706), (125636, 0.0007337689999999952), (125636, 0.0007384669999996873), (129272, 0.001198838000000535), (131129, 0.0012359639999992567), (146680, 0.0011880330000000328), (146680, 0.0012134389999989281), (149091, 0.0013203879999998946), (151541, 0.0007951529999985496), (161752, 0.000902471999999932), (192343, 0.0011211269999993334), (225940, 0.0011614610000005854), (231530, 0.0012112880000003656), (234377, 0.0011560100000007623), (249150, 0.0012282589999994542), (283277, 0.0013225709999993285), (288520, 0.0016928189999987353), (288520, 0.0013059420000001154), (302981, 0.0012863210000002567), (334113, 0.0013012930000009248), (368444, 0.001389824000000317), (448051, 0.0014317310000002692), (448051, 0.0014412890000006229), (874164, 0.001792530999999542), (895802, 0.0017458000000001306), (1374210, 0.0020543110000001974), (1999332, 0.002242597999998708), (2169118, 0.00237200199999954), (2944602, 0.002539598000000254), (4657379, 0.002821252000000385), (6322443, 0.002922318999999618)]]
** XPass FCT sorted: [[(237, 1.0589000000393867e-05), (315, 1.0603999999858615e-05), (415, 7.607000000575681e-06), (561, 1.0650000000111959e-05), (587, 7.6399999997534e-06), (607, 1.0660000000939363e-05), (793, 1.0739000000370424e-05), (945, 7.709000000133415e-06), (50221, 0.00010942599999985703), (77041, 0.00011946600000101171)], [(232, 1.0663000001187584e-05), (259, 1.074699999925599e-05), (259, 1.0636999999036334e-05), (294, 1.0652999998583823e-05), (308, 7.993000000539041e-06), (308, 1.0680999999124197e-05), (310, 1.0749999999504212e-05), (313, 1.0744000000784126e-05), (313, 1.067300000023863e-05), (318, 8.110999999644264e-06), (318, 1.1140999999881274e-05), (350, 1.063500000064721e-05), (400, 1.0786000000706508e-05), (441, 1.0629999998457151e-05), (491, 7.738999999062912e-06), (502, 7.978999999380676e-06), (513, 7.701000001247849e-06), (525, 7.65999999963185e-06), (549, 1.0647999999946478e-05), (561, 8.037999998933287e-06), (561, 7.83199999965234e-06), (561, 1.0680999999124197e-05), (574, 8.117000000140706e-06), (630, 8.066999999556401e-06), (630, 1.0724000000905676e-05), (662, 1.0776999999961845e-05), (671, 1.067200000015589e-05), (696, 8.0269999997995e-06), (800, 1.0740000000453165e-05), (867, 8.123000000637148e-06), (1085, 7.775000000265209e-06), (1585, 0.00010305599999860249), (4206, 9.679400000095484e-05), (44804, 0.00019113699999984135), (47823, 0.00018787399999986576), (49408, 0.000141933000000094), (49813, 0.0001427090000003517), (50632, 0.0001840739999998675), (67347, 0.00016472000000078424), (72473, 0.0003940759999991883), (76416, 0.00013650800000064578), (77041, 0.00023240600000029588), (79595, 0.00036682500000040363), (91238, 0.0003216680000015515), (209535, 0.00022585500000005254), (268113, 0.0004689679999998475), (773563, 0.0005318760000001532), (1211116, 0.0005838260000015083), (1660940, 0.000786248000000711), (3997329, 0.0009132549999986139)], [(168, 8.966200000060098e-05), (237, 1.1121000000002823e-05), (265, 1.109599999971067e-05), (305, 8.10700000108966e-06), (308, 8.229000000525843e-06), (310, 8.261000001397178e-06), (318, 1.1399999999994748e-05), (321, 7.899999999949614e-06), (321, 1.1661000000273702e-05), (321, 1.1721999999991795e-05), (321, 1.1378000001727173e-05), (326, 7.918999999745324e-06), (331, 1.161800000026858e-05), (340, 1.0123999999223088e-05), (340, 1.2377999999202416e-05), (350, 8.751999999390137e-06), (355, 1.373799999981884e-05), (360, 1.1758999999500475e-05), (360, 1.1723999998380918e-05), (360, 1.2291000000885788e-05), (365, 1.1935999999934666e-05), (365, 1.3183000000083211e-05), (385, 8.051999998315296e-06), (400, 0.00017663100000042675), (415, 9.1480000001809e-06), (430, 1.3573999998683917e-05), (430, 1.347300000098528e-05), (435, 8.634000000284914e-06), (452, 8.241999999825111e-06), (468, 1.248099999884289e-05), (480, 1.350900000041122e-05), (491, 8.192999999323547e-06), (491, 1.0771999999548143e-05), (491, 1.2717000000606049e-05), (502, 1.0470999999512287e-05), (513, 1.0710000001523667e-05), (513, 1.0563000000018974e-05), (513, 1.0748999999421471e-05), (513, 9.190799999991839e-05), (525, 7.72200000120904e-06), (525, 1.3646999999394893e-05), (549, 1.0643999999615517e-05), (549, 0.00017506899999908399), (549, 0.00017502900000110344), (561, 7.73399999864921e-06), (561, 1.0335999999000478e-05), (561, 8.226000000277622e-06), (561, 1.1802999999588337e-05), (574, 9.859000000389528e-06), (574, 7.85099999944805e-06), (574, 1.344699999883403e-05), (587, 8.30200000123682e-06), (600, 8.039999999098768e-06), (607, 8.266000000034524e-06), (638, 7.940000001482872e-06), (671, 1.2448999999747912e-05), (679, 1.0137000000298713e-05), (679, 8.875500000016245e-05), (685, 8.248999998627937e-06), (719, 8.330500000042207e-05), (725, 1.1647999999198078e-05), (731, 8.721000000377899e-06), (749, 8.23899999957689e-06), (774, 8.87649999992135e-05), (859, 7.901000000032354e-06), (867, 0.0001733799999996677), (1085, 8.826399999861678e-05), (1130, 1.0812000001081401e-05), (1201, 1.3265999999845235e-05), (1343, 1.289200000087476e-05), (1585, 9.204000000018198e-05), (3699, 0.0001058099999990958), (5887, 0.0001034979999996466), (5887, 0.00010611799999971083), (7517, 0.0001924479999999562), (10373, 0.00018026799999937282), (27756, 0.0002285840000002537), (32871, 0.00014534600000004616), (39648, 0.00011443200000016418), (41636, 0.00017104099999976086), (41636, 0.00021401500000095552), (44531, 0.0002784499999997081), (46478, 0.00022655100000079642), (47050, 0.00035413099999992426), (48609, 0.0003485559999987231), (49007, 0.0004104140000009693), (49408, 0.00015877400000086084), (49813, 0.0003248790000007773), (60084, 0.0001543840000000074), (76416, 0.0003884009999985949), (87238, 0.00025499800000083894), (133013, 0.00035504899999949657), (137421, 0.00039452700000097707), (195107, 0.0003195649999998551), (195107, 0.00038951900000050443), (203640, 0.0004905910000001512), (249150, 0.0004079259999993923), (263241, 0.0004117059999995121), (643946, 0.00036249300000079643), (1559267, 0.0005358569999991403)], [(141, 1.244399999933421e-05), (222, 1.0387999999750264e-05), (222, 1.2959000001089294e-05), (227, 7.664000001739169e-06), (227, 2.1986000000140393e-05), (227, 2.5217000001021006e-05), (232, 1.9784999999217234e-05), (254, 2.46589999992608e-05), (265, 1.946899999971663e-05), (271, 1.4680999999683308e-05), (291, 0.0003630059999988333), (300, 8.373000000005959e-06), (300, 1.3891000000043618e-05), (303, 2.4072999998736577e-05), (303, 1.275600000028021e-05), (305, 8.900500000130762e-05), (308, 8.185999998744364e-06), (308, 8.965700000018728e-05), (308, 1.4252999999797566e-05), (313, 1.475899999903163e-05), (315, 8.661000000742547e-06), (318, 8.146999999070204e-06), (321, 8.68660000001853e-05), (326, 8.68099999884464e-06), (326, 9.021000000331014e-06), (326, 0.0002843160000001177), (331, 2.171400000072765e-05), (335, 7.848000000976185e-06), (340, 1.5001000001291231e-05), (340, 0.0003517149999989755), (350, 1.0680000000817813e-05), (350, 2.298400000100287e-05), (350, 1.1861000000834565e-05), (355, 1.7399000000750675e-05), (355, 2.08739999987273e-05), (355, 0.00035172599999988563), (360, 9.944500000003131e-05), (360, 2.4156000000274958e-05), (360, 2.2009000000267065e-05), (371, 8.707399999963172e-05), (371, 2.0253000000636234e-05), (376, 7.725999999763644e-06), (381, 1.906399999995756e-05), (390, 1.7836999999687464e-05), (400, 2.3018000000263328e-05), (420, 1.0156000000094423e-05), (420, 1.9555999999809615e-05), (420, 9.631400000031931e-05), (446, 2.2912999998681016e-05), (491, 1.7785000000714035e-05), (491, 2.0571999998608703e-05), (502, 2.196300000001372e-05), (502, 1.3941999998934307e-05), (502, 0.00043982200000058924), (513, 2.269600000026628e-05), (513, 9.811299999995526e-05), (525, 7.683999999841262e-06), (525, 9.087000000462808e-06), (525, 1.873599999946407e-05), (525, 1.4172000000201024e-05), (525, 1.312300000044786e-05), (525, 1.7296999999416585e-05), (525, 1.8057000000126777e-05), (537, 1.3520999999627747e-05), (549, 8.358000000008303e-05), (549, 2.369299999926966e-05), (561, 2.3013999999932366e-05), (561, 1.373999999998432e-05), (561, 1.763499999896112e-05), (561, 1.5103999999155349e-05), (574, 1.454899999941972e-05), (574, 1.5001999999597615e-05), (574, 1.759999999961792e-05), (574, 2.2334999998818716e-05), (574, 2.0719000000113397e-05), (587, 1.9465000001162025e-05), (587, 7.923000000076286e-06), (587, 1.2750999999866508e-05), (587, 1.3386999999198679e-05), (587, 1.389500000037458e-05), (600, 7.999000001035483e-06), (600, 2.298299999914377e-05), (600, 1.9653999999036387e-05), (600, 1.8569999999940023e-05), (615, 2.2495999999705418e-05), (615, 1.314000000007809e-05), (615, 0.0002782459999988163), (623, 9.701999999833788e-06), (630, 0.00019106000000057577), (630, 2.240900000138879e-05), (630, 9.028600000071663e-05), (638, 2.06479999995679e-05), (638, 1.4869999999334027e-05), (638, 9.246000000118215e-05), (638, 1.7416999998687288e-05), (646, 1.4308999999101957e-05), (654, 1.8582000000932908e-05), (654, 1.4873999999664989e-05), (654, 8.791000000130111e-05), (654, 1.2912999999059593e-05), (654, 2.0068000001316477e-05), (662, 8.768000000713982e-06), (671, 2.1102999999911276e-05), (679, 0.00033582100000018045), (685, 1.5929999999997335e-05), (690, 7.722999999515423e-06), (690, 9.442699999873128e-05), (696, 1.6385999998647094e-05), (707, 1.7314999999129554e-05), (713, 8.958799999980727e-05), (713, 2.0141000000251097e-05), (725, 1.8977999999947315e-05), (737, 8.404000000794554e-06), (743, 8.684799999869597e-05), (749, 0.00010062600000004807), (749, 0.00018803300000058698), (762, 2.384899999974266e-05), (774, 2.1005000000684504e-05), (774, 1.717800000022862e-05), (774, 2.433500000087463e-05), (787, 2.2007000000101584e-05), (787, 1.333300000005977e-05), (808, 1.3090000001270141e-05), (825, 2.2065999999654196e-05), (841, 2.1841000000577537e-05), (850, 1.418099999916933e-05), (867, 1.789300000076821e-05), (885, 2.216599999904645e-05), (929, 2.309699999969439e-05), (992, 1.5206000000489439e-05), (992, 1.877599999922097e-05), (1009, 2.537599999996587e-05), (1009, 0.0001831909999996384), (1042, 1.7011000000621834e-05), (1448, 7.777999998737073e-06), (1509, 0.0001174810000001969), (1547, 9.941399999924272e-05), (1611, 0.00020886699999955738), (1624, 0.00019372299999886877), (1624, 0.00011147600000072089), (1664, 8.627799999949559e-05), (2412, 0.00018346500000099297), (3118, 9.369400000025507e-05), (4206, 0.00012861399999941625), (5652, 0.0001607279999991107), (6132, 0.0001560240000006985), (10373, 0.00020842300000012415), (18203, 0.0002657789999993554), (27756, 0.00023665900000047202), (31946, 0.00021888600000075087), (31946, 0.0002982940000002543), (32405, 0.00022039699999965023), (32405, 0.00024199300000127266), (33822, 0.00037733500000136644), (41214, 0.0002508540000007997), (42062, 0.0003697169999998806), (42062, 0.00048762800000012874), (42493, 0.0006690280000007931), (42928, 0.00035319399999877987), (43367, 0.0004442229999988001), (43811, 0.0004916379999997389), (44260, 0.00016498699999978328), (44260, 0.0002883239999995624), (45079, 0.0005030080000008041), (46763, 0.00041677399999962006), (47050, 0.0004059729999994488), (47050, 0.0005127900000001517), (47435, 0.00024990400000035606), (50221, 0.00026455099999900256), (51046, 0.0004313969999998335), (53169, 0.00045537299999942604), (67347, 0.0007056289999987087), (72473, 0.0005742469999994171), (73364, 0.0005719509999995154), (73814, 0.0004375359999997386), (75795, 0.00038235100000072464), (77041, 0.0005285280000002501), (77041, 0.0005060089999986417), (77672, 0.0004326880000000699), (80246, 0.00043001100000061854), (89216, 0.0004546859999994268), (97584, 0.00041362700000036057), (103313, 0.0005553900000005996), (108492, 0.0005553290000008815), (116988, 0.000582977999998846), (156563, 0.0005563449999996806), (156563, 0.0005019649999997711), (192343, 0.0007754880000003794), (220484, 0.0010516480000006823), (368444, 0.0006410940000005638), (386910, 0.0007054199999991795), (448051, 0.0008048519999999115), (792711, 0.0011249830000004124), (917977, 0.0010159620000003144), (1880773, 0.0017641360000002493), (2082496, 0.0019143860000010449), (2944602, 0.0016201860000002455), (3430822, 0.0024018649999995034), (6322443, 0.002801804999998936), (8582787, 0.002978453000000769)], [(60, 0.0002708550000001253), (64, 3.4976000000241925e-05), (72, 0.00017788599999946086), (72, 4.230100000057746e-05), (77, 9.821400000120661e-05), (81, 2.5292000000121106e-05), (141, 3.0559000000707215e-05), (183, 8.832000000680296e-06), (222, 3.591500000155179e-05), (232, 0.0002747919999990245), (232, 4.1110999999816045e-05), (232, 3.976799999882985e-05), (243, 8.839600000065673e-05), (271, 1.784499999857303e-05), (271, 9.407000000294374e-06), (279, 3.733500000002721e-05), (288, 1.555199999891954e-05), (297, 2.8320000000192636e-05), (300, 3.4740999998561506e-05), (300, 3.9609999999967727e-05), (303, 1.5151999999574173e-05), (303, 4.247900000109439e-05), (303, 4.2813000000307966e-05), (305, 3.8724000001266745e-05), (305, 1.906399999995756e-05), (305, 2.183999999871844e-05), (308, 1.6643000000371444e-05), (308, 0.00027601500000074), (310, 8.187000000603462e-06), (310, 1.4368999998737308e-05), (310, 3.9795999999370224e-05), (310, 1.3807000000198855e-05), (310, 3.0442999999991116e-05), (310, 3.992099999905463e-05), (313, 0.00018544299999945224), (313, 1.0121000000751224e-05), (313, 0.0003731239999993363), (313, 9.719999999546758e-06), (315, 1.0850999998979205e-05), (318, 2.854400000096291e-05), (321, 3.5882000000597714e-05), (321, 1.102100000061057e-05), (321, 1.5165999998956181e-05), (321, 1.8225999999899045e-05), (323, 3.772800000056975e-05), (323, 3.793199999968522e-05), (326, 3.1247999999095555e-05), (331, 2.6539000000269652e-05), (331, 4.101400000067201e-05), (331, 9.282999999982167e-05), (335, 1.032199999961847e-05), (335, 3.3219000000528354e-05), (340, 1.3698000000061938e-05), (345, 2.9436000000160334e-05), (350, 0.0002726600000002577), (355, 9.467299999954548e-05), (355, 8.53420000002103e-05), (355, 0.0003805400000000958), (355, 3.891599999938933e-05), (355, 0.0002783789999991626), (360, 3.0749000000440674e-05), (371, 3.929899999910447e-05), (371, 0.0001896749999996672), (376, 1.3883999999464436e-05), (385, 0.0001935900000002988), (395, 1.3902000000953763e-05), (395, 3.874399999936884e-05), (405, 3.053100000016684e-05), (405, 1.4290000001082603e-05), (415, 8.841999999731343e-06), (415, 4.308399999963797e-05), (415, 2.5288999999872885e-05), (420, 3.868599999989897e-05), (430, 0.000269450999999421), (446, 2.6102999999721987e-05), (446, 2.507200000145815e-05), (452, 8.87699999996272e-05), (457, 3.749799999930303e-05), (463, 0.00027905099999969707), (463, 2.933300000051986e-05), (463, 4.275499999906174e-05), (468, 3.092799999926399e-05), (468, 3.3667000000292546e-05), (474, 4.115200000143204e-05), (480, 3.317600000052323e-05), (491, 2.3549999999872284e-05), (491, 2.9242000000095913e-05), (491, 9.216000000478175e-06), (491, 3.0196000000870526e-05), (491, 3.5221999999279774e-05), (491, 2.8337999999905605e-05), (491, 3.6288000000439524e-05), (491, 1.5529000000569226e-05), (502, 1.0404999999380493e-05), (502, 8.662699999995027e-05), (502, 1.575100000117402e-05), (502, 1.0298000001185414e-05), (502, 8.372299999948041e-05), (502, 8.851000000476006e-06), (502, 1.9919999999729043e-05), (502, 4.1826000000355634e-05), (502, 1.3762000000028252e-05), (502, 1.6818000000640154e-05), (502, 8.666300000115257e-05), (502, 3.436900000153287e-05), (502, 1.4342000000056032e-05), (513, 0.000280440999999243), (513, 3.926800000009223e-05), (513, 1.871899999983384e-05), (513, 3.5643999998669074e-05), (525, 7.738999999062912e-06), (525, 7.764000001131421e-06), (525, 2.396299999851692e-05), (525, 1.4155000000570794e-05), (537, 2.097499999997865e-05), (537, 0.00037427200000017535), (537, 3.708999999929574e-05), (549, 8.846000000062304e-06), (549, 1.3486000000284548e-05), (549, 4.240099999996971e-05), (549, 4.243800000125475e-05), (549, 8.801999999974441e-05), (549, 2.649800000043001e-05), (549, 4.09100000009488e-05), (561, 7.971999998801493e-06), (561, 1.7331999998759784e-05), (561, 9.206400000039139e-05), (561, 3.245099999915624e-05), (561, 4.101799999922662e-05), (574, 3.768600000064737e-05), (574, 4.056400000074234e-05), (587, 8.825000000101113e-06), (587, 9.506999999686627e-06), (587, 1.0232999999360004e-05), (587, 2.7339000000736746e-05), (587, 1.3864000001362342e-05), (587, 3.463500000044917e-05), (587, 1.5387999999560975e-05), (587, 0.00028560699999857775), (600, 9.821999999104492e-06), (600, 7.635999999422438e-06), (600, 8.681599999960099e-05), (600, 4.3005000000206905e-05), (600, 3.665000000019347e-05), (600, 3.084500000127832e-05), (600, 2.5672999999670765e-05), (607, 3.917099999917184e-05), (615, 2.2952000000131534e-05), (615, 4.186999999866714e-05), (623, 7.701999999554232e-06), (623, 3.448000000005891e-05), (630, 2.8225999999520468e-05), (638, 1.0510999999269188e-05), (638, 8.897499999882541e-05), (638, 3.912799999916672e-05), (654, 1.9537000000013904e-05), (662, 0.0003800419999997473), (671, 2.2406999999446953e-05), (671, 3.361399999946002e-05), (671, 4.246700000010151e-05), (679, 0.0002811920000009849), (679, 3.4070999999968876e-05), (685, 3.370700000004945e-05), (685, 3.977199999916081e-05), (690, 0.00010236800000029689), (696, 1.1904000000839687e-05), (707, 4.2407000000466155e-05), (713, 2.0484000000209335e-05), (725, 3.5093000001040764e-05), (731, 1.5079000000639553e-05), (737, 1.798900000160586e-05), (737, 4.0417999999320386e-05), (737, 4.0692000000674966e-05), (743, 1.410800000023471e-05), (762, 1.615200000060213e-05), (768, 1.2286000000472086e-05), (768, 1.7161000000598392e-05), (793, 2.2915000000622854e-05), (793, 7.961999999750446e-06), (800, 0.00010027899999975887), (800, 2.8079999999874872e-05), (800, 1.734399999975267e-05), (808, 3.683199999926501e-05), (833, 3.741500000131737e-05), (833, 9.43299999889291e-06), (885, 1.661099999950011e-05), (900, 1.0767000000910798e-05), (900, 3.581500000038318e-05), (945, 3.4821999999934405e-05), (976, 1.4688000000262491e-05), (1009, 3.71650000001722e-05), (1009, 3.276300000010224e-05), (1042, 2.2782000000276525e-05), (1177, 1.4248999999466605e-05), (1177, 1.8634999999989077e-05), (1177, 3.794000000034714e-05), (1303, 1.9212999999851377e-05), (1371, 1.2168999999673247e-05), (1399, 0.00010281299999981286), (1448, 1.5317000000791836e-05), (1448, 2.993200000034335e-05), (1462, 0.00037075400000041725), (1509, 0.00012002699999946742), (1547, 8.964399999911166e-05), (1572, 0.00026405600000067864), (1585, 0.00010324800000027778), (1598, 9.58769999996889e-05), (1611, 0.00010727499999951817), (1624, 0.00011578499999842506), (1637, 0.00010673099999891633), (1637, 0.00011442599999966774), (1651, 0.00040243199999956403), (3118, 0.0001456700000002087), (4582, 0.00014719400000018368), (4992, 9.03090000008433e-05), (4992, 0.0001988940000003936), (6132, 0.0001440909999992357), (6653, 0.00013395200000054786), (6929, 0.0001345650000015297), (6929, 0.0001263530000006341), (7517, 0.00041494199999903003), (38691, 0.00030834899999909737), (39007, 0.00035029900000083103), (40382, 0.0003473389999992804), (44260, 0.0004422650000002193), (45634, 0.0003597519999996024), (45634, 0.000382498000000453), (45913, 0.0006795010000004709), (45913, 0.00022275999999976648), (46478, 0.00020814300000004948), (46478, 0.000629298999999861), (46478, 0.0006093530000015335), (46478, 0.0006585330000010714), (46478, 0.0005008460000013315), (47050, 0.00043663699999996197), (47435, 0.0004601519999987147), (48215, 0.0006483050000003487), (49007, 0.000271658999999147), (50632, 0.0004640460000011615), (50632, 0.0006055440000007906), (52097, 0.000611826000000093), (54264, 0.0004992519999991174), (61321, 0.0006310060000007667), (64921, 0.0008750279999993893), (71592, 0.00085522900000079), (71592, 0.0005358229999998798), (72473, 0.0007453769999994364), (72917, 0.0004602179999988465), (74722, 0.0007602729999991453), (75795, 0.0005919320000007389), (75795, 0.0008029789999994819), (76416, 0.0005968280000008264), (76416, 0.0007120910000004699), (77041, 0.0005238960000006898), (77672, 0.000645971999999162), (77672, 0.0006698820000003991), (78307, 0.0006865939999993742), (79595, 0.0007093200000003463), (79595, 0.0005488769999999477), (80903, 0.000641326999998526), (80903, 0.0005636429999995585), (81565, 0.0007414809999986005), (81565, 0.0007335429999990595), (81565, 0.0006431819999992427), (85305, 0.0006589529999985189), (85305, 0.0007323780000003666), (87238, 0.000689786999998887), (87238, 0.0004903110000000765), (91238, 0.0005748790000001947), (91238, 0.0008042489999997571), (95421, 0.0006751610000002017), (95421, 0.0007622570000016538), (95421, 0.0005781000000002479), (95421, 0.000565285000000415), (99796, 0.0006130819999992099), (102058, 0.000891090999999733), (107173, 0.0008569220000005373), (112545, 0.0009789170000011893), (118669, 0.0007750690000012384), (129272, 0.0010292639999995856), (135199, 0.0008359239999986556), (192343, 0.0011485069999999098), (215160, 0.00111890300000006), (244622, 0.0008235750000000763), (253761, 0.001132262999998801), (268113, 0.0008866259999997794), (283277, 0.0012041680000010047), (318166, 0.001038631000000123), (368444, 0.0012196360000000794), (406302, 0.001269674999999637), (470507, 0.0012584249999996189), (562914, 0.0013381790000011051), (643946, 0.0012945559999995027), (704348, 0.00142541499999993), (792711, 0.0013458240000012722), (1374210, 0.0017372319999999775), (2040490, 0.001925062999999838), (2169118, 0.0020686930000000103), (5426418, 0.0026108130000004337), (6322443, 0.0025904010000008526)], [(92, 6.62569999985152e-05), (100, 9.66900000065607e-06), (141, 1.7896000001016432e-05), (154, 9.653800000108959e-05), (154, 5.7990999998480675e-05), (217, 2.6526999999276768e-05), (222, 6.396800000096903e-05), (237, 8.97099999974671e-06), (237, 3.780099999950437e-05), (243, 6.215099999984375e-05), (248, 6.049599999968791e-05), (259, 5.6528000000000134e-05), (271, 9.42000000137e-06), (271, 6.235000000032187e-05), (277, 4.886700000028554e-05), (285, 5.403899999834039e-05), (291, 4.411499999967816e-05), (291, 5.904199999839932e-05), (300, 6.160599999915917e-05), (305, 0.00010983800000019528), (305, 6.020800000072768e-05), (305, 1.4585000000622017e-05), (305, 1.4937000001324918e-05), (305, 5.0567000000611984e-05), (308, 5.703499999931694e-05), (308, 2.4404999999561028e-05), (308, 3.3801000000721615e-05), (310, 9.74599999992165e-06), (310, 6.0890000000313194e-05), (310, 3.184100000019896e-05), (310, 6.262700000014831e-05), (313, 4.6960000000595414e-05), (313, 1.3893999998515483e-05), (313, 6.437399999903448e-05), (313, 5.296600000015417e-05), (313, 6.0137000000182184e-05), (315, 6.0428999999473376e-05), (315, 7.589999999169095e-06), (315, 3.5651999999331e-05), (315, 5.35660000000604e-05), (318, 2.0197999999638228e-05), (318, 0.00036929300000032583), (318, 5.245600000058914e-05), (318, 5.864000000066483e-05), (321, 2.5363999998972986e-05), (323, 1.9198000000386628e-05), (323, 9.568699999995545e-05), (323, 7.927000000407247e-06), (323, 1.5775000001383432e-05), (323, 2.263700000071367e-05), (326, 5.6147000000450475e-05), (326, 2.8507999999760614e-05), (326, 5.1187000000396665e-05), (326, 6.636700000051121e-05), (331, 5.01279999998161e-05), (331, 6.111999999980355e-05), (331, 1.6148000000271168e-05), (331, 0.00021134500000030698), (335, 3.907799999858241e-05), (335, 9.574999999983902e-06), (340, 1.5251000000660042e-05), (340, 5.3303999999698704e-05), (345, 1.4988000000215607e-05), (350, 8.346999999631066e-06), (350, 5.5161000000580884e-05), (350, 6.390399999922636e-05), (350, 7.91800000143894e-06), (355, 3.731900000047972e-05), (355, 0.00011210399999939114), (355, 4.299399999929676e-05), (360, 1.5214999999457746e-05), (360, 6.036499999950706e-05), (360, 4.448099999976307e-05), (360, 2.76750000001158e-05), (365, 8.191000000934423e-06), (365, 6.172200000165162e-05), (365, 1.5427999999317876e-05), (365, 5.1531000000437643e-05), (365, 6.630000000029668e-05), (365, 0.00021576299999992443), (371, 0.00020464300000000435), (371, 6.022900000068887e-05), (371, 6.401000000089141e-05), (376, 5.808799999940106e-05), (376, 0.00028759399999955804), (376, 9.37499999942304e-06), (376, 9.461299999991013e-05), (376, 2.7292000000400662e-05), (376, 3.65120000012098e-05), (376, 1.627100000156645e-05), (376, 4.515199999843844e-05), (390, 3.8675999999071564e-05), (400, 9.7260000000432e-06), (400, 6.56750000000983e-05), (420, 2.1191000000087e-05), (420, 6.559000000017079e-05), (425, 5.979700000047217e-05), (425, 5.9654999999381175e-05), (425, 3.5324000000613864e-05), (430, 9.639499999991585e-05), (430, 2.9280999999770074e-05), (435, 3.815400000029001e-05), (435, 5.57269999994503e-05), (446, 0.00020926600000059636), (446, 5.8171000000939443e-05), (446, 2.285300000082202e-05), (446, 4.6628999999853704e-05), (452, 4.48100000003393e-05), (452, 4.106099999923174e-05), (452, 5.034299999984171e-05), (457, 9.051000001036869e-06), (457, 4.4738999999793805e-05), (463, 5.644400000015537e-05), (463, 1.4344000000221513e-05), (468, 5.927399999983152e-05), (491, 5.17970000011303e-05), (491, 5.0677999999138024e-05), (491, 6.12420000010161e-05), (491, 5.2819999998732214e-05), (491, 5.9141000001261546e-05), (491, 6.402899999891076e-05), (502, 5.2695000000824166e-05), (502, 8.23799999949415e-06), (502, 5.775300000010475e-05), (502, 5.9970000000575396e-05), (502, 1.5094000000104302e-05), (502, 5.607699999998772e-05), (502, 1.3556999999053687e-05), (502, 0.0002875189999986816), (502, 3.649599999988595e-05), (502, 5.023599999987027e-05), (502, 6.590199999934043e-05), (502, 6.66450000004204e-05), (513, 5.301200000040751e-05), (513, 1.1974999999608826e-05), (513, 6.298500000134766e-05), (513, 6.554600000008293e-05), (525, 7.802000000722842e-06), (525, 4.1441000000475015e-05), (525, 5.6628000001168743e-05), (525, 4.517500000034147e-05), (537, 9.54899999996428e-05), (537, 5.9295000001569065e-05), (537, 6.309300000140183e-05), (537, 1.9034999999334445e-05), (537, 5.783599999986677e-05), (549, 9.752000000418093e-06), (549, 9.430200000082323e-05), (549, 8.822999999935632e-06), (549, 5.1586999999742034e-05), (549, 2.109600000110845e-05), (549, 1.7724999999302327e-05), (549, 6.644599999994227e-05), (561, 9.726999999948305e-05), (561, 2.2196999999835043e-05), (561, 0.00019604500000092173), (561, 4.2699000001533705e-05), (561, 3.7891999999928316e-05), (561, 5.487900000034074e-05), (561, 3.253700000094284e-05), (561, 6.659200000136423e-05), (574, 3.6771999999629656e-05), (574, 1.5581999999625396e-05), (574, 4.973300000088443e-05), (574, 6.307700000007799e-05), (574, 1.8153000000964425e-05), (574, 2.1476999998881752e-05), (574, 4.872799999944277e-05), (574, 0.00011340999999909229), (574, 0.00019554799999887962), (574, 0.00010376000000000829), (574, 6.435899999956973e-05), (587, 4.183400000101756e-05), (587, 5.8548999998464524e-05), (587, 5.589699999930531e-05), (587, 8.750000001001013e-06), (587, 4.923000000012223e-05), (587, 5.359200000043529e-05), (587, 1.5315000000626355e-05), (587, 2.191899999992586e-05), (587, 1.6952999999375606e-05), (587, 6.51820000001635e-05), (587, 6.657199999970942e-05), (587, 5.2884000000474884e-05), (587, 5.623700000079168e-05), (600, 3.3291999999462973e-05), (600, 5.1376000000047384e-05), (600, 1.1376999999868076e-05), (600, 4.952200000118978e-05), (600, 3.7041000000570534e-05), (600, 0.0001006429999996783), (600, 6.472699999982012e-05), (600, 3.5975999999493524e-05), (607, 0.00010191199999987077), (607, 0.0002029740000004665), (615, 0.00019740299999959632), (615, 2.653399999985595e-05), (623, 6.181600000054743e-05), (623, 2.3589999999629185e-05), (630, 8.596999998999877e-06), (630, 5.693000000128734e-05), (638, 6.0351000000125055e-05), (646, 4.823699999967346e-05), (646, 5.38380000012495e-05), (646, 6.318999999876951e-05), (654, 5.8937999998676105e-05), (654, 4.0838999998626946e-05), (662, 4.282399999944175e-05), (662, 0.00020082899999884773), (662, 0.00019673099999906185), (662, 6.228900000060378e-05), (679, 3.158400000025097e-05), (679, 4.635600000035822e-05), (679, 5.8964000000827355e-05), (685, 5.646199999986834e-05), (690, 1.4908000000701804e-05), (690, 4.84790000001567e-05), (696, 5.582699999884255e-05), (696, 3.414400000067985e-05), (696, 6.415800000070249e-05), (707, 2.889400000150033e-05), (707, 2.14569999990033e-05), (707, 4.169499999839843e-05), (713, 1.3014000000310944e-05), (713, 4.975500000092836e-05), (713, 4.867100000005564e-05), (713, 6.113299999910282e-05), (725, 1.4304000000464612e-05), (725, 4.941499999944199e-05), (731, 1.3843999999707535e-05), (737, 4.6224000000094634e-05), (737, 5.8286999999879185e-05), (743, 5.1975999999953615e-05), (762, 2.588400000114177e-05), (768, 3.834199999985799e-05), (768, 0.00022275300000096365), (768, 6.432899999886388e-05), (774, 5.3594999998907156e-05), (781, 4.674999999920715e-05), (787, 6.139799999971274e-05), (787, 9.656300000138174e-05), (793, 3.063900000022102e-05), (833, 1.9385999999954606e-05), (859, 6.094800000155942e-05), (867, 8.352000000044768e-06), (867, 5.617799999946271e-05), (900, 3.4278999999415305e-05), (900, 3.94820000000351e-05), (900, 5.930100000028915e-05), (1009, 4.934600000083833e-05), (1063, 3.2944999999173774e-05), (1085, 4.070000000133689e-05), (1130, 6.290800000030572e-05), (1154, 1.1139999999798533e-05), (1154, 5.145799999972667e-05), (1177, 1.6890999999574774e-05), (1226, 4.5107000000044195e-05), (1226, 2.919900000009079e-05), (1251, 6.628599999913831e-05), (1316, 5.2347000000452226e-05), (1330, 0.00019572900000142113), (1343, 1.9005000000404948e-05), (1371, 4.83540000004723e-05), (1385, 0.00010105500000001655), (1436, 1.009200000012811e-05), (1448, 1.6449000000307024e-05), (1472, 9.939999999986071e-05), (1572, 0.00010730500000022403), (1585, 0.00012043499999947471), (1637, 0.0001478560000016671), (1637, 0.00013279999999937786), (2152, 9.795499999931678e-05), (2311, 0.0001323580000001101), (2412, 0.00011422800000104871), (2862, 0.00011844399999993982), (3699, 0.00010992399999842917), (3861, 0.00014297200000079613), (5887, 0.00020846500000004653), (6387, 0.0003966320000010626), (7217, 0.00010545999999855837), (7830, 0.00022825300000128834), (7830, 0.00036858100000003446), (9012, 0.00021967900000063878), (10373, 0.00023926700000131973), (13741, 0.00025139500000115333), (15816, 0.00036069699999963234), (20952, 0.00042514999999987424), (31946, 0.00046193699999896864), (33822, 0.0008426979999995865), (34308, 0.0005339689999992459), (34801, 0.0005008289999999249), (37146, 0.0006410910000003156), (37450, 0.0005291669999998305), (37450, 0.00074788299999895), (38377, 0.0005358869999998461), (39327, 0.000353732999998968), (39973, 0.0007835240000009236), (40796, 0.000538552000000081), (42062, 0.0006496060000014126), (42928, 0.0007722050000005254), (43367, 0.0006163350000001344), (43367, 0.0003591529999997789), (43811, 0.0007808590000006888), (44260, 0.0006547459999985961), (44260, 0.0003777270000000499), (44260, 0.0009275960000003636), (44260, 0.000517256000000188), (44260, 0.0007018730000005746), (44531, 0.0003242009999997464), (44531, 0.0009639899999989154), (44804, 0.00042956499999924347), (44804, 0.0006560990000004097), (45079, 0.0004734630000005069), (45079, 0.0006373699999997484), (45356, 0.0006150229999999368), (45913, 0.0005863369999996593), (45913, 0.0007042699999999513), (45913, 0.00045376599999968903), (46195, 0.0006429980000000057), (46195, 0.0004064600000006635), (46478, 0.0007097710000003588), (46478, 0.0006159910000000934), (46478, 0.0005510520000004959), (46763, 0.0006848299999990815), (47050, 0.0006536779999990472), (47435, 0.0003860850000005911), (47435, 0.0006359709999994578), (48215, 0.0006806079999996939), (49007, 0.0006112839999996567), (49408, 0.0003158230000011031), (49408, 0.0007801250000003535), (49408, 0.00040378899999993223), (50221, 0.0010818360000008909), (54264, 0.0007825070000002654), (55381, 0.0006151400000007357), (58872, 0.0008582459999999514), (63353, 0.000704431000000838), (66528, 0.0009594090000000222), (68175, 0.0008211639999995413), (71156, 0.000821064000000149), (72917, 0.0009442419999992069), (74266, 0.0005746490000007043), (74266, 0.0008564510000006464), (75795, 0.0009882569999994928), (75795, 0.0008067280000005894), (77041, 0.0010676249999992393), (77672, 0.0009186530000011572), (77672, 0.0008984880000006967), (78307, 0.0008865440000001001), (78948, 0.0007514890000006602), (79595, 0.0008232040000013541), (79595, 0.0008330809999996802), (79595, 0.0011911819999994577), (79595, 0.0006375629999997301), (80246, 0.0007483150000009431), (80246, 0.00066764500000005), (80246, 0.0007860439999998192), (81565, 0.0008378190000009056), (83414, 0.0010183960000009762), (87238, 0.00073202600000144), (93306, 0.0008608950000006388), (99796, 0.0007683189999987405), (103313, 0.0005418920000010985), (104584, 0.000857850000000937), (107173, 0.0009933259999996835), (107173, 0.0008413789999988097), (112545, 0.0004650710000007052), (115331, 0.0010795459999997092), (115331, 0.0010649410000009851), (115331, 0.0011963030000003982), (125636, 0.0009288660000006388), (125636, 0.0011104109999990897), (129272, 0.0008819239999997563), (131129, 0.0008746849999994311), (146680, 0.0006733109999998987), (146680, 0.0009426010000002094), (149091, 0.0011125600000010394), (151541, 0.00101278399999849), (161752, 0.0010787299999996947), (192343, 0.0008980599999990346), (225940, 0.001097344000001499), (231530, 0.001354085000000893), (234377, 0.0013307410000003017), (249150, 0.0011594810000001843), (283277, 0.001249102999999252), (288520, 0.0013760579999999578), (288520, 0.0012555040000012951), (302981, 0.0012514230000011395), (334113, 0.0013956730000010964), (368444, 0.0013261670000002113), (448051, 0.0014700709999999617), (448051, 0.001628226999999427), (874164, 0.0015226269999999431), (895802, 0.0018576130000003133), (1374210, 0.001962855000000374), (1999332, 0.0023849109999982687), (2169118, 0.0021905339999985785), (2944602, 0.0024038750000006104), (4657379, 0.0028711330000010804), (6322443, 0.0030129119999990905)]]
==========
scripts/r2p2/post-process/saved_experiment_outputs/FE_incast_12host_fullsweep__12host_fbHadoopDist_load_fullsweep_300ns_fromjson/FE_incast_12host_fullsweep_10to1_12host_fbHadoopDist_load_fullsweep_300ns_fromjson_2025-08-22T_18-46-14Z.log
----------
FE_incast_12host_10to1_12host_fbHadoopDist_loadtest_300ns_2025-08-22T_18-10-46Z.json
