scripts/r2p2/post-process/saved_experiment_outputs/FE_incast_12host_fullsweep__6host_DctcpMsgSizeDistActual_load_fullsweep_1Kns_fromjson/FE_incast_12host_fullsweep_5to1_6host_DctcpMsgSizeDistActual_load_fullsweep_1Kns_fromjson_2025-08-25T_21-36-46Z.log
scripts/r2p2/post-process/saved_experiment_outputs/FE_incast_12host__6host_DctcpMsgSizeDistActual_loadtest_1Kns_retry/FE_incast_12host_5to1_6host_DctcpMsgSizeDistActual_loadtest_1Kns_retry_2025-08-25T_21-17-11Z.log
scripts/r2p2/post-process/saved_experiment_outputs/FE_incast_12host_fullsweep__6host_DctcpMsgSizeDistActual_load_fullsweep_1Kns_fromjson_dctcp61-49/FE_incast_12host_fullsweep_5to1_6host_DctcpMsgSizeDistActual_load_fullsweep_1Kns_fromjson_dctcp61-49_2025-08-29T_08-21-07Z.log
----------
FE_incast_12host_5to1_6host_DctcpMsgSizeDistActual_loadtest_1Kns_2025-08-25T_20-37-43Z.json
==========
ssird_app_trace files:
/home/dh1723/SIRD-Simulator/scripts/r2p2/coord/results/SSIRD-FE_incast_12host_fullsweep__6host_DctcpMsgSizeDistActual_load_fullsweep_1Kns_fromjson__1flo-12Gbps-1458B-1000ns-2025-08-25T_21-36-46Z/data/SSIRD/60/applications_trace.str
/home/dh1723/SIRD-Simulator/scripts/r2p2/coord/results/SSIRD-FE_incast_12host_fullsweep__6host_DctcpMsgSizeDistActual_load_fullsweep_1Kns_fromjson__5flo-12Gbps-1458B-1000ns-2025-08-25T_21-36-46Z/data/SSIRD/60/applications_trace.str
/home/dh1723/SIRD-Simulator/scripts/r2p2/coord/results/SSIRD-FE_incast_12host_fullsweep__6host_DctcpMsgSizeDistActual_load_fullsweep_1Kns_fromjson__10flo-12Gbps-1458B-1000ns-2025-08-25T_21-36-46Z/data/SSIRD/60/applications_trace.str
/home/dh1723/SIRD-Simulator/scripts/r2p2/coord/results/SSIRD-FE_incast_12host_fullsweep__6host_DctcpMsgSizeDistActual_load_fullsweep_1Kns_fromjson__15flo-12Gbps-1458B-1000ns-2025-08-25T_21-36-46Z/data/SSIRD/60/applications_trace.str
/home/dh1723/SIRD-Simulator/scripts/r2p2/coord/results/SSIRD-FE_incast_12host_fullsweep__6host_DctcpMsgSizeDistActual_load_fullsweep_1Kns_fromjson__20flo-12Gbps-1458B-1000ns-2025-08-25T_21-36-46Z/data/SSIRD/60/applications_trace.str
/home/dh1723/SIRD-Simulator/scripts/r2p2/coord/results/SSIRD-FE_incast_12host_fullsweep__6host_DctcpMsgSizeDistActual_load_fullsweep_1Kns_fromjson__25flo-12Gbps-1458B-1000ns-2025-08-25T_21-36-46Z/data/SSIRD/60/applications_trace.str
/home/dh1723/SIRD-Simulator/scripts/r2p2/coord/results/SSIRD-FE_incast_12host_fullsweep__6host_DctcpMsgSizeDistActual_load_fullsweep_1Kns_fromjson__30flo-12Gbps-1458B-1000ns-2025-08-25T_21-36-46Z/data/SSIRD/60/applications_trace.str
dctcp_app_trace files:
/home/dh1723/SIRD-Simulator/scripts/r2p2/coord/results/DCTCP-61-FE_incast_12host_fullsweep__6host_DctcpMsgSizeDistActual_load_fullsweep_1Kns_fromjson_dctcp61-49__1flo-12Gbps-1458B-1000ns-2025-08-29T_08-21-07Z/data/DCTCP-61/60/applications_trace.str
/home/dh1723/SIRD-Simulator/scripts/r2p2/coord/results/DCTCP-61-FE_incast_12host_fullsweep__6host_DctcpMsgSizeDistActual_load_fullsweep_1Kns_fromjson_dctcp61-49__5flo-12Gbps-1458B-1000ns-2025-08-29T_08-21-07Z/data/DCTCP-61/60/applications_trace.str
/home/dh1723/SIRD-Simulator/scripts/r2p2/coord/results/DCTCP-61-FE_incast_12host_fullsweep__6host_DctcpMsgSizeDistActual_load_fullsweep_1Kns_fromjson_dctcp61-49__10flo-12Gbps-1458B-1000ns-2025-08-29T_08-21-07Z/data/DCTCP-61/60/applications_trace.str
/home/dh1723/SIRD-Simulator/scripts/r2p2/coord/results/DCTCP-61-FE_incast_12host_fullsweep__6host_DctcpMsgSizeDistActual_load_fullsweep_1Kns_fromjson_dctcp61-49__15flo-12Gbps-1458B-1000ns-2025-08-29T_08-21-07Z/data/DCTCP-61/60/applications_trace.str
/home/dh1723/SIRD-Simulator/scripts/r2p2/coord/results/DCTCP-61-FE_incast_12host_fullsweep__6host_DctcpMsgSizeDistActual_load_fullsweep_1Kns_fromjson_dctcp61-49__20flo-12Gbps-1458B-1000ns-2025-08-29T_08-21-07Z/data/DCTCP-61/60/applications_trace.str
/home/dh1723/SIRD-Simulator/scripts/r2p2/coord/results/DCTCP-61-FE_incast_12host_fullsweep__6host_DctcpMsgSizeDistActual_load_fullsweep_1Kns_fromjson_dctcp61-49__25flo-12Gbps-1458B-1000ns-2025-08-29T_08-21-07Z/data/DCTCP-61/60/applications_trace.str
/home/dh1723/SIRD-Simulator/scripts/r2p2/coord/results/DCTCP-61-FE_incast_12host_fullsweep__6host_DctcpMsgSizeDistActual_load_fullsweep_1Kns_fromjson_dctcp61-49__30flo-12Gbps-1458B-1000ns-2025-08-29T_08-21-07Z/data/DCTCP-61/60/applications_trace.str
xpass_app_trace files:
/home/dh1723/SIRD-Simulator/scripts/r2p2/coord/results/ExpressPass-FE_incast_12host__6host_DctcpMsgSizeDistActual_loadtest_1Kns_retry__1flo-12Gbps-1458B-1000ns-2025-08-25T_21-17-11Z/data/ExpressPass/60/applications_trace.str
/home/dh1723/SIRD-Simulator/scripts/r2p2/coord/results/ExpressPass-FE_incast_12host__6host_DctcpMsgSizeDistActual_loadtest_1Kns_retry__5flo-12Gbps-1458B-1000ns-2025-08-25T_21-17-11Z/data/ExpressPass/60/applications_trace.str
/home/dh1723/SIRD-Simulator/scripts/r2p2/coord/results/ExpressPass-FE_incast_12host__6host_DctcpMsgSizeDistActual_loadtest_1Kns_retry__10flo-12Gbps-1458B-1000ns-2025-08-25T_21-17-11Z/data/ExpressPass/60/applications_trace.str
/home/dh1723/SIRD-Simulator/scripts/r2p2/coord/results/ExpressPass-FE_incast_12host__6host_DctcpMsgSizeDistActual_loadtest_1Kns_retry__15flo-12Gbps-1458B-1000ns-2025-08-25T_21-17-11Z/data/ExpressPass/60/applications_trace.str
/home/dh1723/SIRD-Simulator/scripts/r2p2/coord/results/ExpressPass-FE_incast_12host__6host_DctcpMsgSizeDistActual_loadtest_1Kns_retry__20flo-12Gbps-1458B-1000ns-2025-08-25T_21-17-11Z/data/ExpressPass/60/applications_trace.str
/home/dh1723/SIRD-Simulator/scripts/r2p2/coord/results/ExpressPass-FE_incast_12host__6host_DctcpMsgSizeDistActual_loadtest_1Kns_retry__25flo-12Gbps-1458B-1000ns-2025-08-25T_21-17-11Z/data/ExpressPass/60/applications_trace.str
/home/dh1723/SIRD-Simulator/scripts/r2p2/coord/results/ExpressPass-FE_incast_12host__6host_DctcpMsgSizeDistActual_loadtest_1Kns_retry__30flo-12Gbps-1458B-1000ns-2025-08-25T_21-17-11Z/data/ExpressPass/60/applications_trace.str
##########

Flowspecs loaded from saved json file: FE_incast_12host_5to1_6host_DctcpMsgSizeDistActual_loadtest_1Kns_2025-08-25T_20-37-43Z.json
Workload name: DCTCP_MsgSizeDist.txt
Protos tested: ['SSIRD', 'DCTCP-82', 'ExpressPass']
Topo Yaml File: 6-hosts-dumbbell.yaml
Src-Dst pairs list: [(1, 0), (2, 0), (3, 0), (4, 0), (5, 0)]
Num Flows: [1, 5, 10, 15, 20, 25, 30]
Byteload Size (B): [1458, 1458, 1458, 1458, 1458, 1458, 1458]
Flow size distr workload: DCTCP_MsgSizeDist.txt
Target Mean Byteload Interval (ns): [1000, 1000, 1000, 1000, 1000, 1000, 1000]
Target Flow Rate (Gbps): 11.664
Num Byteloads: [44, 7254, 13, 694, 5, 43, 11539, 3297, 20, 18, 924, 184, 32, 809, 957, 907, 4, 28, 35, 1221, 17, 57, 36, 19122, 990, 3198, 55, 5, 35, 825, 41, 30, 44, 660, 924, 18, 13, 462, 1270, 25, 1813, 541, 52, 1056, 11870, 20, 84, 4, 14, 437, 38, 18, 6, 49, 20, 2011, 10221, 1286, 31, 22, 1467, 2110, 5, 4, 41, 53, 2, 61, 22, 9561, 476, 410, 809, 49, 48, 53, 677, 14177, 1039, 53, 16, 13, 12528, 6, 1962, 317, 20, 18, 114, 42, 4, 19781, 29, 11, 18, 1270, 1204, 28, 5, 69, 17, 16815, 52, 14, 13188, 1155, 1039, 35, 17804, 25, 2, 10881, 957, 35, 8243, 8572, 26, 21, 55, 64, 14837, 1073, 15, 3, 10, 69, 842, 109, 116, 113, 32, 32, 13, 30, 22, 148, 541, 5, 100, 26, 14, 3, 117, 11, 1, 3, 10550, 3, 21, 38, 98, 1172, 16815, 4, 26, 842, 19, 197, 18, 4, 6, 44, 6, 2357, 26, 26, 1764, 38, 15, 37, 113, 36, 759, 50, 8903, 1, 27, 18133, 179, 1962, 4, 4, 11870, 33, 25, 825, 1023, 974, 291, 6, 35, 46, 2901, 3, 121, 1, 694, 41, 35, 122, 35, 80, 3050, 17, 27, 18793, 1088, 43, 14, 44, 14, 52, 924, 61, 35, 529, 24, 450, 2, 20, 331, 3099, 18133, 396, 16155, 30, 15, 677, 1122, 2901, 6, 4, 4, 1863, 2258, 462, 1, 11210, 2209, 1, 14, 621, 19452, 15, 50, 18133, 7583, 743, 6, 39, 5, 1764, 57, 2011, 3, 126, 18, 759, 13518, 244, 10, 11210, 16, 1, 8, 30, 17, 1122, 1714, 15, 119, 17, 19452, 13, 9, 40, 58, 46, 41, 8, 31, 941, 1665, 18, 19, 907, 188, 383, 357, 18463, 252, 18793, 41, 1023, 12, 647, 35, 974, 42, 1, 2, 5, 35, 41, 621, 34, 2209, 32, 1863, 76, 1616, 4, 9892, 4, 13, 13848, 924, 85, 2, 12528, 38, 127, 44, 39, 16, 3, 1, 11, 15826, 1665, 907, 3297, 17, 25, 6, 317, 5, 809, 41, 12199, 1270, 974, 907, 3, 858, 6, 974, 924, 19, 10, 2456, 710, 7, 44, 51, 5, 2407, 4, 103, 34, 18793, 27, 30, 18, 2, 4, 18, 776, 12199, 581, 52, 35, 634, 7, 36, 2110, 3, 189, 45, 26, 56, 50, 4, 907, 12859, 34, 49, 12, 38, 462, 1056, 11, 36, 13518, 31, 14, 1, 73, 6, 22, 17, 1254, 15826, 7, 21, 58, 18, 154, 47, 63, 1138, 25, 2506, 27, 45, 677, 1, 56, 10550, 34, 16, 19781, 647, 437, 43, 95, 1155, 12199, 66, 25, 1813, 1, 91, 24, 143, 19, 46, 25, 3, 7, 10881, 5, 6, 2160, 516, 38, 608, 2308, 2258, 47, 137, 2209, 1, 40, 7, 50, 15, 2, 89, 2258, 1023, 3, 89, 2, 2506, 3, 1006, 22, 396, 3, 14177, 33, 2160, 3198, 2605, 16, 12528, 6, 14507, 1863, 660, 13, 14507, 238, 86, 3297, 4, 8903, 17, 18133, 1319, 1962, 2605, 46, 8572, 44, 12859, 30, 1286, 450, 9, 12859, 1319, 595, 2258, 3, 5, 1, 4, 4, 147, 16, 2, 304, 3, 37, 18463, 18, 1237, 18463, 476, 14, 18, 2753, 173, 370, 502, 55, 10550, 13]
Flow Start Times (us): [{(1, 0): [2.55], (2, 0): [2.225], (3, 0): [0.717], (4, 0): [1.542], (5, 0): [0.221]}, {(1, 0): [0.166, 0.78, 3.571, 5.021, 6.487], (2, 0): [0.514, 1.496, 4.198, 5.285, 6.406], (3, 0): [1.255, 1.499, 1.904, 2.446, 2.686], (4, 0): [0.723, 2.69, 3.542, 5.828, 6.078], (5, 0): [0.331, 0.781, 2.08, 2.692, 2.772]}, {(1, 0): [0.042, 0.32, 0.877, 3.582, 5.687, 6.17, 6.628, 6.941, 7.292, 8.416], (2, 0): [1.045, 3.718, 5.923, 7.877, 9.012, 9.284, 9.492, 10.767, 11.315, 11.393], (3, 0): [0.479, 1.149, 1.292, 1.959, 4.663, 6.786, 8.126, 8.382, 8.64, 9.502], (4, 0): [1.496, 3.306, 3.376, 4.015, 5.114, 5.225, 8.99, 10.281, 10.714, 11.68], (5, 0): [0.112, 1.498, 1.71, 3.292, 3.386, 4.5, 4.704, 6.836, 7.036, 7.871]}, {(1, 0): [0.993, 1.183, 1.482, 6.008, 6.311, 6.887, 6.945, 7.009, 10.593, 11.587, 11.94, 12.35, 13.386, 14.744, 14.855], (2, 0): [0.269, 0.489, 1.146, 1.199, 1.213, 2.178, 7.802, 9.346, 14.461, 14.924, 15.961, 16.453, 18.034, 18.644, 19.404], (3, 0): [0.549, 0.777, 2.866, 8.008, 9.273, 13.36, 14.281, 15.322, 15.495, 16.07, 16.179, 16.507, 17.412, 17.453, 17.848], (4, 0): [0.286, 0.799, 2.777, 5.513, 7.746, 7.911, 8.136, 8.379, 10.167, 12.546, 13.347, 13.761, 14.089, 14.152, 15.86], (5, 0): [3.191, 3.36, 4.1, 4.521, 4.884, 7.983, 8.676, 8.902, 12.331, 12.429, 14.999, 16.735, 17.068, 17.268, 18.305]}, {(1, 0): [1.099, 2.052, 2.096, 5.598, 7.469, 8.609, 11.029, 11.05, 12.388, 12.449, 13.029, 14.233, 15.986, 16.744, 21.384, 22.541, 23.431, 23.855, 24.355, 26.905], (2, 0): [1.274, 1.347, 2.42, 2.978, 9.063, 9.293, 9.325, 9.886, 10.134, 10.136, 10.707, 11.406, 11.807, 11.954, 12.113, 12.885, 13.382, 13.466, 14.153, 14.526], (3, 0): [0.921, 1.375, 2.429, 2.811, 3.612, 4.357, 4.777, 6.802, 10.812, 10.973, 11.713, 11.717, 12.89, 14.373, 14.425, 14.653, 17.1, 19.481, 19.561, 20.18], (4, 0): [1.457, 1.831, 4.149, 4.549, 8.238, 9.374, 9.689, 9.751, 11.971, 13.146, 13.593, 13.772, 15.103, 15.977, 16.302, 16.493, 19.128, 19.887, 20.147, 21.42], (5, 0): [0.295, 4.467, 5.397, 5.905, 6.415, 7.648, 8.401, 8.435, 8.443, 10.972, 12.893, 16.107, 17.373, 17.66, 18.193, 19.207, 20.369, 20.921, 22.907, 24.419]}, {(1, 0): [1.303, 1.435, 2.679, 2.816, 3.21, 4.02, 5.649, 6.121, 6.398, 8.286, 8.635, 9.189, 11.326, 12.768, 13.181, 14.341, 14.42, 16.242, 17.122, 17.373, 17.561, 21.55, 21.79, 22.175, 22.971], (2, 0): [0.155, 1.541, 1.733, 3.027, 3.091, 8.106, 8.64, 8.723, 8.785, 9.098, 9.154, 11.859, 12.054, 13.237, 14.438, 15.101, 15.752, 15.83, 15.844, 16.139, 16.818, 16.827, 18.852, 18.954, 20.48], (3, 0): [0.644, 0.645, 1.372, 2.458, 4.556, 4.811, 5.584, 6.418, 7.329, 7.387, 10.184, 11.716, 13.206, 13.77, 13.96, 14.935, 15.485, 15.641, 16.854, 17.279, 17.563, 18.548, 20.165, 20.574, 21.61], (4, 0): [0.194, 1.276, 1.731, 1.878, 2.039, 2.561, 3.553, 4.826, 5.404, 6.581, 6.773, 7.071, 8.134, 9.633, 12.214, 17.86, 17.987, 18.137, 18.206, 18.282, 19.662, 20.257, 21.921, 25.335, 27.169], (5, 0): [2.058, 2.328, 2.978, 3.491, 3.611, 3.853, 5.867, 6.088, 8.179, 9.967, 13.245, 13.476, 13.617, 16.61, 16.982, 18.597, 18.913, 21.24, 21.683, 21.754, 22.569, 22.691, 23.229, 23.994, 24.025]}, {(1, 0): [1.237, 2.89, 4.05, 4.143, 4.875, 5.576, 7.377, 7.43, 8.905, 9.479, 10.81, 10.924, 10.943, 11.088, 11.63, 11.851, 12.514, 12.739, 15.749, 17.174, 17.815, 20.866, 21.118, 21.959, 22.285, 24.475, 26.334, 26.702, 27.026, 27.744], (2, 0): [0.404, 1.938, 3.778, 5.8, 8.06, 10.155, 10.852, 11.083, 12.26, 12.517, 14.2, 14.514, 16.194, 18.024, 18.232, 20.062, 20.163, 21.528, 22.482, 22.49, 22.884, 24.344, 25.29, 25.518, 25.567, 25.691, 26.833, 27.277, 29.897, 34.519], (3, 0): [1.645, 2.654, 4.668, 5.272, 5.469, 7.811, 8.031, 10.798, 12.047, 13.35, 15.826, 16.029, 17.224, 17.432, 17.806, 18.028, 18.209, 19.997, 21.813, 21.932, 23.22, 23.705, 25.19, 25.977, 27.114, 27.562, 29.888, 29.962, 33.334, 36.603], (4, 0): [1.026, 3.195, 4.872, 8.461, 9.416, 10.113, 10.828, 11.504, 12.56, 12.789, 13.842, 16.942, 19.233, 21.747, 22.38, 23.346, 23.444, 23.482, 23.79, 25.539, 27.488, 27.726, 27.92, 29.6, 29.835, 30.314, 30.406, 32.783, 33.986, 34.34], (5, 0): [0.623, 2.058, 3.777, 5.125, 5.137, 6.612, 9.543, 9.804, 11.246, 11.367, 12.048, 12.975, 13.934, 14.993, 15.664, 16.493, 18.001, 18.518, 19.951, 19.973, 20.428, 20.878, 21.207, 21.549, 22.661, 23.193, 23.517, 24.106, 24.132, 24.274]}]
Flow Rate (Gbps): [11.664, 11.664, 11.664, 11.664, 11.664, 11.664, 11.664, 11.664, 11.664, 11.664, 11.664, 11.664, 11.664, 11.664, 11.664, 11.664, 11.664, 11.664, 11.664, 11.664, 11.664, 11.664, 11.664, 11.664, 11.664, 11.664, 11.664, 11.664, 11.664, 11.664, 11.664, 11.664, 11.664, 11.664, 11.664, 11.664, 11.664, 11.664, 11.664, 11.664, 11.664, 11.664, 11.664, 11.664, 11.664, 11.664, 11.664, 11.664, 11.664, 11.664, 11.664, 11.664, 11.664, 11.664, 11.664, 11.664, 11.664, 11.664, 11.664, 11.664, 11.664, 11.664, 11.664, 11.664, 11.664, 11.664, 11.664, 11.664, 11.664, 11.664, 11.664, 11.664, 11.664, 11.664, 11.664, 11.664, 11.664, 11.664, 11.664, 11.664, 11.664, 11.664, 11.664, 11.664, 11.664, 11.664, 11.664, 11.664, 11.664, 11.664, 11.664, 11.664, 11.664, 11.664, 11.664, 11.664, 11.664, 11.664, 11.664, 11.664, 11.664, 11.664, 11.664, 11.664, 11.664, 11.664, 11.664, 11.664, 11.664, 11.664, 11.664, 11.664, 11.664, 11.664, 11.664, 11.664, 11.664, 11.664, 11.664, 11.664, 11.664, 11.664, 11.664, 11.664, 11.664, 11.664, 11.664, 11.664, 11.664, 11.664, 11.664, 11.664, 11.664, 11.664, 11.664, 11.664, 11.664, 11.664, 11.664, 11.664, 11.664, 11.664, 11.664, 11.664, 11.664, 11.664, 11.664, 11.664, 11.664, 11.664, 11.664, 11.664, 11.664, 11.664, 11.664, 11.664, 11.664, 11.664, 11.664, 11.664, 11.664, 11.664, 11.664, 11.664, 11.664, 11.664, 11.664, 11.664, 11.664, 11.664, 11.664, 11.664, 11.664, 11.664, 11.664, 11.664, 11.664, 11.664, 11.664, 11.664, 11.664, 11.664, 11.664, 11.664, 11.664, 11.664, 11.664, 11.664, 11.664, 11.664, 11.664, 11.664, 11.664, 11.664, 11.664, 11.664, 11.664, 11.664, 11.664, 11.664, 11.664, 11.664, 11.664, 11.664, 11.664, 11.664, 11.664, 11.664, 11.664, 11.664, 11.664, 11.664, 11.664, 11.664, 11.664, 11.664, 11.664, 11.664, 11.664, 11.664, 11.664, 11.664, 11.664, 11.664, 11.664, 11.664, 11.664, 11.664, 11.664, 11.664, 11.664, 11.664, 11.664, 11.664, 11.664, 11.664, 11.664, 11.664, 11.664, 11.664, 11.664, 11.664, 11.664, 11.664, 11.664, 11.664, 11.664, 11.664, 11.664, 11.664, 11.664, 11.664, 11.664, 11.664, 11.664, 11.664, 11.664, 11.664, 11.664, 11.664, 11.664, 11.664, 11.664, 11.664, 11.664, 11.664, 11.664, 11.664, 11.664, 11.664, 11.664, 11.664, 11.664, 11.664, 11.664, 11.664, 11.664, 11.664, 11.664, 11.664, 11.664, 11.664, 11.664, 11.664, 11.664, 11.664, 11.664, 11.664, 11.664, 11.664, 11.664, 11.664, 11.664, 11.664, 11.664, 11.664, 11.664, 11.664, 11.664, 11.664, 11.664, 11.664, 11.664, 11.664, 11.664, 11.664, 11.664, 11.664, 11.664, 11.664, 11.664, 11.664, 11.664, 11.664, 11.664, 11.664, 11.664, 11.664, 11.664, 11.664, 11.664, 11.664, 11.664, 11.664, 11.664, 11.664, 11.664, 11.664, 11.664, 11.664, 11.664, 11.664, 11.664, 11.664, 11.664, 11.664, 11.664, 11.664, 11.664, 11.664, 11.664, 11.664, 11.664, 11.664, 11.664, 11.664, 11.664, 11.664, 11.664, 11.664, 11.664, 11.664, 11.664, 11.664, 11.664, 11.664, 11.664, 11.664, 11.664, 11.664, 11.664, 11.664, 11.664, 11.664, 11.664, 11.664, 11.664, 11.664, 11.664, 11.664, 11.664, 11.664, 11.664, 11.664, 11.664, 11.664, 11.664, 11.664, 11.664, 11.664, 11.664, 11.664, 11.664, 11.664, 11.664, 11.664, 11.664, 11.664, 11.664, 11.664, 11.664, 11.664, 11.664, 11.664, 11.664, 11.664, 11.664, 11.664, 11.664, 11.664, 11.664, 11.664, 11.664, 11.664, 11.664, 11.664, 11.664, 11.664, 11.664, 11.664, 11.664, 11.664, 11.664, 11.664, 11.664, 11.664, 11.664, 11.664, 11.664, 11.664, 11.664, 11.664, 11.664, 11.664, 11.664, 11.664, 11.664, 11.664, 11.664, 11.664, 11.664, 11.664, 11.664, 11.664, 11.664, 11.664, 11.664, 11.664, 11.664, 11.664, 11.664, 11.664, 11.664, 11.664, 11.664, 11.664, 11.664, 11.664, 11.664, 11.664, 11.664, 11.664, 11.664, 11.664, 11.664, 11.664, 11.664, 11.664, 11.664, 11.664, 11.664, 11.664, 11.664, 11.664, 11.664, 11.664, 11.664, 11.664, 11.664, 11.664, 11.664, 11.664, 11.664, 11.664, 11.664, 11.664, 11.664, 11.664, 11.664, 11.664, 11.664, 11.664, 11.664, 11.664, 11.664, 11.664, 11.664, 11.664, 11.664, 11.664, 11.664, 11.664, 11.664, 11.664, 11.664, 11.664, 11.664, 11.664, 11.664, 11.664, 11.664, 11.664, 11.664, 11.664, 11.664, 11.664, 11.664, 11.664, 11.664, 11.664, 11.664, 11.664, 11.664, 11.664, 11.664, 11.664, 11.664, 11.664, 11.664, 11.664, 11.664, 11.664, 11.664, 11.664, 11.664, 11.664, 11.664, 11.664, 11.664, 11.664]
Flow Size (B): [63448, 10575628, 18746, 1010842, 7210, 62006, 16823814, 4806186, 28840, 25956, 1346828, 268212, 46144, 1178114, 1394414, 1322314, 5768, 40376, 50470, 1779428, 24514, 82194, 51912, 27879628, 1442000, 4661986, 79310, 7210, 50470, 1202628, 59122, 43260, 63448, 961814, 1346828, 25956, 18746, 673414, 1851528, 36050, 2643186, 788774, 74984, 1538614, 17305442, 28840, 121128, 5768, 20188, 635922, 54796, 25956, 8652, 70658, 28840, 2931586, 14901628, 1874600, 44702, 31724, 2138486, 3075786, 7210, 5768, 59122, 76426, 2884, 87962, 31724, 13939814, 693602, 596988, 1178114, 70658, 69216, 76426, 986328, 20669628, 1514100, 76426, 23072, 18746, 18265814, 8652, 2859486, 461440, 28840, 25956, 165830, 60564, 5768, 28840000, 41818, 15862, 25956, 1851528, 1754914, 40376, 7210, 99498, 24514, 24515442, 74984, 20188, 19227628, 1682814, 1514100, 50470, 25957442, 36050, 2884, 15863442, 1394414, 50470, 12017628, 12497814, 37492, 30282, 79310, 92288, 21631442, 1563128, 21630, 4326, 14420, 99498, 1227142, 158620, 168714, 164388, 46144, 46144, 18746, 43260, 31724, 214858, 788774, 7210, 145642, 37492, 20188, 4326, 170156, 15862, 1442, 4326, 15381814, 4326, 30282, 54796, 142758, 1707328, 24515442, 5768, 37492, 1227142, 27398, 286958, 25956, 5768, 8652, 63448, 8652, 3436286, 37492, 37492, 2571086, 54796, 21630, 53354, 164388, 51912, 1106014, 72100, 12979442, 1442, 38934, 26437628, 259560, 2859486, 5768, 5768, 17305442, 47586, 36050, 1202628, 1491028, 1418928, 423948, 8652, 50470, 66332, 4229386, 4326, 175924, 1442, 1010842, 59122, 50470, 177366, 50470, 115360, 4445686, 24514, 38934, 27399442, 1586200, 62006, 20188, 63448, 20188, 74984, 1346828, 87962, 50470, 770028, 34608, 654668, 2884, 28840, 481628, 4517786, 26437628, 576800, 23553628, 43260, 21630, 986328, 1635228, 4229386, 8652, 5768, 5768, 2715286, 3292086, 673414, 1442, 16343628, 3219986, 1442, 20188, 904134, 28359814, 21630, 72100, 26437628, 11055814, 1082942, 8652, 56238, 7210, 2571086, 82194, 2931586, 4326, 183134, 25956, 1106014, 19707814, 354732, 14420, 16343628, 23072, 1442, 11536, 43260, 24514, 1635228, 2498986, 21630, 173040, 24514, 28359814, 18746, 12978, 57680, 83636, 66332, 59122, 11536, 44702, 1371342, 2426886, 25956, 27398, 1322314, 273980, 558054, 519120, 26917814, 366268, 27399442, 59122, 1491028, 17304, 943068, 50470, 1418928, 60564, 1442, 2884, 7210, 50470, 59122, 904134, 49028, 3219986, 46144, 2715286, 109592, 2354786, 5768, 14421442, 5768, 18746, 20189442, 1346828, 122570, 2884, 18265814, 54796, 184576, 63448, 56238, 23072, 4326, 1442, 15862, 23073442, 2426886, 1322314, 4806186, 24514, 36050, 8652, 461440, 7210, 1178114, 59122, 17785628, 1851528, 1418928, 1322314, 4326, 1250214, 8652, 1418928, 1346828, 27398, 14420, 3580486, 1033914, 10094, 63448, 73542, 7210, 3508386, 5768, 149968, 49028, 27399442, 38934, 43260, 25956, 2884, 5768, 25956, 1130528, 17785628, 846454, 74984, 50470, 924322, 10094, 51912, 3075786, 4326, 275422, 64890, 37492, 80752, 72100, 5768, 1322314, 18747442, 49028, 70658, 17304, 54796, 673414, 1538614, 15862, 51912, 19707814, 44702, 20188, 1442, 105266, 8652, 31724, 24514, 1827014, 23073442, 10094, 30282, 83636, 25956, 223510, 67774, 90846, 1658300, 36050, 3652586, 38934, 64890, 986328, 1442, 80752, 15381814, 49028, 23072, 28840000, 943068, 635922, 62006, 138432, 1682814, 17785628, 95172, 36050, 2643186, 1442, 131224, 34608, 207648, 27398, 66332, 36050, 4326, 10094, 15863442, 7210, 8652, 3147886, 751282, 54796, 885388, 3364186, 3292086, 67774, 198996, 3219986, 1442, 57680, 10094, 72100, 21630, 2884, 128338, 3292086, 1491028, 4326, 128338, 2884, 3652586, 4326, 1466514, 31724, 576800, 4326, 20669628, 47586, 3147886, 4661986, 3796786, 23072, 18265814, 8652, 21149814, 2715286, 961814, 18746, 21149814, 346080, 124012, 4806186, 5768, 12979442, 24514, 26437628, 1922186, 2859486, 3796786, 66332, 12497814, 63448, 18747442, 43260, 1874600, 654668, 12978, 18747442, 1922186, 866642, 3292086, 4326, 7210, 1442, 5768, 5768, 213416, 23072, 2884, 442694, 4326, 53354, 26917814, 25956, 1802500, 26917814, 693602, 20188, 25956, 4013086, 250908, 539308, 731094, 79310, 15381814, 18746]
Flow Send Durations (us): [45.55, 7255.225, 12.717, 694.542, 4.221, 42.166, 11538.78, 3299.571, 24.021, 23.487, 923.514, 184.496, 35.198, 813.285, 962.406, 907.255, 4.499, 28.904, 36.446, 1222.686, 16.723, 58.69, 38.542, 19126.828, 995.078, 3197.331, 54.781, 6.08, 36.692, 826.772, 40.042, 29.32, 43.877, 662.582, 928.687, 23.17, 18.628, 467.941, 1276.292, 32.416, 1813.045, 543.718, 56.923, 1062.877, 11878.012, 28.284, 92.492, 13.767, 24.315, 447.393, 37.479, 18.149, 6.292, 49.959, 23.663, 2016.786, 10228.126, 1293.382, 38.64, 30.502, 1467.496, 2112.306, 7.376, 7.015, 45.114, 57.225, 9.99, 70.281, 31.714, 9571.68, 475.112, 410.498, 809.71, 51.292, 50.386, 56.5, 680.704, 14182.836, 1045.036, 59.871, 15.993, 13.183, 12528.482, 11.008, 1967.311, 322.887, 25.945, 24.009, 123.593, 52.587, 14.94, 19792.35, 41.386, 24.744, 31.855, 1269.269, 1203.489, 28.146, 5.199, 69.213, 18.178, 16821.802, 60.346, 27.461, 13201.924, 1169.961, 1054.453, 52.034, 17821.644, 43.404, 1.549, 10880.777, 958.866, 42.008, 8251.273, 8584.36, 39.281, 35.322, 69.495, 79.07, 14852.179, 1088.507, 31.412, 19.453, 26.848, 68.286, 841.799, 110.777, 120.513, 119.746, 38.911, 39.136, 20.379, 39.167, 33.546, 160.347, 553.761, 18.089, 113.152, 40.86, 16.191, 5.36, 120.1, 14.521, 4.884, 9.983, 10557.676, 10.902, 32.331, 49.429, 111.999, 1187.735, 16831.068, 20.268, 43.305, 842.099, 20.052, 198.096, 22.598, 10.469, 13.609, 54.029, 16.05, 2368.388, 37.449, 38.029, 1777.233, 52.986, 30.744, 57.384, 134.541, 58.431, 781.855, 73.355, 8928.905, 1.274, 27.347, 18134.42, 180.978, 1970.063, 12.293, 12.325, 11878.886, 42.134, 34.136, 834.707, 1033.406, 984.807, 301.954, 17.113, 46.885, 58.382, 2913.466, 16.153, 134.526, 0.921, 694.375, 42.429, 36.811, 124.612, 38.357, 83.777, 3055.802, 26.812, 36.973, 18803.713, 1098.717, 54.89, 27.373, 57.425, 27.653, 68.1, 942.481, 79.561, 54.18, 529.457, 24.831, 453.149, 5.549, 27.238, 339.374, 3107.689, 18141.751, 406.971, 16167.146, 42.593, 27.772, 691.103, 1136.977, 2916.302, 21.493, 22.128, 22.887, 1882.147, 2278.42, 461.295, 4.467, 11214.397, 2213.905, 6.415, 20.648, 628.401, 19459.435, 22.443, 59.972, 18144.893, 7598.107, 759.373, 22.66, 56.193, 23.207, 1783.369, 76.921, 2032.907, 26.419, 126.303, 18.435, 760.679, 13519.816, 246.21, 13.02, 11214.649, 21.121, 6.398, 15.286, 37.635, 25.189, 1132.326, 1725.768, 27.181, 132.341, 30.42, 19467.242, 29.122, 25.373, 56.561, 78.55, 66.79, 62.175, 29.971, 30.155, 941.541, 1665.733, 20.027, 21.091, 914.106, 195.64, 390.723, 364.785, 18471.098, 260.154, 18803.859, 52.054, 1035.237, 25.438, 661.101, 49.752, 988.83, 56.844, 16.139, 17.818, 20.827, 52.852, 58.954, 640.48, 33.644, 2208.645, 32.372, 1864.458, 79.556, 1619.811, 8.584, 9897.418, 10.329, 19.387, 13857.184, 934.716, 97.206, 14.77, 12540.96, 51.935, 141.485, 58.641, 54.854, 32.279, 19.563, 18.548, 30.165, 15845.574, 1685.61, 906.194, 3297.276, 17.731, 25.878, 7.039, 318.561, 7.553, 812.826, 45.404, 12204.581, 1275.773, 980.071, 914.134, 11.633, 869.214, 22.86, 990.987, 941.137, 36.206, 27.282, 2474.662, 729.257, 27.921, 68.335, 77.169, 6.058, 2408.328, 5.978, 105.491, 36.611, 18795.853, 31.867, 35.088, 25.179, 10.967, 16.245, 30.476, 788.617, 12214.61, 596.982, 69.597, 52.913, 654.24, 27.683, 56.754, 2131.569, 24.691, 211.229, 67.994, 49.025, 56.237, 51.89, 7.05, 910.143, 12862.875, 38.576, 55.377, 18.43, 45.905, 470.479, 1065.81, 20.924, 45.943, 13528.088, 41.63, 24.851, 12.514, 84.739, 20.749, 38.174, 33.815, 1273.866, 15846.118, 27.959, 42.285, 81.475, 43.334, 179.702, 73.026, 89.744, 1137.404, 25.938, 2508.778, 31.8, 52.06, 686.155, 10.852, 66.083, 10561.26, 45.517, 29.2, 19794.514, 662.194, 454.024, 60.232, 114.062, 1174.163, 12219.528, 87.482, 46.49, 1834.884, 24.344, 115.29, 48.518, 167.567, 43.691, 71.833, 51.277, 31.897, 40.519, 10881.645, 6.654, 9.668, 2164.272, 520.469, 44.811, 615.031, 2317.798, 2269.047, 59.35, 151.826, 2224.029, 17.224, 56.432, 23.806, 67.028, 32.209, 20.997, 109.813, 2278.932, 1045.22, 25.705, 113.19, 26.977, 2532.114, 29.562, 1034.888, 50.962, 428.334, 38.603, 14177.026, 35.195, 2163.872, 3205.461, 2613.416, 25.113, 12537.828, 16.504, 14518.56, 1874.789, 672.842, 28.942, 14525.233, 258.747, 107.38, 3319.346, 26.444, 8925.482, 39.79, 18157.539, 1345.488, 1988.726, 2631.92, 74.6, 8600.835, 73.314, 12888.406, 61.783, 1318.986, 483.34, 8.623, 12860.058, 1321.777, 599.125, 2262.137, 8.612, 13.543, 9.804, 14.246, 14.367, 158.048, 27.975, 14.934, 317.993, 17.664, 52.493, 18480.001, 35.518, 1255.951, 18481.973, 495.428, 33.878, 38.207, 2773.549, 194.661, 392.193, 524.517, 78.106, 10573.132, 36.274]
Flow Min Byteload Size (B): [754, 754, 1250, 448, 1378, 770, 1410, 618, 1138, 1170, 1094, 1398, 946, 50, 566, 1366, 1394, 1010, 898, 668, 1186, 546, 882, 1210, 38, 760, 578, 1378, 898, 1236, 802, 978, 754, 992, 1094, 1170, 1250, 1276, 1326, 1058, 1290, 1454, 626, 424, 440, 1138, 114, 1394, 1234, 234, 850, 1170, 1362, 674, 1138, 1006, 868, 1070, 962, 1106, 1058, 864, 1378, 1394, 802, 610, 1426, 482, 1106, 1334, 1052, 666, 50, 674, 690, 610, 720, 1020, 696, 610, 1202, 1250, 1448, 1362, 348, 712, 1138, 1170, 1076, 786, 1394, 760, 994, 1282, 1170, 1326, 940, 1010, 1378, 354, 1186, 630, 626, 1234, 982, 282, 696, 898, 668, 1058, 1426, 402, 566, 898, 792, 1296, 1042, 1122, 578, 434, 554, 152, 1218, 1410, 1298, 354, 964, 1156, 1044, 1092, 946, 946, 1250, 978, 1106, 532, 1454, 1378, 1300, 1042, 1234, 1410, 1028, 1282, 1442, 1410, 1372, 1410, 1122, 850, 1332, 10, 630, 1394, 1042, 964, 1154, 1190, 1170, 1394, 1362, 754, 1362, 1238, 1042, 1042, 632, 850, 1218, 866, 1092, 882, 850, 658, 326, 1442, 1026, 1172, 36, 348, 1394, 1394, 440, 930, 1058, 1236, 952, 294, 1128, 1362, 898, 722, 1186, 1410, 964, 1442, 448, 802, 898, 948, 898, 178, 244, 1186, 1026, 706, 1354, 770, 1234, 754, 1234, 626, 1094, 482, 898, 204, 1074, 26, 1426, 1138, 488, 902, 1172, 890, 1096, 978, 1218, 720, 810, 1186, 1362, 1394, 1394, 490, 1380, 1276, 1442, 906, 722, 1442, 1234, 174, 256, 1218, 658, 1172, 1258, 1106, 1362, 834, 1378, 632, 546, 1006, 1410, 884, 1170, 850, 28, 438, 1298, 906, 1202, 1442, 1330, 978, 1186, 810, 1432, 1218, 996, 1186, 256, 1250, 1314, 818, 530, 722, 802, 1330, 962, 822, 774, 1170, 1154, 1366, 1334, 1098, 72, 218, 310, 706, 802, 952, 1266, 1200, 898, 294, 786, 1442, 1426, 1378, 898, 802, 174, 914, 722, 946, 490, 242, 116, 1394, 364, 1394, 1250, 516, 1094, 98, 1426, 1448, 850, 868, 754, 834, 1202, 1410, 1442, 1282, 592, 774, 1366, 618, 1186, 1058, 1362, 712, 1378, 50, 802, 944, 1326, 294, 1366, 1410, 708, 1362, 294, 1094, 1154, 1298, 1096, 192, 1346, 754, 642, 1378, 438, 1394, 1252, 914, 706, 1026, 978, 1170, 1426, 1394, 1170, 578, 944, 814, 626, 898, 1408, 1346, 882, 864, 1410, 1318, 738, 1042, 562, 658, 1394, 1366, 478, 914, 674, 1266, 850, 1276, 424, 1282, 882, 28, 962, 1234, 1442, 290, 1362, 1106, 1186, 140, 592, 1346, 1122, 530, 1170, 436, 706, 450, 554, 1058, 296, 1026, 738, 720, 1442, 562, 1372, 914, 1202, 760, 1200, 234, 770, 1380, 282, 944, 402, 1058, 1290, 1442, 4, 1074, 612, 1154, 722, 1058, 1410, 1346, 402, 1378, 1362, 64, 412, 850, 382, 580, 1380, 706, 708, 722, 1442, 818, 1346, 658, 1218, 1426, 34, 1380, 952, 1410, 34, 1426, 296, 1410, 1224, 1106, 890, 1410, 1020, 930, 64, 760, 154, 1202, 1448, 1362, 66, 490, 992, 1250, 66, 534, 82, 618, 1394, 326, 1186, 1172, 542, 348, 154, 722, 1296, 754, 478, 978, 1070, 26, 1314, 478, 542, 590, 1380, 1410, 1378, 1442, 1394, 1394, 548, 1202, 1426, 920, 1410, 866, 218, 1170, 412, 218, 1052, 1234, 1170, 670, 132, 1306, 636, 578, 1372, 1250]
Flow Max Byteload Size (B): [1458, 1458, 1458, 1458, 1458, 1458, 1458, 1458, 1458, 1458, 1458, 1458, 1458, 1458, 1458, 1458, 1458, 1458, 1458, 1458, 1458, 1458, 1458, 1458, 1458, 1458, 1458, 1458, 1458, 1458, 1458, 1458, 1458, 1458, 1458, 1458, 1458, 1458, 1458, 1458, 1458, 1458, 1458, 1458, 1458, 1458, 1458, 1458, 1458, 1458, 1458, 1458, 1458, 1458, 1458, 1458, 1458, 1458, 1458, 1458, 1458, 1458, 1458, 1458, 1458, 1458, 1458, 1458, 1458, 1458, 1458, 1458, 1458, 1458, 1458, 1458, 1458, 1458, 1458, 1458, 1458, 1458, 1458, 1458, 1458, 1458, 1458, 1458, 1458, 1458, 1458, 1458, 1458, 1458, 1458, 1458, 1458, 1458, 1458, 1458, 1458, 1458, 1458, 1458, 1458, 1458, 1458, 1458, 1458, 1458, 1458, 1458, 1458, 1458, 1458, 1458, 1458, 1458, 1458, 1458, 1458, 1458, 1458, 1458, 1458, 1458, 1458, 1458, 1458, 1458, 1458, 1458, 1458, 1458, 1458, 1458, 1458, 1458, 1458, 1458, 1458, 1458, 1458, 1458, 1442, 1458, 1458, 1458, 1458, 1458, 1458, 1458, 1458, 1458, 1458, 1458, 1458, 1458, 1458, 1458, 1458, 1458, 1458, 1458, 1458, 1458, 1458, 1458, 1458, 1458, 1458, 1458, 1458, 1458, 1458, 1442, 1458, 1458, 1458, 1458, 1458, 1458, 1458, 1458, 1458, 1458, 1458, 1458, 1458, 1458, 1458, 1458, 1458, 1458, 1458, 1442, 1458, 1458, 1458, 1458, 1458, 1458, 1458, 1458, 1458, 1458, 1458, 1458, 1458, 1458, 1458, 1458, 1458, 1458, 1458, 1458, 1458, 1458, 1458, 1458, 1458, 1458, 1458, 1458, 1458, 1458, 1458, 1458, 1458, 1458, 1458, 1458, 1458, 1458, 1458, 1458, 1442, 1458, 1458, 1442, 1458, 1458, 1458, 1458, 1458, 1458, 1458, 1458, 1458, 1458, 1458, 1458, 1458, 1458, 1458, 1458, 1458, 1458, 1458, 1458, 1458, 1458, 1458, 1442, 1458, 1458, 1458, 1458, 1458, 1458, 1458, 1458, 1458, 1458, 1458, 1458, 1458, 1458, 1458, 1458, 1458, 1458, 1458, 1458, 1458, 1458, 1458, 1458, 1458, 1458, 1458, 1458, 1458, 1458, 1458, 1458, 1458, 1458, 1458, 1442, 1458, 1458, 1458, 1458, 1458, 1458, 1458, 1458, 1458, 1458, 1458, 1458, 1458, 1458, 1458, 1458, 1458, 1458, 1458, 1458, 1458, 1458, 1458, 1458, 1458, 1458, 1442, 1458, 1458, 1458, 1458, 1458, 1458, 1458, 1458, 1458, 1458, 1458, 1458, 1458, 1458, 1458, 1458, 1458, 1458, 1458, 1458, 1458, 1458, 1458, 1458, 1458, 1458, 1458, 1458, 1458, 1458, 1458, 1458, 1458, 1458, 1458, 1458, 1458, 1458, 1458, 1458, 1458, 1458, 1458, 1458, 1458, 1458, 1458, 1458, 1458, 1458, 1458, 1458, 1458, 1458, 1458, 1458, 1458, 1458, 1458, 1458, 1458, 1458, 1458, 1458, 1458, 1458, 1458, 1458, 1458, 1442, 1458, 1458, 1458, 1458, 1458, 1458, 1458, 1458, 1458, 1458, 1458, 1458, 1458, 1458, 1458, 1458, 1458, 1458, 1458, 1442, 1458, 1458, 1458, 1458, 1458, 1458, 1458, 1458, 1458, 1458, 1458, 1458, 1458, 1458, 1442, 1458, 1458, 1458, 1458, 1458, 1458, 1458, 1458, 1458, 1458, 1458, 1458, 1458, 1458, 1458, 1458, 1458, 1458, 1458, 1458, 1442, 1458, 1458, 1458, 1458, 1458, 1458, 1458, 1458, 1458, 1458, 1458, 1458, 1458, 1458, 1458, 1458, 1458, 1458, 1458, 1458, 1458, 1458, 1458, 1458, 1458, 1458, 1458, 1458, 1458, 1458, 1458, 1458, 1458, 1458, 1458, 1458, 1458, 1458, 1458, 1458, 1458, 1458, 1458, 1458, 1458, 1458, 1458, 1458, 1458, 1458, 1458, 1458, 1458, 1458, 1442, 1458, 1458, 1458, 1458, 1458, 1458, 1458, 1458, 1458, 1458, 1458, 1458, 1458, 1458, 1458, 1458, 1458, 1458, 1458, 1458, 1458, 1458]
Flow Min Interval (us): [0.026, 0.001, 0.19, 0.002, 0.165, 0.06, 0.001, 0.001, 0.01, 0.026, 0.002, 0.014, 0.057, 0.003, 0.002, 0.002, 0.054, 0.049, 0.073, 0.003, 0.015, 0.05, 0.028, 0.001, 0.003, 0.001, 0.052, 0.165, 0.073, 0.002, 0.05, 0.078, 0.026, 0.002, 0.002, 0.026, 0.19, 0.004, 0.001, 0.017, 0.001, 0.002, 0.03, 0.003, 0.001, 0.01, 0.009, 0.054, 0.016, 0.002, 0.03, 0.026, 0.119, 0.035, 0.01, 0.001, 0.001, 0.001, 0.009, 0.003, 0.001, 0.001, 0.165, 0.054, 0.05, 0.06, 1.0, 0.037, 0.003, 0.001, 0.004, 0.004, 0.003, 0.035, 0.042, 0.06, 0.003, 0.001, 0.003, 0.06, 0.027, 0.19, 0.001, 0.119, 0.001, 0.002, 0.01, 0.026, 0.009, 0.036, 0.054, 0.001, 0.008, 0.175, 0.026, 0.001, 0.002, 0.049, 0.165, 0.027, 0.015, 0.001, 0.03, 0.016, 0.001, 0.002, 0.003, 0.073, 0.001, 0.017, 1.0, 0.001, 0.002, 0.073, 0.001, 0.001, 0.006, 0.033, 0.052, 0.058, 0.001, 0.004, 0.06, 0.83, 0.09, 0.027, 0.003, 0.014, 0.012, 0.007, 0.057, 0.057, 0.19, 0.078, 0.003, 0.003, 0.002, 0.165, 0.021, 0.006, 0.016, 0.83, 0.027, 0.175, [], 0.83, 0.001, 0.83, 0.033, 0.03, 0.009, 0.001, 0.001, 0.054, 0.006, 0.003, 0.025, 0.002, 0.026, 0.054, 0.119, 0.026, 0.119, 0.001, 0.006, 0.006, 0.001, 0.03, 0.06, 0.06, 0.007, 0.028, 0.002, 0.054, 0.001, [], 0.009, 0.001, 0.002, 0.001, 0.054, 0.054, 0.001, 0.047, 0.017, 0.002, 0.003, 0.001, 0.002, 0.119, 0.073, 0.038, 0.001, 0.83, 0.018, [], 0.002, 0.05, 0.073, 0.009, 0.073, 0.032, 0.001, 0.015, 0.009, 0.001, 0.001, 0.06, 0.016, 0.026, 0.016, 0.03, 0.002, 0.037, 0.073, 0.003, 0.034, 0.003, 1.0, 0.01, 0.004, 0.001, 0.001, 0.003, 0.001, 0.078, 0.06, 0.003, 0.002, 0.001, 0.119, 0.054, 0.054, 0.001, 0.001, 0.004, [], 0.001, 0.001, [], 0.016, 0.003, 0.001, 0.06, 0.054, 0.001, 0.001, 0.001, 0.119, 0.054, 0.165, 0.001, 0.05, 0.001, 0.83, 0.009, 0.026, 0.002, 0.001, 0.004, 0.09, 0.001, 0.027, [], 0.185, 0.078, 0.015, 0.002, 0.002, 0.06, 0.007, 0.015, 0.001, 0.19, 0.027, 0.046, 0.019, 0.038, 0.05, 0.185, 0.009, 0.001, 0.001, 0.026, 0.025, 0.002, 0.003, 0.003, 0.002, 0.001, 0.006, 0.001, 0.05, 0.003, 0.015, 0.003, 0.073, 0.001, 0.036, [], 1.0, 0.165, 0.073, 0.05, 0.003, 0.061, 0.001, 0.057, 0.001, 0.024, 0.002, 0.054, 0.001, 0.054, 0.19, 0.001, 0.002, 0.041, 1.0, 0.001, 0.03, 0.004, 0.026, 0.054, 0.027, 0.83, [], 0.175, 0.001, 0.001, 0.002, 0.001, 0.015, 0.017, 0.119, 0.002, 0.165, 0.003, 0.05, 0.001, 0.001, 0.001, 0.002, 0.83, 0.001, 0.119, 0.001, 0.002, 0.025, 0.09, 0.001, 0.003, 0.099, 0.026, 0.034, 0.165, 0.002, 0.054, 0.008, 0.061, 0.001, 0.009, 0.078, 0.026, 1.0, 0.054, 0.026, 0.001, 0.001, 0.001, 0.03, 0.073, 0.002, 0.099, 0.028, 0.001, 0.83, 0.005, 0.054, 0.006, 0.026, 0.054, 0.054, 0.002, 0.001, 0.061, 0.035, 0.015, 0.03, 0.004, 0.003, 0.175, 0.028, 0.001, 0.009, 0.016, [], 0.037, 0.119, 0.003, 0.015, 0.001, 0.001, 0.099, 0.033, 0.019, 0.026, 0.007, 0.036, 0.037, 0.002, 0.017, 0.001, 0.009, 0.054, 0.003, [], 0.026, 0.001, 0.061, 0.027, 0.001, 0.003, 0.002, 0.06, 0.024, 0.002, 0.001, 0.007, 0.017, 0.001, [], 0.013, 0.034, 0.028, 0.025, 0.038, 0.017, 0.83, 0.099, 0.001, 0.165, 0.119, 0.001, 0.003, 0.03, 0.003, 0.001, 0.001, 0.036, 0.005, 0.001, [], 0.046, 0.099, 0.054, 0.06, 1.0, 0.043, 0.001, 0.003, 0.83, 0.043, 1.0, 0.001, 0.83, 0.003, 0.003, 0.003, 0.83, 0.001, 0.047, 0.001, 0.001, 0.001, 0.027, 0.001, 0.119, 0.001, 0.001, 0.002, 0.19, 0.001, 0.006, 0.021, 0.001, 0.054, 0.001, 0.015, 0.001, 0.001, 0.001, 0.001, 0.038, 0.001, 0.026, 0.001, 0.078, 0.001, 0.003, 0.027, 0.001, 0.001, 0.002, 0.001, 0.83, 0.165, [], 0.054, 0.054, 0.007, 0.027, 1.0, 0.003, 0.83, 0.06, 0.001, 0.026, 0.003, 0.001, 0.004, 0.016, 0.026, 0.001, 0.01, 0.003, 0.002, 0.052, 0.001, 0.19]
Flow Max Interval (us): [4.256, 6.395, 3.815, 6.482, 2.089, 3.55, 4.45, 6.326, 5.138, 3.851, 9.533, 5.759, 4.177, 6.403, 8.203, 6.679, 2.477, 4.159, 3.67, 7.001, 3.687, 3.248, 3.807, 3.947, 5.296, 6.653, 4.489, 2.089, 3.67, 7.261, 3.462, 2.954, 4.256, 7.116, 9.533, 3.851, 3.815, 6.797, 6.087, 2.396, 5.88, 6.542, 3.804, 8.86, 4.101, 5.138, 3.84, 2.477, 3.414, 5.848, 4.638, 3.851, 2.556, 4.692, 5.138, 5.867, 3.95, 7.923, 4.357, 4.624, 6.666, 6.258, 2.089, 2.477, 3.462, 3.719, 1.0, 3.822, 4.624, 4.411, 6.575, 5.709, 6.403, 4.692, 4.407, 3.719, 6.617, 4.476, 8.951, 3.719, 3.601, 3.815, 4.483, 2.556, 6.151, 5.971, 5.138, 3.851, 5.991, 3.744, 2.477, 4.347, 3.482, 3.18, 3.851, 6.087, 6.313, 4.159, 2.089, 4.057, 3.687, 4.494, 3.804, 3.414, 4.47, 6.445, 8.951, 3.67, 4.347, 2.396, 1.0, 4.293, 8.203, 3.67, 5.914, 4.835, 3.566, 4.11, 4.489, 3.777, 4.596, 5.83, 2.866, 1.17, 3.104, 4.057, 6.296, 4.295, 4.166, 6.21, 4.177, 4.177, 3.815, 2.954, 4.624, 5.541, 6.542, 2.089, 5.734, 3.566, 3.414, 1.17, 5.555, 3.18, [], 1.17, 4.603, 1.17, 4.11, 4.638, 5.001, 6.749, 4.494, 2.477, 3.566, 6.296, 2.993, 5.837, 3.851, 2.477, 2.556, 4.256, 2.556, 7.069, 3.566, 3.566, 6.386, 4.638, 2.866, 2.91, 6.21, 3.807, 6.68, 3.712, 4.533, [], 4.689, 4.358, 4.643, 6.151, 2.477, 2.477, 4.101, 3.946, 2.396, 7.261, 6.36, 8.793, 5.308, 2.556, 3.67, 3.305, 5.665, 1.17, 4.489, [], 6.482, 3.462, 3.67, 4.044, 3.67, 4.969, 6.764, 3.687, 4.689, 4.558, 5.798, 3.55, 3.414, 4.256, 3.414, 3.804, 9.533, 3.822, 3.67, 6.52, 3.158, 6.316, 1.0, 5.138, 5.698, 5.476, 4.358, 6.431, 4.516, 2.954, 2.866, 6.617, 5.21, 5.665, 2.556, 2.477, 2.477, 6.572, 5.685, 6.797, [], 4.254, 5.769, [], 3.414, 6.129, 3.947, 2.866, 3.712, 4.358, 5.935, 5.696, 2.556, 3.383, 2.089, 6.386, 3.248, 5.867, 1.17, 4.835, 3.851, 6.68, 4.022, 5.969, 3.104, 4.254, 3.601, [], 1.61, 2.954, 3.687, 5.21, 5.767, 2.866, 6.065, 3.687, 3.947, 3.815, 2.28, 5.727, 4.303, 3.305, 3.462, 1.61, 4.357, 8.29, 5.654, 3.851, 2.993, 6.679, 5.111, 6.51, 5.635, 4.516, 5.024, 4.558, 3.462, 6.36, 3.478, 6.861, 3.67, 8.793, 3.744, [], 1.0, 2.089, 3.67, 3.462, 6.129, 3.107, 5.769, 4.177, 6.572, 3.572, 7.286, 2.477, 4.45, 2.477, 3.815, 5.58, 9.533, 3.907, 1.0, 4.483, 4.638, 4.988, 4.256, 3.383, 3.601, 1.17, [], 3.18, 3.432, 5.654, 6.679, 6.326, 3.687, 2.396, 2.556, 5.971, 2.089, 6.403, 3.462, 4.622, 6.087, 8.793, 6.679, 1.17, 6.479, 2.556, 8.793, 9.533, 2.993, 3.104, 6.284, 6.567, 2.014, 4.256, 4.687, 2.089, 6.483, 2.477, 5.282, 3.107, 4.558, 4.689, 2.954, 3.851, 1.0, 2.477, 3.851, 6.009, 4.622, 7.765, 3.804, 3.67, 10.371, 2.014, 3.807, 6.258, 1.17, 6.262, 2.918, 3.566, 4.969, 3.712, 2.477, 6.679, 5.143, 3.107, 4.692, 3.478, 4.638, 6.797, 8.86, 3.18, 3.807, 4.022, 4.357, 3.414, [], 5.136, 2.556, 4.624, 3.687, 5.784, 3.432, 2.014, 4.11, 4.303, 3.851, 7.781, 3.125, 3.761, 7.877, 2.396, 6.152, 4.689, 2.918, 6.617, [], 4.969, 4.603, 3.107, 3.601, 4.347, 6.861, 5.848, 3.55, 5.376, 6.445, 4.622, 4.023, 2.396, 5.88, [], 6.048, 3.158, 5.081, 2.993, 3.305, 2.396, 1.17, 2.014, 4.293, 2.089, 2.556, 6.266, 7.724, 4.638, 6.135, 6.913, 5.685, 3.125, 3.742, 5.769, [], 5.727, 2.014, 3.712, 2.866, 1.0, 3.699, 5.685, 6.36, 1.17, 3.699, 1.0, 6.152, 1.17, 11.56, 4.624, 6.431, 1.17, 4.476, 3.946, 6.266, 6.653, 5.461, 3.601, 4.483, 2.556, 4.869, 6.572, 7.116, 3.815, 4.869, 4.946, 4.946, 6.326, 2.477, 4.533, 3.687, 4.358, 5.671, 6.151, 5.461, 3.305, 4.835, 4.256, 5.143, 2.954, 7.923, 6.316, 2.28, 5.143, 5.671, 6.323, 5.685, 1.17, 2.089, [], 2.477, 2.477, 6.113, 3.601, 1.0, 6.488, 1.17, 2.91, 4.516, 3.851, 5.124, 4.516, 6.575, 3.414, 3.851, 5.69, 5.933, 5.07, 6.471, 4.489, 4.603, 3.815]

##### POST PROCESS SIDELOADED RESULTS #####
=====
** Num Flows: 1, Target Flow Rate (Gbps): 11.664
Processing SIRD results exp_id 0:: 1flo-11.664Gbps_target
SSIRD FCT (ms): [5.072299999930863e-05, 0.007260713999999169, 2.3282000000790504e-05, 0.0007036930000001718, 1.4881000000244171e-05]
App Gdpt (overall): 12.874005307231673 Gbps
App Gdpt (per flow): [11.664000000056095, 11.66399999999936, 11.66400000009625, 11.66399999999908, 11.66399999836963]
Network Gdpt (overall): 12.861161895588243
Network Gdpt (per flow): [10.00697908260392, 11.652438589374226, 6.441371016017012, 11.491852270802788, 3.8760835964688916]
Processing DCTCP results exp_id 0:: 1flo-11.664Gbps_target
DCTCP-82 FCT (ms): [4.563299999915671e-05, 0.0072556329999997615, 1.5867000000113762e-05, 0.0006966119999987086, 7.810999999691148e-06]
App Gdpt (overall): 12.874005307231673 Gbps
App Gdpt (per flow): [11.664000000056095, 11.66399999999936, 11.66400000009625, 11.66399999999908, 11.66399999836963]
Network Gdpt (overall): 12.870165868036004
Network Gdpt (per flow): [11.123178401800892, 11.660598599736616, 9.451566143500647, 11.60866594318644, 7.384457816192639]
Processing ExpressPass results exp_id 0:: 1flo-11.664Gbps_target
ExpressPass FCT (ms): [0.00011743199999969534, 0.007290864999999869, 0.00011352299999956017, 0.0007576459999985019, 9.839400000011267e-05]
App Gdpt (overall): 12.874005307231673 Gbps
App Gdpt (per flow): [11.664000000056095, 11.66399999999936, 11.66400000009625, 11.66399999999908, 11.66399999836963]
Network Gdpt (overall): 12.80798983225859
Network Gdpt (per flow): [4.322365283749889, 11.60425052445787, 1.321036265783859, 10.67350187292745, 0.5862146065810309]
=====
** Num Flows: 5, Target Flow Rate (Gbps): 11.664
Processing SIRD results exp_id 1:: 5flo-11.664Gbps_target
SSIRD FCT (ms): [0.0004231319999998817, 0.011545887000000477, 0.0033267630000004544, 3.0293999998320942e-05, 2.3333999999763932e-05, 0.0013079400000002295, 0.00043264700000023026, 5.339800000037087e-05, 0.0008207850000001571, 0.0009672240000000443, 0.0009194400000005487, 1.1724999998463659e-05, 6.682999999974015e-05, 0.0001277260000005498, 0.001565082000000828, 5.88179999994054e-05, 0.0004247619999997454, 0.00023022500000102752, 0.019131860999999972, 0.0010727900000002677, 0.003207829000000828, 0.0002530360000001508, 1.1409999999045795e-05, 0.00014909399999929462, 0.0008380980000008975]
App Gdpt (overall): 27.044765887534822 Gbps
App Gdpt (per flow): [11.66400000034291, 11.664000000000176, 11.663999999997765, 11.664000000005375, 11.664000000197815, 11.663999999997104, 11.664000000011335, 11.664000000040552, 11.663999999985132, 11.663999999995108, 11.663999999993338, 11.664000001822869, 11.664000000288096, 11.66399999958842, 11.664000000000012, 11.66400000095956, 11.663999999849588, 11.663999999849588, 11.6639999999999, 11.663999999993244, 11.663999999999575, 11.663999999904403, 11.664000003549488, 11.664000000197815, 11.664000000004052]
Network Gdpt (overall): 27.029923151497393
Network Gdpt (per flow): [1.172324475577689, 11.657009288242163, 11.557627639839312, 7.616029577236013, 8.898945744497333, 8.237858005717472, 4.959461177354421, 6.913217723462229, 11.482802439126198, 11.533328370676793, 11.505385887054823, 3.9355223885753783, 4.833278467772796, 3.1611418191931326, 9.095640995163492, 3.3342174164708513, 1.5480480833982186, 1.8038701270415747, 11.657884405495123, 10.753269512203806, 11.626519992178627, 2.507469292905444, 5.055214724349143, 2.708090198142851, 11.479593078601425]
Processing DCTCP results exp_id 1:: 5flo-11.664Gbps_target
DCTCP-82 FCT (ms): [9.765899999969463e-05, 0.011540738000000772, 0.0032986899999993824, 5.3995999998335265e-05, 5.108100000050797e-05, 0.0016826900000008749, 0.00032155699999947274, 7.993200000022682e-05, 0.0016538340000007423, 0.0016709440000006737, 0.00172569299999914, 1.2975999998943166e-05, 7.133099999911963e-05, 8.606300000124634e-05, 0.001736376000000206, 4.333799999933774e-05, 0.00012092500000093764, 8.905400000003283e-05, 0.019124774999999872, 0.0017233020000002597, 0.0032006839999993986, 0.00011737800000055643, 1.5214999999457746e-05, 8.651000000092779e-05, 0.0016934559999999266]
App Gdpt (overall): 27.044765887534822 Gbps
App Gdpt (per flow): [11.66400000034291, 11.664000000000176, 11.663999999997765, 11.664000000005375, 11.664000000197815, 11.663999999997104, 11.664000000011335, 11.664000000040552, 11.663999999985132, 11.663999999995108, 11.663999999993338, 11.664000001822869, 11.664000000288096, 11.66399999958842, 11.664000000000012, 11.66400000095956, 11.663999999849588, 11.663999999849588, 11.6639999999999, 11.663999999993244, 11.663999999999575, 11.663999999904403, 11.664000003549488, 11.664000000197815, 11.664000000004052]
Network Gdpt (overall): 27.039935156735655
Network Gdpt (per flow): [5.079388484436162, 11.662210163681994, 11.655987073658697, 4.272909104509839, 4.065073119123257, 6.403213901547164, 6.672832499381194, 4.618325576727124, 5.698825879741117, 6.676053775587634, 6.1300080605329414, 3.5561035761219335, 4.528297654652068, 4.691446963203152, 8.198353352037987, 4.525174212077089, 5.437684515153206, 4.663417701617523, 11.662203816777009, 6.6941255798451245, 11.652474283624066, 5.4054422463919325, 3.790995728035208, 4.6672061032906, 5.681295528198205]
Processing ExpressPass results exp_id 1:: 5flo-11.664Gbps_target
ExpressPass FCT (ms): [0.0003665919999988887, 0.011631791000001002, 0.0033164279999997603, 0.00020876299999983416, 0.00034644000000128017, 0.0012287490000009171, 0.0005345979999997752, 0.00033412700000035045, 0.0012932709999997627, 0.0012010209999999688, 0.001687388000000567, 0.00011579599999933521, 0.0003668569999994986, 0.00015153700000070103, 0.0015983800000007875, 0.0001828540000001766, 0.00039799900000048183, 0.0003694599999999326, 0.019126216000000085, 0.0017073879999998098, 0.0032644600000004687, 0.00036441399999986857, 9.537999999942315e-05, 0.00023308399999955043, 0.0015399440000010145]
App Gdpt (overall): 27.044765887534822 Gbps
App Gdpt (per flow): [11.66400000034291, 11.664000000000176, 11.663999999997765, 11.664000000005375, 11.664000000197815, 11.663999999997104, 11.664000000011335, 11.664000000040552, 11.663999999985132, 11.663999999995108, 11.663999999993338, 11.664000001822869, 11.664000000288096, 11.66399999958842, 11.664000000000012, 11.66400000095956, 11.663999999849588, 11.663999999849588, 11.6639999999999, 11.663999999993244, 11.663999999999575, 11.663999999904403, 11.664000003549488, 11.664000000197815, 11.664000000004052]
Network Gdpt (overall): 27.037898527264847
Network Gdpt (per flow): [1.3531337290543815, 11.570919044194348, 11.593644728606435, 1.1051766836086054, 0.5993765154117097, 8.768775396758784, 4.0136626025553825, 1.1048254106959714, 7.2876543276712535, 9.28819063113825, 6.269163938582262, 0.3984939030732056, 0.8804738631140785, 2.6644317889237095, 8.90615748444862, 1.0725059336946998, 1.652144854633313, 1.124062144752005, 11.661325167508252, 6.756519314884072, 11.424826158076574, 1.741096664782991, 0.6047389389845759, 1.7322510339653465, 6.24764536891839]
=====
** Num Flows: 10, Target Flow Rate (Gbps): 11.664
Processing SIRD results exp_id 2:: 10flo-11.664Gbps_target
SSIRD FCT (ms): [0.00018284100000087733, 0.00014769199999875582, 0.00025254299999843965, 0.0011429039999999446, 0.000933986999999803, 4.0513000000075294e-05, 2.421499999982757e-05, 0.000733137000000994, 0.0017610450000002942, 7.425400000116156e-05, 0.002516577999999825, 0.0011509739999997493, 0.0003249819999986414, 0.0015626009999998303, 0.011876656000000096, 7.578199999969115e-05, 0.00047248300000113375, 1.0564000000101714e-05, 5.894000000061794e-05, 0.0004426609999992337, 0.0002865370000009193, 0.00011130499999900678, 3.621499999972855e-05, 0.0004022530000007407, 0.00011958700000036515, 0.0020158769999998327, 0.010230870999999198, 0.001390530000000112, 0.00018228299999911712, 0.0001445970000002461, 0.002430180999999365, 0.003464998000000108, 2.682700000100624e-05, 1.3785000000154923e-05, 0.0001974200000010029, 0.0002934349999996755, 7.331999999138361e-06, 0.0004395749999996923, 5.231799999982911e-05, 0.009570997000000858, 0.0009288400000002639, 0.0006616879999992165, 0.00252453799999941, 0.0003538009999992653, 0.0002845310000001433, 0.00043504099999935875, 0.0012770270000004302, 0.01418680099999925, 0.0010679350000000198, 0.00039608999999884986]
App Gdpt (overall): 52.78046173412039 Gbps
App Gdpt (per flow): [11.663999999923586, 11.664000000155788, 11.664000000056095, 11.664000000020268, 11.664000000019554, 11.664000000197815, 11.66400000009625, 11.664000000010105, 11.664000000010532, 11.663999999232939, 11.664000000004773, 11.66399999998114, 11.664000000197815, 11.664000000009509, 11.664000000000964, 11.664000000005375, 11.663999999992235, 11.664000001822869, 11.663999999166531, 11.664000000032887, 11.66399999976959, 11.664000000197815, 11.664000000441574, 11.66400000009625, 11.664000000005375, 11.663999999998323, 11.663999999999614, 11.664000000006222, 11.663999999750926, 11.663999999849588, 11.664000000009093, 11.663999999995552, 11.66399999836963, 11.663999994916392, 11.663999999923586, 11.663999999963433, 11.664000008729344, 11.66400000009625, 11.663999999849588, 11.663999999999444, 11.664000000005375, 11.66400000001604, 11.664000000010773, 11.66400000009625, 11.663999999912566, 11.663999999963433, 11.663999999994083, 11.663999999999296, 11.664000000006425, 11.663999999963433]
Network Gdpt (overall): 52.74087192145449
Network Gdpt (per flow): [2.5868158673258765, 2.343254881800744, 2.009891384845892, 6.732421970699528, 11.536160567547807, 5.1254658998250955, 6.193186041753785, 7.348301886267772, 8.41104230726502, 3.883965846896983, 8.402476696530556, 5.482480056023312, 1.8458622323775096, 7.877194498148496, 11.656777463285868, 3.0445224459758293, 2.0509182340902736, 4.368042408136664, 2.7401425177859986, 11.492713385658115, 1.5298827027525017, 1.8655765689039392, 1.911252243559818, 1.4052449577727428, 1.9293066972103616, 11.633987589521558, 11.652284932535006, 10.784952500124984, 1.9618724730322197, 1.7551678112240783, 7.039758766941422, 7.101385917105648, 2.150072687882973, 3.34740660134069, 2.3957856346752977, 2.083623289657594, 3.1467539556343924, 1.6008553716669343, 4.850949959876696, 11.651713191425095, 5.9739201584755435, 7.217758218383371, 3.7333215027867293, 1.5976890964162733, 1.9461078054754004, 1.4054031688987965, 6.178901464101654, 11.655694895558819, 11.342263339997075, 1.543608775787764]
Processing DCTCP results exp_id 2:: 10flo-11.664Gbps_target
DCTCP-82 FCT (ms): [0.0001621850000006475, 0.00012133399999925132, 0.00017542500000011785, 0.00350953299999901, 0.0036933889999986036, 9.063399999931221e-05, 6.709100000001911e-05, 0.002559996000000453, 0.004187526999999136, 0.0001290010000012387, 0.004300694999999521, 0.0031798700000003066, 0.0002182489999995596, 0.00396406299999974, 0.011871582999999575, 0.00010687800000042103, 0.00031706100000050697, 3.620400000059476e-05, 8.633100000032812e-05, 0.0023314389999988805, 0.00015581899999972393, 7.234099999919863e-05, 1.7190000001221506e-05, 0.00019954700000113235, 9.369500000033781e-05, 0.004397412000001211, 0.010223701999999335, 0.004322517000000303, 0.00015228800000066656, 0.00012035600000004365, 0.004404276999999013, 0.004408959000000934, 1.8780999999634673e-05, 1.6920000000197888e-05, 0.00017961400000032768, 0.00022084599999949717, 2.410099999927695e-05, 0.000249613999999454, 0.0001256290000011262, 0.009563801000000538, 0.0026823900000003675, 0.0018873529999989813, 0.0038000529999990817, 0.00022892199999979823, 0.00022557199999972966, 0.00024030299999999727, 0.0036144920000005243, 0.014179734000000721, 0.0041073229999994965, 0.00024509700000052703]
App Gdpt (overall): 52.78046173412039 Gbps
App Gdpt (per flow): [11.663999999923586, 11.664000000155788, 11.664000000056095, 11.664000000020268, 11.664000000019554, 11.664000000197815, 11.66400000009625, 11.664000000010105, 11.664000000010532, 11.663999999232939, 11.664000000004773, 11.66399999998114, 11.664000000197815, 11.664000000009509, 11.664000000000964, 11.664000000005375, 11.663999999992235, 11.664000001822869, 11.663999999166531, 11.664000000032887, 11.66399999976959, 11.664000000197815, 11.664000000441574, 11.66400000009625, 11.664000000005375, 11.663999999998323, 11.663999999999614, 11.664000000006222, 11.663999999750926, 11.663999999849588, 11.664000000009093, 11.663999999995552, 11.66399999836963, 11.663999994916392, 11.663999999923586, 11.663999999963433, 11.664000008729344, 11.66400000009625, 11.663999999849588, 11.663999999999444, 11.664000000005375, 11.66400000001604, 11.664000000010773, 11.66400000009625, 11.663999999912566, 11.663999999963433, 11.663999999994083, 11.663999999999296, 11.664000000006425, 11.663999999963433]
Network Gdpt (overall): 52.76714471644643
Network Gdpt (per flow): [2.916274624645385, 2.8522920203911144, 2.8934530426088587, 2.1924603643852816, 2.9172729977817324, 2.291060749846369, 2.235292364101851, 2.1044220381590626, 3.5372247152085365, 2.235641584152299, 4.916760663102674, 1.9844182309337777, 2.7485670037489767, 3.1051252212693914, 11.66175867194838, 2.158723029988315, 3.05626992912547, 1.2745552977362153, 1.870753263594609, 2.1820755336092614, 2.8133154493404313, 2.870405440929767, 4.026527050324699, 2.832736147357727, 2.462457975336658, 5.333293309790746, 11.66045567447171, 3.4694600391389896, 2.348287455337484, 2.108677589816112, 3.8843805691612574, 5.580974556577821, 3.0711889676333524, 2.727186761197419, 2.633291391534831, 2.768481204103276, 0.9573046761832364, 2.819136747143747, 2.0201705020156564, 11.660480179375723, 2.0686089643934102, 2.530477340488281, 2.480205407662019, 2.469242798859429, 2.454772755486779, 2.544321127909377, 2.1830520028814164, 11.6615039464063, 2.949074129305508, 2.494555216908756]
Processing ExpressPass results exp_id 2:: 10flo-11.664Gbps_target
ExpressPass FCT (ms): [0.00046317700000031437, 0.00040026399999959494, 0.00040624799999910977, 0.0019239679999998316, 0.002637608999998875, 0.0001575220000002986, 0.0001903639999998319, 0.0013228349999998557, 0.003013692999999762, 0.0001744610000002922, 0.0032650969999998836, 0.0018081009999999509, 0.00031605499999898257, 0.0023981829999986104, 0.01189653299999982, 0.0004208759999997369, 0.00048744000000056076, 0.00020099199999989992, 0.00019110500000074637, 0.0012900419999990476, 0.0004600089999993173, 0.00014034299999998723, 0.00014564599999999928, 0.00040020600000012507, 0.0005613820000007763, 0.0034804710000013728, 0.010284352999999413, 0.00345276200000022, 0.0004157649999996238, 0.0006054889999997926, 0.002999769999998847, 0.004304180000000102, 0.00010129500000033431, 0.00012424400000021762, 0.0005064680000010924, 0.0004838150000008312, 9.312199999911286e-05, 0.0003683919999986074, 0.0004406710000015579, 0.009605987000000482, 0.001773184000001038, 0.0013645269999997822, 0.0020855599999993757, 0.0005349609999996119, 0.000295439000000286, 0.0006479099999996407, 0.0020875020000001854, 0.014200262999999325, 0.003213334999999873, 0.0004961889999997027]
App Gdpt (overall): 52.78046173412039 Gbps
App Gdpt (per flow): [11.663999999923586, 11.664000000155788, 11.664000000056095, 11.664000000020268, 11.664000000019554, 11.664000000197815, 11.66400000009625, 11.664000000010105, 11.664000000010532, 11.663999999232939, 11.664000000004773, 11.66399999998114, 11.664000000197815, 11.664000000009509, 11.664000000000964, 11.664000000005375, 11.663999999992235, 11.664000001822869, 11.663999999166531, 11.664000000032887, 11.66399999976959, 11.664000000197815, 11.664000000441574, 11.66400000009625, 11.664000000005375, 11.663999999998323, 11.663999999999614, 11.664000000006222, 11.663999999750926, 11.663999999849588, 11.664000000009093, 11.663999999995552, 11.66399999836963, 11.663999994916392, 11.663999999923586, 11.663999999963433, 11.664000008729344, 11.66400000009625, 11.663999999849588, 11.663999999999444, 11.664000000005375, 11.66400000001604, 11.664000000010773, 11.66400000009625, 11.663999999912566, 11.663999999963433, 11.663999999994083, 11.663999999999296, 11.664000000006425, 11.663999999963433]
Network Gdpt (overall): 52.69089692537962
Network Gdpt (per flow): [1.0211560591300497, 0.8646293446334176, 1.2494436895716714, 3.9992931275367747, 4.084996676916327, 1.318215868257173, 0.787796011851676, 4.072550242472106, 4.91497441842987, 1.653091521884645, 6.4762204614444085, 3.4899554836815927, 1.897998766043667, 5.1325991386008205, 11.637301052331978, 0.5481899656909499, 1.9879862136855515, 0.2295812768668553, 0.8451060935055035, 3.943573930154023, 0.9529552682679047, 1.4795750411493194, 0.4752344726254092, 1.4124325972119942, 0.41098574589082115, 6.738366157911027, 11.591689238983417, 4.3434212957623615, 0.8601397424033376, 0.4191521233252577, 5.703066568439106, 5.716835262465654, 0.569425934150843, 0.3713982164122145, 0.9338714390622506, 1.2637227039239165, 0.2477610016990593, 1.91018263155188, 0.5759217193759126, 11.609271592809193, 3.129295098532782, 3.500043604854109, 4.519127716298176, 1.0566452507760569, 1.8742549223340994, 0.9436619283547701, 3.77993601922264, 11.644645173121644, 3.7695416133084416, 1.2322078885270864]
=====
** Num Flows: 15, Target Flow Rate (Gbps): 11.664
Processing SIRD results exp_id 3:: 15flo-11.664Gbps_target
SSIRD FCT (ms): [7.638099999951464e-05, 6.532400000125449e-05, 0.017666005000000595, 3.301699999980201e-05, 0.003173599000000138, 0.0004770319999991557, 8.455599999912522e-05, 3.9814999999165934e-05, 0.00024872100000017383, 0.00014287299999971026, 8.464000000429905e-06, 0.019790530999999945, 9.678900000054114e-05, 3.695599999886667e-05, 3.0155000001030885e-05, 0.0028060859999996524, 0.002472616999998678, 9.47070000005823e-05, 8.792999999229778e-06, 0.00020419800000048838, 5.876700000051471e-05, 0.016820266999999944, 0.00016213199999981498, 4.8630000000216e-05, 0.01979370200000119, 0.002164779999999311, 0.001636912000000379, 0.00011748900000085882, 0.017808647000000732, 3.598499999846183e-05, 1.140700000057393e-05, 0.014513883000001115, 0.0028144700000005685, 0.00010820000000144603, 0.008271096000001421, 0.01161562200000077, 8.615700000014215e-05, 7.19680000003109e-05, 0.00014802399999958027, 0.00016687799999992592, 0.02162016900000019, 0.001085862999998355, 5.2656000001150005e-05, 1.6235000000364153e-05, 3.1618999999594166e-05, 0.00020042699999933689, 0.0011804719999997104, 0.0002810509999999766, 0.0003485449999995893, 0.00031533299999964015, 0.00013567899999955557, 0.00012838200000153677, 4.455800000080501e-05, 0.00011744399999891186, 7.224500000013734e-05, 0.00038308699999944906, 0.0005506600000000361, 1.5236000001195293e-05, 0.00023106500000125152, 9.120400000028894e-05, 0.00010776999999961845, 1.5120000000479195e-05, 0.0003005650000016402, 6.408299999982603e-05, 9.885999999070805e-06, 9.282999998916353e-06, 0.010794525999999749, 7.321000000004574e-06, 6.092399999957365e-05, 0.00019403100000126017, 0.0002507430000004973, 0.001963805999999124, 0.016828415000000874, 2.4397000000675462e-05, 0.00012300799999920287]
App Gdpt (overall): 96.32128486135298 Gbps
App Gdpt (per flow): [11.664000000441574, 11.66400000009625, 11.663999999999628, 11.664000000441574, 11.663999999991473, 11.664000000008826, 11.664000000005375, 11.664000000197815, 11.663999999928173, 11.664000000138362, 11.663999994916392, 11.66399999999953, 11.663999999849588, 11.664000000441574, 11.663999998979026, 11.663999999994202, 11.66400000001444, 11.664000000288096, 11.664000003549488, 11.663999999893118, 11.663999999664595, 11.663999999999927, 11.663999999791553, 11.664000000760334, 11.663999999999751, 11.664000000003485, 11.664000000006425, 11.66399999958842, 11.663999999999556, 11.66400000009625, 11.664000008729344, 11.663999999999762, 11.663999999995108, 11.66399999958842, 11.663999999998627, 11.66400000000016, 11.663999999612795, 11.664000000441574, 11.664000000288096, 11.66400000017847, 11.664000000000817, 11.664000000012496, 11.663999999849588, 11.66399999836963, 11.663999999520708, 11.663999999893118, 11.66399999998333, 11.663999999904403, 11.664000000081234, 11.664000000034585, 11.664000000040552, 11.663999999372184, 11.66400000009625, 11.664000000155788, 11.663999999849588, 11.663999999990539, 11.66399999998114, 11.66399999836963, 11.663999999939284, 11.664000000441574, 11.664000000760334, 11.66399999836963, 11.663999999977172, 11.664000000441574, None, 11.664000008729344, 11.663999999998863, 11.66399999836963, 11.664000000441574, 11.66399999976959, 11.663999999971647, 11.664000000006306, 11.663999999999927, 11.664000001822869, 11.664000000441574]
Network Gdpt (overall): 88.11230315807097
Network Gdpt (per flow): [2.4165171967003953, 2.2957565366040047, 8.271621795646219, 2.0963745949182258, 7.208184776967413, 7.738516493666114, 2.7286058943467872, 5.215320859082003, 5.3338479661913265, 3.391207575965946, 5.451795840932922, 11.658100533027673, 3.456425833494815, 3.4337049465280747, 6.886022218302149, 5.278606571574013, 5.677916151190219, 3.4106032288850248, 6.559763448772032, 3.898098903995614, 3.337110963606826, 11.659953792647922, 3.6998988478565895, 3.321077524147289, 7.771210458760608, 6.218882288271457, 7.399786915849598, 3.4365770412298056, 11.660601504425994, 8.0144504658143, 2.0226176907897924, 8.74387205684311, 3.9635569041410097, 3.7316081330370054, 11.623734508701565, 8.607590019715982, 3.4812725605523074, 3.3661627389805675, 4.286331946183045, 4.42421409652757, 8.004171290242851, 11.516207845758577, 3.2862351868015196, 2.131690791452032, 3.6484392296239814, 3.9714409735346714, 8.316280267556035, 4.515052428207356, 3.8724181956464454, 4.170524493159615, 2.720774769870129, 2.875418672365138, 3.365680685786853, 2.946766118347523, 3.51293515121486, 4.48687634924305, 11.459325173427498, 3.7857705431527235, 5.042459913849736, 3.2886276917574864, 1.4985988679648494, 2.2888888888163477, 4.52896378484711, 1.9801819515369834, 1.1669026907833584, 3.7281051388602773, 11.399714262581133, 4.727223056956478, 3.976363994512759, 2.2592678489372986, 4.554719374011378, 6.955179890481082, 11.65430826373071, 1.8913800876633375, 2.438345473480942]
Processing DCTCP results exp_id 3:: 15flo-11.664Gbps_target
DCTCP-82 FCT (ms): [6.47150000006036e-05, 4.639000000139504e-05, 0.01984421600000097, 2.842099999966763e-05, 0.017613093000001356, 0.001397949999999426, 0.00012033900000041342, 0.00010814900000077898, 0.000538364000000513, 0.00021584099999927275, 4.5322000000069806e-05, 0.019789670999999842, 0.00018080299999923, 0.0001065439999994311, 0.00014095000000047264, 0.017133194999999546, 0.017010716999999786, 0.00013969699999982765, 1.0517999999848371e-05, 0.00033117999999987546, 6.37539999992498e-05, 0.01779481800000049, 0.0002988669999997029, 0.00011931699999934153, 0.019744828000000325, 0.01658481700000003, 0.015534729000000524, 0.00025066400000106626, 0.017815161999999773, 0.00020946599999938087, 7.1189999992782305e-06, 0.020099874999999656, 0.015201932000000085, 0.00022462700000147606, 0.019967637000000593, 0.020016495000000134, 0.00020742500000103803, 0.0001863359999987324, 0.00031550499999966064, 0.00035236099999913506, 0.019710511999999625, 0.016120809999998542, 0.00015829200000005983, 6.961200000077383e-05, 0.00012421099999926355, 0.00034173799999948073, 0.01360506199999989, 0.0005106359999995647, 0.0005416309999990432, 0.0005373479999999375, 0.000227638000000141, 0.00022835500000084608, 9.193400000029328e-05, 0.00022677699999995582, 0.00019031200000085846, 0.00067204700000012, 0.007596403000000862, 7.456700000041394e-05, 0.0005068940000008126, 0.0002283009999999308, 5.5159000000415404e-05, 1.1546999999723084e-05, 0.0005198570000004565, 4.5126999999922646e-05, 8.79799999964348e-06, 2.3999999999801958e-05, 0.020041683000000532, 2.541199999939181e-05, 0.00012621299999970859, 0.0002053720000017023, 0.00047490100000047164, 0.01693969599999967, 0.018392663000000198, 6.046200000042745e-05, 0.0001713739999988917]
App Gdpt (overall): 96.32128486135298 Gbps
App Gdpt (per flow): [11.664000000441574, 11.66400000009625, 11.663999999999628, 11.664000000441574, 11.663999999991473, 11.664000000008826, 11.664000000005375, 11.664000000197815, 11.663999999928173, 11.664000000138362, 11.663999994916392, 11.66399999999953, 11.663999999849588, 11.664000000441574, 11.663999998979026, 11.663999999994202, 11.66400000001444, 11.664000000288096, 11.664000003549488, 11.663999999893118, 11.663999999664595, 11.663999999999927, 11.663999999791553, 11.664000000760334, 11.663999999999751, 11.664000000003485, 11.664000000006425, 11.66399999958842, 11.663999999999556, 11.66400000009625, 11.664000008729344, 11.663999999999762, 11.663999999995108, 11.66399999958842, 11.663999999998627, 11.66400000000016, 11.663999999612795, 11.664000000441574, 11.664000000288096, 11.66400000017847, 11.664000000000817, 11.664000000012496, 11.663999999849588, 11.66399999836963, 11.663999999520708, 11.663999999893118, 11.66399999998333, 11.663999999904403, 11.664000000081234, 11.664000000034585, 11.664000000040552, 11.663999999372184, 11.66400000009625, 11.664000000155788, 11.663999999849588, 11.663999999990539, 11.66399999998114, 11.66399999836963, 11.663999999939284, 11.664000000441574, 11.664000000760334, 11.66399999836963, 11.663999999977172, 11.664000000441574, None, 11.664000008729344, 11.663999999998863, 11.66399999836963, 11.664000000441574, 11.66399999976959, 11.663999999971647, 11.664000000006306, 11.663999999999927, 11.664000001822869, 11.664000000441574]
Network Gdpt (overall): 94.8442003319086
Network Gdpt (per flow): [2.8521362898598235, 3.232765682161892, 7.363682798050216, 2.435382287773458, 1.2988001596311471, 2.64066669051219, 1.9172504341834933, 1.9200177532709906, 2.4642063733807165, 2.244763506477604, 1.0181368871613992, 11.658607159260095, 1.8503232800419507, 1.1910196726298767, 1.4732032635637016, 0.86453367279135, 0.8253215899130046, 2.3122042706743775, 5.48393230660121, 2.403478470923061, 3.0760736581596086, 11.021384764935197, 2.007153683747608, 1.3535707401367054, 7.790446389302428, 0.8117371448837799, 0.7797239333881906, 1.6107618166082187, 11.656337225561161, 1.3768344265935877, 3.2409046217641784, 6.313847026411964, 0.7338088342981628, 1.7974686925318275, 4.814842337127681, 4.995005968827177, 1.4459973484319588, 1.3001030396791173, 2.0109982409175213, 2.095305666636808, 8.77965706826912, 0.7757069278777636, 1.0931695853229135, 0.4971556628112292, 0.9287422209038168, 2.3292229719879254, 0.7215796591004202, 2.485057849429108, 2.4919400846745927, 2.447397217445962, 1.6216624640867139, 1.6165706903664572, 1.6312572062514585, 1.526080687195207, 1.3335575265819035, 2.5576544497627296, 0.8306815738974466, 0.7735325277895022, 2.2985791901228505, 1.313774359289232, 2.92797186313718, 2.997142114906899, 2.618504704175965, 2.8119750925214957, 1.3112070925741615, 1.442000000011899, 6.139929066835192, 1.3618762789559375, 1.91942192959964, 2.134507138248478, 2.404846483791076, 0.8063086846422903, 10.663139753063376, 0.7631901028691372, 1.7501838085236954]
Processing ExpressPass results exp_id 3:: 15flo-11.664Gbps_target
ExpressPass FCT (ms): [0.00010493699999969408, 0.00013157100000071864, 0.01720061400000006, 0.00012462999999840463, 0.004366197000001293, 0.0008067210000000102, 0.00018226299999923867, 0.0003719439999994023, 0.0004928589999995125, 0.0005543929999998198, 0.00021965900000076033, 0.02175681199999957, 0.0003416569999998842, 0.00018745999999936203, 0.000366288000000381, 0.0037585779999993463, 0.0033252529999998615, 0.0005328430000002271, 0.00010175099999898407, 0.0007609330000004633, 0.00017464099999919824, 0.02019045499999983, 0.0006404520000007352, 0.00025315999999975247, 0.018298028000000244, 0.003041245000000359, 0.0035052269999997776, 0.0005341250000014952, 0.02075784500000033, 0.00029523199999914596, 9.653899999939597e-05, 0.020282741000000826, 0.0025017599999994644, 0.0005675390000003944, 0.01604133900000093, 0.016516161000000196, 0.0003613480000002056, 0.00025368799999903047, 0.0005995839999997088, 0.0003852769999994621, 0.021321862999998942, 0.0028566849999993593, 0.00025794600000139667, 0.00012058800000147585, 0.00016298599999942098, 0.0005759540000003227, 0.0027847580000006644, 0.0007840469999997879, 0.0009674019999987848, 0.0009083219999990177, 0.00027764700000076914, 0.000246781000001306, 0.0002352170000001763, 0.0005153030000002445, 0.0004219780000003226, 0.0009775279999999498, 0.002336257000001396, 0.00014385000000061154, 0.0008576639999997582, 0.0003286959999986294, 0.0005236169999989215, 9.274199999964594e-05, 0.0006232050000001266, 0.0004892739999995399, 1.0858999999641128e-05, 8.965099999969084e-05, 0.018641275000000235, 8.928699999977141e-05, 0.0004384080000008339, 0.0005498480000003525, 0.0007933659999999065, 0.003882851000000187, 0.02195560500000049, 0.00013953900000096553, 0.00046164699999984293]
App Gdpt (overall): 96.32128486135298 Gbps
App Gdpt (per flow): [11.664000000441574, 11.66400000009625, 11.663999999999628, 11.664000000441574, 11.663999999991473, 11.664000000008826, 11.664000000005375, 11.664000000197815, 11.663999999928173, 11.664000000138362, 11.663999994916392, 11.66399999999953, 11.663999999849588, 11.664000000441574, 11.663999998979026, 11.663999999994202, 11.66400000001444, 11.664000000288096, 11.664000003549488, 11.663999999893118, 11.663999999664595, 11.663999999999927, 11.663999999791553, 11.664000000760334, 11.663999999999751, 11.664000000003485, 11.664000000006425, 11.66399999958842, 11.663999999999556, 11.66400000009625, 11.664000008729344, 11.663999999999762, 11.663999999995108, 11.66399999958842, 11.663999999998627, 11.66400000000016, 11.663999999612795, 11.664000000441574, 11.664000000288096, 11.66400000017847, 11.664000000000817, 11.664000000012496, 11.663999999849588, 11.66399999836963, 11.663999999520708, 11.663999999893118, 11.66399999998333, 11.663999999904403, 11.664000000081234, 11.664000000034585, 11.664000000040552, 11.663999999372184, 11.66400000009625, 11.664000000155788, 11.663999999849588, 11.663999999990539, 11.66399999998114, 11.66399999836963, 11.663999999939284, 11.664000000441574, 11.664000000760334, 11.66399999836963, 11.663999999977172, 11.664000000441574, None, 11.664000008729344, 11.663999999998863, 11.66399999836963, 11.664000000441574, 11.66399999976959, 11.663999999971647, 11.664000000006306, 11.663999999999927, 11.664000001822869, 11.664000000441574]
Network Gdpt (overall): 86.76359455251408
Network Gdpt (per flow): [1.7589220198837217, 1.1398256454627607, 8.49542417497419, 0.5553719008335556, 5.23931650358269, 4.575956247575002, 1.2658630660142967, 0.5582775901757622, 2.69172319061093, 0.8739504286673127, 0.2100710646950058, 10.60449481293512, 0.9791808743860463, 0.6769230769253808, 0.566898178481916, 3.9409116958601307, 4.222028218604896, 0.6061973226632654, 0.5668740356416734, 1.0460631882169855, 1.1229436386696157, 9.713675892891056, 0.9366384990589637, 0.6379522831417204, 8.406426309982582, 4.426645008869201, 3.4556392496122985, 0.7559279194923842, 10.00390628217894, 0.9768588770893206, 0.23899149566645977, 6.256922375530745, 4.4589856740863985, 0.7114224749307438, 5.993329110493483, 6.053616939190579, 0.8300474888468439, 0.9549367727323558, 1.0582003522447365, 1.9162939910792256, 8.116154578050173, 4.377459887948026, 0.6708380823857051, 0.2869937307159621, 0.7077908532046301, 1.3820270368806435, 3.5253102783070047, 1.61847440268293, 1.395192484615181, 1.44783898221272, 1.3295731630414784, 1.4958688067478711, 0.6375729645386499, 0.6716048616053774, 0.6014341979909047, 1.7583782766325757, 2.7009836674630527, 0.40097323600802776, 1.3584993657193591, 0.9125027380961456, 0.30843918360239003, 0.3731642621480249, 2.1842700235070702, 0.25935569844324313, 1.0623445989852884, 0.38603027294864917, 6.60118538029177, 0.3876040185031259, 0.5525811572771009, 0.7972530590267111, 1.4395171963509081, 3.517679148646019, 8.93273202901927, 0.33068891134149386, 0.649708543541065]
=====
** Num Flows: 20, Target Flow Rate (Gbps): 11.664
Processing SIRD results exp_id 4:: 20flo-11.664Gbps_target
SSIRD FCT (ms): [0.0021343790000010188, 0.00012500699999939968, 0.0006267500000003423, 8.944999999904724e-05, 3.071999999981756e-05, 1.0699000000613523e-05, 0.00027660599999990154, 4.818799999917189e-05, 0.005180238000001225, 0.00018619099999916955, 0.00012184899999923005, 0.0032449599999999634, 0.0002500029999996656, 4.8420999998910474e-05, 0.0001884370000002633, 0.0004274250000015911, 0.0001974499999999324, 0.0016409639999999115, 0.0003247819999998569, 0.008912054999999697, 7.956000001030361e-06, 0.00016860799999918186, 0.018401638000000275, 0.0005036609999997665, 0.0037640579999997925, 3.7903999999144844e-05, 3.3891999999369204e-05, 0.011876482999999993, 0.0001696080000002098, 0.00014521800000011353, 0.0019458829999994265, 0.0032446710000009205, 0.002396871000000189, 0.0005973350000001432, 2.0134999999754655e-05, 0.0002358420000003747, 0.00040329199999966647, 0.0060105740000011565, 9.095000001124731e-06, 0.000439510999999726, 1.0934999998823969e-05, 0.0019628900000014937, 0.00019749900000043397, 0.00016741300000155945, 0.0011146520000000493, 0.00014394700000153193, 0.0003745490000000018, 0.007025332999999634, 3.262199999909399e-05, 8.93390000005212e-05, 0.01880418999999911, 0.005630175999998599, 0.0002365849999996783, 6.48089999994994e-05, 0.00025810899999889614, 5.121499999916068e-05, 0.0003035929999999354, 0.00224967499999984, 0.00032853000000088173, 0.00010130600000124446, 0.0012682899999987285, 0.00011043199999960507, 0.0010549409999995873, 8.482999998449259e-06, 8.724099999923851e-05, 0.0007084489999993338, 0.007013475000000824, 0.01813916100000057, 0.0008963399999988297, 0.021335478000001018, 0.00014523900000007472, 6.031999999933646e-05, 0.0015625729999992899, 0.0037646159999997764, 0.005614884999999958, 2.5906999999492086e-05, 3.248199999994483e-05, 2.8886000000838408e-05, 0.0025889610000007224, 0.004780143999999709, 0.0008048279999997021, 6.883000001067785e-06, 0.015336810000000867, 0.004790407999999857, 6.798999999446664e-06, 0.00020512200000055714, 0.0015412860000001416, 0.025865753999999797, 7.585800000065035e-05, 0.00030811400000096967, 0.022740493000000583, 0.011144169999999676, 0.0029240730000008597, 5.9849999999528336e-05, 0.00026457699999937745, 3.590799999919625e-05, 0.003472562999998985, 0.0005988349999999087, 0.004084871000001655, 1.1924000000718138e-05]
App Gdpt (overall): 114.64114529214349 Gbps
App Gdpt (per flow): [11.66399999998333, 11.66400000067179, 11.664000000061012, 11.664000000197815, 11.664000001822869, 11.663999996297688, 11.664000000056095, 11.664000000441574, 11.66399999999658, 11.664000000441574, 11.664000000441574, 11.663999999997333, 11.664000000329576, 11.664000001329548, 11.663999999520708, 11.663999999849588, 11.663999999849588, 11.663999999982355, 11.663999999849588, 11.663999999998882, None, 11.663999999963433, 11.664000000000263, 11.66399999999925, 11.664000000002037, 11.664000001822869, 11.664000001822869, 11.664000000000964, 11.663999999664595, 11.66400000009625, 11.664000000004052, 11.663999999991503, 11.66399999999865, 11.664000000012894, 11.664000000441574, 11.66399999958842, 11.66399999998114, 11.663999999998607, 11.66399999836963, 11.66400000009625, None, 11.66399999999908, 11.663999999923586, 11.66399999958842, 11.663999999996362, 11.66399999958842, 11.664000000074394, 11.664000000003943, 11.663999999664595, 11.663999999963433, 11.664000000000327, 11.663999999999357, 11.663999999849588, 11.664000000760334, 11.664000000056095, 11.664000000760334, 11.664000000197815, 11.663999999997104, 11.663999999750926, 11.66399999958842, 11.664000000017765, 11.663999999720897, 11.664000000007803, 11.664000008729344, 11.664000000005375, 11.664000000002071, 11.664000000001502, 11.664000000000263, 11.66400000002194, 11.663999999999838, 11.664000000155788, 11.663999999849588, 11.663999999994083, 11.663999999986892, 11.663999999998607, 11.664000000441574, 11.663999994916392, 11.664000001822869, 11.664000000005375, 11.663999999999092, 11.664000000010105, None, 11.663999999999051, 11.663999999993028, None, 11.663999999166531, 11.664000000007134, 11.664000000001002, 11.663999999849588, 11.663999999849588, 11.664000000000263, 11.663999999998328, 11.663999999989208, 11.664000000441574, 11.664000000005375, 11.664000003549488, 11.664000000009086, 11.663999999849588, 11.663999999998323, 11.66399999836963]
Network Gdpt (overall): 86.21895660544928
Network Gdpt (per flow): [4.59952801259538, 1.7533738110750006, 3.6628065416812867, 2.321386249326012, 1.502083333342254, 6.469389662214308, 1.8350433468550238, 1.4363742010705876, 5.306761581223392, 1.6109049309651797, 2.461538461554016, 6.3386568709630415, 1.7534509585908427, 3.573656058402214, 2.265117784720642, 3.0768064572617524, 2.103297037225334, 5.392020787781132, 1.7759604904220498, 11.651132763431502, 1.4499748615517851, 1.847314480935136, 11.49359768950986, 4.122773055688176, 6.077453641788002, 1.217391304375292, 1.361501239255837, 11.656947262922877, 2.244516768074201, 1.985979699484737, 4.944297267617239, 3.676250689205968, 4.735934474570849, 5.677859157757686, 3.4375962255199104, 1.7119936228464756, 1.3158108764876042, 5.629260699559391, 3.8051676740758893, 3.2021769648561182, 1.054961134086938, 4.119811094862089, 2.394827315576083, 2.4117601380791154, 1.2729784722047215, 2.804921255710109, 2.4639766759489294, 5.062462946596532, 6.011648580879365, 3.4864057130501007, 11.656739056561882, 2.2538549416578024, 2.0967009742827085, 2.4919995679804883, 1.9665490161217578, 3.1534511374137804, 1.975908535440961, 4.7894135819621795, 2.1419535506593355, 3.9855487334910094, 4.857109966968261, 2.507099391489696, 4.964584749291239, 2.7197925267261227, 2.644628099196638, 5.438675190456369, 5.153263966863182, 11.65991216462511, 5.148046500218695, 8.831722635883342, 2.3828310577725125, 2.8687002652835463, 5.04976343505461, 3.4749424642515407, 6.025962775729201, 2.6717103486068248, 1.4206021796711525, 1.597452052851232, 8.39034964219003, 5.509601384393777, 6.693743259431822, 1.676013366004704, 8.525177269588175, 5.377389149316879, 1.6967201060360138, 0.7873558175113413, 4.692881139515531, 8.771385980087873, 2.281104168294926, 1.8720343768805858, 9.300634951053812, 7.936572396149967, 2.9628316392913083, 1.1564912280792896, 1.700465270983716, 1.6063272808647402, 5.923200817380711, 1.098052051065987, 5.741353398917737, 2.902381750915439]
Processing DCTCP results exp_id 4:: 20flo-11.664Gbps_target
DCTCP-82 FCT (ms): [0.01457759400000036, 8.36379999995529e-05, 0.001197044999999619, 9.233199999947317e-05, 1.7676999998883502e-05, 3.5442000001495444e-05, 0.00031817599999861557, 4.77449999998214e-05, 0.020931419000000062, 0.00020870599999867068, 0.00021285299999895813, 0.020334318000001517, 0.00030864999999913323, 0.00015844099999995365, 0.00032657400000069003, 0.0008177560000000028, 0.00033111599999990915, 0.013444314000000901, 0.00046906600000085064, 0.02321439199999986, 2.81900000054236e-06, 0.00016869699999944032, 0.022118774999999147, 0.0011399759999992654, 0.020339225000000738, 3.0223999999634543e-05, 3.080199999949684e-05, 0.023468105999999267, 0.0002787550000000749, 0.00021197000000050537, 0.014773813999999774, 0.018330082000000303, 0.017513998000000086, 0.002067762999999445, 7.39379999998846e-05, 0.0003126900000012256, 0.0003801390000006677, 0.021756007000000466, 6.270799999974486e-05, 0.0008652539999989273, 3.8239999984313044e-06, 0.012386600000001025, 0.00031365400000105126, 0.00027303900000141823, 0.0008833780000010449, 0.0002844510000006295, 0.0006090089999997161, 0.022344996999999367, 0.00016580700000012882, 0.00026631700000123715, 0.021595228999998994, 0.018965097999998903, 0.0003955809999993676, 0.000170583999999252, 0.0004121759999993202, 0.00017212899999918818, 0.0004619580000007062, 0.017042955999999165, 0.0005223690000004666, 0.00038183400000058043, 0.00876348899999968, 0.00015106900000105838, 0.0053832279999994626, 8.922999999327885e-06, 0.00016147100000019066, 0.002850664000000336, 0.02210927900000037, 0.023056067000000624, 0.00476259799999923, 0.023399117000000302, 0.0002788210000002067, 0.000161517000000444, 0.012932914000000295, 0.019063354000000032, 0.022053752999999787, 9.849000000095032e-05, 0.0001030860000010847, 0.00011092299999937438, 0.020858970999999116, 0.02130156099999958, 0.006175695999999675, 6.421000000145227e-06, 0.02350657400000067, 0.02120436100000056, 9.021999998637398e-06, 8.5021000000296e-05, 0.01072979000000096, 0.019627488999999443, 0.00010323000000056481, 0.00038518800000097997, 0.023365563000000478, 0.023292814999999578, 0.013442966999999584, 9.768399999998678e-05, 0.00035437400000049024, 0.00010227499999970746, 0.0206285519999998, 0.0005019930000003114, 0.02122846700000025, 0.00012039599999980055]
App Gdpt (overall): 114.64114529214349 Gbps
App Gdpt (per flow): [11.66399999998333, 11.66400000067179, 11.664000000061012, 11.664000000197815, 11.664000001822869, 11.663999996297688, 11.664000000056095, 11.664000000441574, 11.66399999999658, 11.664000000441574, 11.664000000441574, 11.663999999997333, 11.664000000329576, 11.664000001329548, 11.663999999520708, 11.663999999849588, 11.663999999849588, 11.663999999982355, 11.663999999849588, 11.663999999998882, None, 11.663999999963433, 11.664000000000263, 11.66399999999925, 11.664000000002037, 11.664000001822869, 11.664000001822869, 11.664000000000964, 11.663999999664595, 11.66400000009625, 11.664000000004052, 11.663999999991503, 11.66399999999865, 11.664000000012894, 11.664000000441574, 11.66399999958842, 11.66399999998114, 11.663999999998607, 11.66399999836963, 11.66400000009625, None, 11.66399999999908, 11.663999999923586, 11.66399999958842, 11.663999999996362, 11.66399999958842, 11.664000000074394, 11.664000000003943, 11.663999999664595, 11.663999999963433, 11.664000000000327, 11.663999999999357, 11.663999999849588, 11.664000000760334, 11.664000000056095, 11.664000000760334, 11.664000000197815, 11.663999999997104, 11.663999999750926, 11.66399999958842, 11.664000000017765, 11.663999999720897, 11.664000000007803, 11.664000008729344, 11.664000000005375, 11.664000000002071, 11.664000000001502, 11.664000000000263, 11.66400000002194, 11.663999999999838, 11.664000000155788, 11.663999999849588, 11.663999999994083, 11.663999999986892, 11.663999999998607, 11.664000000441574, 11.663999994916392, 11.664000001822869, 11.664000000005375, 11.663999999999092, 11.664000000010105, None, 11.663999999999051, 11.663999999993028, None, 11.663999999166531, 11.664000000007134, 11.664000000001002, 11.663999999849588, 11.663999999849588, 11.664000000000263, 11.663999999998328, 11.663999999989208, 11.664000000441574, 11.664000000005375, 11.664000003549488, 11.664000000009086, 11.663999999849588, 11.663999999998323, 11.66399999836963]
Network Gdpt (overall): 94.8813748539235
Network Gdpt (per flow): [0.6734400752277611, 2.6206269877468578, 1.9177758563802787, 2.24892778236348, 2.610397692080925, 1.9529371930782546, 1.5952931710820697, 1.4497015394336352, 1.313350423112734, 1.4371220760395504, 1.409122727898917, 1.0115258352898024, 1.4202753928437746, 1.0921415542697321, 1.3069993324609372, 1.6081863049613767, 1.254231145580745, 0.6581304185545955, 1.2296776999376504, 4.472894917945756, 4.092231286903348, 1.8463398874967152, 9.562058658312145, 1.821512031833423, 1.124717780544695, 1.5267337215642522, 1.4980845399894092, 5.899220669959661, 1.3656723646208955, 1.3605698919626006, 0.6512214110723302, 0.6507458068108917, 0.6481343665792325, 1.6402189225752228, 0.9361356812479109, 1.291246921866441, 1.395952533149895, 1.5552067068189157, 0.5518913057367612, 1.6265651473460336, 3.016736402911177, 0.6528616408053325, 1.5079546251551543, 1.4787631070942349, 1.6062523630861554, 1.4194360364319567, 1.5153799040743736, 1.591653290443539, 1.182772741801297, 1.169553577122576, 10.150183450243118, 0.6691027908213675, 1.253973269698982, 0.9467710922519591, 1.231473933467347, 0.9382730394109169, 1.298542291721505, 0.6322039439637425, 1.347124350792967, 1.0574228591466088, 0.7029419446980791, 1.832698965360599, 0.9729002747051626, 2.585677462931511, 1.4288633872319338, 1.3516233410880927, 1.6347112902234124, 9.173334897057433, 0.9688829500202928, 8.05282626690561, 1.241226449943668, 1.071342335478769, 0.6101195755264297, 0.6862288766184574, 1.5342099823100555, 0.7027718550038801, 0.4476262538027905, 0.4160002884907572, 1.0413882832475736, 1.2363736159993401, 0.8723408665193824, 1.7966048901633833, 5.562232250433274, 1.2148391550209563, 1.2786521837444353, 1.8995777513724579, 0.6741112361005531, 11.559222476191756, 1.6762569020541824, 1.4974505955495305, 9.051826570581488, 3.7971585658496667, 0.6444660616960726, 0.7085704926089162, 1.2695739529406151, 0.5639696895640672, 0.9970980028069929, 1.3098828071299642, 1.1047753942854057, 0.28745141034633487]
Processing ExpressPass results exp_id 4:: 20flo-11.664Gbps_target
ExpressPass FCT (ms): [0.005185353999999975, 0.00044662899999892147, 0.0012724859999995175, 0.00044780599999860726, 0.00012252899999865008, 0.0001194770000001455, 0.000841772999999435, 0.0002572749999991686, 0.006976500000000385, 0.0003342569999986722, 0.0004543059999999599, 0.006948089000001545, 0.0007071599999992628, 0.00021138199999981566, 0.00033246200000114356, 0.0015766150000011692, 0.0004091210000005674, 0.0037949580000002925, 0.0005021759999994657, 0.01622295900000026, 7.769999999851507e-06, 0.0003361329999993501, 0.021566938999999508, 0.0015096039999988875, 0.007665867000000048, 0.00014715499999873316, 0.0001740770000004943, 0.01801060999999926, 0.0006220020000000659, 0.0007219210000002363, 0.0044240449999986, 0.004691735999999835, 0.005422326000001476, 0.0020725370000000964, 0.00015764000000118017, 0.000602103000000298, 0.0003545379999998488, 0.009607817000000907, 0.00020172900000048344, 0.0010767210000004468, 1.0864999998361213e-05, 0.0051354030000005935, 0.0006556570000011419, 0.0006294380000007038, 0.001472934000000592, 0.0005627980000006971, 0.001357808999999932, 0.010022891999998507, 0.0005200900000001951, 0.0003304780000004115, 0.025673695000000052, 0.005232098999998769, 0.0006247029999997267, 0.0002959479999997683, 0.00040864899999881743, 0.0004774189999992018, 0.000755658999999298, 0.004867318000000509, 0.0006507570000007235, 0.0003910080000011362, 0.0036560149999989022, 0.0002647600000003081, 0.003264119000000676, 0.00013647599999977444, 0.00048508699999949556, 0.0025004059999993444, 0.009902278000000209, 0.024600077000000553, 0.0031909910000003094, 0.02475587700000048, 0.00047593000000034635, 0.0002604829999999225, 0.004158310999999415, 0.005261581000000959, 0.010229458999999608, 0.0002842879999995773, 0.00014769400000069766, 0.00015916499999946154, 0.008319281000000345, 0.009392425999999787, 0.0017530509999996724, 1.1026000001024272e-05, 0.02162413399999963, 0.00981782000000031, 1.1037999998464443e-05, 0.00030212000000062744, 0.00238778900000014, 0.025532681999999696, 0.00040320000000093614, 0.0009745620000014554, 0.025204363000000285, 0.016080810000000056, 0.0045665420000009505, 0.00016527799999899173, 0.0004155739999998076, 0.0001292169999995707, 0.007678656999999589, 0.0008920539999994759, 0.008088712000001053, 0.0001243209999994832]
App Gdpt (overall): 114.64114529214349 Gbps
App Gdpt (per flow): [11.66399999998333, 11.66400000067179, 11.664000000061012, 11.664000000197815, 11.664000001822869, 11.663999996297688, 11.664000000056095, 11.664000000441574, 11.66399999999658, 11.664000000441574, 11.664000000441574, 11.663999999997333, 11.664000000329576, 11.664000001329548, 11.663999999520708, 11.663999999849588, 11.663999999849588, 11.663999999982355, 11.663999999849588, 11.663999999998882, None, 11.663999999963433, 11.664000000000263, 11.66399999999925, 11.664000000002037, 11.664000001822869, 11.664000001822869, 11.664000000000964, 11.663999999664595, 11.66400000009625, 11.664000000004052, 11.663999999991503, 11.66399999999865, 11.664000000012894, 11.664000000441574, 11.66399999958842, 11.66399999998114, 11.663999999998607, 11.66399999836963, 11.66400000009625, None, 11.66399999999908, 11.663999999923586, 11.66399999958842, 11.663999999996362, 11.66399999958842, 11.664000000074394, 11.664000000003943, 11.663999999664595, 11.663999999963433, 11.664000000000327, 11.663999999999357, 11.663999999849588, 11.664000000760334, 11.664000000056095, 11.664000000760334, 11.664000000197815, 11.663999999997104, 11.663999999750926, 11.66399999958842, 11.664000000017765, 11.663999999720897, 11.664000000007803, 11.664000008729344, 11.664000000005375, 11.664000000002071, 11.664000000001502, 11.664000000000263, 11.66400000002194, 11.663999999999838, 11.664000000155788, 11.663999999849588, 11.663999999994083, 11.663999999986892, 11.663999999998607, 11.664000000441574, 11.663999994916392, 11.664000001822869, 11.664000000005375, 11.663999999999092, 11.664000000010105, None, 11.663999999999051, 11.663999999993028, None, 11.663999999166531, 11.664000000007134, 11.664000000001002, 11.663999999849588, 11.663999999849588, 11.664000000000263, 11.663999999998328, 11.663999999989208, 11.664000000441574, 11.664000000005375, 11.664000003549488, 11.664000000009086, 11.663999999849588, 11.663999999998323, 11.66399999836963]
Network Gdpt (overall): 86.85265056065828
Network Gdpt (per flow): [1.8932431614119398, 0.49075183205866457, 1.8040780016447102, 0.463700799008155, 0.37659656081832366, 0.5793248909824963, 0.6029939187884866, 0.2690350791962829, 3.940412527771588, 0.8973215220659297, 0.6602069970461022, 2.9603374395456687, 0.619899315572794, 0.8186127484845015, 1.2838519890950901, 0.8341313510267407, 1.015093334244451, 2.331544117220617, 1.1486012871993359, 6.400530014283976, 1.4846846847130588, 0.926633207690415, 9.806724264393981, 1.3755130484561053, 2.984122735236583, 0.3135741225265689, 0.2650780976227128, 7.6867766277769425, 0.6120366172455388, 0.3994896948556776, 2.1747120565010176, 2.5423902794190507, 2.0934602604116592, 1.636440748705496, 0.43907637655088694, 0.6705829401278521, 1.4967535214849363, 3.521620780245587, 0.17155689067965968, 1.3071092697174254, 1.061757938494247, 1.5747032900824076, 0.7213771834956025, 0.6414611129285943, 0.9633344060218787, 0.7174154847733999, 0.6796832249602457, 3.5484257437878512, 0.37707319886928503, 0.9424893638899176, 8.537747916690588, 2.4253363707382043, 0.7940541345250736, 0.5457174909109926, 1.2421026357619103, 0.33828565683449974, 0.7938395493212644, 2.213667568052647, 1.0813498740685352, 1.0326131434620947, 1.6849558877635484, 1.0457168756597592, 1.6045199332496505, 0.1690553650461483, 0.4756260217244328, 1.540959348202256, 3.6498963167868284, 8.597575690514923, 1.446071142162279, 7.611486516918643, 0.7271657596700106, 0.6643043883863878, 1.8975550409772406, 2.486291477789208, 3.3076126508744306, 0.2434714092754633, 0.3124297534075997, 0.28991298338300575, 2.6110775678810585, 2.8040346551573148, 3.0731062587460416, 1.0462543079020816, 6.046439778813905, 2.6237889877792817, 1.045116869143399, 0.5345690454113088, 3.0291922778769713, 8.8858080792297, 0.4291666666656702, 0.5918556233458093, 8.391444925626473, 5.5001279164420005, 1.8971764630650934, 0.4187853192827978, 1.082608632879363, 0.4463808941562769, 2.67868300407234, 0.7371212953480242, 2.8994341744392615, 0.2783761391892268]
=====
** Num Flows: 25, Target Flow Rate (Gbps): 11.664
Processing SIRD results exp_id 5:: 25flo-11.664Gbps_target
SSIRD FCT (ms): [0.00042150899999882085, 0.00011336199999867347, 0.002744207999999304, 0.022335441000000955, 0.0005346230000000673, 7.215000000115879e-05, 0.015213271000000361, 9.471899999979883e-05, 2.7620000011552293e-06, 5.92060000013106e-05, 0.0001290469999997157, 8.760900000126526e-05, 0.0030174560000002515, 0.00424637599999933, 7.366900000072008e-05, 0.00036562500000059117, 7.74909999989859e-05, 0.01945579100000039, 6.117200000055334e-05, 4.507600000103196e-05, 0.00021696100000134777, 0.0002865219999996782, 0.00024350700000042025, 0.00018996399999871016, 3.854000000025337e-05, 0.0001830760000007814, 0.002222615999999178, 0.00400966700000005, 0.00011278000000025656, 0.00015280400000072802, 0.0017148319999993333, 0.0004938419999991339, 0.0007762919999994011, 0.0006870570000003795, 0.02233213599999928, 0.0005769470000007715, 0.026734447000000827, 0.00025479700000019534, 0.0027296719999991836, 6.880699999989304e-05, 0.001473135999999542, 0.00022318099999907304, 0.0024632049999997463, 0.00039604800000070384, 8.421999998731167e-06, 1.6895999999988476e-05, 4.339499999872487e-05, 0.00017192000000143537, 0.00023173199999959593, 0.000937137000001087, 0.00014937600000131113, 0.005446982000000489, 0.00012644799999961265, 0.004522721999999035, 0.00032009899999962954, 0.0034296630000003603, 5.046500000105425e-05, 0.009897128000000421, 4.999599999955251e-05, 5.83560000002592e-05, 0.013861652999999308, 0.003022680999999139, 0.000334020000000379, 1.0984999999408274e-05, 0.021060545000000985, 0.00015759099999890225, 0.00038941999999941856, 0.00023844699999919783, 0.00020298700000154213, 7.305099999932452e-05, 3.201400000030219e-05, 2.2338000000843294e-05, 5.349599999959764e-05, 0.024948724999999783, 0.003830506999999983, 0.002378863000000564, 0.006431398000000144, 9.552799999923423e-05, 0.00012081999999935533, 5.318000000009704e-05, 0.001070589000001121, 4.162699999987751e-05, 0.0016086570000002354, 0.0002292819999993867, 0.018999561999999415, 0.0035466419999998777, 0.002899597000000753, 0.002106293999998954, 8.571999998707724e-06, 0.0018473049999983004, 3.607699999896852e-05, 0.0031551859999989773, 0.002619633000000121, 9.215500000081533e-05, 5.485700000029681e-05, 0.005750821999999545, 0.0013433539999994082, 3.352200000072969e-05, 0.00018165700000061236, 0.000259731999999957, 5.631899999869461e-05, 0.006436421000000081, 1.815899999968451e-05, 0.0004280789999988599, 0.00017105400000083648, 0.029078555999999978, 0.00014539000000013402, 0.00015475000000009231, 9.87780000016869e-05, 3.3592000001192446e-05, 3.003200000151196e-05, 0.00011533500000027175, 0.0014725690000005898, 0.012210997999998696, 0.0008470530000010967, 0.00029787300000094774, 0.000253282000000965, 0.0012565539999993547, 4.875500000167676e-05, 0.000165588999999855, 0.004797440000000819, 2.2966999999596283e-05, 0.0006298960000012954, 0.0002644400000004765, 0.00011481900000021028]
App Gdpt (overall): 131.7788614187584 Gbps
App Gdpt (per flow): [11.664000000110063, 11.664000000197815, 11.66400000000969, 11.663999999999808, 11.6640000000323, 11.663999999520708, 11.663999999999051, 11.663999999060279, None, 11.663999999849588, 11.664000000155788, 11.663999999664595, 11.664000000005375, 11.664000000008556, 11.663999999849588, 11.663999999949926, 11.66400000095956, 11.663999999999936, 11.66400000009625, 11.66399999836963, 11.663999999697799, 11.664000000005375, 11.66399999998114, 11.664000000441574, 11.663999999849588, 11.663999999750926, 11.664000000000735, 11.664000000000787, 11.663999998979026, 11.663999999520708, 11.663999999993338, 11.663999999976216, 11.66399999999681, 11.66399999999925, 11.664000000000295, 11.663999999979309, 11.664000000000327, 11.663999999923586, 11.664000000011777, 11.663999999311423, 11.664000000005375, 11.664000000197815, 11.66399999999865, 11.66399999963301, None, 11.664000008729344, 11.664000003549488, 11.66399999958842, 11.664000000441574, 11.663999999973715, 11.663999999939284, 11.663999999993028, 11.664000000040552, 11.664000000005375, 11.663999999889056, 11.663999999992544, 11.663999994916392, 11.66399999999832, 11.664000001822869, 11.66400000009625, 11.663999999999861, 11.663999999997104, 11.663999999849588, 11.664000008729344, 11.663999999999628, 11.664000000329576, 11.66400000001403, 11.664000000056095, 11.664000000005375, 11.664000000441574, 11.66399999836963, None, 11.664000000441574, 11.664000000000344, 11.664000000000787, 11.663999999993338, 11.663999999997765, 11.663999999664595, 11.66400000009625, 11.663999996297688, 11.664000000008826, 11.66399999836963, 11.664000000010773, 11.663999999923586, 11.664000000000279, 11.663999999994202, 11.66399999999865, 11.664000000016207, 11.66399999836963, 11.664000000001558, 11.664000000441574, 11.66399999999865, 11.664000000019554, 11.663999999520708, 11.663999999520708, 11.664000000002709, 11.663999999991532, 11.66399999836963, 11.664000000056095, 11.664000000027185, 11.664000003549488, 11.663999999997216, 11.664000001822869, 11.663999999994683, 11.663999999939284, 11.664000000000327, 11.663999999963433, 11.664000000155788, 11.663999998979026, 11.663999988009918, 11.663999994916392, 11.664000000197815, 11.663999999987082, 11.664000000000279, 11.663999999977172, 11.663999999791553, 11.66399999958842, 11.663999999989871, 11.66399999836963, 11.663999999849588, 11.663999999995552, 11.664000008729344, 11.663999999912566, 11.664000000253214, 11.663999999612795]
Network Gdpt (overall): 88.2102401003706
Network Gdpt (per flow): [3.4757786903816963, 1.831724916660167, 3.2242862057111723, 7.058849296953361, 5.308144243700032, 1.5988911988655197, 8.594405765860406, 1.9486692215964279, 4.176683560888839, 1.558760936357077, 2.681813602801789, 2.2384914791535997, 4.33538185809467, 4.707988176271521, 2.3488848769266397, 3.7861743589682377, 2.53077131541168, 11.661232997414265, 2.4515791538390674, 2.3033099653390514, 2.1268338549192416, 2.3352063715901448, 2.1792227738795362, 2.489819123640329, 2.394603009844143, 1.9533745548213512, 4.935956548501432, 4.8420699275026475, 1.841177513739383, 1.4344127117022836, 6.168832865262669, 4.438342627811818, 5.75096999583075, 6.044563988137384, 9.642718994726119, 5.078705669664774, 8.198992707797293, 1.8562855920581383, 4.369837841324367, 2.011888325318866, 5.121417167187786, 1.8091145751729627, 4.608395971915114, 1.223366864620296, 1.3697459037922086, 1.3655303030312347, 1.3291853900609492, 2.3485342019347892, 2.0410474168471544, 7.718265312319981, 2.6257497857524457, 4.729203804969007, 2.9193976970860027, 4.802923549138026, 2.738952636531244, 5.492751911776177, 0.9143763003871201, 11.657072233479761, 0.9229538363151656, 2.569881417494926, 11.651967914649724, 3.56459183089551, 2.935632596847157, 2.100318616408085, 6.93840126169542, 2.7816816950400316, 3.791813466186135, 2.128707847033964, 2.2164178001378514, 2.5266731461815275, 1.0810270506551298, 0.5164294027918569, 2.3720652011543746, 7.398676124731891, 5.068542623731033, 4.44687735275108, 5.978402829369158, 2.052926890561637, 2.3870220162352163, 1.3015419330551656, 3.448120613976171, 1.385639128454362, 5.8588698523045135, 2.0628570930176164, 7.488858111571434, 4.176407993815139, 3.9148281640507463, 5.022334014152466, 4.037330845219009, 5.414218009483655, 1.9185630734811367, 3.597703590217401, 4.113028046294844, 2.3784276490484597, 2.102922143015036, 4.980833696470221, 6.157209492065118, 2.4089254817207277, 2.794189048582157, 2.2651656322674816, 1.024165912060529, 4.360666898576033, 2.541109091954496, 2.8026228803636606, 2.292983502274615, 7.538047487640039, 2.1423206547885885, 2.2363812600955963, 2.1021684990225946, 0.68683019764173, 1.536494405889614, 1.8003901677679002, 6.141799807001491, 11.652202711032727, 7.994342738873757, 2.0138515407508955, 1.5941124912092517, 5.884805587347458, 1.656281406978214, 2.5079926806754296, 5.12904549092762, 1.506857665372419, 3.497999669779565, 1.9630918166656506, 2.6122505856996727]
Processing DCTCP results exp_id 5:: 25flo-11.664Gbps_target
DCTCP-82 FCT (ms): [0.0010141389999986927, 0.00010494599999866239, 0.01534542899999991, 0.026814942999999758, 0.001759160000000648, 5.635099999956594e-05, 0.02653178799999978, 0.00012651399999974444, 1.4210999999875185e-05, 7.295300000009775e-05, 0.00029051299999949265, 0.00017553700000050299, 0.019377517000000566, 0.020918075999999175, 0.0001954160000003924, 0.001013615000001522, 0.0002271349999993788, 0.022332001000000545, 0.0002098559999996752, 0.00016980000000010875, 0.0004188380000016423, 0.0006314429999996207, 0.0004804310000015022, 0.0004594989999997523, 0.0002143190000012396, 0.0002453770000006017, 0.018237165999998695, 0.02081397399999929, 0.0001367120000015376, 0.00014938500000027943, 0.018178500999999514, 0.0015192309999996212, 0.00502830399999965, 0.0038307690000003447, 0.025129847999998844, 0.002208741000000458, 0.024316747000000305, 0.0004627829999996891, 0.019083854999999872, 0.00018462599999935492, 0.013555078999999637, 0.0004371419999991133, 0.018664846000000068, 0.0004972610000013589, 7.161099999919429e-05, 8.798800000064944e-05, 0.00013150699999897597, 0.00046498900000102594, 0.0005135479999989201, 0.012846850000000742, 0.00027632600000160323, 0.022393447000000677, 0.00026334699999885913, 0.021329782000000463, 0.0006517890000008464, 0.020662088999999995, 3.195200000050136e-05, 0.02633840900000095, 3.5608999999325874e-05, 0.00011261500000081526, 0.0267834950000001, 0.01844502899999867, 0.000746936000000531, 5.83909999996024e-05, 0.026934277000000506, 0.00041463400000019135, 0.0010471279999997307, 0.0004642999999990849, 0.00043510100000077045, 0.00024625199999839253, 0.0001061220000000418, 9.409800000170776e-05, 0.0002196909999998553, 0.02686299400000003, 0.021064559999999233, 0.018140540000000982, 0.02309386900000021, 9.595100000048262e-05, 0.00017783200000032195, 2.8627000000724934e-05, 0.0023890880000010384, 3.325099999962333e-05, 0.016286519999999527, 0.00037182899999876895, 0.027060041000000368, 0.020098326999999472, 0.01902033000000003, 0.018381845999998703, 5.1226000000070826e-05, 0.01771980099999837, 0.0001332889999989817, 0.0188985559999999, 0.018281674999998998, 0.0002705360000003765, 0.00017981399999911218, 0.022441797999999125, 0.015000356999999909, 0.0001821490000004644, 0.0005177360000008235, 0.0006035610000001412, 2.062899999977219e-05, 0.02264470000000074, 1.873199999913311e-05, 0.0007554120000001774, 0.00025539399999985335, 0.025520563000000607, 0.0002103140000002668, 0.00023641099999949233, 0.00014759200000113992, 3.6286000000274043e-05, 5.903400000129011e-05, 0.0001887600000003431, 0.01641362500000021, 0.026766550999999694, 0.01180888600000074, 0.0005213350000001782, 0.0003716750000002378, 0.013380116000000442, 0.00015437300000087362, 0.00039434700000029466, 0.021902950000001198, 0.0001263759999989844, 0.0015984940000013381, 0.0004571179999999231, 0.000337894000001171]
App Gdpt (overall): 131.7788614187584 Gbps
App Gdpt (per flow): [11.664000000110063, 11.664000000197815, 11.66400000000969, 11.663999999999808, 11.6640000000323, 11.663999999520708, 11.663999999999051, 11.663999999060279, None, 11.663999999849588, 11.664000000155788, 11.663999999664595, 11.664000000005375, 11.664000000008556, 11.663999999849588, 11.663999999949926, 11.66400000095956, 11.663999999999936, 11.66400000009625, 11.66399999836963, 11.663999999697799, 11.664000000005375, 11.66399999998114, 11.664000000441574, 11.663999999849588, 11.663999999750926, 11.664000000000735, 11.664000000000787, 11.663999998979026, 11.663999999520708, 11.663999999993338, 11.663999999976216, 11.66399999999681, 11.66399999999925, 11.664000000000295, 11.663999999979309, 11.664000000000327, 11.663999999923586, 11.664000000011777, 11.663999999311423, 11.664000000005375, 11.664000000197815, 11.66399999999865, 11.66399999963301, None, 11.664000008729344, 11.664000003549488, 11.66399999958842, 11.664000000441574, 11.663999999973715, 11.663999999939284, 11.663999999993028, 11.664000000040552, 11.664000000005375, 11.663999999889056, 11.663999999992544, 11.663999994916392, 11.66399999999832, 11.664000001822869, 11.66400000009625, 11.663999999999861, 11.663999999997104, 11.663999999849588, 11.664000008729344, 11.663999999999628, 11.664000000329576, 11.66400000001403, 11.664000000056095, 11.664000000005375, 11.664000000441574, 11.66399999836963, None, 11.664000000441574, 11.664000000000344, 11.664000000000787, 11.663999999993338, 11.663999999997765, 11.663999999664595, 11.66400000009625, 11.663999996297688, 11.664000000008826, 11.66399999836963, 11.664000000010773, 11.663999999923586, 11.664000000000279, 11.663999999994202, 11.66399999999865, 11.664000000016207, 11.66399999836963, 11.664000000001558, 11.664000000441574, 11.66399999999865, 11.664000000019554, 11.663999999520708, 11.663999999520708, 11.664000000002709, 11.663999999991532, 11.66399999836963, 11.664000000056095, 11.664000000027185, 11.664000003549488, 11.663999999997216, 11.664000001822869, 11.663999999994683, 11.663999999939284, 11.664000000000327, 11.663999999963433, 11.664000000155788, 11.663999998979026, 11.663999988009918, 11.663999994916392, 11.664000000197815, 11.663999999987082, 11.664000000000279, 11.663999999977172, 11.663999999791553, 11.66399999958842, 11.663999999989871, 11.66399999836963, 11.663999999849588, 11.663999999995552, 11.664000008729344, 11.663999999912566, 11.664000000253214, 11.663999999612795]
Network Gdpt (overall): 94.77973641701787
Network Gdpt (per flow): [1.4446461481137087, 1.978617574777949, 0.5765959361579303, 5.879651207910508, 1.6131881125076486, 2.0471686394365425, 4.928014048657448, 1.4589373508099723, 0.8117655337485977, 1.2650336518015208, 1.191271991272695, 1.1172117559228998, 0.6751032136882975, 0.9557230789294766, 0.885495558192024, 1.3657256453366626, 0.8634160301166107, 10.159345416471837, 0.7146233607818319, 0.6114487632504918, 1.1017147441210937, 1.05961741598276, 1.1045415470657407, 1.0293297700326987, 0.43061044517502517, 1.4574145090987465, 0.6015592554238298, 0.932791018188101, 1.5188717888529506, 1.467242360341333, 0.5819243291842536, 1.4427299074337916, 0.8878603998485991, 1.0841060894038839, 8.569192778245611, 1.3266127626550113, 9.014180062818324, 1.0220254417303958, 0.6250426866060385, 0.7497968866816358, 0.5565842884427454, 0.9236357979805624, 0.6081713184239483, 0.9743615525823983, 0.16109256957911205, 0.26221757512194516, 0.438607830765276, 0.8683216162083601, 0.9209966741200328, 0.5630229978554729, 1.4194248821961175, 1.1503315233246236, 1.4017702878772085, 1.0184017820716371, 1.3451224245865787, 0.9117320131570437, 1.444166249351401, 4.380353270389105, 1.2958521722281886, 1.3316876082130653, 6.0304129838170635, 0.5841478481817934, 1.3127764627749943, 0.39512938638072825, 5.425299220023514, 1.0572408437315746, 1.4101504305112458, 1.0932242084880475, 1.034021985698041, 0.7495411204831022, 0.32611522587198105, 0.12259559182756952, 0.577611281300024, 6.871443145912917, 0.9216944479258389, 0.5831420674356678, 1.6649218890087083, 2.043876561984905, 1.621755364610857, 2.4178572675532615, 1.545158654682622, 1.734684671157361, 0.5786940365406652, 1.2720255816559924, 5.25812300136567, 0.7369879094911925, 0.5968047872986422, 0.575486923348218, 0.6755944247052699, 0.5644370385424148, 0.519292664815017, 0.60065033540129, 0.5893674403467184, 0.8101842268670159, 0.6415518257786912, 1.2763633288206728, 0.5514076764973028, 0.4433293622243005, 0.980391550904694, 0.9747747120835547, 2.7960637937193744, 1.2394550601244039, 2.4633781764966627, 1.5881982282512304, 1.5357604329006367, 8.588977288627794, 1.4809855739494513, 1.4638912740978347, 1.406905523323732, 0.6358375130856461, 0.7816512518039026, 1.1000635727888461, 0.5510192903761287, 5.3157772923378, 0.5734352927108938, 1.1506459378322864, 1.08632541871189, 0.5526541025503632, 0.523096655500269, 1.053123264535269, 1.1234234657887936, 0.27384946509050867, 1.378407425988559, 1.1356367502484859, 0.887662994900651]
Processing ExpressPass results exp_id 5:: 25flo-11.664Gbps_target
ExpressPass FCT (ms): [0.0007092079999999612, 0.0005160019999994603, 0.00322490399999964, 0.024043607000001188, 0.001545020000000008, 0.00026695600000081754, 0.023198672000001253, 0.0005001120000009962, 8.091999999848554e-06, 0.00016978700000080948, 0.00030886999999957254, 0.0006195959999999445, 0.006351709000000483, 0.009126114999999047, 0.0005795470000009573, 0.0009428570000000747, 0.0006397869999990036, 0.02855056900000008, 0.0005370829999993276, 0.00025652000000064845, 0.0003873520000006181, 0.0008647639999992407, 0.0008231970000007749, 0.0013560769999987343, 0.00022619600000162166, 0.000730722000000128, 0.006789361999999244, 0.007770296999998649, 0.0004821230000011667, 0.0005614380000000807, 0.005461362000000136, 0.0017809510000006412, 0.0029683150000003877, 0.002934400000000892, 0.02878499899999909, 0.0032585669999996014, 0.027800471000000826, 0.0007163969999997022, 0.006512004999999377, 0.0005697970000007047, 0.00543096200000015, 0.0009350450000003008, 0.006114943000000039, 0.001268368999999936, 9.18599999977232e-06, 9.71090000003727e-05, 0.00022481699999943316, 0.0008933310000003303, 0.001099201999998911, 0.0035268210000012346, 0.0008840310000000073, 0.008579242000001486, 0.0008435109999993529, 0.009077095000000313, 0.001928789000000819, 0.008412238000000016, 9.15600000013228e-05, 0.023738159000000536, 0.00025489599999950485, 0.0003123670000011458, 0.02875145099999976, 0.006492826999998869, 0.0012484029999999535, 0.00011950000000027217, 0.02697341900000083, 0.0007477109999989295, 0.0018298300000001433, 0.002221374999999526, 0.0015332420000007119, 0.0005479479999994652, 0.00014992300000038483, 1.3760000001639128e-05, 0.0002750119999994638, 0.029251656999999653, 0.008356004999999556, 0.005004153999999872, 0.012948160000000541, 0.0003973750000003662, 0.0009671430000004477, 0.00020357600000053822, 0.003098639000000958, 9.48770000004373e-05, 0.005656329999998988, 0.00046020299999938175, 0.026658268000000263, 0.007530184000000162, 0.0064656430000002985, 0.006580492999999521, 0.0002495370000001884, 0.004264497999999506, 0.0001604969999995376, 0.005041430999998653, 0.006385347999998459, 0.0008880460000000312, 0.00019640100000017924, 0.01026788099999898, 0.003845153000000323, 0.00016828000000046472, 0.0008575630000002832, 0.0010704409999995335, 0.00010290099999998858, 0.010810785000000322, 0.0001042669999993251, 0.001124389999999309, 0.0014386000000001786, 0.029825118999999845, 0.0004302460000005226, 0.0007131879999988655, 0.0006871770000014266, 9.331200000062267e-05, 0.00015337300000162202, 0.00038142499999871404, 0.005234681000001018, 0.026363650000000405, 0.006020507000000563, 0.0010964609999994934, 0.0009355190000004399, 0.004062176999999778, 0.0002320410000002937, 0.0010976659999997196, 0.009999558000000519, 0.00012526399999934767, 0.0023371270000005495, 0.0012247829999996185, 0.00047477900000103546]
App Gdpt (overall): 131.7788614187584 Gbps
App Gdpt (per flow): [11.664000000110063, 11.664000000197815, 11.66400000000969, 11.663999999999808, 11.6640000000323, 11.663999999520708, 11.663999999999051, 11.663999999060279, None, 11.663999999849588, 11.664000000155788, 11.663999999664595, 11.664000000005375, 11.664000000008556, 11.663999999849588, 11.663999999949926, 11.66400000095956, 11.663999999999936, 11.66400000009625, 11.66399999836963, 11.663999999697799, 11.664000000005375, 11.66399999998114, 11.664000000441574, 11.663999999849588, 11.663999999750926, 11.664000000000735, 11.664000000000787, 11.663999998979026, 11.663999999520708, 11.663999999993338, 11.663999999976216, 11.66399999999681, 11.66399999999925, 11.664000000000295, 11.663999999979309, 11.664000000000327, 11.663999999923586, 11.664000000011777, 11.663999999311423, 11.664000000005375, 11.664000000197815, 11.66399999999865, 11.66399999963301, None, 11.664000008729344, 11.664000003549488, 11.66399999958842, 11.664000000441574, 11.663999999973715, 11.663999999939284, 11.663999999993028, 11.664000000040552, 11.664000000005375, 11.663999999889056, 11.663999999992544, 11.663999994916392, 11.66399999999832, 11.664000001822869, 11.66400000009625, 11.663999999999861, 11.663999999997104, 11.663999999849588, 11.664000008729344, 11.663999999999628, 11.664000000329576, 11.66400000001403, 11.664000000056095, 11.664000000005375, 11.664000000441574, 11.66399999836963, None, 11.664000000441574, 11.664000000000344, 11.664000000000787, 11.663999999993338, 11.663999999997765, 11.663999999664595, 11.66400000009625, 11.663999996297688, 11.664000000008826, 11.66399999836963, 11.664000000010773, 11.663999999923586, 11.664000000000279, 11.663999999994202, 11.66399999999865, 11.664000000016207, 11.66399999836963, 11.664000000001558, 11.664000000441574, 11.66399999999865, 11.664000000019554, 11.663999999520708, 11.663999999520708, 11.664000000002709, 11.663999999991532, 11.66399999836963, 11.664000000056095, 11.664000000027185, 11.664000003549488, 11.663999999997216, 11.664000001822869, 11.663999999994683, 11.663999999939284, 11.664000000000327, 11.663999999963433, 11.664000000155788, 11.663999998979026, 11.663999988009918, 11.663999994916392, 11.664000000197815, 11.663999999987082, 11.664000000000279, 11.663999999977172, 11.663999999791553, 11.66399999958842, 11.663999999989871, 11.66399999836963, 11.663999999849588, 11.663999999995552, 11.664000008729344, 11.663999999912566, 11.664000000253214, 11.663999999612795]
Network Gdpt (overall): 86.00249242200842
Network Gdpt (per flow): [2.0657860599430355, 0.40241704489559577, 2.7436822925584727, 6.557356889088739, 1.8367762229615054, 0.43213113771425526, 5.636056408745852, 0.3690693284696875, 1.4256055363588611, 0.543551626447019, 1.1204713957343835, 0.31651592327906825, 2.059575462288812, 2.1906241593495253, 0.29857802732084576, 1.4682184042753996, 0.3065270160229974, 7.946549576647644, 0.2792268606531723, 0.40474037112013705, 1.1912678907021617, 0.7737232354730165, 0.6446281995676618, 0.34878255438329936, 0.4080001414673043, 0.4894008939103207, 1.6158714176679962, 2.4986288168912174, 0.4306950715885729, 0.390397514952619, 1.9369732312195633, 1.230713253761171, 1.5040290535200669, 1.4152671755720891, 7.481067204484072, 0.8992124452252658, 7.884597926416193, 0.6602149366904058, 1.8317283233045956, 0.2429496820794578, 1.3891726732758933, 0.4318080947974377, 1.8563417516728984, 0.38199609104292565, 1.255824080153051, 0.23758868899804808, 0.25656422779480836, 0.45197132977569426, 0.43029033790010257, 2.050875845413609, 0.4436767488922863, 3.0025832118962885, 0.4376374463406918, 2.3930880970177415, 0.45455257158747164, 2.2393907542796536, 0.5039755351609146, 4.860172012496732, 0.1810306948719856, 0.4801019313802351, 5.617648166696051, 1.6594657458148627, 0.7854514928272653, 0.19307112970667326, 5.417426392998066, 0.5862799932067706, 0.8069645814091388, 0.22849991559286856, 0.2934331305819898, 0.3368494820679702, 0.230838497094583, 0.8383720929233868, 0.46141986531586776, 6.310327514096114, 2.323489275078346, 2.1139461335522993, 2.969494352865457, 0.49351871657708535, 0.2981978880060824, 0.34000078594636407, 1.1913359381324702, 0.6079450235540135, 1.6662592175494866, 1.0277551428405192, 5.337369404493893, 1.967046754767172, 1.755652763383236, 1.6075561511881815, 0.13868885175334267, 2.345343344046863, 0.43126039739184796, 2.2516273653260424, 1.6873980869958225, 0.24681604331306295, 0.5873697180762558, 2.789659132200972, 2.151100879470675, 0.4798668885178096, 0.5918912079926868, 0.5496202032622597, 0.5605387702744036, 2.5962118384556874, 0.4425561299385106, 1.067017671804923, 0.27264284721253396, 7.34935998075988, 0.723939327732557, 0.4852577441019066, 0.3021754220522062, 0.24725651577338434, 0.3008612989216616, 0.5444006030037362, 1.7277507454605623, 5.397015360164386, 1.1247610873966871, 0.5470983464074666, 0.4315893103184545, 1.8203480547500526, 0.34800746419769696, 0.37834459662602843, 2.460737564600228, 0.2762804955947457, 0.9427711887285039, 0.42384650995332374, 0.6317381350045934]
=====
** Num Flows: 30, Target Flow Rate (Gbps): 11.664
Processing SIRD results exp_id 6:: 30flo-11.664Gbps_target
SSIRD FCT (ms): [0.000377517000000438, 0.00035581100000037225, 6.709799999882193e-05, 0.002079754000000378, 0.023510538000000025, 0.00023050499999932583, 0.0003293620000004438, 8.71920000005133e-05, 0.0002982229999997088, 0.0018160310000006064, 0.0029210580000000874, 8.625899999969988e-05, 0.00023501699999961545, 0.028379592000000287, 0.00019750299999898857, 0.00010133299999992573, 4.179999999465167e-06, 0.000570706999999615, 6.979700000009359e-05, 0.00013626200000160793, 0.0001037739999993903, 0.020506722999998672, 0.03207579199999877, 6.88359999987398e-05, 0.00016197900000136656, 0.00037183300000087627, 0.00011766599999951666, 0.000976791999999449, 0.0002979819999993083, 0.0003905839999998051, 0.00270678099999877, 0.00017783400000048744, 0.006529847000001254, 0.0001321829999998414, 0.0002794949999991303, 0.0019079210000008118, 3.6689999998174017e-06, 0.00037820600000060267, 0.014576465000001093, 0.00023567800000101613, 0.0001002660000004596, 0.019785440000001486, 0.0016825709999999106, 0.001046786999999938, 0.0002522320000011291, 0.0005073679999991754, 0.003027529000000584, 0.020502598000000205, 0.00045227100000033715, 0.0001938769999991763, 0.004047534999999769, 7.600999998302882e-06, 0.0004781540000013962, 0.00014673099999917838, 0.0005494790000000194, 0.0001357569999989039, 0.0003395479999994677, 0.00013964100000052326, 2.4161999998995043e-05, 5.4829999999839174e-05, 0.01883553000000049, 6.242599999950471e-05, 7.282099999983416e-05, 0.004663706000000545, 0.0013113970000002695, 0.00019504999999853112, 0.001495121000001376, 0.007540832000000108, 0.006862695000000585, 0.00025755799999949147, 0.0005324279999996406, 0.0052492920000002385, 1.3663000000718739e-05, 0.0002110130000012589, 6.832000000045468e-05, 0.00030877100000026303, 8.983300000053873e-05, 6.99809999993306e-05, 0.0004653060000006093, 0.006196530000000422, 0.00254352800000035, 2.4614000000866554e-05, 0.00042863800000070285, 2.433700000104011e-05, 0.008254906000001228, 3.858799999889584e-05, 0.002222856000001272, 0.0001026280000004931, 0.0008158250000001033, 5.3497999999763124e-05, 0.030599909999999397, 0.0002796649999989853, 0.005540005000000292, 0.009189593000000329, 0.007242755000000045, 0.0001097160000007591, 0.02226946500000082, 7.966399999936868e-05, 0.038005742000001064, 0.00433746299999882, 0.0018032349999987929, 9.533800000127712e-05, 0.03414640499999955, 0.0008326930000013277, 0.0006156060000002128, 0.009928535000000238, 4.551200000157962e-05, 0.015460818999999404, 0.00010439200000078586, 0.04238748799999925, 0.0037879130000000316, 0.004892303000000098, 0.007923873999999387, 0.00041652100000000303, 0.012633676000000094, 0.0002698080000005376, 0.02534098699999987, 0.0001491060000002875, 0.0033944600000008762, 0.0009581199999999512, 9.361200000057579e-05, 0.032099940999998466, 0.0036137200000005976, 0.0015948669999996667, 0.005878502999999924, 6.6730000014558755e-06, 1.1376999999868076e-05, 5.687999999892668e-06, 5.9074999999353395e-05, 3.6322999999782724e-05, 0.0005933900000005821, 0.00011302899999954263, 1.0370000000037294e-05, 0.0007561940000009315, 3.0280999999021674e-05, 0.0002222090000003618, 0.03652553200000064, 0.00012944999999930928, 0.0029051530000003822, 0.040686161, 0.001208165999999622, 9.210199999998281e-05, 0.00012158799999895109, 0.00867780699999976, 0.0006470439999990418, 0.0008849739999998718, 0.0013732849999996688, 0.00033521900000010874, 0.017224945000000602, 8.59099999992452e-05]
App Gdpt (overall): 190.81703476438753 Gbps
App Gdpt (per flow): [11.664000000064856, 11.664000000272434, 11.664000001822869, 11.663999999993338, 11.66399999999876, 11.663999999939284, 11.66400000009625, 11.663999999311423, 11.664000000329576, 11.664000000010105, 11.664000000009509, 11.664000000441574, 11.664000000441574, 11.663999999999808, 11.664000000441574, 11.663999999166531, None, 11.66400000009625, 11.664000000441574, 11.663999999849588, 11.66400000095956, 11.664000000014948, 11.664000000000344, 11.664000001822869, 11.663999999405602, 11.664000000005375, 11.664000000197815, 11.664000000062394, 11.66400000017132, 11.664000000040552, 11.664000000000579, 11.66400000009625, 11.663999999994926, 11.663999999963433, 11.66399999978232, 11.663999999994083, None, 11.664000000064856, 11.663999999998863, 11.663999999939284, 11.664000000441574, 11.66399999999953, 11.664000000005375, 11.663999999985366, 11.663999999849588, 11.663999999912566, 11.664000000003485, 11.664000000000279, 11.663999999804053, 11.66400000009625, 11.664000000004773, None, 11.66399999998114, 11.663999999720897, 11.664000000120568, 11.66400000067179, 11.66399999998114, 11.66400000009625, 11.66399999836963, 11.664000001822869, 11.663999999999762, 11.664000003549488, 11.664000000441574, 11.66400000000588, 11.663999999999023, 11.664000000329576, 11.663999999991002, 11.663999999999703, 11.663999999999092, 11.66400000017132, 11.663999999893118, 11.664000000002412, None, 11.663999999697799, 11.66399999836963, 11.664000000272434, 11.663999999849588, 11.664000008729344, 11.664000000017765, 11.663999999999092, 11.664000000011777, 11.66399999836963, 11.664000000017765, 11.663999988009918, 11.663999999994926, 11.664000008729344, 11.663999999988013, 11.663999999849588, 11.66400000002194, 11.664000008729344, 11.66400000000076, 11.664000000312077, 11.663999999996284, 11.663999999999575, 11.664000000000767, 11.663999999060279, 11.663999999999628, 11.664000000441574, 11.66399999999936, 11.664000000005375, 11.664000000020268, 11.66400000009625, 11.664000000000788, 11.66399999998697, 11.663999999954056, 11.663999999997765, 11.663999994916392, 11.66400000000121, 11.663999999664595, 11.664000000000263, 11.664000000004547, 11.664000000002037, 11.664000000000767, 11.66399999998114, 11.66400000000016, 11.663999999574248, 11.664000000000371, 11.663999999441325, 11.6639999999901, 11.664000000007803, 11.66399999836963, 11.664000000000371, 11.663999999988828, 11.664000000009047, 11.663999999999092, 11.66399999836963, 11.66399999836963, None, 11.664000001822869, 11.664000001822869, 11.663999999930684, 11.664000000441574, 11.663999988009918, 11.663999999976582, 11.66399999836963, 11.66400000009625, 11.664000000000295, 11.664000000197815, 11.663999999995669, 11.664000000000295, 11.664000000005375, 11.664000000760334, 11.664000000197815, 11.664000000003394, 11.664000000056095, 11.663999999969912, 11.664000000003197, 11.664000000288096, 11.663999999998863, 11.66400000009625]
Network Gdpt (overall): 89.05507815444722
Network Gdpt (per flow): [1.7112236005246138, 1.621085351491091, 0.6877105129930874, 5.086424644452219, 6.379247297530998, 1.7015856489063022, 1.7162392747166897, 1.5876685934395935, 1.469933573200015, 2.9665308576770997, 4.213854021385276, 1.4711044644667979, 1.767089189295581, 5.555489028876751, 1.8106864199623873, 1.5937947164311566, 2.7598086127933104, 1.4755872978613684, 0.9916758599926528, 1.8625295386608534, 1.8897989862697038, 0.7127473268157447, 5.754730420998087, 1.1731070951461207, 1.4956012816350033, 1.7994314651965353, 1.7647238794626567, 1.830563722881646, 1.8195461470869334, 1.8607213813171115, 4.901172278069791, 1.6217371256295732, 4.474942215337417, 2.3563695785416714, 1.8573498631518108, 4.135718407626229, 3.1441809758991885, 1.70810616436273, 8.441999620620692, 1.6642367976574348, 1.840863303603953, 11.661100283844215, 4.483937973494373, 4.859991574217393, 1.9666338925980031, 2.182747039627647, 4.4466996022159995, 6.939853378581514, 1.6834508513688309, 1.487541069859887, 5.224287869036638, 1.5176950404651635, 2.195510233098405, 1.8868814361079138, 3.023198338789911, 1.614531847357924, 1.562830586546915, 2.0652960090440438, 1.4323317606754173, 1.472770381182507, 6.737667376495204, 0.9239739852058059, 0.9504950495071152, 5.3998017885340674, 4.583094211744243, 2.2474647526444564, 4.737478772616719, 3.5690342922371983, 3.837659694915446, 2.1051258357382436, 2.9900155514005173, 4.907307118750269, 0.844324086905742, 2.1867847004556453, 1.181967213106888, 1.8680510799249561, 1.926240913683861, 0.32968948714966484, 2.206513563114715, 4.250231661913718, 4.68963738555202, 1.4060290890867637, 2.395270601296004, 0.9480215309616614, 3.5397965767260895, 0.8968591272154629, 5.27794513004589, 2.4729313637484958, 5.656114975637442, 0.6469026879538159, 5.403840207373266, 1.3612286128095443, 4.545679651913432, 4.058491817863824, 4.193747821098437, 1.6823070472740802, 6.561743265947099, 0.8688491665061825, 4.451919712552784, 5.008063008262183, 4.267060033775493, 1.5730139083890062, 4.955090059993204, 3.3249228707285705, 1.6115762354487402, 3.872624511068257, 1.013886447495132, 6.716043697297279, 1.87861138783167, 4.989704131558911, 4.059620165510632, 4.675893541344341, 3.833262366363013, 1.2740197973211345, 7.913968349354477, 1.881278538809037, 5.9184567672916915, 2.3210333588140832, 4.418022306934278, 5.466271448253107, 1.1090885783805646, 4.672268276131946, 4.25530699666755, 4.347156220550961, 4.480169185930557, 5.186273039479909, 5.0698778237381426, 2.028129395256274, 0.7811087600593325, 1.2703796492656452, 2.877244308125053, 1.6329968415251563, 2.224879459972712, 4.6833907700876205, 1.1428948846180154, 1.9208582910651912, 5.895670787218, 1.6040787949100654, 4.963594000039965, 5.2927704828184705, 4.592759604228009, 1.7535341252093348, 1.707800111867876, 3.699631485235946, 3.1022063414589622, 4.8752437924737055, 4.258949890227747, 1.8927328104904384, 7.143971257963129, 1.7456407868853174]
Processing DCTCP results exp_id 6:: 30flo-11.664Gbps_target
DCTCP-82 FCT (ms): [0.0005261089999990531, 0.0004901729999993165, 1.1611999999772138e-05, 0.01928735600000131, 0.03782517700000021, 0.0003473599999992416, 0.0005148799999989961, 9.319100000126923e-05, 0.0004336139999985278, 0.011797902999999721, 0.020479095999998975, 0.00011535999999878754, 0.0004326359999993201, 0.039120445000000004, 0.0003742629999994307, 0.0001598070000010665, 3.653199999931189e-05, 0.0008761709999998146, 0.00010932100000005107, 0.0003317500000008522, 0.0002765010000000956, 0.021341422999999082, 0.03875277699999913, 0.00019264899999882346, 0.000373289000000554, 0.0008160530000012045, 0.000385781000000307, 0.0017714689999994704, 0.0005977889999986274, 0.0008883310000005196, 0.020546956999998756, 0.00014738499999999988, 0.026161448999999948, 0.0002263380000009363, 0.00048764900000008993, 0.017149573000001084, 1.8049999999547595e-05, 0.0006271430000008849, 0.03512920200000025, 0.0004059450000006848, 0.00018726899999954583, 0.03289123200000077, 0.01638479400000037, 0.010213043000000255, 0.0005607919999999211, 0.0010886740000000117, 0.02073547400000031, 0.038773665999999096, 0.0008382680000007525, 0.000406232999999645, 0.02355015299999863, 0.0001024309999984041, 0.0010953870000012245, 0.0004257719999998244, 0.001611741999999694, 0.0003714559999998812, 0.00064535299999946, 0.00045957100000038054, 0.00020580700000039087, 0.00032474899999890283, 0.03817847699999888, 1.5212999999292265e-05, 2.4113000000269835e-05, 0.024859583999999657, 0.012329473999999507, 0.0003482710000000111, 0.016106137000001297, 0.025571126000000888, 0.025369398000000487, 0.0004949549999988534, 0.0013522440000013347, 0.025107002000000378, 5.2329000000739256e-05, 0.00046133100000034233, 0.00011498099999940337, 0.0006416700000002606, 0.0002103939999997806, 8.086699999942937e-05, 0.0010311149999999714, 0.025466923999999835, 0.020297509000000602, 0.00012622900000103243, 0.001049660999999702, 0.0001399230000007634, 0.026127794000000648, 0.00017024099999929376, 0.020236900000000446, 0.00039117499999896665, 0.006410169999998772, 0.0002552769999990545, 0.03963036699999911, 0.00026587300000002756, 0.02520087400000115, 0.02851108499999988, 0.026785312999999533, 0.0001242510000007968, 0.03959331699999957, 6.073999999856028e-05, 0.03981351900000085, 0.023880264999998957, 0.016704453999999203, 0.00015936900000035337, 0.039697589999999394, 0.0025246960000000485, 0.0010319079999998593, 0.02774758600000027, 0.00012808200000158365, 0.03667523499999881, 0.0003121369999998791, 0.03931616599999899, 0.021795764000000162, 0.02484311399999939, 0.026539592000000667, 0.0006804879999986468, 0.035709638000000155, 0.0006763910000007201, 0.03976918700000098, 0.000597893000000127, 0.021719415999999825, 0.00966400099999909, 2.398700000050269e-05, 0.039762733999999966, 0.021979516000000032, 0.015094138000000257, 0.025673127000001017, 1.7764000000752844e-05, 3.9012000000226976e-05, 1.9342999999949484e-05, 4.160399999975084e-05, 4.2091999999271934e-05, 0.001500813999999906, 0.00016749899999979334, 4.1366000001374914e-05, 0.003397580999999761, 5.499099999894952e-05, 0.00042472300000007124, 0.0391980640000007, 0.00025519599999945797, 0.02135398599999938, 0.03910607300000102, 0.012316874999999783, 0.00022844799999965915, 0.00028561899999957063, 0.026501339999999374, 0.0017804229999995869, 0.006275226999999717, 0.013279763999999972, 0.000739108999999516, 0.03803719000000072, 0.0002580249999990514]
App Gdpt (overall): 190.81703476438753 Gbps
App Gdpt (per flow): [11.664000000064856, 11.664000000272434, 11.664000001822869, 11.663999999993338, 11.66399999999876, 11.663999999939284, 11.66400000009625, 11.663999999311423, 11.664000000329576, 11.664000000010105, 11.664000000009509, 11.664000000441574, 11.664000000441574, 11.663999999999808, 11.664000000441574, 11.663999999166531, None, 11.66400000009625, 11.664000000441574, 11.663999999849588, 11.66400000095956, 11.664000000014948, 11.664000000000344, 11.664000001822869, 11.663999999405602, 11.664000000005375, 11.664000000197815, 11.664000000062394, 11.66400000017132, 11.664000000040552, 11.664000000000579, 11.66400000009625, 11.663999999994926, 11.663999999963433, 11.66399999978232, 11.663999999994083, None, 11.664000000064856, 11.663999999998863, 11.663999999939284, 11.664000000441574, 11.66399999999953, 11.664000000005375, 11.663999999985366, 11.663999999849588, 11.663999999912566, 11.664000000003485, 11.664000000000279, 11.663999999804053, 11.66400000009625, 11.664000000004773, None, 11.66399999998114, 11.663999999720897, 11.664000000120568, 11.66400000067179, 11.66399999998114, 11.66400000009625, 11.66399999836963, 11.664000001822869, 11.663999999999762, 11.664000003549488, 11.664000000441574, 11.66400000000588, 11.663999999999023, 11.664000000329576, 11.663999999991002, 11.663999999999703, 11.663999999999092, 11.66400000017132, 11.663999999893118, 11.664000000002412, None, 11.663999999697799, 11.66399999836963, 11.664000000272434, 11.663999999849588, 11.664000008729344, 11.664000000017765, 11.663999999999092, 11.664000000011777, 11.66399999836963, 11.664000000017765, 11.663999988009918, 11.663999999994926, 11.664000008729344, 11.663999999988013, 11.663999999849588, 11.66400000002194, 11.664000008729344, 11.66400000000076, 11.664000000312077, 11.663999999996284, 11.663999999999575, 11.664000000000767, 11.663999999060279, 11.663999999999628, 11.664000000441574, 11.66399999999936, 11.664000000005375, 11.664000000020268, 11.66400000009625, 11.664000000000788, 11.66399999998697, 11.663999999954056, 11.663999999997765, 11.663999994916392, 11.66400000000121, 11.663999999664595, 11.664000000000263, 11.664000000004547, 11.664000000002037, 11.664000000000767, 11.66399999998114, 11.66400000000016, 11.663999999574248, 11.664000000000371, 11.663999999441325, 11.6639999999901, 11.664000000007803, 11.66399999836963, 11.664000000000371, 11.663999999988828, 11.664000000009047, 11.663999999999092, 11.66399999836963, 11.66399999836963, None, 11.664000001822869, 11.664000001822869, 11.663999999930684, 11.664000000441574, 11.663999988009918, 11.663999999976582, 11.66399999836963, 11.66400000009625, 11.664000000000295, 11.664000000197815, 11.663999999995669, 11.664000000000295, 11.664000000005375, 11.664000000760334, 11.664000000197815, 11.664000000003394, 11.664000000056095, 11.663999999969912, 11.664000000003197, 11.664000000288096, 11.663999999998863, 11.66400000009625]
Network Gdpt (overall): 94.83981014760082
Network Gdpt (per flow): [1.2279128469597795, 1.1767274003276482, 3.9738201860924462, 0.548468748126974, 3.9650716241195427, 1.1291570704769012, 1.0978558110649124, 1.4854653346150875, 1.0109636681506786, 0.45663301351097124, 0.6010476243678244, 1.1000000000115613, 0.9599201176061462, 4.03018196751085, 0.9555205831208108, 1.0106190592334638, 0.31577794810624354, 0.9611457124239198, 0.6331445925299592, 0.7650097965315692, 0.7092632576371594, 0.6848705449491643, 4.7632079631352395, 0.41916646336338714, 0.6489770660256275, 0.8199075305145774, 0.5382535687341646, 1.009376963413153, 0.9069956121662409, 0.8181274772574355, 0.6456625182989776, 1.9567798622654968, 1.1169369097254538, 1.376136574497926, 1.064536172533737, 0.4601061495816544, 0.6391135734232211, 1.0300936150113906, 3.502912249472651, 0.9661998546584842, 0.9856196167034995, 7.014635389759636, 0.4604601070968503, 0.49812538731109557, 0.8845489949929204, 1.017252180175138, 0.6492502655111622, 3.669630413590588, 0.9082727719527842, 0.7099374004579935, 0.8978917461810643, 0.11262215540392785, 0.9583754417377846, 0.6502635213215388, 1.0306761255835708, 0.5900671950380936, 0.8222724617386825, 0.6275417726526722, 0.16815754566139282, 0.24865973413397063, 3.3240596789652908, 3.7914941170501133, 2.870484800697775, 1.0130132507446765, 0.4874705928249851, 1.258697967961691, 0.43977671368369897, 1.0524952244965304, 1.0381282204646518, 1.0954369589179949, 1.1772786568092952, 1.0260041401995992, 0.22045137495149975, 1.00023627287058, 0.7023073377377047, 0.8989044212753685, 0.822456914171414, 0.2853079748248705, 0.9957221066515651, 1.034152691546108, 0.5876693539093711, 0.2741683765197929, 0.9781291293096452, 0.16489068987853406, 1.1183756271195064, 0.2032882795574719, 0.5797385963264997, 0.648794018024338, 0.7198561036604153, 0.13557038041080155, 4.172482783215298, 1.4318415183187483, 0.9992942308270282, 1.3081188597347368, 1.1339904073549758, 1.48550917094282, 3.6906862842535166, 1.1395456042416963, 4.249775358967802, 0.9096334567476931, 0.46062636947010466, 0.9410111125731321, 4.262185991643387, 1.0966231181892578, 0.961419041232489, 1.3856876774793898, 0.360269202537667, 2.831216650690947, 0.628288219596126, 5.379492598540902, 0.705526450001931, 0.9208140332166316, 1.1444896364646164, 0.7798168373300561, 2.7998747004940117, 0.7504298549203932, 3.7712497366364643, 0.5788326673835058, 0.6904789705211282, 0.5419436525307162, 4.328344519857597, 3.771861763831434, 0.6996281446779801, 0.45932639545231946, 1.025846520371241, 1.9482098625609832, 1.4785194299103972, 0.59639145944425, 1.109124122687154, 1.096265323595889, 1.137601328345889, 1.101952847481046, 0.557752743780717, 1.0423745600179215, 0.6293393464505304, 1.0049655893368818, 5.493702750217362, 0.8136804652127817, 0.6752837620105407, 5.506625837884423, 0.45050518090019576, 0.706961759351104, 0.7270104579888318, 1.2114364028385265, 1.1274084866351795, 0.6875391121309548, 0.4404258991349555, 0.8584390123789801, 3.2351104800327697, 0.5812149985487893]
Processing ExpressPass results exp_id 6:: 30flo-11.664Gbps_target
ExpressPass FCT (ms): [0.0018913999999998765, 0.0015286529999993803, 9.087799999996093e-05, 0.003632861000001597, 0.035649052000000125, 0.0010691709999992582, 0.0018990710000004185, 0.0007356490000010041, 0.0007174419999991244, 0.004593846000000568, 0.009296712999999457, 0.0007648919999994064, 0.0011406720000000092, 0.037009572000000546, 0.001122425000000149, 0.0008385500000009927, 8.709999999467755e-06, 0.0007136390000006543, 0.0002444889999999589, 0.0011303260000001814, 0.0005085369999999756, 0.01094344699999894, 0.04004418899999962, 0.0002489350000001167, 0.0008808930000014925, 0.0013112270000004145, 0.0003242549999988853, 0.0039067759999991125, 0.0014389769999993973, 0.0006529200000002788, 0.004726462999999015, 0.0007295660000004034, 0.015485631000000666, 0.00078644000000061, 0.0011820470000003525, 0.006459508000000724, 8.572000000484081e-06, 0.0006562800000011748, 0.03248021000000101, 0.000470149999999947, 0.0009411240000005705, 0.042601805000000326, 0.007359960000000498, 0.0034152980000001776, 0.001254530000000642, 0.0018493090000006873, 0.009554722000000737, 0.03477916299999961, 0.001788336000000612, 0.0011577319999993563, 0.011806304999998574, 1.090099999956351e-05, 0.0017149030000016552, 0.000877039000000579, 0.0010536159999983141, 0.0009536069999995789, 0.001541586999998401, 0.00038447200000035764, 0.00012413800000032893, 0.00019038499999979308, 0.036417021000000105, 0.00014234799999890413, 0.0001075989999996807, 0.01407972500000021, 0.004505995999998902, 0.001484805999998784, 0.008097691999999768, 0.016323064000001608, 0.01538050699999971, 0.0006374019999988434, 0.0031706080000013515, 0.014891662000000139, 1.26209999997684e-05, 0.0011720930000009844, 0.00015546200000038368, 0.0015729750000001985, 0.0007092620000008765, 0.00010286000000014894, 0.0034770590000015034, 0.014790300999999673, 0.009290403999999697, 0.0001580440000008565, 0.00183744699999977, 0.00013605500000046789, 0.01761947200000158, 0.00016359399999998914, 0.010134894000000116, 0.0007408980000001009, 0.0027304949999997774, 0.00013911399999955165, 0.04159453699999993, 0.0007961509999994121, 0.016808872000000363, 0.019502532000000627, 0.016909098999999372, 0.0007663110000013518, 0.040240948999999304, 0.0002662959999994996, 0.042476634999999874, 0.014506863999999453, 0.0062234629999995406, 0.0003390240000005207, 0.04310171899999915, 0.0024500270000000768, 0.000889227000000048, 0.01962832100000078, 0.00024639300000117714, 0.035846218999999735, 0.0008161600000011759, 0.04377982499999966, 0.006396323000000592, 0.013984387000000709, 0.017423978000000062, 0.0005212700000001291, 0.033927685000000096, 0.0006227620000007761, 0.04173960600000015, 0.0008298150000012328, 0.006897196000000605, 0.006308402000000157, 0.00010220000000060736, 0.04010706999999947, 0.005616079000001051, 0.005698413999999374, 0.01396172399999962, 8.95300000003374e-05, 0.0001901730000000157, 1.1588999999645466e-05, 0.00013857299999919803, 0.0002579790000005744, 0.00453039399999966, 0.000723110000000915, 0.00012361600000154738, 0.0036810870000003604, 0.00016034799999964378, 0.0008941790000012162, 0.04412142600000024, 0.0008494849999998166, 0.011617941000000798, 0.044332594000000114, 0.005726433999999614, 0.0008426709999991289, 0.00044172999999858575, 0.017379717999999045, 0.003961188999999976, 0.0031878299999998916, 0.004583927000000543, 0.0014499780000001294, 0.03738744800000049, 0.0002488169999992351]
App Gdpt (overall): 190.81703476438753 Gbps
App Gdpt (per flow): [11.664000000064856, 11.664000000272434, 11.664000001822869, 11.663999999993338, 11.66399999999876, 11.663999999939284, 11.66400000009625, 11.663999999311423, 11.664000000329576, 11.664000000010105, 11.664000000009509, 11.664000000441574, 11.664000000441574, 11.663999999999808, 11.664000000441574, 11.663999999166531, None, 11.66400000009625, 11.664000000441574, 11.663999999849588, 11.66400000095956, 11.664000000014948, 11.664000000000344, 11.664000001822869, 11.663999999405602, 11.664000000005375, 11.664000000197815, 11.664000000062394, 11.66400000017132, 11.664000000040552, 11.664000000000579, 11.66400000009625, 11.663999999994926, 11.663999999963433, 11.66399999978232, 11.663999999994083, None, 11.664000000064856, 11.663999999998863, 11.663999999939284, 11.664000000441574, 11.66399999999953, 11.664000000005375, 11.663999999985366, 11.663999999849588, 11.663999999912566, 11.664000000003485, 11.664000000000279, 11.663999999804053, 11.66400000009625, 11.664000000004773, None, 11.66399999998114, 11.663999999720897, 11.664000000120568, 11.66400000067179, 11.66399999998114, 11.66400000009625, 11.66399999836963, 11.664000001822869, 11.663999999999762, 11.664000003549488, 11.664000000441574, 11.66400000000588, 11.663999999999023, 11.664000000329576, 11.663999999991002, 11.663999999999703, 11.663999999999092, 11.66400000017132, 11.663999999893118, 11.664000000002412, None, 11.663999999697799, 11.66399999836963, 11.664000000272434, 11.663999999849588, 11.664000008729344, 11.664000000017765, 11.663999999999092, 11.664000000011777, 11.66399999836963, 11.664000000017765, 11.663999988009918, 11.663999999994926, 11.664000008729344, 11.663999999988013, 11.663999999849588, 11.66400000002194, 11.664000008729344, 11.66400000000076, 11.664000000312077, 11.663999999996284, 11.663999999999575, 11.664000000000767, 11.663999999060279, 11.663999999999628, 11.664000000441574, 11.66399999999936, 11.664000000005375, 11.664000000020268, 11.66400000009625, 11.664000000000788, 11.66399999998697, 11.663999999954056, 11.663999999997765, 11.663999994916392, 11.66400000000121, 11.663999999664595, 11.664000000000263, 11.664000000004547, 11.664000000002037, 11.664000000000767, 11.66399999998114, 11.66400000000016, 11.663999999574248, 11.664000000000371, 11.663999999441325, 11.6639999999901, 11.664000000007803, 11.66399999836963, 11.664000000000371, 11.663999999988828, 11.664000000009047, 11.663999999999092, 11.66399999836963, 11.66399999836963, None, 11.664000001822869, 11.664000001822869, 11.663999999930684, 11.664000000441574, 11.663999988009918, 11.663999999976582, 11.66399999836963, 11.66400000009625, 11.664000000000295, 11.664000000197815, 11.663999999995669, 11.664000000000295, 11.664000000005375, 11.664000000760334, 11.664000000197815, 11.664000000003394, 11.664000000056095, 11.663999999969912, 11.664000000003197, 11.664000000288096, 11.663999999998863, 11.66400000009625]
Network Gdpt (overall): 85.16065960526134
Network Gdpt (per flow): [0.3415544041451, 0.37732565860285744, 0.5077576531175845, 2.911895610648288, 4.207111482235193, 0.3668487080179617, 0.29765290502560227, 0.18817669839802822, 0.6110152458324646, 1.172723682944386, 1.3240068828628697, 0.16590054543660868, 0.3640801211917156, 4.260046887329518, 0.31861015212593496, 0.19259912944941723, 1.3244546499087182, 1.1800476151096395, 0.2831047613594544, 0.22452991437864767, 0.38563958964639633, 1.3356040377407061, 4.6095960639882545, 0.3243899009780149, 0.27501183458103257, 0.5102762527005534, 0.6403848822707865, 0.45768684971966817, 0.3767899000472052, 1.1131042087846745, 2.806834624539061, 0.39530350920936635, 1.8869549455232884, 0.39605310004546873, 0.4391703544781597, 1.2215518581289961, 1.345776948127454, 0.9843603340020168, 3.7885996426746065, 0.8342528980113671, 0.19612293385344345, 5.415732971877559, 1.0250794841275617, 1.489584803434352, 0.39540545064665344, 0.598848542887959, 1.4089904447244999, 4.091099719679901, 0.4257454974902588, 0.24910773823316656, 1.7910335198017124, 1.0582515365986531, 0.6121582386869618, 0.3156803745327372, 1.5766503166264163, 0.2298473060706316, 0.3442270854648816, 0.7501196446028104, 0.27878651178453256, 0.42415106232154726, 3.484841223009418, 0.4052041475851017, 0.6432773538806624, 1.7886065246302487, 1.3338351831651571, 0.2952358759328553, 0.8747065213149875, 1.6488012299649961, 1.7123419923673842, 0.850628018112563, 0.5021018050794427, 1.7298195459982748, 0.9140321686246486, 0.3936888966998459, 0.5194324014858982, 0.36669368553214593, 0.243971903189211, 0.22430488041966357, 0.2952794301159561, 1.7806728882664784, 1.2839295255621164, 0.21897699374738963, 0.5587665929956775, 0.16957847929087985, 1.658431535292169, 0.21154810078610645, 1.157595925522247, 0.342546477382805, 1.6899499907527302, 0.24877438647520406, 3.9754505261111643, 0.47816054994628043, 1.4982021399175065, 1.9123613282623406, 1.7963280006818299, 0.24086304385513768, 3.6312889141854616, 0.259921290594414, 3.983331353813703, 1.4973799988750718, 1.2363714542852697, 0.44235216385792653, 3.9255629688459375, 1.1300446893033886, 1.1156836218422816, 1.958878092527551, 0.18727804767091416, 2.8966942371244446, 0.24028621838820508, 4.831015747550422, 2.404113738471084, 1.6358162856905234, 1.7432464618584742, 1.0180060237494362, 2.9469299776863562, 0.8150529415721696, 3.59321877643022, 0.4170568138675318, 2.174332873822737, 0.8302172245839549, 1.0158904109528668, 3.739478750255304, 2.7381181781803856, 1.2166781844914676, 1.8863492789286422, 0.3865519937436567, 0.30330278220354756, 0.995426697761059, 0.33299416192380227, 0.17886727214190792, 0.37686082049378666, 0.25525300438351906, 0.18664250582215244, 0.9620940771026747, 0.21583056851396268, 0.47734514006638434, 4.8806788792365605, 0.24443986650740723, 1.241183786352419, 4.857430900614555, 0.9689827910354636, 0.19165724226912634, 0.47007900754004667, 1.847250225809289, 0.5067327007118348, 1.3534172148452543, 1.2759260782292798, 0.43757905292352256, 3.291332213955828, 0.6027240903976055]

#################################

Src-Dst pairs list: [(1, 0), (2, 0), (3, 0), (4, 0), (5, 0)]
Num Flows: [1, 5, 10, 15, 20, 25, 30]
Target Flow Rate (Gbps): 11.664
Protos tested: ['SSIRD', 'DCTCP-82', 'ExpressPass']
Src-Dst pairs list: [(1, 0), (2, 0), (3, 0), (4, 0), (5, 0)]
Num Flows: [1, 5, 10, 15, 20, 25, 30]
- APP Gdpt Gbps measured (SSIRD): [12.874005307231673, 27.044765887534822, 52.78046173412039, 96.32128486135298, 114.64114529214349, 131.7788614187584, 190.81703476438753]
+ APP Gdpt Gbps union (SSIRD):    [12.874836733375615, 27.045271987344606, 52.78103707914761, 96.32159205492195, 114.64125053831572, 131.77896662196625, 190.81734192646758]
- APP Gdpt Gbps measured (DCTCP): [12.874005307231673, 27.044765887534822, 52.78046173412039, 96.32128486135298, 114.64114529214349, 131.7788614187584, 190.81703476438753]
+ APP Gdpt Gbps union (DCTCP):    [12.874836733375615, 27.045271987344606, 52.78103707914761, 96.32159205492195, 114.64125053831572, 131.77896662196625, 190.81734192646758]
- APP Gdpt Gbps measured (XPass): [12.874005307231673, 27.044765887534822, 52.78046173412039, 96.32128486135298, 114.64114529214349, 131.7788614187584, 190.81703476438753]
+ APP Gdpt Gbps union (XPass):    [12.874836733375615, 27.045271987344606, 52.78103707914761, 96.32159205492195, 114.64125053831572, 131.77896662196625, 190.81734192646758]
APP Gdpt Gbps measured per flow (SSIRD): [[11.664000000056095, 11.66399999999936, 11.66400000009625, 11.66399999999908, 11.66399999836963], [11.66400000034291, 11.664000000000176, 11.663999999997765, 11.664000000005375, 11.664000000197815, 11.663999999997104, 11.664000000011335, 11.664000000040552, 11.663999999985132, 11.663999999995108, 11.663999999993338, 11.664000001822869, 11.664000000288096, 11.66399999958842, 11.664000000000012, 11.66400000095956, 11.663999999849588, 11.663999999849588, 11.6639999999999, 11.663999999993244, 11.663999999999575, 11.663999999904403, 11.664000003549488, 11.664000000197815, 11.664000000004052], [11.663999999923586, 11.664000000155788, 11.664000000056095, 11.664000000020268, 11.664000000019554, 11.664000000197815, 11.66400000009625, 11.664000000010105, 11.664000000010532, 11.663999999232939, 11.664000000004773, 11.66399999998114, 11.664000000197815, 11.664000000009509, 11.664000000000964, 11.664000000005375, 11.663999999992235, 11.664000001822869, 11.663999999166531, 11.664000000032887, 11.66399999976959, 11.664000000197815, 11.664000000441574, 11.66400000009625, 11.664000000005375, 11.663999999998323, 11.663999999999614, 11.664000000006222, 11.663999999750926, 11.663999999849588, 11.664000000009093, 11.663999999995552, 11.66399999836963, 11.663999994916392, 11.663999999923586, 11.663999999963433, 11.664000008729344, 11.66400000009625, 11.663999999849588, 11.663999999999444, 11.664000000005375, 11.66400000001604, 11.664000000010773, 11.66400000009625, 11.663999999912566, 11.663999999963433, 11.663999999994083, 11.663999999999296, 11.664000000006425, 11.663999999963433], [11.664000000441574, 11.66400000009625, 11.663999999999628, 11.664000000441574, 11.663999999991473, 11.664000000008826, 11.664000000005375, 11.664000000197815, 11.663999999928173, 11.664000000138362, 11.663999994916392, 11.66399999999953, 11.663999999849588, 11.664000000441574, 11.663999998979026, 11.663999999994202, 11.66400000001444, 11.664000000288096, 11.664000003549488, 11.663999999893118, 11.663999999664595, 11.663999999999927, 11.663999999791553, 11.664000000760334, 11.663999999999751, 11.664000000003485, 11.664000000006425, 11.66399999958842, 11.663999999999556, 11.66400000009625, 11.664000008729344, 11.663999999999762, 11.663999999995108, 11.66399999958842, 11.663999999998627, 11.66400000000016, 11.663999999612795, 11.664000000441574, 11.664000000288096, 11.66400000017847, 11.664000000000817, 11.664000000012496, 11.663999999849588, 11.66399999836963, 11.663999999520708, 11.663999999893118, 11.66399999998333, 11.663999999904403, 11.664000000081234, 11.664000000034585, 11.664000000040552, 11.663999999372184, 11.66400000009625, 11.664000000155788, 11.663999999849588, 11.663999999990539, 11.66399999998114, 11.66399999836963, 11.663999999939284, 11.664000000441574, 11.664000000760334, 11.66399999836963, 11.663999999977172, 11.664000000441574, None, 11.664000008729344, 11.663999999998863, 11.66399999836963, 11.664000000441574, 11.66399999976959, 11.663999999971647, 11.664000000006306, 11.663999999999927, 11.664000001822869, 11.664000000441574], [11.66399999998333, 11.66400000067179, 11.664000000061012, 11.664000000197815, 11.664000001822869, 11.663999996297688, 11.664000000056095, 11.664000000441574, 11.66399999999658, 11.664000000441574, 11.664000000441574, 11.663999999997333, 11.664000000329576, 11.664000001329548, 11.663999999520708, 11.663999999849588, 11.663999999849588, 11.663999999982355, 11.663999999849588, 11.663999999998882, None, 11.663999999963433, 11.664000000000263, 11.66399999999925, 11.664000000002037, 11.664000001822869, 11.664000001822869, 11.664000000000964, 11.663999999664595, 11.66400000009625, 11.664000000004052, 11.663999999991503, 11.66399999999865, 11.664000000012894, 11.664000000441574, 11.66399999958842, 11.66399999998114, 11.663999999998607, 11.66399999836963, 11.66400000009625, None, 11.66399999999908, 11.663999999923586, 11.66399999958842, 11.663999999996362, 11.66399999958842, 11.664000000074394, 11.664000000003943, 11.663999999664595, 11.663999999963433, 11.664000000000327, 11.663999999999357, 11.663999999849588, 11.664000000760334, 11.664000000056095, 11.664000000760334, 11.664000000197815, 11.663999999997104, 11.663999999750926, 11.66399999958842, 11.664000000017765, 11.663999999720897, 11.664000000007803, 11.664000008729344, 11.664000000005375, 11.664000000002071, 11.664000000001502, 11.664000000000263, 11.66400000002194, 11.663999999999838, 11.664000000155788, 11.663999999849588, 11.663999999994083, 11.663999999986892, 11.663999999998607, 11.664000000441574, 11.663999994916392, 11.664000001822869, 11.664000000005375, 11.663999999999092, 11.664000000010105, None, 11.663999999999051, 11.663999999993028, None, 11.663999999166531, 11.664000000007134, 11.664000000001002, 11.663999999849588, 11.663999999849588, 11.664000000000263, 11.663999999998328, 11.663999999989208, 11.664000000441574, 11.664000000005375, 11.664000003549488, 11.664000000009086, 11.663999999849588, 11.663999999998323, 11.66399999836963], [11.664000000110063, 11.664000000197815, 11.66400000000969, 11.663999999999808, 11.6640000000323, 11.663999999520708, 11.663999999999051, 11.663999999060279, None, 11.663999999849588, 11.664000000155788, 11.663999999664595, 11.664000000005375, 11.664000000008556, 11.663999999849588, 11.663999999949926, 11.66400000095956, 11.663999999999936, 11.66400000009625, 11.66399999836963, 11.663999999697799, 11.664000000005375, 11.66399999998114, 11.664000000441574, 11.663999999849588, 11.663999999750926, 11.664000000000735, 11.664000000000787, 11.663999998979026, 11.663999999520708, 11.663999999993338, 11.663999999976216, 11.66399999999681, 11.66399999999925, 11.664000000000295, 11.663999999979309, 11.664000000000327, 11.663999999923586, 11.664000000011777, 11.663999999311423, 11.664000000005375, 11.664000000197815, 11.66399999999865, 11.66399999963301, None, 11.664000008729344, 11.664000003549488, 11.66399999958842, 11.664000000441574, 11.663999999973715, 11.663999999939284, 11.663999999993028, 11.664000000040552, 11.664000000005375, 11.663999999889056, 11.663999999992544, 11.663999994916392, 11.66399999999832, 11.664000001822869, 11.66400000009625, 11.663999999999861, 11.663999999997104, 11.663999999849588, 11.664000008729344, 11.663999999999628, 11.664000000329576, 11.66400000001403, 11.664000000056095, 11.664000000005375, 11.664000000441574, 11.66399999836963, None, 11.664000000441574, 11.664000000000344, 11.664000000000787, 11.663999999993338, 11.663999999997765, 11.663999999664595, 11.66400000009625, 11.663999996297688, 11.664000000008826, 11.66399999836963, 11.664000000010773, 11.663999999923586, 11.664000000000279, 11.663999999994202, 11.66399999999865, 11.664000000016207, 11.66399999836963, 11.664000000001558, 11.664000000441574, 11.66399999999865, 11.664000000019554, 11.663999999520708, 11.663999999520708, 11.664000000002709, 11.663999999991532, 11.66399999836963, 11.664000000056095, 11.664000000027185, 11.664000003549488, 11.663999999997216, 11.664000001822869, 11.663999999994683, 11.663999999939284, 11.664000000000327, 11.663999999963433, 11.664000000155788, 11.663999998979026, 11.663999988009918, 11.663999994916392, 11.664000000197815, 11.663999999987082, 11.664000000000279, 11.663999999977172, 11.663999999791553, 11.66399999958842, 11.663999999989871, 11.66399999836963, 11.663999999849588, 11.663999999995552, 11.664000008729344, 11.663999999912566, 11.664000000253214, 11.663999999612795], [11.664000000064856, 11.664000000272434, 11.664000001822869, 11.663999999993338, 11.66399999999876, 11.663999999939284, 11.66400000009625, 11.663999999311423, 11.664000000329576, 11.664000000010105, 11.664000000009509, 11.664000000441574, 11.664000000441574, 11.663999999999808, 11.664000000441574, 11.663999999166531, None, 11.66400000009625, 11.664000000441574, 11.663999999849588, 11.66400000095956, 11.664000000014948, 11.664000000000344, 11.664000001822869, 11.663999999405602, 11.664000000005375, 11.664000000197815, 11.664000000062394, 11.66400000017132, 11.664000000040552, 11.664000000000579, 11.66400000009625, 11.663999999994926, 11.663999999963433, 11.66399999978232, 11.663999999994083, None, 11.664000000064856, 11.663999999998863, 11.663999999939284, 11.664000000441574, 11.66399999999953, 11.664000000005375, 11.663999999985366, 11.663999999849588, 11.663999999912566, 11.664000000003485, 11.664000000000279, 11.663999999804053, 11.66400000009625, 11.664000000004773, None, 11.66399999998114, 11.663999999720897, 11.664000000120568, 11.66400000067179, 11.66399999998114, 11.66400000009625, 11.66399999836963, 11.664000001822869, 11.663999999999762, 11.664000003549488, 11.664000000441574, 11.66400000000588, 11.663999999999023, 11.664000000329576, 11.663999999991002, 11.663999999999703, 11.663999999999092, 11.66400000017132, 11.663999999893118, 11.664000000002412, None, 11.663999999697799, 11.66399999836963, 11.664000000272434, 11.663999999849588, 11.664000008729344, 11.664000000017765, 11.663999999999092, 11.664000000011777, 11.66399999836963, 11.664000000017765, 11.663999988009918, 11.663999999994926, 11.664000008729344, 11.663999999988013, 11.663999999849588, 11.66400000002194, 11.664000008729344, 11.66400000000076, 11.664000000312077, 11.663999999996284, 11.663999999999575, 11.664000000000767, 11.663999999060279, 11.663999999999628, 11.664000000441574, 11.66399999999936, 11.664000000005375, 11.664000000020268, 11.66400000009625, 11.664000000000788, 11.66399999998697, 11.663999999954056, 11.663999999997765, 11.663999994916392, 11.66400000000121, 11.663999999664595, 11.664000000000263, 11.664000000004547, 11.664000000002037, 11.664000000000767, 11.66399999998114, 11.66400000000016, 11.663999999574248, 11.664000000000371, 11.663999999441325, 11.6639999999901, 11.664000000007803, 11.66399999836963, 11.664000000000371, 11.663999999988828, 11.664000000009047, 11.663999999999092, 11.66399999836963, 11.66399999836963, None, 11.664000001822869, 11.664000001822869, 11.663999999930684, 11.664000000441574, 11.663999988009918, 11.663999999976582, 11.66399999836963, 11.66400000009625, 11.664000000000295, 11.664000000197815, 11.663999999995669, 11.664000000000295, 11.664000000005375, 11.664000000760334, 11.664000000197815, 11.664000000003394, 11.664000000056095, 11.663999999969912, 11.664000000003197, 11.664000000288096, 11.663999999998863, 11.66400000009625]]
APP Gdpt Gbps measured per flow (DCTCP): [[11.664000000056095, 11.66399999999936, 11.66400000009625, 11.66399999999908, 11.66399999836963], [11.66400000034291, 11.664000000000176, 11.663999999997765, 11.664000000005375, 11.664000000197815, 11.663999999997104, 11.664000000011335, 11.664000000040552, 11.663999999985132, 11.663999999995108, 11.663999999993338, 11.664000001822869, 11.664000000288096, 11.66399999958842, 11.664000000000012, 11.66400000095956, 11.663999999849588, 11.663999999849588, 11.6639999999999, 11.663999999993244, 11.663999999999575, 11.663999999904403, 11.664000003549488, 11.664000000197815, 11.664000000004052], [11.663999999923586, 11.664000000155788, 11.664000000056095, 11.664000000020268, 11.664000000019554, 11.664000000197815, 11.66400000009625, 11.664000000010105, 11.664000000010532, 11.663999999232939, 11.664000000004773, 11.66399999998114, 11.664000000197815, 11.664000000009509, 11.664000000000964, 11.664000000005375, 11.663999999992235, 11.664000001822869, 11.663999999166531, 11.664000000032887, 11.66399999976959, 11.664000000197815, 11.664000000441574, 11.66400000009625, 11.664000000005375, 11.663999999998323, 11.663999999999614, 11.664000000006222, 11.663999999750926, 11.663999999849588, 11.664000000009093, 11.663999999995552, 11.66399999836963, 11.663999994916392, 11.663999999923586, 11.663999999963433, 11.664000008729344, 11.66400000009625, 11.663999999849588, 11.663999999999444, 11.664000000005375, 11.66400000001604, 11.664000000010773, 11.66400000009625, 11.663999999912566, 11.663999999963433, 11.663999999994083, 11.663999999999296, 11.664000000006425, 11.663999999963433], [11.664000000441574, 11.66400000009625, 11.663999999999628, 11.664000000441574, 11.663999999991473, 11.664000000008826, 11.664000000005375, 11.664000000197815, 11.663999999928173, 11.664000000138362, 11.663999994916392, 11.66399999999953, 11.663999999849588, 11.664000000441574, 11.663999998979026, 11.663999999994202, 11.66400000001444, 11.664000000288096, 11.664000003549488, 11.663999999893118, 11.663999999664595, 11.663999999999927, 11.663999999791553, 11.664000000760334, 11.663999999999751, 11.664000000003485, 11.664000000006425, 11.66399999958842, 11.663999999999556, 11.66400000009625, 11.664000008729344, 11.663999999999762, 11.663999999995108, 11.66399999958842, 11.663999999998627, 11.66400000000016, 11.663999999612795, 11.664000000441574, 11.664000000288096, 11.66400000017847, 11.664000000000817, 11.664000000012496, 11.663999999849588, 11.66399999836963, 11.663999999520708, 11.663999999893118, 11.66399999998333, 11.663999999904403, 11.664000000081234, 11.664000000034585, 11.664000000040552, 11.663999999372184, 11.66400000009625, 11.664000000155788, 11.663999999849588, 11.663999999990539, 11.66399999998114, 11.66399999836963, 11.663999999939284, 11.664000000441574, 11.664000000760334, 11.66399999836963, 11.663999999977172, 11.664000000441574, None, 11.664000008729344, 11.663999999998863, 11.66399999836963, 11.664000000441574, 11.66399999976959, 11.663999999971647, 11.664000000006306, 11.663999999999927, 11.664000001822869, 11.664000000441574], [11.66399999998333, 11.66400000067179, 11.664000000061012, 11.664000000197815, 11.664000001822869, 11.663999996297688, 11.664000000056095, 11.664000000441574, 11.66399999999658, 11.664000000441574, 11.664000000441574, 11.663999999997333, 11.664000000329576, 11.664000001329548, 11.663999999520708, 11.663999999849588, 11.663999999849588, 11.663999999982355, 11.663999999849588, 11.663999999998882, None, 11.663999999963433, 11.664000000000263, 11.66399999999925, 11.664000000002037, 11.664000001822869, 11.664000001822869, 11.664000000000964, 11.663999999664595, 11.66400000009625, 11.664000000004052, 11.663999999991503, 11.66399999999865, 11.664000000012894, 11.664000000441574, 11.66399999958842, 11.66399999998114, 11.663999999998607, 11.66399999836963, 11.66400000009625, None, 11.66399999999908, 11.663999999923586, 11.66399999958842, 11.663999999996362, 11.66399999958842, 11.664000000074394, 11.664000000003943, 11.663999999664595, 11.663999999963433, 11.664000000000327, 11.663999999999357, 11.663999999849588, 11.664000000760334, 11.664000000056095, 11.664000000760334, 11.664000000197815, 11.663999999997104, 11.663999999750926, 11.66399999958842, 11.664000000017765, 11.663999999720897, 11.664000000007803, 11.664000008729344, 11.664000000005375, 11.664000000002071, 11.664000000001502, 11.664000000000263, 11.66400000002194, 11.663999999999838, 11.664000000155788, 11.663999999849588, 11.663999999994083, 11.663999999986892, 11.663999999998607, 11.664000000441574, 11.663999994916392, 11.664000001822869, 11.664000000005375, 11.663999999999092, 11.664000000010105, None, 11.663999999999051, 11.663999999993028, None, 11.663999999166531, 11.664000000007134, 11.664000000001002, 11.663999999849588, 11.663999999849588, 11.664000000000263, 11.663999999998328, 11.663999999989208, 11.664000000441574, 11.664000000005375, 11.664000003549488, 11.664000000009086, 11.663999999849588, 11.663999999998323, 11.66399999836963], [11.664000000110063, 11.664000000197815, 11.66400000000969, 11.663999999999808, 11.6640000000323, 11.663999999520708, 11.663999999999051, 11.663999999060279, None, 11.663999999849588, 11.664000000155788, 11.663999999664595, 11.664000000005375, 11.664000000008556, 11.663999999849588, 11.663999999949926, 11.66400000095956, 11.663999999999936, 11.66400000009625, 11.66399999836963, 11.663999999697799, 11.664000000005375, 11.66399999998114, 11.664000000441574, 11.663999999849588, 11.663999999750926, 11.664000000000735, 11.664000000000787, 11.663999998979026, 11.663999999520708, 11.663999999993338, 11.663999999976216, 11.66399999999681, 11.66399999999925, 11.664000000000295, 11.663999999979309, 11.664000000000327, 11.663999999923586, 11.664000000011777, 11.663999999311423, 11.664000000005375, 11.664000000197815, 11.66399999999865, 11.66399999963301, None, 11.664000008729344, 11.664000003549488, 11.66399999958842, 11.664000000441574, 11.663999999973715, 11.663999999939284, 11.663999999993028, 11.664000000040552, 11.664000000005375, 11.663999999889056, 11.663999999992544, 11.663999994916392, 11.66399999999832, 11.664000001822869, 11.66400000009625, 11.663999999999861, 11.663999999997104, 11.663999999849588, 11.664000008729344, 11.663999999999628, 11.664000000329576, 11.66400000001403, 11.664000000056095, 11.664000000005375, 11.664000000441574, 11.66399999836963, None, 11.664000000441574, 11.664000000000344, 11.664000000000787, 11.663999999993338, 11.663999999997765, 11.663999999664595, 11.66400000009625, 11.663999996297688, 11.664000000008826, 11.66399999836963, 11.664000000010773, 11.663999999923586, 11.664000000000279, 11.663999999994202, 11.66399999999865, 11.664000000016207, 11.66399999836963, 11.664000000001558, 11.664000000441574, 11.66399999999865, 11.664000000019554, 11.663999999520708, 11.663999999520708, 11.664000000002709, 11.663999999991532, 11.66399999836963, 11.664000000056095, 11.664000000027185, 11.664000003549488, 11.663999999997216, 11.664000001822869, 11.663999999994683, 11.663999999939284, 11.664000000000327, 11.663999999963433, 11.664000000155788, 11.663999998979026, 11.663999988009918, 11.663999994916392, 11.664000000197815, 11.663999999987082, 11.664000000000279, 11.663999999977172, 11.663999999791553, 11.66399999958842, 11.663999999989871, 11.66399999836963, 11.663999999849588, 11.663999999995552, 11.664000008729344, 11.663999999912566, 11.664000000253214, 11.663999999612795], [11.664000000064856, 11.664000000272434, 11.664000001822869, 11.663999999993338, 11.66399999999876, 11.663999999939284, 11.66400000009625, 11.663999999311423, 11.664000000329576, 11.664000000010105, 11.664000000009509, 11.664000000441574, 11.664000000441574, 11.663999999999808, 11.664000000441574, 11.663999999166531, None, 11.66400000009625, 11.664000000441574, 11.663999999849588, 11.66400000095956, 11.664000000014948, 11.664000000000344, 11.664000001822869, 11.663999999405602, 11.664000000005375, 11.664000000197815, 11.664000000062394, 11.66400000017132, 11.664000000040552, 11.664000000000579, 11.66400000009625, 11.663999999994926, 11.663999999963433, 11.66399999978232, 11.663999999994083, None, 11.664000000064856, 11.663999999998863, 11.663999999939284, 11.664000000441574, 11.66399999999953, 11.664000000005375, 11.663999999985366, 11.663999999849588, 11.663999999912566, 11.664000000003485, 11.664000000000279, 11.663999999804053, 11.66400000009625, 11.664000000004773, None, 11.66399999998114, 11.663999999720897, 11.664000000120568, 11.66400000067179, 11.66399999998114, 11.66400000009625, 11.66399999836963, 11.664000001822869, 11.663999999999762, 11.664000003549488, 11.664000000441574, 11.66400000000588, 11.663999999999023, 11.664000000329576, 11.663999999991002, 11.663999999999703, 11.663999999999092, 11.66400000017132, 11.663999999893118, 11.664000000002412, None, 11.663999999697799, 11.66399999836963, 11.664000000272434, 11.663999999849588, 11.664000008729344, 11.664000000017765, 11.663999999999092, 11.664000000011777, 11.66399999836963, 11.664000000017765, 11.663999988009918, 11.663999999994926, 11.664000008729344, 11.663999999988013, 11.663999999849588, 11.66400000002194, 11.664000008729344, 11.66400000000076, 11.664000000312077, 11.663999999996284, 11.663999999999575, 11.664000000000767, 11.663999999060279, 11.663999999999628, 11.664000000441574, 11.66399999999936, 11.664000000005375, 11.664000000020268, 11.66400000009625, 11.664000000000788, 11.66399999998697, 11.663999999954056, 11.663999999997765, 11.663999994916392, 11.66400000000121, 11.663999999664595, 11.664000000000263, 11.664000000004547, 11.664000000002037, 11.664000000000767, 11.66399999998114, 11.66400000000016, 11.663999999574248, 11.664000000000371, 11.663999999441325, 11.6639999999901, 11.664000000007803, 11.66399999836963, 11.664000000000371, 11.663999999988828, 11.664000000009047, 11.663999999999092, 11.66399999836963, 11.66399999836963, None, 11.664000001822869, 11.664000001822869, 11.663999999930684, 11.664000000441574, 11.663999988009918, 11.663999999976582, 11.66399999836963, 11.66400000009625, 11.664000000000295, 11.664000000197815, 11.663999999995669, 11.664000000000295, 11.664000000005375, 11.664000000760334, 11.664000000197815, 11.664000000003394, 11.664000000056095, 11.663999999969912, 11.664000000003197, 11.664000000288096, 11.663999999998863, 11.66400000009625]]
APP Gdpt Gbps measured per flow (XPass): [[11.664000000056095, 11.66399999999936, 11.66400000009625, 11.66399999999908, 11.66399999836963], [11.66400000034291, 11.664000000000176, 11.663999999997765, 11.664000000005375, 11.664000000197815, 11.663999999997104, 11.664000000011335, 11.664000000040552, 11.663999999985132, 11.663999999995108, 11.663999999993338, 11.664000001822869, 11.664000000288096, 11.66399999958842, 11.664000000000012, 11.66400000095956, 11.663999999849588, 11.663999999849588, 11.6639999999999, 11.663999999993244, 11.663999999999575, 11.663999999904403, 11.664000003549488, 11.664000000197815, 11.664000000004052], [11.663999999923586, 11.664000000155788, 11.664000000056095, 11.664000000020268, 11.664000000019554, 11.664000000197815, 11.66400000009625, 11.664000000010105, 11.664000000010532, 11.663999999232939, 11.664000000004773, 11.66399999998114, 11.664000000197815, 11.664000000009509, 11.664000000000964, 11.664000000005375, 11.663999999992235, 11.664000001822869, 11.663999999166531, 11.664000000032887, 11.66399999976959, 11.664000000197815, 11.664000000441574, 11.66400000009625, 11.664000000005375, 11.663999999998323, 11.663999999999614, 11.664000000006222, 11.663999999750926, 11.663999999849588, 11.664000000009093, 11.663999999995552, 11.66399999836963, 11.663999994916392, 11.663999999923586, 11.663999999963433, 11.664000008729344, 11.66400000009625, 11.663999999849588, 11.663999999999444, 11.664000000005375, 11.66400000001604, 11.664000000010773, 11.66400000009625, 11.663999999912566, 11.663999999963433, 11.663999999994083, 11.663999999999296, 11.664000000006425, 11.663999999963433], [11.664000000441574, 11.66400000009625, 11.663999999999628, 11.664000000441574, 11.663999999991473, 11.664000000008826, 11.664000000005375, 11.664000000197815, 11.663999999928173, 11.664000000138362, 11.663999994916392, 11.66399999999953, 11.663999999849588, 11.664000000441574, 11.663999998979026, 11.663999999994202, 11.66400000001444, 11.664000000288096, 11.664000003549488, 11.663999999893118, 11.663999999664595, 11.663999999999927, 11.663999999791553, 11.664000000760334, 11.663999999999751, 11.664000000003485, 11.664000000006425, 11.66399999958842, 11.663999999999556, 11.66400000009625, 11.664000008729344, 11.663999999999762, 11.663999999995108, 11.66399999958842, 11.663999999998627, 11.66400000000016, 11.663999999612795, 11.664000000441574, 11.664000000288096, 11.66400000017847, 11.664000000000817, 11.664000000012496, 11.663999999849588, 11.66399999836963, 11.663999999520708, 11.663999999893118, 11.66399999998333, 11.663999999904403, 11.664000000081234, 11.664000000034585, 11.664000000040552, 11.663999999372184, 11.66400000009625, 11.664000000155788, 11.663999999849588, 11.663999999990539, 11.66399999998114, 11.66399999836963, 11.663999999939284, 11.664000000441574, 11.664000000760334, 11.66399999836963, 11.663999999977172, 11.664000000441574, None, 11.664000008729344, 11.663999999998863, 11.66399999836963, 11.664000000441574, 11.66399999976959, 11.663999999971647, 11.664000000006306, 11.663999999999927, 11.664000001822869, 11.664000000441574], [11.66399999998333, 11.66400000067179, 11.664000000061012, 11.664000000197815, 11.664000001822869, 11.663999996297688, 11.664000000056095, 11.664000000441574, 11.66399999999658, 11.664000000441574, 11.664000000441574, 11.663999999997333, 11.664000000329576, 11.664000001329548, 11.663999999520708, 11.663999999849588, 11.663999999849588, 11.663999999982355, 11.663999999849588, 11.663999999998882, None, 11.663999999963433, 11.664000000000263, 11.66399999999925, 11.664000000002037, 11.664000001822869, 11.664000001822869, 11.664000000000964, 11.663999999664595, 11.66400000009625, 11.664000000004052, 11.663999999991503, 11.66399999999865, 11.664000000012894, 11.664000000441574, 11.66399999958842, 11.66399999998114, 11.663999999998607, 11.66399999836963, 11.66400000009625, None, 11.66399999999908, 11.663999999923586, 11.66399999958842, 11.663999999996362, 11.66399999958842, 11.664000000074394, 11.664000000003943, 11.663999999664595, 11.663999999963433, 11.664000000000327, 11.663999999999357, 11.663999999849588, 11.664000000760334, 11.664000000056095, 11.664000000760334, 11.664000000197815, 11.663999999997104, 11.663999999750926, 11.66399999958842, 11.664000000017765, 11.663999999720897, 11.664000000007803, 11.664000008729344, 11.664000000005375, 11.664000000002071, 11.664000000001502, 11.664000000000263, 11.66400000002194, 11.663999999999838, 11.664000000155788, 11.663999999849588, 11.663999999994083, 11.663999999986892, 11.663999999998607, 11.664000000441574, 11.663999994916392, 11.664000001822869, 11.664000000005375, 11.663999999999092, 11.664000000010105, None, 11.663999999999051, 11.663999999993028, None, 11.663999999166531, 11.664000000007134, 11.664000000001002, 11.663999999849588, 11.663999999849588, 11.664000000000263, 11.663999999998328, 11.663999999989208, 11.664000000441574, 11.664000000005375, 11.664000003549488, 11.664000000009086, 11.663999999849588, 11.663999999998323, 11.66399999836963], [11.664000000110063, 11.664000000197815, 11.66400000000969, 11.663999999999808, 11.6640000000323, 11.663999999520708, 11.663999999999051, 11.663999999060279, None, 11.663999999849588, 11.664000000155788, 11.663999999664595, 11.664000000005375, 11.664000000008556, 11.663999999849588, 11.663999999949926, 11.66400000095956, 11.663999999999936, 11.66400000009625, 11.66399999836963, 11.663999999697799, 11.664000000005375, 11.66399999998114, 11.664000000441574, 11.663999999849588, 11.663999999750926, 11.664000000000735, 11.664000000000787, 11.663999998979026, 11.663999999520708, 11.663999999993338, 11.663999999976216, 11.66399999999681, 11.66399999999925, 11.664000000000295, 11.663999999979309, 11.664000000000327, 11.663999999923586, 11.664000000011777, 11.663999999311423, 11.664000000005375, 11.664000000197815, 11.66399999999865, 11.66399999963301, None, 11.664000008729344, 11.664000003549488, 11.66399999958842, 11.664000000441574, 11.663999999973715, 11.663999999939284, 11.663999999993028, 11.664000000040552, 11.664000000005375, 11.663999999889056, 11.663999999992544, 11.663999994916392, 11.66399999999832, 11.664000001822869, 11.66400000009625, 11.663999999999861, 11.663999999997104, 11.663999999849588, 11.664000008729344, 11.663999999999628, 11.664000000329576, 11.66400000001403, 11.664000000056095, 11.664000000005375, 11.664000000441574, 11.66399999836963, None, 11.664000000441574, 11.664000000000344, 11.664000000000787, 11.663999999993338, 11.663999999997765, 11.663999999664595, 11.66400000009625, 11.663999996297688, 11.664000000008826, 11.66399999836963, 11.664000000010773, 11.663999999923586, 11.664000000000279, 11.663999999994202, 11.66399999999865, 11.664000000016207, 11.66399999836963, 11.664000000001558, 11.664000000441574, 11.66399999999865, 11.664000000019554, 11.663999999520708, 11.663999999520708, 11.664000000002709, 11.663999999991532, 11.66399999836963, 11.664000000056095, 11.664000000027185, 11.664000003549488, 11.663999999997216, 11.664000001822869, 11.663999999994683, 11.663999999939284, 11.664000000000327, 11.663999999963433, 11.664000000155788, 11.663999998979026, 11.663999988009918, 11.663999994916392, 11.664000000197815, 11.663999999987082, 11.664000000000279, 11.663999999977172, 11.663999999791553, 11.66399999958842, 11.663999999989871, 11.66399999836963, 11.663999999849588, 11.663999999995552, 11.664000008729344, 11.663999999912566, 11.664000000253214, 11.663999999612795], [11.664000000064856, 11.664000000272434, 11.664000001822869, 11.663999999993338, 11.66399999999876, 11.663999999939284, 11.66400000009625, 11.663999999311423, 11.664000000329576, 11.664000000010105, 11.664000000009509, 11.664000000441574, 11.664000000441574, 11.663999999999808, 11.664000000441574, 11.663999999166531, None, 11.66400000009625, 11.664000000441574, 11.663999999849588, 11.66400000095956, 11.664000000014948, 11.664000000000344, 11.664000001822869, 11.663999999405602, 11.664000000005375, 11.664000000197815, 11.664000000062394, 11.66400000017132, 11.664000000040552, 11.664000000000579, 11.66400000009625, 11.663999999994926, 11.663999999963433, 11.66399999978232, 11.663999999994083, None, 11.664000000064856, 11.663999999998863, 11.663999999939284, 11.664000000441574, 11.66399999999953, 11.664000000005375, 11.663999999985366, 11.663999999849588, 11.663999999912566, 11.664000000003485, 11.664000000000279, 11.663999999804053, 11.66400000009625, 11.664000000004773, None, 11.66399999998114, 11.663999999720897, 11.664000000120568, 11.66400000067179, 11.66399999998114, 11.66400000009625, 11.66399999836963, 11.664000001822869, 11.663999999999762, 11.664000003549488, 11.664000000441574, 11.66400000000588, 11.663999999999023, 11.664000000329576, 11.663999999991002, 11.663999999999703, 11.663999999999092, 11.66400000017132, 11.663999999893118, 11.664000000002412, None, 11.663999999697799, 11.66399999836963, 11.664000000272434, 11.663999999849588, 11.664000008729344, 11.664000000017765, 11.663999999999092, 11.664000000011777, 11.66399999836963, 11.664000000017765, 11.663999988009918, 11.663999999994926, 11.664000008729344, 11.663999999988013, 11.663999999849588, 11.66400000002194, 11.664000008729344, 11.66400000000076, 11.664000000312077, 11.663999999996284, 11.663999999999575, 11.664000000000767, 11.663999999060279, 11.663999999999628, 11.664000000441574, 11.66399999999936, 11.664000000005375, 11.664000000020268, 11.66400000009625, 11.664000000000788, 11.66399999998697, 11.663999999954056, 11.663999999997765, 11.663999994916392, 11.66400000000121, 11.663999999664595, 11.664000000000263, 11.664000000004547, 11.664000000002037, 11.664000000000767, 11.66399999998114, 11.66400000000016, 11.663999999574248, 11.664000000000371, 11.663999999441325, 11.6639999999901, 11.664000000007803, 11.66399999836963, 11.664000000000371, 11.663999999988828, 11.664000000009047, 11.663999999999092, 11.66399999836963, 11.66399999836963, None, 11.664000001822869, 11.664000001822869, 11.663999999930684, 11.664000000441574, 11.663999988009918, 11.663999999976582, 11.66399999836963, 11.66400000009625, 11.664000000000295, 11.664000000197815, 11.663999999995669, 11.664000000000295, 11.664000000005375, 11.664000000760334, 11.664000000197815, 11.664000000003394, 11.664000000056095, 11.663999999969912, 11.664000000003197, 11.664000000288096, 11.663999999998863, 11.66400000009625]]
- NW Gdpt Gbps measured (SSIRD): [12.861161895588243, 27.029923151497393, 52.74087192145449, 88.11230315807097, 86.21895660544928, 88.2102401003706, 89.05507815444722]
+ NW Gdpt Gbps union (SSIRD):    [12.861161895588243, 27.029923151497393, 52.74087192145449, 88.11230315807097, 86.21895660544928, 88.2102401003706, 89.05507815444722]
- NW Gdpt Gbps measured (DCTCP): [12.870165868036004, 27.039935156735655, 52.76714471644643, 94.8442003319086, 94.8813748539235, 94.77973641701787, 94.83981014760082]
+ NW Gdpt Gbps union (DCTCP):    [12.870165868036004, 27.039935156735655, 52.76714471644643, 94.8442003319086, 94.8813748539235, 94.77973641701787, 94.83981014760082]
- NW Gdpt Gbps measured (Xpass): [12.80798983225859, 27.037898527264847, 52.69089692537962, 86.76359455251408, 86.85265056065828, 86.00249242200842, 85.16065960526134]
+ NW Gdpt Gbps union (Xpass):    [12.80798983225859, 27.037898527264847, 52.69089692537962, 86.76359455251408, 86.85265056065828, 86.00249242200842, 85.16065960526134]
NW Gdpt Gbps measured per flow (SSIRD): [[10.00697908260392, 11.652438589374226, 6.441371016017012, 11.491852270802788, 3.8760835964688916], [1.172324475577689, 11.657009288242163, 11.557627639839312, 7.616029577236013, 8.898945744497333, 8.237858005717472, 4.959461177354421, 6.913217723462229, 11.482802439126198, 11.533328370676793, 11.505385887054823, 3.9355223885753783, 4.833278467772796, 3.1611418191931326, 9.095640995163492, 3.3342174164708513, 1.5480480833982186, 1.8038701270415747, 11.657884405495123, 10.753269512203806, 11.626519992178627, 2.507469292905444, 5.055214724349143, 2.708090198142851, 11.479593078601425], [2.5868158673258765, 2.343254881800744, 2.009891384845892, 6.732421970699528, 11.536160567547807, 5.1254658998250955, 6.193186041753785, 7.348301886267772, 8.41104230726502, 3.883965846896983, 8.402476696530556, 5.482480056023312, 1.8458622323775096, 7.877194498148496, 11.656777463285868, 3.0445224459758293, 2.0509182340902736, 4.368042408136664, 2.7401425177859986, 11.492713385658115, 1.5298827027525017, 1.8655765689039392, 1.911252243559818, 1.4052449577727428, 1.9293066972103616, 11.633987589521558, 11.652284932535006, 10.784952500124984, 1.9618724730322197, 1.7551678112240783, 7.039758766941422, 7.101385917105648, 2.150072687882973, 3.34740660134069, 2.3957856346752977, 2.083623289657594, 3.1467539556343924, 1.6008553716669343, 4.850949959876696, 11.651713191425095, 5.9739201584755435, 7.217758218383371, 3.7333215027867293, 1.5976890964162733, 1.9461078054754004, 1.4054031688987965, 6.178901464101654, 11.655694895558819, 11.342263339997075, 1.543608775787764], [2.4165171967003953, 2.2957565366040047, 8.271621795646219, 2.0963745949182258, 7.208184776967413, 7.738516493666114, 2.7286058943467872, 5.215320859082003, 5.3338479661913265, 3.391207575965946, 5.451795840932922, 11.658100533027673, 3.456425833494815, 3.4337049465280747, 6.886022218302149, 5.278606571574013, 5.677916151190219, 3.4106032288850248, 6.559763448772032, 3.898098903995614, 3.337110963606826, 11.659953792647922, 3.6998988478565895, 3.321077524147289, 7.771210458760608, 6.218882288271457, 7.399786915849598, 3.4365770412298056, 11.660601504425994, 8.0144504658143, 2.0226176907897924, 8.74387205684311, 3.9635569041410097, 3.7316081330370054, 11.623734508701565, 8.607590019715982, 3.4812725605523074, 3.3661627389805675, 4.286331946183045, 4.42421409652757, 8.004171290242851, 11.516207845758577, 3.2862351868015196, 2.131690791452032, 3.6484392296239814, 3.9714409735346714, 8.316280267556035, 4.515052428207356, 3.8724181956464454, 4.170524493159615, 2.720774769870129, 2.875418672365138, 3.365680685786853, 2.946766118347523, 3.51293515121486, 4.48687634924305, 11.459325173427498, 3.7857705431527235, 5.042459913849736, 3.2886276917574864, 1.4985988679648494, 2.2888888888163477, 4.52896378484711, 1.9801819515369834, 1.1669026907833584, 3.7281051388602773, 11.399714262581133, 4.727223056956478, 3.976363994512759, 2.2592678489372986, 4.554719374011378, 6.955179890481082, 11.65430826373071, 1.8913800876633375, 2.438345473480942], [4.59952801259538, 1.7533738110750006, 3.6628065416812867, 2.321386249326012, 1.502083333342254, 6.469389662214308, 1.8350433468550238, 1.4363742010705876, 5.306761581223392, 1.6109049309651797, 2.461538461554016, 6.3386568709630415, 1.7534509585908427, 3.573656058402214, 2.265117784720642, 3.0768064572617524, 2.103297037225334, 5.392020787781132, 1.7759604904220498, 11.651132763431502, 1.4499748615517851, 1.847314480935136, 11.49359768950986, 4.122773055688176, 6.077453641788002, 1.217391304375292, 1.361501239255837, 11.656947262922877, 2.244516768074201, 1.985979699484737, 4.944297267617239, 3.676250689205968, 4.735934474570849, 5.677859157757686, 3.4375962255199104, 1.7119936228464756, 1.3158108764876042, 5.629260699559391, 3.8051676740758893, 3.2021769648561182, 1.054961134086938, 4.119811094862089, 2.394827315576083, 2.4117601380791154, 1.2729784722047215, 2.804921255710109, 2.4639766759489294, 5.062462946596532, 6.011648580879365, 3.4864057130501007, 11.656739056561882, 2.2538549416578024, 2.0967009742827085, 2.4919995679804883, 1.9665490161217578, 3.1534511374137804, 1.975908535440961, 4.7894135819621795, 2.1419535506593355, 3.9855487334910094, 4.857109966968261, 2.507099391489696, 4.964584749291239, 2.7197925267261227, 2.644628099196638, 5.438675190456369, 5.153263966863182, 11.65991216462511, 5.148046500218695, 8.831722635883342, 2.3828310577725125, 2.8687002652835463, 5.04976343505461, 3.4749424642515407, 6.025962775729201, 2.6717103486068248, 1.4206021796711525, 1.597452052851232, 8.39034964219003, 5.509601384393777, 6.693743259431822, 1.676013366004704, 8.525177269588175, 5.377389149316879, 1.6967201060360138, 0.7873558175113413, 4.692881139515531, 8.771385980087873, 2.281104168294926, 1.8720343768805858, 9.300634951053812, 7.936572396149967, 2.9628316392913083, 1.1564912280792896, 1.700465270983716, 1.6063272808647402, 5.923200817380711, 1.098052051065987, 5.741353398917737, 2.902381750915439], [3.4757786903816963, 1.831724916660167, 3.2242862057111723, 7.058849296953361, 5.308144243700032, 1.5988911988655197, 8.594405765860406, 1.9486692215964279, 4.176683560888839, 1.558760936357077, 2.681813602801789, 2.2384914791535997, 4.33538185809467, 4.707988176271521, 2.3488848769266397, 3.7861743589682377, 2.53077131541168, 11.661232997414265, 2.4515791538390674, 2.3033099653390514, 2.1268338549192416, 2.3352063715901448, 2.1792227738795362, 2.489819123640329, 2.394603009844143, 1.9533745548213512, 4.935956548501432, 4.8420699275026475, 1.841177513739383, 1.4344127117022836, 6.168832865262669, 4.438342627811818, 5.75096999583075, 6.044563988137384, 9.642718994726119, 5.078705669664774, 8.198992707797293, 1.8562855920581383, 4.369837841324367, 2.011888325318866, 5.121417167187786, 1.8091145751729627, 4.608395971915114, 1.223366864620296, 1.3697459037922086, 1.3655303030312347, 1.3291853900609492, 2.3485342019347892, 2.0410474168471544, 7.718265312319981, 2.6257497857524457, 4.729203804969007, 2.9193976970860027, 4.802923549138026, 2.738952636531244, 5.492751911776177, 0.9143763003871201, 11.657072233479761, 0.9229538363151656, 2.569881417494926, 11.651967914649724, 3.56459183089551, 2.935632596847157, 2.100318616408085, 6.93840126169542, 2.7816816950400316, 3.791813466186135, 2.128707847033964, 2.2164178001378514, 2.5266731461815275, 1.0810270506551298, 0.5164294027918569, 2.3720652011543746, 7.398676124731891, 5.068542623731033, 4.44687735275108, 5.978402829369158, 2.052926890561637, 2.3870220162352163, 1.3015419330551656, 3.448120613976171, 1.385639128454362, 5.8588698523045135, 2.0628570930176164, 7.488858111571434, 4.176407993815139, 3.9148281640507463, 5.022334014152466, 4.037330845219009, 5.414218009483655, 1.9185630734811367, 3.597703590217401, 4.113028046294844, 2.3784276490484597, 2.102922143015036, 4.980833696470221, 6.157209492065118, 2.4089254817207277, 2.794189048582157, 2.2651656322674816, 1.024165912060529, 4.360666898576033, 2.541109091954496, 2.8026228803636606, 2.292983502274615, 7.538047487640039, 2.1423206547885885, 2.2363812600955963, 2.1021684990225946, 0.68683019764173, 1.536494405889614, 1.8003901677679002, 6.141799807001491, 11.652202711032727, 7.994342738873757, 2.0138515407508955, 1.5941124912092517, 5.884805587347458, 1.656281406978214, 2.5079926806754296, 5.12904549092762, 1.506857665372419, 3.497999669779565, 1.9630918166656506, 2.6122505856996727], [1.7112236005246138, 1.621085351491091, 0.6877105129930874, 5.086424644452219, 6.379247297530998, 1.7015856489063022, 1.7162392747166897, 1.5876685934395935, 1.469933573200015, 2.9665308576770997, 4.213854021385276, 1.4711044644667979, 1.767089189295581, 5.555489028876751, 1.8106864199623873, 1.5937947164311566, 2.7598086127933104, 1.4755872978613684, 0.9916758599926528, 1.8625295386608534, 1.8897989862697038, 0.7127473268157447, 5.754730420998087, 1.1731070951461207, 1.4956012816350033, 1.7994314651965353, 1.7647238794626567, 1.830563722881646, 1.8195461470869334, 1.8607213813171115, 4.901172278069791, 1.6217371256295732, 4.474942215337417, 2.3563695785416714, 1.8573498631518108, 4.135718407626229, 3.1441809758991885, 1.70810616436273, 8.441999620620692, 1.6642367976574348, 1.840863303603953, 11.661100283844215, 4.483937973494373, 4.859991574217393, 1.9666338925980031, 2.182747039627647, 4.4466996022159995, 6.939853378581514, 1.6834508513688309, 1.487541069859887, 5.224287869036638, 1.5176950404651635, 2.195510233098405, 1.8868814361079138, 3.023198338789911, 1.614531847357924, 1.562830586546915, 2.0652960090440438, 1.4323317606754173, 1.472770381182507, 6.737667376495204, 0.9239739852058059, 0.9504950495071152, 5.3998017885340674, 4.583094211744243, 2.2474647526444564, 4.737478772616719, 3.5690342922371983, 3.837659694915446, 2.1051258357382436, 2.9900155514005173, 4.907307118750269, 0.844324086905742, 2.1867847004556453, 1.181967213106888, 1.8680510799249561, 1.926240913683861, 0.32968948714966484, 2.206513563114715, 4.250231661913718, 4.68963738555202, 1.4060290890867637, 2.395270601296004, 0.9480215309616614, 3.5397965767260895, 0.8968591272154629, 5.27794513004589, 2.4729313637484958, 5.656114975637442, 0.6469026879538159, 5.403840207373266, 1.3612286128095443, 4.545679651913432, 4.058491817863824, 4.193747821098437, 1.6823070472740802, 6.561743265947099, 0.8688491665061825, 4.451919712552784, 5.008063008262183, 4.267060033775493, 1.5730139083890062, 4.955090059993204, 3.3249228707285705, 1.6115762354487402, 3.872624511068257, 1.013886447495132, 6.716043697297279, 1.87861138783167, 4.989704131558911, 4.059620165510632, 4.675893541344341, 3.833262366363013, 1.2740197973211345, 7.913968349354477, 1.881278538809037, 5.9184567672916915, 2.3210333588140832, 4.418022306934278, 5.466271448253107, 1.1090885783805646, 4.672268276131946, 4.25530699666755, 4.347156220550961, 4.480169185930557, 5.186273039479909, 5.0698778237381426, 2.028129395256274, 0.7811087600593325, 1.2703796492656452, 2.877244308125053, 1.6329968415251563, 2.224879459972712, 4.6833907700876205, 1.1428948846180154, 1.9208582910651912, 5.895670787218, 1.6040787949100654, 4.963594000039965, 5.2927704828184705, 4.592759604228009, 1.7535341252093348, 1.707800111867876, 3.699631485235946, 3.1022063414589622, 4.8752437924737055, 4.258949890227747, 1.8927328104904384, 7.143971257963129, 1.7456407868853174]]
NW Gdpt Gbps measured per flow (DCTCP): [[11.123178401800892, 11.660598599736616, 9.451566143500647, 11.60866594318644, 7.384457816192639], [5.079388484436162, 11.662210163681994, 11.655987073658697, 4.272909104509839, 4.065073119123257, 6.403213901547164, 6.672832499381194, 4.618325576727124, 5.698825879741117, 6.676053775587634, 6.1300080605329414, 3.5561035761219335, 4.528297654652068, 4.691446963203152, 8.198353352037987, 4.525174212077089, 5.437684515153206, 4.663417701617523, 11.662203816777009, 6.6941255798451245, 11.652474283624066, 5.4054422463919325, 3.790995728035208, 4.6672061032906, 5.681295528198205], [2.916274624645385, 2.8522920203911144, 2.8934530426088587, 2.1924603643852816, 2.9172729977817324, 2.291060749846369, 2.235292364101851, 2.1044220381590626, 3.5372247152085365, 2.235641584152299, 4.916760663102674, 1.9844182309337777, 2.7485670037489767, 3.1051252212693914, 11.66175867194838, 2.158723029988315, 3.05626992912547, 1.2745552977362153, 1.870753263594609, 2.1820755336092614, 2.8133154493404313, 2.870405440929767, 4.026527050324699, 2.832736147357727, 2.462457975336658, 5.333293309790746, 11.66045567447171, 3.4694600391389896, 2.348287455337484, 2.108677589816112, 3.8843805691612574, 5.580974556577821, 3.0711889676333524, 2.727186761197419, 2.633291391534831, 2.768481204103276, 0.9573046761832364, 2.819136747143747, 2.0201705020156564, 11.660480179375723, 2.0686089643934102, 2.530477340488281, 2.480205407662019, 2.469242798859429, 2.454772755486779, 2.544321127909377, 2.1830520028814164, 11.6615039464063, 2.949074129305508, 2.494555216908756], [2.8521362898598235, 3.232765682161892, 7.363682798050216, 2.435382287773458, 1.2988001596311471, 2.64066669051219, 1.9172504341834933, 1.9200177532709906, 2.4642063733807165, 2.244763506477604, 1.0181368871613992, 11.658607159260095, 1.8503232800419507, 1.1910196726298767, 1.4732032635637016, 0.86453367279135, 0.8253215899130046, 2.3122042706743775, 5.48393230660121, 2.403478470923061, 3.0760736581596086, 11.021384764935197, 2.007153683747608, 1.3535707401367054, 7.790446389302428, 0.8117371448837799, 0.7797239333881906, 1.6107618166082187, 11.656337225561161, 1.3768344265935877, 3.2409046217641784, 6.313847026411964, 0.7338088342981628, 1.7974686925318275, 4.814842337127681, 4.995005968827177, 1.4459973484319588, 1.3001030396791173, 2.0109982409175213, 2.095305666636808, 8.77965706826912, 0.7757069278777636, 1.0931695853229135, 0.4971556628112292, 0.9287422209038168, 2.3292229719879254, 0.7215796591004202, 2.485057849429108, 2.4919400846745927, 2.447397217445962, 1.6216624640867139, 1.6165706903664572, 1.6312572062514585, 1.526080687195207, 1.3335575265819035, 2.5576544497627296, 0.8306815738974466, 0.7735325277895022, 2.2985791901228505, 1.313774359289232, 2.92797186313718, 2.997142114906899, 2.618504704175965, 2.8119750925214957, 1.3112070925741615, 1.442000000011899, 6.139929066835192, 1.3618762789559375, 1.91942192959964, 2.134507138248478, 2.404846483791076, 0.8063086846422903, 10.663139753063376, 0.7631901028691372, 1.7501838085236954], [0.6734400752277611, 2.6206269877468578, 1.9177758563802787, 2.24892778236348, 2.610397692080925, 1.9529371930782546, 1.5952931710820697, 1.4497015394336352, 1.313350423112734, 1.4371220760395504, 1.409122727898917, 1.0115258352898024, 1.4202753928437746, 1.0921415542697321, 1.3069993324609372, 1.6081863049613767, 1.254231145580745, 0.6581304185545955, 1.2296776999376504, 4.472894917945756, 4.092231286903348, 1.8463398874967152, 9.562058658312145, 1.821512031833423, 1.124717780544695, 1.5267337215642522, 1.4980845399894092, 5.899220669959661, 1.3656723646208955, 1.3605698919626006, 0.6512214110723302, 0.6507458068108917, 0.6481343665792325, 1.6402189225752228, 0.9361356812479109, 1.291246921866441, 1.395952533149895, 1.5552067068189157, 0.5518913057367612, 1.6265651473460336, 3.016736402911177, 0.6528616408053325, 1.5079546251551543, 1.4787631070942349, 1.6062523630861554, 1.4194360364319567, 1.5153799040743736, 1.591653290443539, 1.182772741801297, 1.169553577122576, 10.150183450243118, 0.6691027908213675, 1.253973269698982, 0.9467710922519591, 1.231473933467347, 0.9382730394109169, 1.298542291721505, 0.6322039439637425, 1.347124350792967, 1.0574228591466088, 0.7029419446980791, 1.832698965360599, 0.9729002747051626, 2.585677462931511, 1.4288633872319338, 1.3516233410880927, 1.6347112902234124, 9.173334897057433, 0.9688829500202928, 8.05282626690561, 1.241226449943668, 1.071342335478769, 0.6101195755264297, 0.6862288766184574, 1.5342099823100555, 0.7027718550038801, 0.4476262538027905, 0.4160002884907572, 1.0413882832475736, 1.2363736159993401, 0.8723408665193824, 1.7966048901633833, 5.562232250433274, 1.2148391550209563, 1.2786521837444353, 1.8995777513724579, 0.6741112361005531, 11.559222476191756, 1.6762569020541824, 1.4974505955495305, 9.051826570581488, 3.7971585658496667, 0.6444660616960726, 0.7085704926089162, 1.2695739529406151, 0.5639696895640672, 0.9970980028069929, 1.3098828071299642, 1.1047753942854057, 0.28745141034633487], [1.4446461481137087, 1.978617574777949, 0.5765959361579303, 5.879651207910508, 1.6131881125076486, 2.0471686394365425, 4.928014048657448, 1.4589373508099723, 0.8117655337485977, 1.2650336518015208, 1.191271991272695, 1.1172117559228998, 0.6751032136882975, 0.9557230789294766, 0.885495558192024, 1.3657256453366626, 0.8634160301166107, 10.159345416471837, 0.7146233607818319, 0.6114487632504918, 1.1017147441210937, 1.05961741598276, 1.1045415470657407, 1.0293297700326987, 0.43061044517502517, 1.4574145090987465, 0.6015592554238298, 0.932791018188101, 1.5188717888529506, 1.467242360341333, 0.5819243291842536, 1.4427299074337916, 0.8878603998485991, 1.0841060894038839, 8.569192778245611, 1.3266127626550113, 9.014180062818324, 1.0220254417303958, 0.6250426866060385, 0.7497968866816358, 0.5565842884427454, 0.9236357979805624, 0.6081713184239483, 0.9743615525823983, 0.16109256957911205, 0.26221757512194516, 0.438607830765276, 0.8683216162083601, 0.9209966741200328, 0.5630229978554729, 1.4194248821961175, 1.1503315233246236, 1.4017702878772085, 1.0184017820716371, 1.3451224245865787, 0.9117320131570437, 1.444166249351401, 4.380353270389105, 1.2958521722281886, 1.3316876082130653, 6.0304129838170635, 0.5841478481817934, 1.3127764627749943, 0.39512938638072825, 5.425299220023514, 1.0572408437315746, 1.4101504305112458, 1.0932242084880475, 1.034021985698041, 0.7495411204831022, 0.32611522587198105, 0.12259559182756952, 0.577611281300024, 6.871443145912917, 0.9216944479258389, 0.5831420674356678, 1.6649218890087083, 2.043876561984905, 1.621755364610857, 2.4178572675532615, 1.545158654682622, 1.734684671157361, 0.5786940365406652, 1.2720255816559924, 5.25812300136567, 0.7369879094911925, 0.5968047872986422, 0.575486923348218, 0.6755944247052699, 0.5644370385424148, 0.519292664815017, 0.60065033540129, 0.5893674403467184, 0.8101842268670159, 0.6415518257786912, 1.2763633288206728, 0.5514076764973028, 0.4433293622243005, 0.980391550904694, 0.9747747120835547, 2.7960637937193744, 1.2394550601244039, 2.4633781764966627, 1.5881982282512304, 1.5357604329006367, 8.588977288627794, 1.4809855739494513, 1.4638912740978347, 1.406905523323732, 0.6358375130856461, 0.7816512518039026, 1.1000635727888461, 0.5510192903761287, 5.3157772923378, 0.5734352927108938, 1.1506459378322864, 1.08632541871189, 0.5526541025503632, 0.523096655500269, 1.053123264535269, 1.1234234657887936, 0.27384946509050867, 1.378407425988559, 1.1356367502484859, 0.887662994900651], [1.2279128469597795, 1.1767274003276482, 3.9738201860924462, 0.548468748126974, 3.9650716241195427, 1.1291570704769012, 1.0978558110649124, 1.4854653346150875, 1.0109636681506786, 0.45663301351097124, 0.6010476243678244, 1.1000000000115613, 0.9599201176061462, 4.03018196751085, 0.9555205831208108, 1.0106190592334638, 0.31577794810624354, 0.9611457124239198, 0.6331445925299592, 0.7650097965315692, 0.7092632576371594, 0.6848705449491643, 4.7632079631352395, 0.41916646336338714, 0.6489770660256275, 0.8199075305145774, 0.5382535687341646, 1.009376963413153, 0.9069956121662409, 0.8181274772574355, 0.6456625182989776, 1.9567798622654968, 1.1169369097254538, 1.376136574497926, 1.064536172533737, 0.4601061495816544, 0.6391135734232211, 1.0300936150113906, 3.502912249472651, 0.9661998546584842, 0.9856196167034995, 7.014635389759636, 0.4604601070968503, 0.49812538731109557, 0.8845489949929204, 1.017252180175138, 0.6492502655111622, 3.669630413590588, 0.9082727719527842, 0.7099374004579935, 0.8978917461810643, 0.11262215540392785, 0.9583754417377846, 0.6502635213215388, 1.0306761255835708, 0.5900671950380936, 0.8222724617386825, 0.6275417726526722, 0.16815754566139282, 0.24865973413397063, 3.3240596789652908, 3.7914941170501133, 2.870484800697775, 1.0130132507446765, 0.4874705928249851, 1.258697967961691, 0.43977671368369897, 1.0524952244965304, 1.0381282204646518, 1.0954369589179949, 1.1772786568092952, 1.0260041401995992, 0.22045137495149975, 1.00023627287058, 0.7023073377377047, 0.8989044212753685, 0.822456914171414, 0.2853079748248705, 0.9957221066515651, 1.034152691546108, 0.5876693539093711, 0.2741683765197929, 0.9781291293096452, 0.16489068987853406, 1.1183756271195064, 0.2032882795574719, 0.5797385963264997, 0.648794018024338, 0.7198561036604153, 0.13557038041080155, 4.172482783215298, 1.4318415183187483, 0.9992942308270282, 1.3081188597347368, 1.1339904073549758, 1.48550917094282, 3.6906862842535166, 1.1395456042416963, 4.249775358967802, 0.9096334567476931, 0.46062636947010466, 0.9410111125731321, 4.262185991643387, 1.0966231181892578, 0.961419041232489, 1.3856876774793898, 0.360269202537667, 2.831216650690947, 0.628288219596126, 5.379492598540902, 0.705526450001931, 0.9208140332166316, 1.1444896364646164, 0.7798168373300561, 2.7998747004940117, 0.7504298549203932, 3.7712497366364643, 0.5788326673835058, 0.6904789705211282, 0.5419436525307162, 4.328344519857597, 3.771861763831434, 0.6996281446779801, 0.45932639545231946, 1.025846520371241, 1.9482098625609832, 1.4785194299103972, 0.59639145944425, 1.109124122687154, 1.096265323595889, 1.137601328345889, 1.101952847481046, 0.557752743780717, 1.0423745600179215, 0.6293393464505304, 1.0049655893368818, 5.493702750217362, 0.8136804652127817, 0.6752837620105407, 5.506625837884423, 0.45050518090019576, 0.706961759351104, 0.7270104579888318, 1.2114364028385265, 1.1274084866351795, 0.6875391121309548, 0.4404258991349555, 0.8584390123789801, 3.2351104800327697, 0.5812149985487893]]
NW Gdpt Gbps measured per flow (XPass): [[4.322365283749889, 11.60425052445787, 1.321036265783859, 10.67350187292745, 0.5862146065810309], [1.3531337290543815, 11.570919044194348, 11.593644728606435, 1.1051766836086054, 0.5993765154117097, 8.768775396758784, 4.0136626025553825, 1.1048254106959714, 7.2876543276712535, 9.28819063113825, 6.269163938582262, 0.3984939030732056, 0.8804738631140785, 2.6644317889237095, 8.90615748444862, 1.0725059336946998, 1.652144854633313, 1.124062144752005, 11.661325167508252, 6.756519314884072, 11.424826158076574, 1.741096664782991, 0.6047389389845759, 1.7322510339653465, 6.24764536891839], [1.0211560591300497, 0.8646293446334176, 1.2494436895716714, 3.9992931275367747, 4.084996676916327, 1.318215868257173, 0.787796011851676, 4.072550242472106, 4.91497441842987, 1.653091521884645, 6.4762204614444085, 3.4899554836815927, 1.897998766043667, 5.1325991386008205, 11.637301052331978, 0.5481899656909499, 1.9879862136855515, 0.2295812768668553, 0.8451060935055035, 3.943573930154023, 0.9529552682679047, 1.4795750411493194, 0.4752344726254092, 1.4124325972119942, 0.41098574589082115, 6.738366157911027, 11.591689238983417, 4.3434212957623615, 0.8601397424033376, 0.4191521233252577, 5.703066568439106, 5.716835262465654, 0.569425934150843, 0.3713982164122145, 0.9338714390622506, 1.2637227039239165, 0.2477610016990593, 1.91018263155188, 0.5759217193759126, 11.609271592809193, 3.129295098532782, 3.500043604854109, 4.519127716298176, 1.0566452507760569, 1.8742549223340994, 0.9436619283547701, 3.77993601922264, 11.644645173121644, 3.7695416133084416, 1.2322078885270864], [1.7589220198837217, 1.1398256454627607, 8.49542417497419, 0.5553719008335556, 5.23931650358269, 4.575956247575002, 1.2658630660142967, 0.5582775901757622, 2.69172319061093, 0.8739504286673127, 0.2100710646950058, 10.60449481293512, 0.9791808743860463, 0.6769230769253808, 0.566898178481916, 3.9409116958601307, 4.222028218604896, 0.6061973226632654, 0.5668740356416734, 1.0460631882169855, 1.1229436386696157, 9.713675892891056, 0.9366384990589637, 0.6379522831417204, 8.406426309982582, 4.426645008869201, 3.4556392496122985, 0.7559279194923842, 10.00390628217894, 0.9768588770893206, 0.23899149566645977, 6.256922375530745, 4.4589856740863985, 0.7114224749307438, 5.993329110493483, 6.053616939190579, 0.8300474888468439, 0.9549367727323558, 1.0582003522447365, 1.9162939910792256, 8.116154578050173, 4.377459887948026, 0.6708380823857051, 0.2869937307159621, 0.7077908532046301, 1.3820270368806435, 3.5253102783070047, 1.61847440268293, 1.395192484615181, 1.44783898221272, 1.3295731630414784, 1.4958688067478711, 0.6375729645386499, 0.6716048616053774, 0.6014341979909047, 1.7583782766325757, 2.7009836674630527, 0.40097323600802776, 1.3584993657193591, 0.9125027380961456, 0.30843918360239003, 0.3731642621480249, 2.1842700235070702, 0.25935569844324313, 1.0623445989852884, 0.38603027294864917, 6.60118538029177, 0.3876040185031259, 0.5525811572771009, 0.7972530590267111, 1.4395171963509081, 3.517679148646019, 8.93273202901927, 0.33068891134149386, 0.649708543541065], [1.8932431614119398, 0.49075183205866457, 1.8040780016447102, 0.463700799008155, 0.37659656081832366, 0.5793248909824963, 0.6029939187884866, 0.2690350791962829, 3.940412527771588, 0.8973215220659297, 0.6602069970461022, 2.9603374395456687, 0.619899315572794, 0.8186127484845015, 1.2838519890950901, 0.8341313510267407, 1.015093334244451, 2.331544117220617, 1.1486012871993359, 6.400530014283976, 1.4846846847130588, 0.926633207690415, 9.806724264393981, 1.3755130484561053, 2.984122735236583, 0.3135741225265689, 0.2650780976227128, 7.6867766277769425, 0.6120366172455388, 0.3994896948556776, 2.1747120565010176, 2.5423902794190507, 2.0934602604116592, 1.636440748705496, 0.43907637655088694, 0.6705829401278521, 1.4967535214849363, 3.521620780245587, 0.17155689067965968, 1.3071092697174254, 1.061757938494247, 1.5747032900824076, 0.7213771834956025, 0.6414611129285943, 0.9633344060218787, 0.7174154847733999, 0.6796832249602457, 3.5484257437878512, 0.37707319886928503, 0.9424893638899176, 8.537747916690588, 2.4253363707382043, 0.7940541345250736, 0.5457174909109926, 1.2421026357619103, 0.33828565683449974, 0.7938395493212644, 2.213667568052647, 1.0813498740685352, 1.0326131434620947, 1.6849558877635484, 1.0457168756597592, 1.6045199332496505, 0.1690553650461483, 0.4756260217244328, 1.540959348202256, 3.6498963167868284, 8.597575690514923, 1.446071142162279, 7.611486516918643, 0.7271657596700106, 0.6643043883863878, 1.8975550409772406, 2.486291477789208, 3.3076126508744306, 0.2434714092754633, 0.3124297534075997, 0.28991298338300575, 2.6110775678810585, 2.8040346551573148, 3.0731062587460416, 1.0462543079020816, 6.046439778813905, 2.6237889877792817, 1.045116869143399, 0.5345690454113088, 3.0291922778769713, 8.8858080792297, 0.4291666666656702, 0.5918556233458093, 8.391444925626473, 5.5001279164420005, 1.8971764630650934, 0.4187853192827978, 1.082608632879363, 0.4463808941562769, 2.67868300407234, 0.7371212953480242, 2.8994341744392615, 0.2783761391892268], [2.0657860599430355, 0.40241704489559577, 2.7436822925584727, 6.557356889088739, 1.8367762229615054, 0.43213113771425526, 5.636056408745852, 0.3690693284696875, 1.4256055363588611, 0.543551626447019, 1.1204713957343835, 0.31651592327906825, 2.059575462288812, 2.1906241593495253, 0.29857802732084576, 1.4682184042753996, 0.3065270160229974, 7.946549576647644, 0.2792268606531723, 0.40474037112013705, 1.1912678907021617, 0.7737232354730165, 0.6446281995676618, 0.34878255438329936, 0.4080001414673043, 0.4894008939103207, 1.6158714176679962, 2.4986288168912174, 0.4306950715885729, 0.390397514952619, 1.9369732312195633, 1.230713253761171, 1.5040290535200669, 1.4152671755720891, 7.481067204484072, 0.8992124452252658, 7.884597926416193, 0.6602149366904058, 1.8317283233045956, 0.2429496820794578, 1.3891726732758933, 0.4318080947974377, 1.8563417516728984, 0.38199609104292565, 1.255824080153051, 0.23758868899804808, 0.25656422779480836, 0.45197132977569426, 0.43029033790010257, 2.050875845413609, 0.4436767488922863, 3.0025832118962885, 0.4376374463406918, 2.3930880970177415, 0.45455257158747164, 2.2393907542796536, 0.5039755351609146, 4.860172012496732, 0.1810306948719856, 0.4801019313802351, 5.617648166696051, 1.6594657458148627, 0.7854514928272653, 0.19307112970667326, 5.417426392998066, 0.5862799932067706, 0.8069645814091388, 0.22849991559286856, 0.2934331305819898, 0.3368494820679702, 0.230838497094583, 0.8383720929233868, 0.46141986531586776, 6.310327514096114, 2.323489275078346, 2.1139461335522993, 2.969494352865457, 0.49351871657708535, 0.2981978880060824, 0.34000078594636407, 1.1913359381324702, 0.6079450235540135, 1.6662592175494866, 1.0277551428405192, 5.337369404493893, 1.967046754767172, 1.755652763383236, 1.6075561511881815, 0.13868885175334267, 2.345343344046863, 0.43126039739184796, 2.2516273653260424, 1.6873980869958225, 0.24681604331306295, 0.5873697180762558, 2.789659132200972, 2.151100879470675, 0.4798668885178096, 0.5918912079926868, 0.5496202032622597, 0.5605387702744036, 2.5962118384556874, 0.4425561299385106, 1.067017671804923, 0.27264284721253396, 7.34935998075988, 0.723939327732557, 0.4852577441019066, 0.3021754220522062, 0.24725651577338434, 0.3008612989216616, 0.5444006030037362, 1.7277507454605623, 5.397015360164386, 1.1247610873966871, 0.5470983464074666, 0.4315893103184545, 1.8203480547500526, 0.34800746419769696, 0.37834459662602843, 2.460737564600228, 0.2762804955947457, 0.9427711887285039, 0.42384650995332374, 0.6317381350045934], [0.3415544041451, 0.37732565860285744, 0.5077576531175845, 2.911895610648288, 4.207111482235193, 0.3668487080179617, 0.29765290502560227, 0.18817669839802822, 0.6110152458324646, 1.172723682944386, 1.3240068828628697, 0.16590054543660868, 0.3640801211917156, 4.260046887329518, 0.31861015212593496, 0.19259912944941723, 1.3244546499087182, 1.1800476151096395, 0.2831047613594544, 0.22452991437864767, 0.38563958964639633, 1.3356040377407061, 4.6095960639882545, 0.3243899009780149, 0.27501183458103257, 0.5102762527005534, 0.6403848822707865, 0.45768684971966817, 0.3767899000472052, 1.1131042087846745, 2.806834624539061, 0.39530350920936635, 1.8869549455232884, 0.39605310004546873, 0.4391703544781597, 1.2215518581289961, 1.345776948127454, 0.9843603340020168, 3.7885996426746065, 0.8342528980113671, 0.19612293385344345, 5.415732971877559, 1.0250794841275617, 1.489584803434352, 0.39540545064665344, 0.598848542887959, 1.4089904447244999, 4.091099719679901, 0.4257454974902588, 0.24910773823316656, 1.7910335198017124, 1.0582515365986531, 0.6121582386869618, 0.3156803745327372, 1.5766503166264163, 0.2298473060706316, 0.3442270854648816, 0.7501196446028104, 0.27878651178453256, 0.42415106232154726, 3.484841223009418, 0.4052041475851017, 0.6432773538806624, 1.7886065246302487, 1.3338351831651571, 0.2952358759328553, 0.8747065213149875, 1.6488012299649961, 1.7123419923673842, 0.850628018112563, 0.5021018050794427, 1.7298195459982748, 0.9140321686246486, 0.3936888966998459, 0.5194324014858982, 0.36669368553214593, 0.243971903189211, 0.22430488041966357, 0.2952794301159561, 1.7806728882664784, 1.2839295255621164, 0.21897699374738963, 0.5587665929956775, 0.16957847929087985, 1.658431535292169, 0.21154810078610645, 1.157595925522247, 0.342546477382805, 1.6899499907527302, 0.24877438647520406, 3.9754505261111643, 0.47816054994628043, 1.4982021399175065, 1.9123613282623406, 1.7963280006818299, 0.24086304385513768, 3.6312889141854616, 0.259921290594414, 3.983331353813703, 1.4973799988750718, 1.2363714542852697, 0.44235216385792653, 3.9255629688459375, 1.1300446893033886, 1.1156836218422816, 1.958878092527551, 0.18727804767091416, 2.8966942371244446, 0.24028621838820508, 4.831015747550422, 2.404113738471084, 1.6358162856905234, 1.7432464618584742, 1.0180060237494362, 2.9469299776863562, 0.8150529415721696, 3.59321877643022, 0.4170568138675318, 2.174332873822737, 0.8302172245839549, 1.0158904109528668, 3.739478750255304, 2.7381181781803856, 1.2166781844914676, 1.8863492789286422, 0.3865519937436567, 0.30330278220354756, 0.995426697761059, 0.33299416192380227, 0.17886727214190792, 0.37686082049378666, 0.25525300438351906, 0.18664250582215244, 0.9620940771026747, 0.21583056851396268, 0.47734514006638434, 4.8806788792365605, 0.24443986650740723, 1.241183786352419, 4.857430900614555, 0.9689827910354636, 0.19165724226912634, 0.47007900754004667, 1.847250225809289, 0.5067327007118348, 1.3534172148452543, 1.2759260782292798, 0.43757905292352256, 3.291332213955828, 0.6027240903976055]]
* SSIRD FCT: [[5.072299999930863e-05, 0.007260713999999169, 2.3282000000790504e-05, 0.0007036930000001718, 1.4881000000244171e-05], [0.0004231319999998817, 0.011545887000000477, 0.0033267630000004544, 3.0293999998320942e-05, 2.3333999999763932e-05, 0.0013079400000002295, 0.00043264700000023026, 5.339800000037087e-05, 0.0008207850000001571, 0.0009672240000000443, 0.0009194400000005487, 1.1724999998463659e-05, 6.682999999974015e-05, 0.0001277260000005498, 0.001565082000000828, 5.88179999994054e-05, 0.0004247619999997454, 0.00023022500000102752, 0.019131860999999972, 0.0010727900000002677, 0.003207829000000828, 0.0002530360000001508, 1.1409999999045795e-05, 0.00014909399999929462, 0.0008380980000008975], [0.00018284100000087733, 0.00014769199999875582, 0.00025254299999843965, 0.0011429039999999446, 0.000933986999999803, 4.0513000000075294e-05, 2.421499999982757e-05, 0.000733137000000994, 0.0017610450000002942, 7.425400000116156e-05, 0.002516577999999825, 0.0011509739999997493, 0.0003249819999986414, 0.0015626009999998303, 0.011876656000000096, 7.578199999969115e-05, 0.00047248300000113375, 1.0564000000101714e-05, 5.894000000061794e-05, 0.0004426609999992337, 0.0002865370000009193, 0.00011130499999900678, 3.621499999972855e-05, 0.0004022530000007407, 0.00011958700000036515, 0.0020158769999998327, 0.010230870999999198, 0.001390530000000112, 0.00018228299999911712, 0.0001445970000002461, 0.002430180999999365, 0.003464998000000108, 2.682700000100624e-05, 1.3785000000154923e-05, 0.0001974200000010029, 0.0002934349999996755, 7.331999999138361e-06, 0.0004395749999996923, 5.231799999982911e-05, 0.009570997000000858, 0.0009288400000002639, 0.0006616879999992165, 0.00252453799999941, 0.0003538009999992653, 0.0002845310000001433, 0.00043504099999935875, 0.0012770270000004302, 0.01418680099999925, 0.0010679350000000198, 0.00039608999999884986], [7.638099999951464e-05, 6.532400000125449e-05, 0.017666005000000595, 3.301699999980201e-05, 0.003173599000000138, 0.0004770319999991557, 8.455599999912522e-05, 3.9814999999165934e-05, 0.00024872100000017383, 0.00014287299999971026, 8.464000000429905e-06, 0.019790530999999945, 9.678900000054114e-05, 3.695599999886667e-05, 3.0155000001030885e-05, 0.0028060859999996524, 0.002472616999998678, 9.47070000005823e-05, 8.792999999229778e-06, 0.00020419800000048838, 5.876700000051471e-05, 0.016820266999999944, 0.00016213199999981498, 4.8630000000216e-05, 0.01979370200000119, 0.002164779999999311, 0.001636912000000379, 0.00011748900000085882, 0.017808647000000732, 3.598499999846183e-05, 1.140700000057393e-05, 0.014513883000001115, 0.0028144700000005685, 0.00010820000000144603, 0.008271096000001421, 0.01161562200000077, 8.615700000014215e-05, 7.19680000003109e-05, 0.00014802399999958027, 0.00016687799999992592, 0.02162016900000019, 0.001085862999998355, 5.2656000001150005e-05, 1.6235000000364153e-05, 3.1618999999594166e-05, 0.00020042699999933689, 0.0011804719999997104, 0.0002810509999999766, 0.0003485449999995893, 0.00031533299999964015, 0.00013567899999955557, 0.00012838200000153677, 4.455800000080501e-05, 0.00011744399999891186, 7.224500000013734e-05, 0.00038308699999944906, 0.0005506600000000361, 1.5236000001195293e-05, 0.00023106500000125152, 9.120400000028894e-05, 0.00010776999999961845, 1.5120000000479195e-05, 0.0003005650000016402, 6.408299999982603e-05, 9.885999999070805e-06, 9.282999998916353e-06, 0.010794525999999749, 7.321000000004574e-06, 6.092399999957365e-05, 0.00019403100000126017, 0.0002507430000004973, 0.001963805999999124, 0.016828415000000874, 2.4397000000675462e-05, 0.00012300799999920287], [0.0021343790000010188, 0.00012500699999939968, 0.0006267500000003423, 8.944999999904724e-05, 3.071999999981756e-05, 1.0699000000613523e-05, 0.00027660599999990154, 4.818799999917189e-05, 0.005180238000001225, 0.00018619099999916955, 0.00012184899999923005, 0.0032449599999999634, 0.0002500029999996656, 4.8420999998910474e-05, 0.0001884370000002633, 0.0004274250000015911, 0.0001974499999999324, 0.0016409639999999115, 0.0003247819999998569, 0.008912054999999697, 7.956000001030361e-06, 0.00016860799999918186, 0.018401638000000275, 0.0005036609999997665, 0.0037640579999997925, 3.7903999999144844e-05, 3.3891999999369204e-05, 0.011876482999999993, 0.0001696080000002098, 0.00014521800000011353, 0.0019458829999994265, 0.0032446710000009205, 0.002396871000000189, 0.0005973350000001432, 2.0134999999754655e-05, 0.0002358420000003747, 0.00040329199999966647, 0.0060105740000011565, 9.095000001124731e-06, 0.000439510999999726, 1.0934999998823969e-05, 0.0019628900000014937, 0.00019749900000043397, 0.00016741300000155945, 0.0011146520000000493, 0.00014394700000153193, 0.0003745490000000018, 0.007025332999999634, 3.262199999909399e-05, 8.93390000005212e-05, 0.01880418999999911, 0.005630175999998599, 0.0002365849999996783, 6.48089999994994e-05, 0.00025810899999889614, 5.121499999916068e-05, 0.0003035929999999354, 0.00224967499999984, 0.00032853000000088173, 0.00010130600000124446, 0.0012682899999987285, 0.00011043199999960507, 0.0010549409999995873, 8.482999998449259e-06, 8.724099999923851e-05, 0.0007084489999993338, 0.007013475000000824, 0.01813916100000057, 0.0008963399999988297, 0.021335478000001018, 0.00014523900000007472, 6.031999999933646e-05, 0.0015625729999992899, 0.0037646159999997764, 0.005614884999999958, 2.5906999999492086e-05, 3.248199999994483e-05, 2.8886000000838408e-05, 0.0025889610000007224, 0.004780143999999709, 0.0008048279999997021, 6.883000001067785e-06, 0.015336810000000867, 0.004790407999999857, 6.798999999446664e-06, 0.00020512200000055714, 0.0015412860000001416, 0.025865753999999797, 7.585800000065035e-05, 0.00030811400000096967, 0.022740493000000583, 0.011144169999999676, 0.0029240730000008597, 5.9849999999528336e-05, 0.00026457699999937745, 3.590799999919625e-05, 0.003472562999998985, 0.0005988349999999087, 0.004084871000001655, 1.1924000000718138e-05], [0.00042150899999882085, 0.00011336199999867347, 0.002744207999999304, 0.022335441000000955, 0.0005346230000000673, 7.215000000115879e-05, 0.015213271000000361, 9.471899999979883e-05, 2.7620000011552293e-06, 5.92060000013106e-05, 0.0001290469999997157, 8.760900000126526e-05, 0.0030174560000002515, 0.00424637599999933, 7.366900000072008e-05, 0.00036562500000059117, 7.74909999989859e-05, 0.01945579100000039, 6.117200000055334e-05, 4.507600000103196e-05, 0.00021696100000134777, 0.0002865219999996782, 0.00024350700000042025, 0.00018996399999871016, 3.854000000025337e-05, 0.0001830760000007814, 0.002222615999999178, 0.00400966700000005, 0.00011278000000025656, 0.00015280400000072802, 0.0017148319999993333, 0.0004938419999991339, 0.0007762919999994011, 0.0006870570000003795, 0.02233213599999928, 0.0005769470000007715, 0.026734447000000827, 0.00025479700000019534, 0.0027296719999991836, 6.880699999989304e-05, 0.001473135999999542, 0.00022318099999907304, 0.0024632049999997463, 0.00039604800000070384, 8.421999998731167e-06, 1.6895999999988476e-05, 4.339499999872487e-05, 0.00017192000000143537, 0.00023173199999959593, 0.000937137000001087, 0.00014937600000131113, 0.005446982000000489, 0.00012644799999961265, 0.004522721999999035, 0.00032009899999962954, 0.0034296630000003603, 5.046500000105425e-05, 0.009897128000000421, 4.999599999955251e-05, 5.83560000002592e-05, 0.013861652999999308, 0.003022680999999139, 0.000334020000000379, 1.0984999999408274e-05, 0.021060545000000985, 0.00015759099999890225, 0.00038941999999941856, 0.00023844699999919783, 0.00020298700000154213, 7.305099999932452e-05, 3.201400000030219e-05, 2.2338000000843294e-05, 5.349599999959764e-05, 0.024948724999999783, 0.003830506999999983, 0.002378863000000564, 0.006431398000000144, 9.552799999923423e-05, 0.00012081999999935533, 5.318000000009704e-05, 0.001070589000001121, 4.162699999987751e-05, 0.0016086570000002354, 0.0002292819999993867, 0.018999561999999415, 0.0035466419999998777, 0.002899597000000753, 0.002106293999998954, 8.571999998707724e-06, 0.0018473049999983004, 3.607699999896852e-05, 0.0031551859999989773, 0.002619633000000121, 9.215500000081533e-05, 5.485700000029681e-05, 0.005750821999999545, 0.0013433539999994082, 3.352200000072969e-05, 0.00018165700000061236, 0.000259731999999957, 5.631899999869461e-05, 0.006436421000000081, 1.815899999968451e-05, 0.0004280789999988599, 0.00017105400000083648, 0.029078555999999978, 0.00014539000000013402, 0.00015475000000009231, 9.87780000016869e-05, 3.3592000001192446e-05, 3.003200000151196e-05, 0.00011533500000027175, 0.0014725690000005898, 0.012210997999998696, 0.0008470530000010967, 0.00029787300000094774, 0.000253282000000965, 0.0012565539999993547, 4.875500000167676e-05, 0.000165588999999855, 0.004797440000000819, 2.2966999999596283e-05, 0.0006298960000012954, 0.0002644400000004765, 0.00011481900000021028], [0.000377517000000438, 0.00035581100000037225, 6.709799999882193e-05, 0.002079754000000378, 0.023510538000000025, 0.00023050499999932583, 0.0003293620000004438, 8.71920000005133e-05, 0.0002982229999997088, 0.0018160310000006064, 0.0029210580000000874, 8.625899999969988e-05, 0.00023501699999961545, 0.028379592000000287, 0.00019750299999898857, 0.00010133299999992573, 4.179999999465167e-06, 0.000570706999999615, 6.979700000009359e-05, 0.00013626200000160793, 0.0001037739999993903, 0.020506722999998672, 0.03207579199999877, 6.88359999987398e-05, 0.00016197900000136656, 0.00037183300000087627, 0.00011766599999951666, 0.000976791999999449, 0.0002979819999993083, 0.0003905839999998051, 0.00270678099999877, 0.00017783400000048744, 0.006529847000001254, 0.0001321829999998414, 0.0002794949999991303, 0.0019079210000008118, 3.6689999998174017e-06, 0.00037820600000060267, 0.014576465000001093, 0.00023567800000101613, 0.0001002660000004596, 0.019785440000001486, 0.0016825709999999106, 0.001046786999999938, 0.0002522320000011291, 0.0005073679999991754, 0.003027529000000584, 0.020502598000000205, 0.00045227100000033715, 0.0001938769999991763, 0.004047534999999769, 7.600999998302882e-06, 0.0004781540000013962, 0.00014673099999917838, 0.0005494790000000194, 0.0001357569999989039, 0.0003395479999994677, 0.00013964100000052326, 2.4161999998995043e-05, 5.4829999999839174e-05, 0.01883553000000049, 6.242599999950471e-05, 7.282099999983416e-05, 0.004663706000000545, 0.0013113970000002695, 0.00019504999999853112, 0.001495121000001376, 0.007540832000000108, 0.006862695000000585, 0.00025755799999949147, 0.0005324279999996406, 0.0052492920000002385, 1.3663000000718739e-05, 0.0002110130000012589, 6.832000000045468e-05, 0.00030877100000026303, 8.983300000053873e-05, 6.99809999993306e-05, 0.0004653060000006093, 0.006196530000000422, 0.00254352800000035, 2.4614000000866554e-05, 0.00042863800000070285, 2.433700000104011e-05, 0.008254906000001228, 3.858799999889584e-05, 0.002222856000001272, 0.0001026280000004931, 0.0008158250000001033, 5.3497999999763124e-05, 0.030599909999999397, 0.0002796649999989853, 0.005540005000000292, 0.009189593000000329, 0.007242755000000045, 0.0001097160000007591, 0.02226946500000082, 7.966399999936868e-05, 0.038005742000001064, 0.00433746299999882, 0.0018032349999987929, 9.533800000127712e-05, 0.03414640499999955, 0.0008326930000013277, 0.0006156060000002128, 0.009928535000000238, 4.551200000157962e-05, 0.015460818999999404, 0.00010439200000078586, 0.04238748799999925, 0.0037879130000000316, 0.004892303000000098, 0.007923873999999387, 0.00041652100000000303, 0.012633676000000094, 0.0002698080000005376, 0.02534098699999987, 0.0001491060000002875, 0.0033944600000008762, 0.0009581199999999512, 9.361200000057579e-05, 0.032099940999998466, 0.0036137200000005976, 0.0015948669999996667, 0.005878502999999924, 6.6730000014558755e-06, 1.1376999999868076e-05, 5.687999999892668e-06, 5.9074999999353395e-05, 3.6322999999782724e-05, 0.0005933900000005821, 0.00011302899999954263, 1.0370000000037294e-05, 0.0007561940000009315, 3.0280999999021674e-05, 0.0002222090000003618, 0.03652553200000064, 0.00012944999999930928, 0.0029051530000003822, 0.040686161, 0.001208165999999622, 9.210199999998281e-05, 0.00012158799999895109, 0.00867780699999976, 0.0006470439999990418, 0.0008849739999998718, 0.0013732849999996688, 0.00033521900000010874, 0.017224945000000602, 8.59099999992452e-05]]
* DCTCP FCT: [[4.563299999915671e-05, 0.0072556329999997615, 1.5867000000113762e-05, 0.0006966119999987086, 7.810999999691148e-06], [9.765899999969463e-05, 0.011540738000000772, 0.0032986899999993824, 5.3995999998335265e-05, 5.108100000050797e-05, 0.0016826900000008749, 0.00032155699999947274, 7.993200000022682e-05, 0.0016538340000007423, 0.0016709440000006737, 0.00172569299999914, 1.2975999998943166e-05, 7.133099999911963e-05, 8.606300000124634e-05, 0.001736376000000206, 4.333799999933774e-05, 0.00012092500000093764, 8.905400000003283e-05, 0.019124774999999872, 0.0017233020000002597, 0.0032006839999993986, 0.00011737800000055643, 1.5214999999457746e-05, 8.651000000092779e-05, 0.0016934559999999266], [0.0001621850000006475, 0.00012133399999925132, 0.00017542500000011785, 0.00350953299999901, 0.0036933889999986036, 9.063399999931221e-05, 6.709100000001911e-05, 0.002559996000000453, 0.004187526999999136, 0.0001290010000012387, 0.004300694999999521, 0.0031798700000003066, 0.0002182489999995596, 0.00396406299999974, 0.011871582999999575, 0.00010687800000042103, 0.00031706100000050697, 3.620400000059476e-05, 8.633100000032812e-05, 0.0023314389999988805, 0.00015581899999972393, 7.234099999919863e-05, 1.7190000001221506e-05, 0.00019954700000113235, 9.369500000033781e-05, 0.004397412000001211, 0.010223701999999335, 0.004322517000000303, 0.00015228800000066656, 0.00012035600000004365, 0.004404276999999013, 0.004408959000000934, 1.8780999999634673e-05, 1.6920000000197888e-05, 0.00017961400000032768, 0.00022084599999949717, 2.410099999927695e-05, 0.000249613999999454, 0.0001256290000011262, 0.009563801000000538, 0.0026823900000003675, 0.0018873529999989813, 0.0038000529999990817, 0.00022892199999979823, 0.00022557199999972966, 0.00024030299999999727, 0.0036144920000005243, 0.014179734000000721, 0.0041073229999994965, 0.00024509700000052703], [6.47150000006036e-05, 4.639000000139504e-05, 0.01984421600000097, 2.842099999966763e-05, 0.017613093000001356, 0.001397949999999426, 0.00012033900000041342, 0.00010814900000077898, 0.000538364000000513, 0.00021584099999927275, 4.5322000000069806e-05, 0.019789670999999842, 0.00018080299999923, 0.0001065439999994311, 0.00014095000000047264, 0.017133194999999546, 0.017010716999999786, 0.00013969699999982765, 1.0517999999848371e-05, 0.00033117999999987546, 6.37539999992498e-05, 0.01779481800000049, 0.0002988669999997029, 0.00011931699999934153, 0.019744828000000325, 0.01658481700000003, 0.015534729000000524, 0.00025066400000106626, 0.017815161999999773, 0.00020946599999938087, 7.1189999992782305e-06, 0.020099874999999656, 0.015201932000000085, 0.00022462700000147606, 0.019967637000000593, 0.020016495000000134, 0.00020742500000103803, 0.0001863359999987324, 0.00031550499999966064, 0.00035236099999913506, 0.019710511999999625, 0.016120809999998542, 0.00015829200000005983, 6.961200000077383e-05, 0.00012421099999926355, 0.00034173799999948073, 0.01360506199999989, 0.0005106359999995647, 0.0005416309999990432, 0.0005373479999999375, 0.000227638000000141, 0.00022835500000084608, 9.193400000029328e-05, 0.00022677699999995582, 0.00019031200000085846, 0.00067204700000012, 0.007596403000000862, 7.456700000041394e-05, 0.0005068940000008126, 0.0002283009999999308, 5.5159000000415404e-05, 1.1546999999723084e-05, 0.0005198570000004565, 4.5126999999922646e-05, 8.79799999964348e-06, 2.3999999999801958e-05, 0.020041683000000532, 2.541199999939181e-05, 0.00012621299999970859, 0.0002053720000017023, 0.00047490100000047164, 0.01693969599999967, 0.018392663000000198, 6.046200000042745e-05, 0.0001713739999988917], [0.01457759400000036, 8.36379999995529e-05, 0.001197044999999619, 9.233199999947317e-05, 1.7676999998883502e-05, 3.5442000001495444e-05, 0.00031817599999861557, 4.77449999998214e-05, 0.020931419000000062, 0.00020870599999867068, 0.00021285299999895813, 0.020334318000001517, 0.00030864999999913323, 0.00015844099999995365, 0.00032657400000069003, 0.0008177560000000028, 0.00033111599999990915, 0.013444314000000901, 0.00046906600000085064, 0.02321439199999986, 2.81900000054236e-06, 0.00016869699999944032, 0.022118774999999147, 0.0011399759999992654, 0.020339225000000738, 3.0223999999634543e-05, 3.080199999949684e-05, 0.023468105999999267, 0.0002787550000000749, 0.00021197000000050537, 0.014773813999999774, 0.018330082000000303, 0.017513998000000086, 0.002067762999999445, 7.39379999998846e-05, 0.0003126900000012256, 0.0003801390000006677, 0.021756007000000466, 6.270799999974486e-05, 0.0008652539999989273, 3.8239999984313044e-06, 0.012386600000001025, 0.00031365400000105126, 0.00027303900000141823, 0.0008833780000010449, 0.0002844510000006295, 0.0006090089999997161, 0.022344996999999367, 0.00016580700000012882, 0.00026631700000123715, 0.021595228999998994, 0.018965097999998903, 0.0003955809999993676, 0.000170583999999252, 0.0004121759999993202, 0.00017212899999918818, 0.0004619580000007062, 0.017042955999999165, 0.0005223690000004666, 0.00038183400000058043, 0.00876348899999968, 0.00015106900000105838, 0.0053832279999994626, 8.922999999327885e-06, 0.00016147100000019066, 0.002850664000000336, 0.02210927900000037, 0.023056067000000624, 0.00476259799999923, 0.023399117000000302, 0.0002788210000002067, 0.000161517000000444, 0.012932914000000295, 0.019063354000000032, 0.022053752999999787, 9.849000000095032e-05, 0.0001030860000010847, 0.00011092299999937438, 0.020858970999999116, 0.02130156099999958, 0.006175695999999675, 6.421000000145227e-06, 0.02350657400000067, 0.02120436100000056, 9.021999998637398e-06, 8.5021000000296e-05, 0.01072979000000096, 0.019627488999999443, 0.00010323000000056481, 0.00038518800000097997, 0.023365563000000478, 0.023292814999999578, 0.013442966999999584, 9.768399999998678e-05, 0.00035437400000049024, 0.00010227499999970746, 0.0206285519999998, 0.0005019930000003114, 0.02122846700000025, 0.00012039599999980055], [0.0010141389999986927, 0.00010494599999866239, 0.01534542899999991, 0.026814942999999758, 0.001759160000000648, 5.635099999956594e-05, 0.02653178799999978, 0.00012651399999974444, 1.4210999999875185e-05, 7.295300000009775e-05, 0.00029051299999949265, 0.00017553700000050299, 0.019377517000000566, 0.020918075999999175, 0.0001954160000003924, 0.001013615000001522, 0.0002271349999993788, 0.022332001000000545, 0.0002098559999996752, 0.00016980000000010875, 0.0004188380000016423, 0.0006314429999996207, 0.0004804310000015022, 0.0004594989999997523, 0.0002143190000012396, 0.0002453770000006017, 0.018237165999998695, 0.02081397399999929, 0.0001367120000015376, 0.00014938500000027943, 0.018178500999999514, 0.0015192309999996212, 0.00502830399999965, 0.0038307690000003447, 0.025129847999998844, 0.002208741000000458, 0.024316747000000305, 0.0004627829999996891, 0.019083854999999872, 0.00018462599999935492, 0.013555078999999637, 0.0004371419999991133, 0.018664846000000068, 0.0004972610000013589, 7.161099999919429e-05, 8.798800000064944e-05, 0.00013150699999897597, 0.00046498900000102594, 0.0005135479999989201, 0.012846850000000742, 0.00027632600000160323, 0.022393447000000677, 0.00026334699999885913, 0.021329782000000463, 0.0006517890000008464, 0.020662088999999995, 3.195200000050136e-05, 0.02633840900000095, 3.5608999999325874e-05, 0.00011261500000081526, 0.0267834950000001, 0.01844502899999867, 0.000746936000000531, 5.83909999996024e-05, 0.026934277000000506, 0.00041463400000019135, 0.0010471279999997307, 0.0004642999999990849, 0.00043510100000077045, 0.00024625199999839253, 0.0001061220000000418, 9.409800000170776e-05, 0.0002196909999998553, 0.02686299400000003, 0.021064559999999233, 0.018140540000000982, 0.02309386900000021, 9.595100000048262e-05, 0.00017783200000032195, 2.8627000000724934e-05, 0.0023890880000010384, 3.325099999962333e-05, 0.016286519999999527, 0.00037182899999876895, 0.027060041000000368, 0.020098326999999472, 0.01902033000000003, 0.018381845999998703, 5.1226000000070826e-05, 0.01771980099999837, 0.0001332889999989817, 0.0188985559999999, 0.018281674999998998, 0.0002705360000003765, 0.00017981399999911218, 0.022441797999999125, 0.015000356999999909, 0.0001821490000004644, 0.0005177360000008235, 0.0006035610000001412, 2.062899999977219e-05, 0.02264470000000074, 1.873199999913311e-05, 0.0007554120000001774, 0.00025539399999985335, 0.025520563000000607, 0.0002103140000002668, 0.00023641099999949233, 0.00014759200000113992, 3.6286000000274043e-05, 5.903400000129011e-05, 0.0001887600000003431, 0.01641362500000021, 0.026766550999999694, 0.01180888600000074, 0.0005213350000001782, 0.0003716750000002378, 0.013380116000000442, 0.00015437300000087362, 0.00039434700000029466, 0.021902950000001198, 0.0001263759999989844, 0.0015984940000013381, 0.0004571179999999231, 0.000337894000001171], [0.0005261089999990531, 0.0004901729999993165, 1.1611999999772138e-05, 0.01928735600000131, 0.03782517700000021, 0.0003473599999992416, 0.0005148799999989961, 9.319100000126923e-05, 0.0004336139999985278, 0.011797902999999721, 0.020479095999998975, 0.00011535999999878754, 0.0004326359999993201, 0.039120445000000004, 0.0003742629999994307, 0.0001598070000010665, 3.653199999931189e-05, 0.0008761709999998146, 0.00010932100000005107, 0.0003317500000008522, 0.0002765010000000956, 0.021341422999999082, 0.03875277699999913, 0.00019264899999882346, 0.000373289000000554, 0.0008160530000012045, 0.000385781000000307, 0.0017714689999994704, 0.0005977889999986274, 0.0008883310000005196, 0.020546956999998756, 0.00014738499999999988, 0.026161448999999948, 0.0002263380000009363, 0.00048764900000008993, 0.017149573000001084, 1.8049999999547595e-05, 0.0006271430000008849, 0.03512920200000025, 0.0004059450000006848, 0.00018726899999954583, 0.03289123200000077, 0.01638479400000037, 0.010213043000000255, 0.0005607919999999211, 0.0010886740000000117, 0.02073547400000031, 0.038773665999999096, 0.0008382680000007525, 0.000406232999999645, 0.02355015299999863, 0.0001024309999984041, 0.0010953870000012245, 0.0004257719999998244, 0.001611741999999694, 0.0003714559999998812, 0.00064535299999946, 0.00045957100000038054, 0.00020580700000039087, 0.00032474899999890283, 0.03817847699999888, 1.5212999999292265e-05, 2.4113000000269835e-05, 0.024859583999999657, 0.012329473999999507, 0.0003482710000000111, 0.016106137000001297, 0.025571126000000888, 0.025369398000000487, 0.0004949549999988534, 0.0013522440000013347, 0.025107002000000378, 5.2329000000739256e-05, 0.00046133100000034233, 0.00011498099999940337, 0.0006416700000002606, 0.0002103939999997806, 8.086699999942937e-05, 0.0010311149999999714, 0.025466923999999835, 0.020297509000000602, 0.00012622900000103243, 0.001049660999999702, 0.0001399230000007634, 0.026127794000000648, 0.00017024099999929376, 0.020236900000000446, 0.00039117499999896665, 0.006410169999998772, 0.0002552769999990545, 0.03963036699999911, 0.00026587300000002756, 0.02520087400000115, 0.02851108499999988, 0.026785312999999533, 0.0001242510000007968, 0.03959331699999957, 6.073999999856028e-05, 0.03981351900000085, 0.023880264999998957, 0.016704453999999203, 0.00015936900000035337, 0.039697589999999394, 0.0025246960000000485, 0.0010319079999998593, 0.02774758600000027, 0.00012808200000158365, 0.03667523499999881, 0.0003121369999998791, 0.03931616599999899, 0.021795764000000162, 0.02484311399999939, 0.026539592000000667, 0.0006804879999986468, 0.035709638000000155, 0.0006763910000007201, 0.03976918700000098, 0.000597893000000127, 0.021719415999999825, 0.00966400099999909, 2.398700000050269e-05, 0.039762733999999966, 0.021979516000000032, 0.015094138000000257, 0.025673127000001017, 1.7764000000752844e-05, 3.9012000000226976e-05, 1.9342999999949484e-05, 4.160399999975084e-05, 4.2091999999271934e-05, 0.001500813999999906, 0.00016749899999979334, 4.1366000001374914e-05, 0.003397580999999761, 5.499099999894952e-05, 0.00042472300000007124, 0.0391980640000007, 0.00025519599999945797, 0.02135398599999938, 0.03910607300000102, 0.012316874999999783, 0.00022844799999965915, 0.00028561899999957063, 0.026501339999999374, 0.0017804229999995869, 0.006275226999999717, 0.013279763999999972, 0.000739108999999516, 0.03803719000000072, 0.0002580249999990514]]
* XPass FCT: [[0.00011743199999969534, 0.007290864999999869, 0.00011352299999956017, 0.0007576459999985019, 9.839400000011267e-05], [0.0003665919999988887, 0.011631791000001002, 0.0033164279999997603, 0.00020876299999983416, 0.00034644000000128017, 0.0012287490000009171, 0.0005345979999997752, 0.00033412700000035045, 0.0012932709999997627, 0.0012010209999999688, 0.001687388000000567, 0.00011579599999933521, 0.0003668569999994986, 0.00015153700000070103, 0.0015983800000007875, 0.0001828540000001766, 0.00039799900000048183, 0.0003694599999999326, 0.019126216000000085, 0.0017073879999998098, 0.0032644600000004687, 0.00036441399999986857, 9.537999999942315e-05, 0.00023308399999955043, 0.0015399440000010145], [0.00046317700000031437, 0.00040026399999959494, 0.00040624799999910977, 0.0019239679999998316, 0.002637608999998875, 0.0001575220000002986, 0.0001903639999998319, 0.0013228349999998557, 0.003013692999999762, 0.0001744610000002922, 0.0032650969999998836, 0.0018081009999999509, 0.00031605499999898257, 0.0023981829999986104, 0.01189653299999982, 0.0004208759999997369, 0.00048744000000056076, 0.00020099199999989992, 0.00019110500000074637, 0.0012900419999990476, 0.0004600089999993173, 0.00014034299999998723, 0.00014564599999999928, 0.00040020600000012507, 0.0005613820000007763, 0.0034804710000013728, 0.010284352999999413, 0.00345276200000022, 0.0004157649999996238, 0.0006054889999997926, 0.002999769999998847, 0.004304180000000102, 0.00010129500000033431, 0.00012424400000021762, 0.0005064680000010924, 0.0004838150000008312, 9.312199999911286e-05, 0.0003683919999986074, 0.0004406710000015579, 0.009605987000000482, 0.001773184000001038, 0.0013645269999997822, 0.0020855599999993757, 0.0005349609999996119, 0.000295439000000286, 0.0006479099999996407, 0.0020875020000001854, 0.014200262999999325, 0.003213334999999873, 0.0004961889999997027], [0.00010493699999969408, 0.00013157100000071864, 0.01720061400000006, 0.00012462999999840463, 0.004366197000001293, 0.0008067210000000102, 0.00018226299999923867, 0.0003719439999994023, 0.0004928589999995125, 0.0005543929999998198, 0.00021965900000076033, 0.02175681199999957, 0.0003416569999998842, 0.00018745999999936203, 0.000366288000000381, 0.0037585779999993463, 0.0033252529999998615, 0.0005328430000002271, 0.00010175099999898407, 0.0007609330000004633, 0.00017464099999919824, 0.02019045499999983, 0.0006404520000007352, 0.00025315999999975247, 0.018298028000000244, 0.003041245000000359, 0.0035052269999997776, 0.0005341250000014952, 0.02075784500000033, 0.00029523199999914596, 9.653899999939597e-05, 0.020282741000000826, 0.0025017599999994644, 0.0005675390000003944, 0.01604133900000093, 0.016516161000000196, 0.0003613480000002056, 0.00025368799999903047, 0.0005995839999997088, 0.0003852769999994621, 0.021321862999998942, 0.0028566849999993593, 0.00025794600000139667, 0.00012058800000147585, 0.00016298599999942098, 0.0005759540000003227, 0.0027847580000006644, 0.0007840469999997879, 0.0009674019999987848, 0.0009083219999990177, 0.00027764700000076914, 0.000246781000001306, 0.0002352170000001763, 0.0005153030000002445, 0.0004219780000003226, 0.0009775279999999498, 0.002336257000001396, 0.00014385000000061154, 0.0008576639999997582, 0.0003286959999986294, 0.0005236169999989215, 9.274199999964594e-05, 0.0006232050000001266, 0.0004892739999995399, 1.0858999999641128e-05, 8.965099999969084e-05, 0.018641275000000235, 8.928699999977141e-05, 0.0004384080000008339, 0.0005498480000003525, 0.0007933659999999065, 0.003882851000000187, 0.02195560500000049, 0.00013953900000096553, 0.00046164699999984293], [0.005185353999999975, 0.00044662899999892147, 0.0012724859999995175, 0.00044780599999860726, 0.00012252899999865008, 0.0001194770000001455, 0.000841772999999435, 0.0002572749999991686, 0.006976500000000385, 0.0003342569999986722, 0.0004543059999999599, 0.006948089000001545, 0.0007071599999992628, 0.00021138199999981566, 0.00033246200000114356, 0.0015766150000011692, 0.0004091210000005674, 0.0037949580000002925, 0.0005021759999994657, 0.01622295900000026, 7.769999999851507e-06, 0.0003361329999993501, 0.021566938999999508, 0.0015096039999988875, 0.007665867000000048, 0.00014715499999873316, 0.0001740770000004943, 0.01801060999999926, 0.0006220020000000659, 0.0007219210000002363, 0.0044240449999986, 0.004691735999999835, 0.005422326000001476, 0.0020725370000000964, 0.00015764000000118017, 0.000602103000000298, 0.0003545379999998488, 0.009607817000000907, 0.00020172900000048344, 0.0010767210000004468, 1.0864999998361213e-05, 0.0051354030000005935, 0.0006556570000011419, 0.0006294380000007038, 0.001472934000000592, 0.0005627980000006971, 0.001357808999999932, 0.010022891999998507, 0.0005200900000001951, 0.0003304780000004115, 0.025673695000000052, 0.005232098999998769, 0.0006247029999997267, 0.0002959479999997683, 0.00040864899999881743, 0.0004774189999992018, 0.000755658999999298, 0.004867318000000509, 0.0006507570000007235, 0.0003910080000011362, 0.0036560149999989022, 0.0002647600000003081, 0.003264119000000676, 0.00013647599999977444, 0.00048508699999949556, 0.0025004059999993444, 0.009902278000000209, 0.024600077000000553, 0.0031909910000003094, 0.02475587700000048, 0.00047593000000034635, 0.0002604829999999225, 0.004158310999999415, 0.005261581000000959, 0.010229458999999608, 0.0002842879999995773, 0.00014769400000069766, 0.00015916499999946154, 0.008319281000000345, 0.009392425999999787, 0.0017530509999996724, 1.1026000001024272e-05, 0.02162413399999963, 0.00981782000000031, 1.1037999998464443e-05, 0.00030212000000062744, 0.00238778900000014, 0.025532681999999696, 0.00040320000000093614, 0.0009745620000014554, 0.025204363000000285, 0.016080810000000056, 0.0045665420000009505, 0.00016527799999899173, 0.0004155739999998076, 0.0001292169999995707, 0.007678656999999589, 0.0008920539999994759, 0.008088712000001053, 0.0001243209999994832], [0.0007092079999999612, 0.0005160019999994603, 0.00322490399999964, 0.024043607000001188, 0.001545020000000008, 0.00026695600000081754, 0.023198672000001253, 0.0005001120000009962, 8.091999999848554e-06, 0.00016978700000080948, 0.00030886999999957254, 0.0006195959999999445, 0.006351709000000483, 0.009126114999999047, 0.0005795470000009573, 0.0009428570000000747, 0.0006397869999990036, 0.02855056900000008, 0.0005370829999993276, 0.00025652000000064845, 0.0003873520000006181, 0.0008647639999992407, 0.0008231970000007749, 0.0013560769999987343, 0.00022619600000162166, 0.000730722000000128, 0.006789361999999244, 0.007770296999998649, 0.0004821230000011667, 0.0005614380000000807, 0.005461362000000136, 0.0017809510000006412, 0.0029683150000003877, 0.002934400000000892, 0.02878499899999909, 0.0032585669999996014, 0.027800471000000826, 0.0007163969999997022, 0.006512004999999377, 0.0005697970000007047, 0.00543096200000015, 0.0009350450000003008, 0.006114943000000039, 0.001268368999999936, 9.18599999977232e-06, 9.71090000003727e-05, 0.00022481699999943316, 0.0008933310000003303, 0.001099201999998911, 0.0035268210000012346, 0.0008840310000000073, 0.008579242000001486, 0.0008435109999993529, 0.009077095000000313, 0.001928789000000819, 0.008412238000000016, 9.15600000013228e-05, 0.023738159000000536, 0.00025489599999950485, 0.0003123670000011458, 0.02875145099999976, 0.006492826999998869, 0.0012484029999999535, 0.00011950000000027217, 0.02697341900000083, 0.0007477109999989295, 0.0018298300000001433, 0.002221374999999526, 0.0015332420000007119, 0.0005479479999994652, 0.00014992300000038483, 1.3760000001639128e-05, 0.0002750119999994638, 0.029251656999999653, 0.008356004999999556, 0.005004153999999872, 0.012948160000000541, 0.0003973750000003662, 0.0009671430000004477, 0.00020357600000053822, 0.003098639000000958, 9.48770000004373e-05, 0.005656329999998988, 0.00046020299999938175, 0.026658268000000263, 0.007530184000000162, 0.0064656430000002985, 0.006580492999999521, 0.0002495370000001884, 0.004264497999999506, 0.0001604969999995376, 0.005041430999998653, 0.006385347999998459, 0.0008880460000000312, 0.00019640100000017924, 0.01026788099999898, 0.003845153000000323, 0.00016828000000046472, 0.0008575630000002832, 0.0010704409999995335, 0.00010290099999998858, 0.010810785000000322, 0.0001042669999993251, 0.001124389999999309, 0.0014386000000001786, 0.029825118999999845, 0.0004302460000005226, 0.0007131879999988655, 0.0006871770000014266, 9.331200000062267e-05, 0.00015337300000162202, 0.00038142499999871404, 0.005234681000001018, 0.026363650000000405, 0.006020507000000563, 0.0010964609999994934, 0.0009355190000004399, 0.004062176999999778, 0.0002320410000002937, 0.0010976659999997196, 0.009999558000000519, 0.00012526399999934767, 0.0023371270000005495, 0.0012247829999996185, 0.00047477900000103546], [0.0018913999999998765, 0.0015286529999993803, 9.087799999996093e-05, 0.003632861000001597, 0.035649052000000125, 0.0010691709999992582, 0.0018990710000004185, 0.0007356490000010041, 0.0007174419999991244, 0.004593846000000568, 0.009296712999999457, 0.0007648919999994064, 0.0011406720000000092, 0.037009572000000546, 0.001122425000000149, 0.0008385500000009927, 8.709999999467755e-06, 0.0007136390000006543, 0.0002444889999999589, 0.0011303260000001814, 0.0005085369999999756, 0.01094344699999894, 0.04004418899999962, 0.0002489350000001167, 0.0008808930000014925, 0.0013112270000004145, 0.0003242549999988853, 0.0039067759999991125, 0.0014389769999993973, 0.0006529200000002788, 0.004726462999999015, 0.0007295660000004034, 0.015485631000000666, 0.00078644000000061, 0.0011820470000003525, 0.006459508000000724, 8.572000000484081e-06, 0.0006562800000011748, 0.03248021000000101, 0.000470149999999947, 0.0009411240000005705, 0.042601805000000326, 0.007359960000000498, 0.0034152980000001776, 0.001254530000000642, 0.0018493090000006873, 0.009554722000000737, 0.03477916299999961, 0.001788336000000612, 0.0011577319999993563, 0.011806304999998574, 1.090099999956351e-05, 0.0017149030000016552, 0.000877039000000579, 0.0010536159999983141, 0.0009536069999995789, 0.001541586999998401, 0.00038447200000035764, 0.00012413800000032893, 0.00019038499999979308, 0.036417021000000105, 0.00014234799999890413, 0.0001075989999996807, 0.01407972500000021, 0.004505995999998902, 0.001484805999998784, 0.008097691999999768, 0.016323064000001608, 0.01538050699999971, 0.0006374019999988434, 0.0031706080000013515, 0.014891662000000139, 1.26209999997684e-05, 0.0011720930000009844, 0.00015546200000038368, 0.0015729750000001985, 0.0007092620000008765, 0.00010286000000014894, 0.0034770590000015034, 0.014790300999999673, 0.009290403999999697, 0.0001580440000008565, 0.00183744699999977, 0.00013605500000046789, 0.01761947200000158, 0.00016359399999998914, 0.010134894000000116, 0.0007408980000001009, 0.0027304949999997774, 0.00013911399999955165, 0.04159453699999993, 0.0007961509999994121, 0.016808872000000363, 0.019502532000000627, 0.016909098999999372, 0.0007663110000013518, 0.040240948999999304, 0.0002662959999994996, 0.042476634999999874, 0.014506863999999453, 0.0062234629999995406, 0.0003390240000005207, 0.04310171899999915, 0.0024500270000000768, 0.000889227000000048, 0.01962832100000078, 0.00024639300000117714, 0.035846218999999735, 0.0008161600000011759, 0.04377982499999966, 0.006396323000000592, 0.013984387000000709, 0.017423978000000062, 0.0005212700000001291, 0.033927685000000096, 0.0006227620000007761, 0.04173960600000015, 0.0008298150000012328, 0.006897196000000605, 0.006308402000000157, 0.00010220000000060736, 0.04010706999999947, 0.005616079000001051, 0.005698413999999374, 0.01396172399999962, 8.95300000003374e-05, 0.0001901730000000157, 1.1588999999645466e-05, 0.00013857299999919803, 0.0002579790000005744, 0.00453039399999966, 0.000723110000000915, 0.00012361600000154738, 0.0036810870000003604, 0.00016034799999964378, 0.0008941790000012162, 0.04412142600000024, 0.0008494849999998166, 0.011617941000000798, 0.044332594000000114, 0.005726433999999614, 0.0008426709999991289, 0.00044172999999858575, 0.017379717999999045, 0.003961188999999976, 0.0031878299999998916, 0.004583927000000543, 0.0014499780000001294, 0.03738744800000049, 0.0002488169999992351]]
** SSIRD FCT sorted: [[(7210, 1.4881000000244171e-05), (18746, 2.3282000000790504e-05), (63448, 5.072299999930863e-05), (1010842, 0.0007036930000001718), (10575628, 0.007260713999999169)], [(5768, 1.1724999998463659e-05), (7210, 1.1409999999045795e-05), (24514, 5.88179999994054e-05), (25956, 2.3333999999763932e-05), (28840, 3.0293999998320942e-05), (40376, 6.682999999974015e-05), (46144, 5.339800000037087e-05), (50470, 0.0001277260000005498), (50470, 0.00014909399999929462), (51912, 0.00023022500000102752), (62006, 0.0004231319999998817), (79310, 0.0002530360000001508), (82194, 0.0004247619999997454), (268212, 0.00043264700000023026), (1178114, 0.0008207850000001571), (1202628, 0.0008380980000008975), (1322314, 0.0009194400000005487), (1346828, 0.0013079400000002295), (1394414, 0.0009672240000000443), (1442000, 0.0010727900000002677), (1779428, 0.001565082000000828), (4661986, 0.003207829000000828), (4806186, 0.0033267630000004544), (16823814, 0.011545887000000477), (27879628, 0.019131860999999972)], [(2884, 7.331999999138361e-06), (5768, 1.0564000000101714e-05), (5768, 1.3785000000154923e-05), (7210, 2.682700000100624e-05), (8652, 3.621499999972855e-05), (18746, 2.421499999982757e-05), (20188, 5.894000000061794e-05), (25956, 4.0513000000075294e-05), (25956, 0.00011130499999900678), (28840, 7.578199999969115e-05), (28840, 0.00011958700000036515), (31724, 0.0001445970000002461), (31724, 5.231799999982911e-05), (36050, 7.425400000116156e-05), (43260, 0.00014769199999875582), (44702, 0.00018228299999911712), (54796, 0.0002865370000009193), (59122, 0.00018284100000087733), (59122, 0.0001974200000010029), (63448, 0.00025254299999843965), (69216, 0.0002845310000001433), (70658, 0.0004022530000007407), (70658, 0.0003538009999992653), (74984, 0.0003249819999986414), (76426, 0.0002934349999996755), (76426, 0.00043504099999935875), (76426, 0.00039608999999884986), (87962, 0.0004395749999996923), (121128, 0.00047248300000113375), (596988, 0.0006616879999992165), (635922, 0.0004426609999992337), (673414, 0.000733137000000994), (693602, 0.0009288400000002639), (788774, 0.0011509739999997493), (961814, 0.0011429039999999446), (986328, 0.0012770270000004302), (1178114, 0.00252453799999941), (1346828, 0.000933986999999803), (1514100, 0.0010679350000000198), (1538614, 0.0015626009999998303), (1851528, 0.0017610450000002942), (1874600, 0.001390530000000112), (2138486, 0.002430180999999365), (2643186, 0.002516577999999825), (2931586, 0.0020158769999998327), (3075786, 0.003464998000000108), (13939814, 0.009570997000000858), (14901628, 0.010230870999999198), (17305442, 0.011876656000000096), (20669628, 0.01418680099999925)], [(1442, 9.885999999070805e-06), (2884, 1.140700000057393e-05), (4326, 1.6235000000364153e-05), (4326, 1.5120000000479195e-05), (4326, 9.282999998916353e-06), (4326, 7.321000000004574e-06), (5768, 8.464000000429905e-06), (5768, 2.4397000000675462e-05), (7210, 8.792999999229778e-06), (7210, 1.5236000001195293e-05), (8652, 3.301699999980201e-05), (14420, 3.1618999999594166e-05), (15862, 3.695599999886667e-05), (15862, 6.408299999982603e-05), (18746, 6.532400000125449e-05), (18746, 4.455800000080501e-05), (20188, 4.8630000000216e-05), (20188, 0.00010776999999961845), (21630, 5.2656000001150005e-05), (23072, 7.638099999951464e-05), (24514, 5.876700000051471e-05), (25956, 3.9814999999165934e-05), (25956, 3.0155000001030885e-05), (28840, 8.455599999912522e-05), (30282, 7.19680000003109e-05), (30282, 6.092399999957365e-05), (31724, 7.224500000013734e-05), (36050, 3.598499999846183e-05), (37492, 8.615700000014215e-05), (37492, 9.120400000028894e-05), (37492, 0.00012300799999920287), (40376, 9.47070000005823e-05), (41818, 9.678900000054114e-05), (43260, 0.00011744399999891186), (46144, 0.00013567899999955557), (46144, 0.00012838200000153677), (50470, 0.00011748900000085882), (50470, 0.00010820000000144603), (54796, 0.00019403100000126017), (60564, 0.00014287299999971026), (74984, 0.00016213199999981498), (79310, 0.00014802399999958027), (92288, 0.00016687799999992592), (99498, 0.00020419800000048838), (99498, 0.00020042699999933689), (142758, 0.0002507430000004973), (145642, 0.00023106500000125152), (158620, 0.0002810509999999766), (164388, 0.00031533299999964015), (165830, 0.00024872100000017383), (168714, 0.0003485449999995893), (170156, 0.0003005650000016402), (214858, 0.00038308699999944906), (461440, 0.0004770319999991557), (788774, 0.0005506600000000361), (1227142, 0.0011804719999997104), (1394414, 0.0028144700000005685), (1514100, 0.001636912000000379), (1563128, 0.001085862999998355), (1682814, 0.002164779999999311), (1707328, 0.001963805999999124), (1754914, 0.002472616999998678), (1851528, 0.0028060859999996524), (2859486, 0.003173599000000138), (12017628, 0.008271096000001421), (12497814, 0.01161562200000077), (15381814, 0.010794525999999749), (15863442, 0.014513883000001115), (18265814, 0.017666005000000595), (19227628, 0.01979370200000119), (21631442, 0.02162016900000019), (24515442, 0.016820266999999944), (24515442, 0.016828415000000874), (25957442, 0.017808647000000732), (28840000, 0.019790530999999945)], [(1442, 7.956000001030361e-06), (1442, 1.0934999998823969e-05), (1442, 6.883000001067785e-06), (1442, 6.798999999446664e-06), (2884, 8.482999998449259e-06), (4326, 9.095000001124731e-06), (4326, 1.1924000000718138e-05), (5768, 3.071999999981756e-05), (5768, 3.7903999999144844e-05), (5768, 3.3891999999369204e-05), (5768, 3.248199999994483e-05), (5768, 2.8886000000838408e-05), (7210, 3.590799999919625e-05), (8652, 1.0699000000613523e-05), (8652, 4.818799999917189e-05), (8652, 2.0134999999754655e-05), (8652, 2.5906999999492086e-05), (8652, 5.9849999999528336e-05), (20188, 6.48089999994994e-05), (20188, 5.121499999916068e-05), (20188, 0.00020512200000055714), (21630, 4.8420999998910474e-05), (21630, 6.031999999933646e-05), (21630, 7.585800000065035e-05), (24514, 3.262199999909399e-05), (25956, 8.944999999904724e-05), (27398, 0.00012500699999939968), (28840, 8.724099999923851e-05), (34608, 0.00011043199999960507), (36050, 0.00014521800000011353), (37492, 0.00018619099999916955), (37492, 0.00012184899999923005), (38934, 0.00016860799999918186), (38934, 8.93390000005212e-05), (43260, 0.00014523900000007472), (47586, 0.0001696080000002098), (50470, 0.0002358420000003747), (50470, 0.00016741300000155945), (50470, 0.00014394700000153193), (50470, 0.00010130600000124446), (51912, 0.0001974499999999324), (53354, 0.0001884370000002633), (54796, 0.0002500029999996656), (56238, 0.00026457699999937745), (59122, 0.00019749900000043397), (62006, 0.0002365849999996783), (63448, 0.00027660599999990154), (63448, 0.00025810899999889614), (66332, 0.00040329199999966647), (72100, 0.0003247819999998569), (72100, 0.00030811400000096967), (74984, 0.0003035929999999354), (82194, 0.0005988349999999087), (87962, 0.00032853000000088173), (115360, 0.0003745490000000018), (164388, 0.0004274250000015911), (175924, 0.000439510999999726), (177366, 0.0011146520000000493), (259560, 0.0005036609999997665), (286958, 0.0006267500000003423), (423948, 0.0005973350000001432), (481628, 0.0007084489999993338), (576800, 0.0008963399999988297), (654668, 0.0010549409999995873), (673414, 0.0008048279999997021), (770028, 0.0012682899999987285), (904134, 0.0015412860000001416), (986328, 0.0015625729999992899), (1010842, 0.0019628900000014937), (1082942, 0.0029240730000008597), (1106014, 0.0016409639999999115), (1202628, 0.0019458829999994265), (1227142, 0.0021343790000010188), (1346828, 0.00224967499999984), (1418928, 0.002396871000000189), (1491028, 0.0032446710000009205), (1586200, 0.005630175999998599), (1635228, 0.0037646159999997764), (2571086, 0.0032449599999999634), (2571086, 0.003472562999998985), (2715286, 0.0025889610000007224), (2859486, 0.0037640579999997925), (2931586, 0.004084871000001655), (3219986, 0.004790407999999857), (3292086, 0.004780143999999709), (3436286, 0.005180238000001225), (4229386, 0.0060105740000011565), (4229386, 0.005614884999999958), (4445686, 0.007025332999999634), (4517786, 0.007013475000000824), (11055814, 0.011144169999999676), (12979442, 0.008912054999999697), (16343628, 0.015336810000000867), (17305442, 0.011876482999999993), (23553628, 0.021335478000001018), (26437628, 0.018401638000000275), (26437628, 0.01813916100000057), (26437628, 0.022740493000000583), (27399442, 0.01880418999999911), (28359814, 0.025865753999999797)], [(1442, 2.7620000011552293e-06), (1442, 8.421999998731167e-06), (1442, 2.2338000000843294e-05), (2884, 1.6895999999988476e-05), (2884, 1.0984999999408274e-05), (2884, 3.3592000001192446e-05), (4326, 3.201400000030219e-05), (4326, 8.571999998707724e-06), (4326, 2.2966999999596283e-05), (5768, 5.046500000105425e-05), (5768, 4.999599999955251e-05), (5768, 1.815899999968451e-05), (5768, 3.003200000151196e-05), (7210, 4.339499999872487e-05), (7210, 4.162699999987751e-05), (7210, 5.631899999869461e-05), (8652, 5.318000000009704e-05), (8652, 3.607699999896852e-05), (10094, 3.352200000072969e-05), (10094, 4.875500000167676e-05), (11536, 5.92060000013106e-05), (11536, 3.854000000025337e-05), (12978, 4.507600000103196e-05), (14420, 7.215000000115879e-05), (14420, 5.485700000029681e-05), (15862, 5.349599999959764e-05), (17304, 6.880699999989304e-05), (18746, 6.117200000055334e-05), (18746, 5.83560000002592e-05), (21630, 7.366900000072008e-05), (23072, 9.471899999979883e-05), (23072, 7.305099999932452e-05), (24514, 8.760900000126526e-05), (24514, 7.74909999989859e-05), (24514, 9.552799999923423e-05), (25956, 0.00011336199999867347), (25956, 0.00011278000000025656), (25956, 9.87780000016869e-05), (25956, 0.00011533500000027175), (27398, 0.00015280400000072802), (27398, 9.215500000081533e-05), (36050, 0.00012081999999935533), (37492, 0.00011481900000021028), (38934, 0.00014539000000013402), (43260, 0.0001290469999997157), (43260, 0.00015475000000009231), (44702, 0.0001830760000007814), (46144, 0.00012644799999961265), (49028, 0.00014937600000131113), (49028, 0.00017105400000083648), (50470, 0.00022318099999907304), (50470, 0.00017192000000143537), (50470, 0.000253282000000965), (51912, 0.000165588999999855), (54796, 0.00015759099999890225), (56238, 0.00020298700000154213), (57680, 0.00021696100000134777), (59122, 0.00018996399999871016), (59122, 0.00025479700000019534), (59122, 0.00023173199999959593), (59122, 0.0002292819999993867), (60564, 0.00039604800000070384), (63448, 0.00023844699999919783), (63448, 0.00018165700000061236), (64890, 0.0002644400000004765), (66332, 0.00024350700000042025), (73542, 0.000259731999999957), (74984, 0.00029787300000094774), (83636, 0.0002865219999996782), (109592, 0.00032009899999962954), (122570, 0.000334020000000379), (149968, 0.0004280789999988599), (173040, 0.00036562500000059117), (183134, 0.00042150899999882085), (184576, 0.00038941999999941856), (273980, 0.0004938419999991339), (275422, 0.0006298960000012954), (354732, 0.0005346230000000673), (366268, 0.0005769470000007715), (461440, 0.001070589000001121), (519120, 0.0006870570000003795), (558054, 0.0007762919999994011), (846454, 0.0008470530000010967), (904134, 0.000937137000001087), (924322, 0.0012565539999993547), (943068, 0.001473135999999542), (1033914, 0.0013433539999994082), (1106014, 0.002744207999999304), (1130528, 0.0014725690000005898), (1178114, 0.0016086570000002354), (1250214, 0.0018473049999983004), (1322314, 0.0017148319999993333), (1322314, 0.002378863000000564), (1322314, 0.002106293999998954), (1346828, 0.003022680999999139), (1346828, 0.002619633000000121), (1371342, 0.002222615999999178), (1418928, 0.0024632049999997463), (1418928, 0.002899597000000753), (1418928, 0.0031551859999989773), (1491028, 0.0027296719999991836), (1635228, 0.0030174560000002515), (1851528, 0.0035466419999998777), (2354786, 0.0034296630000003603), (2426886, 0.00400966700000005), (2426886, 0.003830506999999983), (2498986, 0.00424637599999933), (2715286, 0.004522721999999035), (3075786, 0.004797440000000819), (3219986, 0.005446982000000489), (3508386, 0.006436421000000081), (3580486, 0.005750821999999545), (4806186, 0.006431398000000144), (14421442, 0.009897128000000421), (16343628, 0.015213271000000361), (17785628, 0.018999561999999415), (17785628, 0.012210997999998696), (18265814, 0.021060545000000985), (19707814, 0.022335441000000955), (20189442, 0.013861652999999308), (23073442, 0.024948724999999783), (26917814, 0.02233213599999928), (27399442, 0.026734447000000827), (27399442, 0.029078555999999978), (28359814, 0.01945579100000039)], [(1442, 4.179999999465167e-06), (1442, 3.6689999998174017e-06), (1442, 7.600999998302882e-06), (1442, 1.3663000000718739e-05), (1442, 5.687999999892668e-06), (2884, 6.99809999993306e-05), (2884, 2.433700000104011e-05), (2884, 1.0370000000037294e-05), (4326, 2.4161999998995043e-05), (4326, 2.4614000000866554e-05), (4326, 3.858799999889584e-05), (4326, 5.3497999999763124e-05), (4326, 6.6730000014558755e-06), (4326, 3.0280999999021674e-05), (5768, 6.709799999882193e-05), (5768, 4.551200000157962e-05), (5768, 5.9074999999353395e-05), (5768, 3.6322999999782724e-05), (7210, 6.242599999950471e-05), (7210, 1.1376999999868076e-05), (8652, 6.979700000009359e-05), (8652, 7.282099999983416e-05), (8652, 7.966399999936868e-05), (10094, 6.88359999987398e-05), (10094, 5.4829999999839174e-05), (10094, 6.832000000045468e-05), (12978, 9.361200000057579e-05), (15862, 8.625899999969988e-05), (17304, 8.71920000005133e-05), (18746, 9.533800000127712e-05), (18746, 8.59099999992452e-05), (20188, 0.00010133299999992573), (20188, 9.210199999998281e-05), (21630, 8.983300000053873e-05), (23072, 0.0001002660000004596), (23072, 0.0001097160000007591), (23072, 0.00011302899999954263), (24514, 0.0001037739999993903), (24514, 0.00010439200000078586), (25956, 0.00011766599999951666), (25956, 0.00012944999999930928), (25956, 0.00012158799999895109), (27398, 0.0001357569999989039), (30282, 0.00016197900000136656), (31724, 0.00013626200000160793), (31724, 0.0001026280000004931), (34608, 0.00014673099999917838), (36050, 0.00017783400000048744), (36050, 0.0001938769999991763), (36050, 0.00013964100000052326), (38934, 0.0001321829999998414), (43260, 0.0001491060000002875), (44702, 0.00019750299999898857), (47586, 0.0002796649999989853), (49028, 0.00023050499999932583), (49028, 0.00023567800000101613), (51912, 0.00023501699999961545), (53354, 0.0002222090000003618), (54796, 0.0002982229999997088), (54796, 0.00019504999999853112), (57680, 0.0002110130000012589), (62006, 0.0002522320000011291), (63448, 0.0002698080000005376), (64890, 0.0002794949999991303), (66332, 0.0003395479999994677), (66332, 0.00041652100000000303), (67774, 0.0002979819999993083), (67774, 0.00025755799999949147), (70658, 0.0003293620000004438), (72100, 0.00035581100000037225), (72100, 0.00030877100000026303), (79310, 0.00033521900000010874), (80752, 0.000377517000000438), (80752, 0.00037820600000060267), (83636, 0.00037183300000087627), (90846, 0.0003905839999998051), (95172, 0.00045227100000033715), (105266, 0.000570706999999615), (124012, 0.0006156060000002128), (128338, 0.0004653060000006093), (128338, 0.00042863800000070285), (131224, 0.0004781540000013962), (138432, 0.0005073679999991754), (198996, 0.0005324279999996406), (207648, 0.0005494790000000194), (213416, 0.0005933900000005821), (223510, 0.000976791999999449), (250908, 0.0006470439999990418), (346080, 0.0008326930000013277), (442694, 0.0007561940000009315), (539308, 0.0008849739999998718), (576800, 0.0008158250000001033), (635922, 0.001046786999999938), (654668, 0.0009581199999999512), (673414, 0.0018160310000006064), (693602, 0.001208165999999622), (731094, 0.0013732849999996688), (751282, 0.0013113970000002695), (866642, 0.0015948669999996667), (885388, 0.001495121000001376), (943068, 0.0016825709999999106), (961814, 0.0018032349999987929), (986328, 0.0019079210000008118), (1322314, 0.002079754000000378), (1466514, 0.002222856000001272), (1491028, 0.00254352800000035), (1538614, 0.0029210580000000874), (1658300, 0.00270678099999877), (1682814, 0.003027529000000584), (1802500, 0.0029051530000003822), (1827014, 0.020506722999998672), (1874600, 0.0033944600000008762), (1922186, 0.0037879130000000316), (1922186, 0.0036137200000005976), (2643186, 0.004047534999999769), (2715286, 0.00433746299999882), (2859486, 0.004892303000000098), (3147886, 0.004663706000000545), (3147886, 0.005540005000000292), (3219986, 0.0052492920000002385), (3292086, 0.006862695000000585), (3292086, 0.006196530000000422), (3292086, 0.005878502999999924), (3364186, 0.007540832000000108), (3652586, 0.006529847000001254), (3652586, 0.008254906000001228), (3796786, 0.007242755000000045), (3796786, 0.007923873999999387), (4013086, 0.00867780699999976), (4661986, 0.009189593000000329), (4806186, 0.009928535000000238), (12497814, 0.012633676000000094), (12979442, 0.015460818999999404), (15381814, 0.014576465000001093), (15381814, 0.017224945000000602), (15863442, 0.01883553000000049), (17785628, 0.020502598000000205), (18265814, 0.02226946500000082), (18747442, 0.023510538000000025), (18747442, 0.02534098699999987), (18747442, 0.032099940999998466), (19707814, 0.028379592000000287), (20669628, 0.030599909999999397), (21149814, 0.038005742000001064), (21149814, 0.03414640499999955), (23073442, 0.03207579199999877), (26437628, 0.04238748799999925), (26917814, 0.03652553200000064), (26917814, 0.040686161), (28840000, 0.019785440000001486)]]
** DCTCP FCT sorted: [[(7210, 7.810999999691148e-06), (18746, 1.5867000000113762e-05), (63448, 4.563299999915671e-05), (1010842, 0.0006966119999987086), (10575628, 0.0072556329999997615)], [(5768, 1.2975999998943166e-05), (7210, 1.5214999999457746e-05), (24514, 4.333799999933774e-05), (25956, 5.108100000050797e-05), (28840, 5.3995999998335265e-05), (40376, 7.133099999911963e-05), (46144, 7.993200000022682e-05), (50470, 8.606300000124634e-05), (50470, 8.651000000092779e-05), (51912, 8.905400000003283e-05), (62006, 9.765899999969463e-05), (79310, 0.00011737800000055643), (82194, 0.00012092500000093764), (268212, 0.00032155699999947274), (1178114, 0.0016538340000007423), (1202628, 0.0016934559999999266), (1322314, 0.00172569299999914), (1346828, 0.0016826900000008749), (1394414, 0.0016709440000006737), (1442000, 0.0017233020000002597), (1779428, 0.001736376000000206), (4661986, 0.0032006839999993986), (4806186, 0.0032986899999993824), (16823814, 0.011540738000000772), (27879628, 0.019124774999999872)], [(2884, 2.410099999927695e-05), (5768, 3.620400000059476e-05), (5768, 1.6920000000197888e-05), (7210, 1.8780999999634673e-05), (8652, 1.7190000001221506e-05), (18746, 6.709100000001911e-05), (20188, 8.633100000032812e-05), (25956, 9.063399999931221e-05), (25956, 7.234099999919863e-05), (28840, 0.00010687800000042103), (28840, 9.369500000033781e-05), (31724, 0.00012035600000004365), (31724, 0.0001256290000011262), (36050, 0.0001290010000012387), (43260, 0.00012133399999925132), (44702, 0.00015228800000066656), (54796, 0.00015581899999972393), (59122, 0.0001621850000006475), (59122, 0.00017961400000032768), (63448, 0.00017542500000011785), (69216, 0.00022557199999972966), (70658, 0.00019954700000113235), (70658, 0.00022892199999979823), (74984, 0.0002182489999995596), (76426, 0.00022084599999949717), (76426, 0.00024030299999999727), (76426, 0.00024509700000052703), (87962, 0.000249613999999454), (121128, 0.00031706100000050697), (596988, 0.0018873529999989813), (635922, 0.0023314389999988805), (673414, 0.002559996000000453), (693602, 0.0026823900000003675), (788774, 0.0031798700000003066), (961814, 0.00350953299999901), (986328, 0.0036144920000005243), (1178114, 0.0038000529999990817), (1346828, 0.0036933889999986036), (1514100, 0.0041073229999994965), (1538614, 0.00396406299999974), (1851528, 0.004187526999999136), (1874600, 0.004322517000000303), (2138486, 0.004404276999999013), (2643186, 0.004300694999999521), (2931586, 0.004397412000001211), (3075786, 0.004408959000000934), (13939814, 0.009563801000000538), (14901628, 0.010223701999999335), (17305442, 0.011871582999999575), (20669628, 0.014179734000000721)], [(1442, 8.79799999964348e-06), (2884, 7.1189999992782305e-06), (4326, 6.961200000077383e-05), (4326, 1.1546999999723084e-05), (4326, 2.3999999999801958e-05), (4326, 2.541199999939181e-05), (5768, 4.5322000000069806e-05), (5768, 6.046200000042745e-05), (7210, 1.0517999999848371e-05), (7210, 7.456700000041394e-05), (8652, 2.842099999966763e-05), (14420, 0.00012421099999926355), (15862, 0.0001065439999994311), (15862, 4.5126999999922646e-05), (18746, 4.639000000139504e-05), (18746, 9.193400000029328e-05), (20188, 0.00011931699999934153), (20188, 5.5159000000415404e-05), (21630, 0.00015829200000005983), (23072, 6.47150000006036e-05), (24514, 6.37539999992498e-05), (25956, 0.00010814900000077898), (25956, 0.00014095000000047264), (28840, 0.00012033900000041342), (30282, 0.0001863359999987324), (30282, 0.00012621299999970859), (31724, 0.00019031200000085846), (36050, 0.00020946599999938087), (37492, 0.00020742500000103803), (37492, 0.0002283009999999308), (37492, 0.0001713739999988917), (40376, 0.00013969699999982765), (41818, 0.00018080299999923), (43260, 0.00022677699999995582), (46144, 0.000227638000000141), (46144, 0.00022835500000084608), (50470, 0.00025066400000106626), (50470, 0.00022462700000147606), (54796, 0.0002053720000017023), (60564, 0.00021584099999927275), (74984, 0.0002988669999997029), (79310, 0.00031550499999966064), (92288, 0.00035236099999913506), (99498, 0.00033117999999987546), (99498, 0.00034173799999948073), (142758, 0.00047490100000047164), (145642, 0.0005068940000008126), (158620, 0.0005106359999995647), (164388, 0.0005373479999999375), (165830, 0.000538364000000513), (168714, 0.0005416309999990432), (170156, 0.0005198570000004565), (214858, 0.00067204700000012), (461440, 0.001397949999999426), (788774, 0.007596403000000862), (1227142, 0.01360506199999989), (1394414, 0.015201932000000085), (1514100, 0.015534729000000524), (1563128, 0.016120809999998542), (1682814, 0.01658481700000003), (1707328, 0.01693969599999967), (1754914, 0.017010716999999786), (1851528, 0.017133194999999546), (2859486, 0.017613093000001356), (12017628, 0.019967637000000593), (12497814, 0.020016495000000134), (15381814, 0.020041683000000532), (15863442, 0.020099874999999656), (18265814, 0.01984421600000097), (19227628, 0.019744828000000325), (21631442, 0.019710511999999625), (24515442, 0.01779481800000049), (24515442, 0.018392663000000198), (25957442, 0.017815161999999773), (28840000, 0.019789670999999842)], [(1442, 2.81900000054236e-06), (1442, 3.8239999984313044e-06), (1442, 6.421000000145227e-06), (1442, 9.021999998637398e-06), (2884, 8.922999999327885e-06), (4326, 6.270799999974486e-05), (4326, 0.00012039599999980055), (5768, 1.7676999998883502e-05), (5768, 3.0223999999634543e-05), (5768, 3.080199999949684e-05), (5768, 0.0001030860000010847), (5768, 0.00011092299999937438), (7210, 0.00010227499999970746), (8652, 3.5442000001495444e-05), (8652, 4.77449999998214e-05), (8652, 7.39379999998846e-05), (8652, 9.849000000095032e-05), (8652, 9.768399999998678e-05), (20188, 0.000170583999999252), (20188, 0.00017212899999918818), (20188, 8.5021000000296e-05), (21630, 0.00015844099999995365), (21630, 0.000161517000000444), (21630, 0.00010323000000056481), (24514, 0.00016580700000012882), (25956, 9.233199999947317e-05), (27398, 8.36379999995529e-05), (28840, 0.00016147100000019066), (34608, 0.00015106900000105838), (36050, 0.00021197000000050537), (37492, 0.00020870599999867068), (37492, 0.00021285299999895813), (38934, 0.00016869699999944032), (38934, 0.00026631700000123715), (43260, 0.0002788210000002067), (47586, 0.0002787550000000749), (50470, 0.0003126900000012256), (50470, 0.00027303900000141823), (50470, 0.0002844510000006295), (50470, 0.00038183400000058043), (51912, 0.00033111599999990915), (53354, 0.00032657400000069003), (54796, 0.00030864999999913323), (56238, 0.00035437400000049024), (59122, 0.00031365400000105126), (62006, 0.0003955809999993676), (63448, 0.00031817599999861557), (63448, 0.0004121759999993202), (66332, 0.0003801390000006677), (72100, 0.00046906600000085064), (72100, 0.00038518800000097997), (74984, 0.0004619580000007062), (82194, 0.0005019930000003114), (87962, 0.0005223690000004666), (115360, 0.0006090089999997161), (164388, 0.0008177560000000028), (175924, 0.0008652539999989273), (177366, 0.0008833780000010449), (259560, 0.0011399759999992654), (286958, 0.001197044999999619), (423948, 0.002067762999999445), (481628, 0.002850664000000336), (576800, 0.00476259799999923), (654668, 0.0053832279999994626), (673414, 0.006175695999999675), (770028, 0.00876348899999968), (904134, 0.01072979000000096), (986328, 0.012932914000000295), (1010842, 0.012386600000001025), (1082942, 0.013442966999999584), (1106014, 0.013444314000000901), (1202628, 0.014773813999999774), (1227142, 0.01457759400000036), (1346828, 0.017042955999999165), (1418928, 0.017513998000000086), (1491028, 0.018330082000000303), (1586200, 0.018965097999998903), (1635228, 0.019063354000000032), (2571086, 0.020334318000001517), (2571086, 0.0206285519999998), (2715286, 0.020858970999999116), (2859486, 0.020339225000000738), (2931586, 0.02122846700000025), (3219986, 0.02120436100000056), (3292086, 0.02130156099999958), (3436286, 0.020931419000000062), (4229386, 0.021756007000000466), (4229386, 0.022053752999999787), (4445686, 0.022344996999999367), (4517786, 0.02210927900000037), (11055814, 0.023292814999999578), (12979442, 0.02321439199999986), (16343628, 0.02350657400000067), (17305442, 0.023468105999999267), (23553628, 0.023399117000000302), (26437628, 0.022118774999999147), (26437628, 0.023056067000000624), (26437628, 0.023365563000000478), (27399442, 0.021595228999998994), (28359814, 0.019627488999999443)], [(1442, 1.4210999999875185e-05), (1442, 7.161099999919429e-05), (1442, 9.409800000170776e-05), (2884, 8.798800000064944e-05), (2884, 5.83909999996024e-05), (2884, 3.6286000000274043e-05), (4326, 0.0001061220000000418), (4326, 5.1226000000070826e-05), (4326, 0.0001263759999989844), (5768, 3.195200000050136e-05), (5768, 3.5608999999325874e-05), (5768, 1.873199999913311e-05), (5768, 5.903400000129011e-05), (7210, 0.00013150699999897597), (7210, 3.325099999962333e-05), (7210, 2.062899999977219e-05), (8652, 2.8627000000724934e-05), (8652, 0.0001332889999989817), (10094, 0.0001821490000004644), (10094, 0.00015437300000087362), (11536, 7.295300000009775e-05), (11536, 0.0002143190000012396), (12978, 0.00016980000000010875), (14420, 5.635099999956594e-05), (14420, 0.00017981399999911218), (15862, 0.0002196909999998553), (17304, 0.00018462599999935492), (18746, 0.0002098559999996752), (18746, 0.00011261500000081526), (21630, 0.0001954160000003924), (23072, 0.00012651399999974444), (23072, 0.00024625199999839253), (24514, 0.00017553700000050299), (24514, 0.0002271349999993788), (24514, 9.595100000048262e-05), (25956, 0.00010494599999866239), (25956, 0.0001367120000015376), (25956, 0.00014759200000113992), (25956, 0.0001887600000003431), (27398, 0.00014938500000027943), (27398, 0.0002705360000003765), (36050, 0.00017783200000032195), (37492, 0.000337894000001171), (38934, 0.0002103140000002668), (43260, 0.00029051299999949265), (43260, 0.00023641099999949233), (44702, 0.0002453770000006017), (46144, 0.00026334699999885913), (49028, 0.00027632600000160323), (49028, 0.00025539399999985335), (50470, 0.0004371419999991133), (50470, 0.00046498900000102594), (50470, 0.0003716750000002378), (51912, 0.00039434700000029466), (54796, 0.00041463400000019135), (56238, 0.00043510100000077045), (57680, 0.0004188380000016423), (59122, 0.0004594989999997523), (59122, 0.0004627829999996891), (59122, 0.0005135479999989201), (59122, 0.00037182899999876895), (60564, 0.0004972610000013589), (63448, 0.0004642999999990849), (63448, 0.0005177360000008235), (64890, 0.0004571179999999231), (66332, 0.0004804310000015022), (73542, 0.0006035610000001412), (74984, 0.0005213350000001782), (83636, 0.0006314429999996207), (109592, 0.0006517890000008464), (122570, 0.000746936000000531), (149968, 0.0007554120000001774), (173040, 0.001013615000001522), (183134, 0.0010141389999986927), (184576, 0.0010471279999997307), (273980, 0.0015192309999996212), (275422, 0.0015984940000013381), (354732, 0.001759160000000648), (366268, 0.002208741000000458), (461440, 0.0023890880000010384), (519120, 0.0038307690000003447), (558054, 0.00502830399999965), (846454, 0.01180888600000074), (904134, 0.012846850000000742), (924322, 0.013380116000000442), (943068, 0.013555078999999637), (1033914, 0.015000356999999909), (1106014, 0.01534542899999991), (1130528, 0.01641362500000021), (1178114, 0.016286519999999527), (1250214, 0.01771980099999837), (1322314, 0.018178500999999514), (1322314, 0.018140540000000982), (1322314, 0.018381845999998703), (1346828, 0.01844502899999867), (1346828, 0.018281674999998998), (1371342, 0.018237165999998695), (1418928, 0.018664846000000068), (1418928, 0.01902033000000003), (1418928, 0.0188985559999999), (1491028, 0.019083854999999872), (1635228, 0.019377517000000566), (1851528, 0.020098326999999472), (2354786, 0.020662088999999995), (2426886, 0.02081397399999929), (2426886, 0.021064559999999233), (2498986, 0.020918075999999175), (2715286, 0.021329782000000463), (3075786, 0.021902950000001198), (3219986, 0.022393447000000677), (3508386, 0.02264470000000074), (3580486, 0.022441797999999125), (4806186, 0.02309386900000021), (14421442, 0.02633840900000095), (16343628, 0.02653178799999978), (17785628, 0.027060041000000368), (17785628, 0.026766550999999694), (18265814, 0.026934277000000506), (19707814, 0.026814942999999758), (20189442, 0.0267834950000001), (23073442, 0.02686299400000003), (26917814, 0.025129847999998844), (27399442, 0.024316747000000305), (27399442, 0.025520563000000607), (28359814, 0.022332001000000545)], [(1442, 3.653199999931189e-05), (1442, 1.8049999999547595e-05), (1442, 0.0001024309999984041), (1442, 5.2329000000739256e-05), (1442, 1.9342999999949484e-05), (2884, 8.086699999942937e-05), (2884, 0.0001399230000007634), (2884, 4.1366000001374914e-05), (4326, 0.00020580700000039087), (4326, 0.00012622900000103243), (4326, 0.00017024099999929376), (4326, 0.0002552769999990545), (4326, 1.7764000000752844e-05), (4326, 5.499099999894952e-05), (5768, 1.1611999999772138e-05), (5768, 0.00012808200000158365), (5768, 4.160399999975084e-05), (5768, 4.2091999999271934e-05), (7210, 1.5212999999292265e-05), (7210, 3.9012000000226976e-05), (8652, 0.00010932100000005107), (8652, 2.4113000000269835e-05), (8652, 6.073999999856028e-05), (10094, 0.00019264899999882346), (10094, 0.00032474899999890283), (10094, 0.00011498099999940337), (12978, 2.398700000050269e-05), (15862, 0.00011535999999878754), (17304, 9.319100000126923e-05), (18746, 0.00015936900000035337), (18746, 0.0002580249999990514), (20188, 0.0001598070000010665), (20188, 0.00022844799999965915), (21630, 0.0002103939999997806), (23072, 0.00018726899999954583), (23072, 0.0001242510000007968), (23072, 0.00016749899999979334), (24514, 0.0002765010000000956), (24514, 0.0003121369999998791), (25956, 0.000385781000000307), (25956, 0.00025519599999945797), (25956, 0.00028561899999957063), (27398, 0.0003714559999998812), (30282, 0.000373289000000554), (31724, 0.0003317500000008522), (31724, 0.00039117499999896665), (34608, 0.0004257719999998244), (36050, 0.00014738499999999988), (36050, 0.000406232999999645), (36050, 0.00045957100000038054), (38934, 0.0002263380000009363), (43260, 0.000597893000000127), (44702, 0.0003742629999994307), (47586, 0.00026587300000002756), (49028, 0.0003473599999992416), (49028, 0.0004059450000006848), (51912, 0.0004326359999993201), (53354, 0.00042472300000007124), (54796, 0.0004336139999985278), (54796, 0.0003482710000000111), (57680, 0.00046133100000034233), (62006, 0.0005607919999999211), (63448, 0.0006763910000007201), (64890, 0.00048764900000008993), (66332, 0.00064535299999946), (66332, 0.0006804879999986468), (67774, 0.0005977889999986274), (67774, 0.0004949549999988534), (70658, 0.0005148799999989961), (72100, 0.0004901729999993165), (72100, 0.0006416700000002606), (79310, 0.000739108999999516), (80752, 0.0005261089999990531), (80752, 0.0006271430000008849), (83636, 0.0008160530000012045), (90846, 0.0008883310000005196), (95172, 0.0008382680000007525), (105266, 0.0008761709999998146), (124012, 0.0010319079999998593), (128338, 0.0010311149999999714), (128338, 0.001049660999999702), (131224, 0.0010953870000012245), (138432, 0.0010886740000000117), (198996, 0.0013522440000013347), (207648, 0.001611741999999694), (213416, 0.001500813999999906), (223510, 0.0017714689999994704), (250908, 0.0017804229999995869), (346080, 0.0025246960000000485), (442694, 0.003397580999999761), (539308, 0.006275226999999717), (576800, 0.006410169999998772), (635922, 0.010213043000000255), (654668, 0.00966400099999909), (673414, 0.011797902999999721), (693602, 0.012316874999999783), (731094, 0.013279763999999972), (751282, 0.012329473999999507), (866642, 0.015094138000000257), (885388, 0.016106137000001297), (943068, 0.01638479400000037), (961814, 0.016704453999999203), (986328, 0.017149573000001084), (1322314, 0.01928735600000131), (1466514, 0.020236900000000446), (1491028, 0.020297509000000602), (1538614, 0.020479095999998975), (1658300, 0.020546956999998756), (1682814, 0.02073547400000031), (1802500, 0.02135398599999938), (1827014, 0.021341422999999082), (1874600, 0.021719415999999825), (1922186, 0.021795764000000162), (1922186, 0.021979516000000032), (2643186, 0.02355015299999863), (2715286, 0.023880264999998957), (2859486, 0.02484311399999939), (3147886, 0.024859583999999657), (3147886, 0.02520087400000115), (3219986, 0.025107002000000378), (3292086, 0.025369398000000487), (3292086, 0.025466923999999835), (3292086, 0.025673127000001017), (3364186, 0.025571126000000888), (3652586, 0.026161448999999948), (3652586, 0.026127794000000648), (3796786, 0.026785312999999533), (3796786, 0.026539592000000667), (4013086, 0.026501339999999374), (4661986, 0.02851108499999988), (4806186, 0.02774758600000027), (12497814, 0.035709638000000155), (12979442, 0.03667523499999881), (15381814, 0.03512920200000025), (15381814, 0.03803719000000072), (15863442, 0.03817847699999888), (17785628, 0.038773665999999096), (18265814, 0.03959331699999957), (18747442, 0.03782517700000021), (18747442, 0.03976918700000098), (18747442, 0.039762733999999966), (19707814, 0.039120445000000004), (20669628, 0.03963036699999911), (21149814, 0.03981351900000085), (21149814, 0.039697589999999394), (23073442, 0.03875277699999913), (26437628, 0.03931616599999899), (26917814, 0.0391980640000007), (26917814, 0.03910607300000102), (28840000, 0.03289123200000077)]]
** XPass FCT sorted: [[(7210, 9.839400000011267e-05), (18746, 0.00011352299999956017), (63448, 0.00011743199999969534), (1010842, 0.0007576459999985019), (10575628, 0.007290864999999869)], [(5768, 0.00011579599999933521), (7210, 9.537999999942315e-05), (24514, 0.0001828540000001766), (25956, 0.00034644000000128017), (28840, 0.00020876299999983416), (40376, 0.0003668569999994986), (46144, 0.00033412700000035045), (50470, 0.00015153700000070103), (50470, 0.00023308399999955043), (51912, 0.0003694599999999326), (62006, 0.0003665919999988887), (79310, 0.00036441399999986857), (82194, 0.00039799900000048183), (268212, 0.0005345979999997752), (1178114, 0.0012932709999997627), (1202628, 0.0015399440000010145), (1322314, 0.001687388000000567), (1346828, 0.0012287490000009171), (1394414, 0.0012010209999999688), (1442000, 0.0017073879999998098), (1779428, 0.0015983800000007875), (4661986, 0.0032644600000004687), (4806186, 0.0033164279999997603), (16823814, 0.011631791000001002), (27879628, 0.019126216000000085)], [(2884, 9.312199999911286e-05), (5768, 0.00020099199999989992), (5768, 0.00012424400000021762), (7210, 0.00010129500000033431), (8652, 0.00014564599999999928), (18746, 0.0001903639999998319), (20188, 0.00019110500000074637), (25956, 0.0001575220000002986), (25956, 0.00014034299999998723), (28840, 0.0004208759999997369), (28840, 0.0005613820000007763), (31724, 0.0006054889999997926), (31724, 0.0004406710000015579), (36050, 0.0001744610000002922), (43260, 0.00040026399999959494), (44702, 0.0004157649999996238), (54796, 0.0004600089999993173), (59122, 0.00046317700000031437), (59122, 0.0005064680000010924), (63448, 0.00040624799999910977), (69216, 0.000295439000000286), (70658, 0.00040020600000012507), (70658, 0.0005349609999996119), (74984, 0.00031605499999898257), (76426, 0.0004838150000008312), (76426, 0.0006479099999996407), (76426, 0.0004961889999997027), (87962, 0.0003683919999986074), (121128, 0.00048744000000056076), (596988, 0.0013645269999997822), (635922, 0.0012900419999990476), (673414, 0.0013228349999998557), (693602, 0.001773184000001038), (788774, 0.0018081009999999509), (961814, 0.0019239679999998316), (986328, 0.0020875020000001854), (1178114, 0.0020855599999993757), (1346828, 0.002637608999998875), (1514100, 0.003213334999999873), (1538614, 0.0023981829999986104), (1851528, 0.003013692999999762), (1874600, 0.00345276200000022), (2138486, 0.002999769999998847), (2643186, 0.0032650969999998836), (2931586, 0.0034804710000013728), (3075786, 0.004304180000000102), (13939814, 0.009605987000000482), (14901628, 0.010284352999999413), (17305442, 0.01189653299999982), (20669628, 0.014200262999999325)], [(1442, 1.0858999999641128e-05), (2884, 9.653899999939597e-05), (4326, 0.00012058800000147585), (4326, 9.274199999964594e-05), (4326, 8.965099999969084e-05), (4326, 8.928699999977141e-05), (5768, 0.00021965900000076033), (5768, 0.00013953900000096553), (7210, 0.00010175099999898407), (7210, 0.00014385000000061154), (8652, 0.00012462999999840463), (14420, 0.00016298599999942098), (15862, 0.00018745999999936203), (15862, 0.0004892739999995399), (18746, 0.00013157100000071864), (18746, 0.0002352170000001763), (20188, 0.00025315999999975247), (20188, 0.0005236169999989215), (21630, 0.00025794600000139667), (23072, 0.00010493699999969408), (24514, 0.00017464099999919824), (25956, 0.0003719439999994023), (25956, 0.000366288000000381), (28840, 0.00018226299999923867), (30282, 0.00025368799999903047), (30282, 0.0004384080000008339), (31724, 0.0004219780000003226), (36050, 0.00029523199999914596), (37492, 0.0003613480000002056), (37492, 0.0003286959999986294), (37492, 0.00046164699999984293), (40376, 0.0005328430000002271), (41818, 0.0003416569999998842), (43260, 0.0005153030000002445), (46144, 0.00027764700000076914), (46144, 0.000246781000001306), (50470, 0.0005341250000014952), (50470, 0.0005675390000003944), (54796, 0.0005498480000003525), (60564, 0.0005543929999998198), (74984, 0.0006404520000007352), (79310, 0.0005995839999997088), (92288, 0.0003852769999994621), (99498, 0.0007609330000004633), (99498, 0.0005759540000003227), (142758, 0.0007933659999999065), (145642, 0.0008576639999997582), (158620, 0.0007840469999997879), (164388, 0.0009083219999990177), (165830, 0.0004928589999995125), (168714, 0.0009674019999987848), (170156, 0.0006232050000001266), (214858, 0.0009775279999999498), (461440, 0.0008067210000000102), (788774, 0.002336257000001396), (1227142, 0.0027847580000006644), (1394414, 0.0025017599999994644), (1514100, 0.0035052269999997776), (1563128, 0.0028566849999993593), (1682814, 0.003041245000000359), (1707328, 0.003882851000000187), (1754914, 0.0033252529999998615), (1851528, 0.0037585779999993463), (2859486, 0.004366197000001293), (12017628, 0.01604133900000093), (12497814, 0.016516161000000196), (15381814, 0.018641275000000235), (15863442, 0.020282741000000826), (18265814, 0.01720061400000006), (19227628, 0.018298028000000244), (21631442, 0.021321862999998942), (24515442, 0.02019045499999983), (24515442, 0.02195560500000049), (25957442, 0.02075784500000033), (28840000, 0.02175681199999957)], [(1442, 7.769999999851507e-06), (1442, 1.0864999998361213e-05), (1442, 1.1026000001024272e-05), (1442, 1.1037999998464443e-05), (2884, 0.00013647599999977444), (4326, 0.00020172900000048344), (4326, 0.0001243209999994832), (5768, 0.00012252899999865008), (5768, 0.00014715499999873316), (5768, 0.0001740770000004943), (5768, 0.00014769400000069766), (5768, 0.00015916499999946154), (7210, 0.0001292169999995707), (8652, 0.0001194770000001455), (8652, 0.0002572749999991686), (8652, 0.00015764000000118017), (8652, 0.0002842879999995773), (8652, 0.00016527799999899173), (20188, 0.0002959479999997683), (20188, 0.0004774189999992018), (20188, 0.00030212000000062744), (21630, 0.00021138199999981566), (21630, 0.0002604829999999225), (21630, 0.00040320000000093614), (24514, 0.0005200900000001951), (25956, 0.00044780599999860726), (27398, 0.00044662899999892147), (28840, 0.00048508699999949556), (34608, 0.0002647600000003081), (36050, 0.0007219210000002363), (37492, 0.0003342569999986722), (37492, 0.0004543059999999599), (38934, 0.0003361329999993501), (38934, 0.0003304780000004115), (43260, 0.00047593000000034635), (47586, 0.0006220020000000659), (50470, 0.000602103000000298), (50470, 0.0006294380000007038), (50470, 0.0005627980000006971), (50470, 0.0003910080000011362), (51912, 0.0004091210000005674), (53354, 0.00033246200000114356), (54796, 0.0007071599999992628), (56238, 0.0004155739999998076), (59122, 0.0006556570000011419), (62006, 0.0006247029999997267), (63448, 0.000841772999999435), (63448, 0.00040864899999881743), (66332, 0.0003545379999998488), (72100, 0.0005021759999994657), (72100, 0.0009745620000014554), (74984, 0.000755658999999298), (82194, 0.0008920539999994759), (87962, 0.0006507570000007235), (115360, 0.001357808999999932), (164388, 0.0015766150000011692), (175924, 0.0010767210000004468), (177366, 0.001472934000000592), (259560, 0.0015096039999988875), (286958, 0.0012724859999995175), (423948, 0.0020725370000000964), (481628, 0.0025004059999993444), (576800, 0.0031909910000003094), (654668, 0.003264119000000676), (673414, 0.0017530509999996724), (770028, 0.0036560149999989022), (904134, 0.00238778900000014), (986328, 0.004158310999999415), (1010842, 0.0051354030000005935), (1082942, 0.0045665420000009505), (1106014, 0.0037949580000002925), (1202628, 0.0044240449999986), (1227142, 0.005185353999999975), (1346828, 0.004867318000000509), (1418928, 0.005422326000001476), (1491028, 0.004691735999999835), (1586200, 0.005232098999998769), (1635228, 0.005261581000000959), (2571086, 0.006948089000001545), (2571086, 0.007678656999999589), (2715286, 0.008319281000000345), (2859486, 0.007665867000000048), (2931586, 0.008088712000001053), (3219986, 0.00981782000000031), (3292086, 0.009392425999999787), (3436286, 0.006976500000000385), (4229386, 0.009607817000000907), (4229386, 0.010229458999999608), (4445686, 0.010022891999998507), (4517786, 0.009902278000000209), (11055814, 0.016080810000000056), (12979442, 0.01622295900000026), (16343628, 0.02162413399999963), (17305442, 0.01801060999999926), (23553628, 0.02475587700000048), (26437628, 0.021566938999999508), (26437628, 0.024600077000000553), (26437628, 0.025204363000000285), (27399442, 0.025673695000000052), (28359814, 0.025532681999999696)], [(1442, 8.091999999848554e-06), (1442, 9.18599999977232e-06), (1442, 1.3760000001639128e-05), (2884, 9.71090000003727e-05), (2884, 0.00011950000000027217), (2884, 9.331200000062267e-05), (4326, 0.00014992300000038483), (4326, 0.0002495370000001884), (4326, 0.00012526399999934767), (5768, 9.15600000013228e-05), (5768, 0.00025489599999950485), (5768, 0.0001042669999993251), (5768, 0.00015337300000162202), (7210, 0.00022481699999943316), (7210, 9.48770000004373e-05), (7210, 0.00010290099999998858), (8652, 0.00020357600000053822), (8652, 0.0001604969999995376), (10094, 0.00016828000000046472), (10094, 0.0002320410000002937), (11536, 0.00016978700000080948), (11536, 0.00022619600000162166), (12978, 0.00025652000000064845), (14420, 0.00026695600000081754), (14420, 0.00019640100000017924), (15862, 0.0002750119999994638), (17304, 0.0005697970000007047), (18746, 0.0005370829999993276), (18746, 0.0003123670000011458), (21630, 0.0005795470000009573), (23072, 0.0005001120000009962), (23072, 0.0005479479999994652), (24514, 0.0006195959999999445), (24514, 0.0006397869999990036), (24514, 0.0003973750000003662), (25956, 0.0005160019999994603), (25956, 0.0004821230000011667), (25956, 0.0006871770000014266), (25956, 0.00038142499999871404), (27398, 0.0005614380000000807), (27398, 0.0008880460000000312), (36050, 0.0009671430000004477), (37492, 0.00047477900000103546), (38934, 0.0004302460000005226), (43260, 0.00030886999999957254), (43260, 0.0007131879999988655), (44702, 0.000730722000000128), (46144, 0.0008435109999993529), (49028, 0.0008840310000000073), (49028, 0.0014386000000001786), (50470, 0.0009350450000003008), (50470, 0.0008933310000003303), (50470, 0.0009355190000004399), (51912, 0.0010976659999997196), (54796, 0.0007477109999989295), (56238, 0.0015332420000007119), (57680, 0.0003873520000006181), (59122, 0.0013560769999987343), (59122, 0.0007163969999997022), (59122, 0.001099201999998911), (59122, 0.00046020299999938175), (60564, 0.001268368999999936), (63448, 0.002221374999999526), (63448, 0.0008575630000002832), (64890, 0.0012247829999996185), (66332, 0.0008231970000007749), (73542, 0.0010704409999995335), (74984, 0.0010964609999994934), (83636, 0.0008647639999992407), (109592, 0.001928789000000819), (122570, 0.0012484029999999535), (149968, 0.001124389999999309), (173040, 0.0009428570000000747), (183134, 0.0007092079999999612), (184576, 0.0018298300000001433), (273980, 0.0017809510000006412), (275422, 0.0023371270000005495), (354732, 0.001545020000000008), (366268, 0.0032585669999996014), (461440, 0.003098639000000958), (519120, 0.002934400000000892), (558054, 0.0029683150000003877), (846454, 0.006020507000000563), (904134, 0.0035268210000012346), (924322, 0.004062176999999778), (943068, 0.00543096200000015), (1033914, 0.003845153000000323), (1106014, 0.00322490399999964), (1130528, 0.005234681000001018), (1178114, 0.005656329999998988), (1250214, 0.004264497999999506), (1322314, 0.005461362000000136), (1322314, 0.005004153999999872), (1322314, 0.006580492999999521), (1346828, 0.006492826999998869), (1346828, 0.006385347999998459), (1371342, 0.006789361999999244), (1418928, 0.006114943000000039), (1418928, 0.0064656430000002985), (1418928, 0.005041430999998653), (1491028, 0.006512004999999377), (1635228, 0.006351709000000483), (1851528, 0.007530184000000162), (2354786, 0.008412238000000016), (2426886, 0.007770296999998649), (2426886, 0.008356004999999556), (2498986, 0.009126114999999047), (2715286, 0.009077095000000313), (3075786, 0.009999558000000519), (3219986, 0.008579242000001486), (3508386, 0.010810785000000322), (3580486, 0.01026788099999898), (4806186, 0.012948160000000541), (14421442, 0.023738159000000536), (16343628, 0.023198672000001253), (17785628, 0.026658268000000263), (17785628, 0.026363650000000405), (18265814, 0.02697341900000083), (19707814, 0.024043607000001188), (20189442, 0.02875145099999976), (23073442, 0.029251656999999653), (26917814, 0.02878499899999909), (27399442, 0.027800471000000826), (27399442, 0.029825118999999845), (28359814, 0.02855056900000008)], [(1442, 8.709999999467755e-06), (1442, 8.572000000484081e-06), (1442, 1.090099999956351e-05), (1442, 1.26209999997684e-05), (1442, 1.1588999999645466e-05), (2884, 0.00010286000000014894), (2884, 0.00013605500000046789), (2884, 0.00012361600000154738), (4326, 0.00012413800000032893), (4326, 0.0001580440000008565), (4326, 0.00016359399999998914), (4326, 0.00013911399999955165), (4326, 8.95300000003374e-05), (4326, 0.00016034799999964378), (5768, 9.087799999996093e-05), (5768, 0.00024639300000117714), (5768, 0.00013857299999919803), (5768, 0.0002579790000005744), (7210, 0.00014234799999890413), (7210, 0.0001901730000000157), (8652, 0.0002444889999999589), (8652, 0.0001075989999996807), (8652, 0.0002662959999994996), (10094, 0.0002489350000001167), (10094, 0.00019038499999979308), (10094, 0.00015546200000038368), (12978, 0.00010220000000060736), (15862, 0.0007648919999994064), (17304, 0.0007356490000010041), (18746, 0.0003390240000005207), (18746, 0.0002488169999992351), (20188, 0.0008385500000009927), (20188, 0.0008426709999991289), (21630, 0.0007092620000008765), (23072, 0.0009411240000005705), (23072, 0.0007663110000013518), (23072, 0.000723110000000915), (24514, 0.0005085369999999756), (24514, 0.0008161600000011759), (25956, 0.0003242549999988853), (25956, 0.0008494849999998166), (25956, 0.00044172999999858575), (27398, 0.0009536069999995789), (30282, 0.0008808930000014925), (31724, 0.0011303260000001814), (31724, 0.0007408980000001009), (34608, 0.000877039000000579), (36050, 0.0007295660000004034), (36050, 0.0011577319999993563), (36050, 0.00038447200000035764), (38934, 0.00078644000000061), (43260, 0.0008298150000012328), (44702, 0.001122425000000149), (47586, 0.0007961509999994121), (49028, 0.0010691709999992582), (49028, 0.000470149999999947), (51912, 0.0011406720000000092), (53354, 0.0008941790000012162), (54796, 0.0007174419999991244), (54796, 0.001484805999998784), (57680, 0.0011720930000009844), (62006, 0.001254530000000642), (63448, 0.0006227620000007761), (64890, 0.0011820470000003525), (66332, 0.001541586999998401), (66332, 0.0005212700000001291), (67774, 0.0014389769999993973), (67774, 0.0006374019999988434), (70658, 0.0018990710000004185), (72100, 0.0015286529999993803), (72100, 0.0015729750000001985), (79310, 0.0014499780000001294), (80752, 0.0018913999999998765), (80752, 0.0006562800000011748), (83636, 0.0013112270000004145), (90846, 0.0006529200000002788), (95172, 0.001788336000000612), (105266, 0.0007136390000006543), (124012, 0.000889227000000048), (128338, 0.0034770590000015034), (128338, 0.00183744699999977), (131224, 0.0017149030000016552), (138432, 0.0018493090000006873), (198996, 0.0031706080000013515), (207648, 0.0010536159999983141), (213416, 0.00453039399999966), (223510, 0.0039067759999991125), (250908, 0.003961188999999976), (346080, 0.0024500270000000768), (442694, 0.0036810870000003604), (539308, 0.0031878299999998916), (576800, 0.0027304949999997774), (635922, 0.0034152980000001776), (654668, 0.006308402000000157), (673414, 0.004593846000000568), (693602, 0.005726433999999614), (731094, 0.004583927000000543), (751282, 0.004505995999998902), (866642, 0.005698413999999374), (885388, 0.008097691999999768), (943068, 0.007359960000000498), (961814, 0.0062234629999995406), (986328, 0.006459508000000724), (1322314, 0.003632861000001597), (1466514, 0.010134894000000116), (1491028, 0.009290403999999697), (1538614, 0.009296712999999457), (1658300, 0.004726462999999015), (1682814, 0.009554722000000737), (1802500, 0.011617941000000798), (1827014, 0.01094344699999894), (1874600, 0.006897196000000605), (1922186, 0.006396323000000592), (1922186, 0.005616079000001051), (2643186, 0.011806304999998574), (2715286, 0.014506863999999453), (2859486, 0.013984387000000709), (3147886, 0.01407972500000021), (3147886, 0.016808872000000363), (3219986, 0.014891662000000139), (3292086, 0.01538050699999971), (3292086, 0.014790300999999673), (3292086, 0.01396172399999962), (3364186, 0.016323064000001608), (3652586, 0.015485631000000666), (3652586, 0.01761947200000158), (3796786, 0.016909098999999372), (3796786, 0.017423978000000062), (4013086, 0.017379717999999045), (4661986, 0.019502532000000627), (4806186, 0.01962832100000078), (12497814, 0.033927685000000096), (12979442, 0.035846218999999735), (15381814, 0.03248021000000101), (15381814, 0.03738744800000049), (15863442, 0.036417021000000105), (17785628, 0.03477916299999961), (18265814, 0.040240948999999304), (18747442, 0.035649052000000125), (18747442, 0.04173960600000015), (18747442, 0.04010706999999947), (19707814, 0.037009572000000546), (20669628, 0.04159453699999993), (21149814, 0.042476634999999874), (21149814, 0.04310171899999915), (23073442, 0.04004418899999962), (26437628, 0.04377982499999966), (26917814, 0.04412142600000024), (26917814, 0.044332594000000114), (28840000, 0.042601805000000326)]]
==========
scripts/r2p2/post-process/saved_experiment_outputs/FE_incast_12host_fullsweep__6host_DctcpMsgSizeDistActual_load_fullsweep_1Kns_fromjson/FE_incast_12host_fullsweep_5to1_6host_DctcpMsgSizeDistActual_load_fullsweep_1Kns_fromjson_2025-08-25T_21-36-46Z.log
scripts/r2p2/post-process/saved_experiment_outputs/FE_incast_12host__6host_DctcpMsgSizeDistActual_loadtest_1Kns_retry/FE_incast_12host_5to1_6host_DctcpMsgSizeDistActual_loadtest_1Kns_retry_2025-08-25T_21-17-11Z.log
scripts/r2p2/post-process/saved_experiment_outputs/FE_incast_12host_fullsweep__6host_DctcpMsgSizeDistActual_load_fullsweep_1Kns_fromjson_dctcp61-49/FE_incast_12host_fullsweep_5to1_6host_DctcpMsgSizeDistActual_load_fullsweep_1Kns_fromjson_dctcp61-49_2025-08-29T_08-21-07Z.log
----------
FE_incast_12host_5to1_6host_DctcpMsgSizeDistActual_loadtest_1Kns_2025-08-25T_20-37-43Z.json
