scripts/r2p2/post-process/saved_experiment_outputs/FE_incast_12host_10to1_12host_fbCacheFollowerDist_load_fullsweep_5000ns_1to40flo_fromjson_sideloaded/FE_incast_12host_fullsweep_10to1_12host_fbCacheFollowerDist_load_fullsweep_5000ns_1to40flo_fromjson_2025-08-22T_18-30-29Z.log
scripts/r2p2/post-process/saved_experiment_outputs/FE_incast_12host_10to1_12host_fbCacheFollowerDist_load_fullsweep_5000ns_1to40flo_fromjson_sideloaded/FE_incast_12host_fullsweep_dctcp_xpass_10to1_12host_fbCacheFollowerDist_load_fullsweep_5000ns_1to40flo_fromjson_dctcp_xpass_2025-08-24T_11-16-52Z.log
scripts/r2p2/post-process/saved_experiment_outputs/FE_incast_12host_10to1_12host_fbCacheFollowerDist_load_fullsweep_5000ns_1to40flo_fromjson_sideloaded/ssird_FE_incast_10to1_12host_fbCacheFollowerDist_load_fullsweep_5000ns_fromjson_sideloaded_2025-08-22T_18-30-29Z.txt
scripts/r2p2/post-process/saved_experiment_outputs/FE_incast_12host_fullsweep__12host_fbCacheFollowerDist_load_fullsweep_5000ns_1to40flo_fromjson_dctcp61-49/FE_incast_12host_fullsweep_10to1_12host_fbCacheFollowerDist_load_fullsweep_5000ns_1to40flo_fromjson_dctcp61-49_2025-08-29T_08-09-47Z.log
----------
FE_incast_12host_10to1_12host_fbCacheFollowerDist_loadtest_5000ns_1to40flo_2025-08-20T_22-41-02Z.json
==========
ssird_app_trace files:
/home/dh1723/SIRD-Simulator/scripts/r2p2/coord/results/SSIRD-FE_incast_12host_fullsweep__12host_fbCacheFollowerDist_load_fullsweep_5000ns_1to40flo_fromjson__1flo-2Gbps-1458B-5000ns-2025-08-22T_18-30-29Z/data/SSIRD/60/applications_trace.str
/home/dh1723/SIRD-Simulator/scripts/r2p2/coord/results/SSIRD-FE_incast_12host_fullsweep__12host_fbCacheFollowerDist_load_fullsweep_5000ns_1to40flo_fromjson__5flo-2Gbps-1458B-5000ns-2025-08-22T_18-30-29Z/data/SSIRD/60/applications_trace.str
/home/dh1723/SIRD-Simulator/scripts/r2p2/coord/results/SSIRD-FE_incast_12host_fullsweep__12host_fbCacheFollowerDist_load_fullsweep_5000ns_1to40flo_fromjson__10flo-2Gbps-1458B-5000ns-2025-08-22T_18-30-29Z/data/SSIRD/60/applications_trace.str
/home/dh1723/SIRD-Simulator/scripts/r2p2/coord/results/SSIRD-FE_incast_12host_fullsweep__12host_fbCacheFollowerDist_load_fullsweep_5000ns_1to40flo_fromjson__20flo-2Gbps-1458B-5000ns-2025-08-22T_18-30-29Z/data/SSIRD/60/applications_trace.str
/home/dh1723/SIRD-Simulator/scripts/r2p2/coord/results/SSIRD-FE_incast_12host_fullsweep__12host_fbCacheFollowerDist_load_fullsweep_5000ns_1to40flo_fromjson__30flo-2Gbps-1458B-5000ns-2025-08-22T_18-30-29Z/data/SSIRD/60/applications_trace.str
/home/dh1723/SIRD-Simulator/scripts/r2p2/coord/results/SSIRD-FE_incast_12host_fullsweep__12host_fbCacheFollowerDist_load_fullsweep_5000ns_1to40flo_fromjson__40flo-2Gbps-1458B-5000ns-2025-08-22T_18-30-29Z/data/SSIRD/60/applications_trace.str
dctcp_app_trace files:
/home/dh1723/SIRD-Simulator/scripts/r2p2/coord/results/DCTCP-61-FE_incast_12host_fullsweep__12host_fbCacheFollowerDist_load_fullsweep_5000ns_1to40flo_fromjson_dctcp61-49__1flo-2Gbps-1458B-5000ns-2025-08-29T_08-09-47Z/data/DCTCP-61/60/applications_trace.str
/home/dh1723/SIRD-Simulator/scripts/r2p2/coord/results/DCTCP-61-FE_incast_12host_fullsweep__12host_fbCacheFollowerDist_load_fullsweep_5000ns_1to40flo_fromjson_dctcp61-49__5flo-2Gbps-1458B-5000ns-2025-08-29T_08-09-47Z/data/DCTCP-61/60/applications_trace.str
/home/dh1723/SIRD-Simulator/scripts/r2p2/coord/results/DCTCP-61-FE_incast_12host_fullsweep__12host_fbCacheFollowerDist_load_fullsweep_5000ns_1to40flo_fromjson_dctcp61-49__10flo-2Gbps-1458B-5000ns-2025-08-29T_08-09-47Z/data/DCTCP-61/60/applications_trace.str
/home/dh1723/SIRD-Simulator/scripts/r2p2/coord/results/DCTCP-61-FE_incast_12host_fullsweep__12host_fbCacheFollowerDist_load_fullsweep_5000ns_1to40flo_fromjson_dctcp61-49__20flo-2Gbps-1458B-5000ns-2025-08-29T_08-09-47Z/data/DCTCP-61/60/applications_trace.str
/home/dh1723/SIRD-Simulator/scripts/r2p2/coord/results/DCTCP-61-FE_incast_12host_fullsweep__12host_fbCacheFollowerDist_load_fullsweep_5000ns_1to40flo_fromjson_dctcp61-49__30flo-2Gbps-1458B-5000ns-2025-08-29T_08-09-47Z/data/DCTCP-61/60/applications_trace.str
/home/dh1723/SIRD-Simulator/scripts/r2p2/coord/results/DCTCP-61-FE_incast_12host_fullsweep__12host_fbCacheFollowerDist_load_fullsweep_5000ns_1to40flo_fromjson_dctcp61-49__40flo-2Gbps-1458B-5000ns-2025-08-29T_08-09-47Z/data/DCTCP-61/60/applications_trace.str
xpass_app_trace files:
/home/dh1723/SIRD-Simulator/scripts/r2p2/coord/results/ExpressPass-FE_incast_12host_fullsweep_dctcp_xpass__12host_fbCacheFollowerDist_load_fullsweep_5000ns_1to40flo_fromjson_dctcp_xpass__1flo-2Gbps-1458B-5000ns-2025-08-24T_11-16-52Z/data/ExpressPass/60/applications_trace.str
/home/dh1723/SIRD-Simulator/scripts/r2p2/coord/results/ExpressPass-FE_incast_12host_fullsweep_dctcp_xpass__12host_fbCacheFollowerDist_load_fullsweep_5000ns_1to40flo_fromjson_dctcp_xpass__5flo-2Gbps-1458B-5000ns-2025-08-24T_11-16-52Z/data/ExpressPass/60/applications_trace.str
/home/dh1723/SIRD-Simulator/scripts/r2p2/coord/results/ExpressPass-FE_incast_12host_fullsweep_dctcp_xpass__12host_fbCacheFollowerDist_load_fullsweep_5000ns_1to40flo_fromjson_dctcp_xpass__10flo-2Gbps-1458B-5000ns-2025-08-24T_11-16-52Z/data/ExpressPass/60/applications_trace.str
/home/dh1723/SIRD-Simulator/scripts/r2p2/coord/results/ExpressPass-FE_incast_12host_fullsweep_dctcp_xpass__12host_fbCacheFollowerDist_load_fullsweep_5000ns_1to40flo_fromjson_dctcp_xpass__20flo-2Gbps-1458B-5000ns-2025-08-24T_11-16-52Z/data/ExpressPass/60/applications_trace.str
/home/dh1723/SIRD-Simulator/scripts/r2p2/coord/results/ExpressPass-FE_incast_12host_fullsweep_dctcp_xpass__12host_fbCacheFollowerDist_load_fullsweep_5000ns_1to40flo_fromjson_dctcp_xpass__30flo-2Gbps-1458B-5000ns-2025-08-24T_11-16-52Z/data/ExpressPass/60/applications_trace.str
/home/dh1723/SIRD-Simulator/scripts/r2p2/coord/results/ExpressPass-FE_incast_12host_fullsweep_dctcp_xpass__12host_fbCacheFollowerDist_load_fullsweep_5000ns_1to40flo_fromjson_dctcp_xpass__40flo-2Gbps-1458B-5000ns-2025-08-24T_11-16-52Z/data/ExpressPass/60/applications_trace.str
##########

Flowspecs loaded from saved json file: FE_incast_12host_10to1_12host_fbCacheFollowerDist_loadtest_5000ns_1to40flo_2025-08-20T_22-41-02Z.json
Workload name: Facebook_CacheFollowerDist_IntraCluster.txt
Protos tested: ['SSIRD', 'DCTCP-82', 'ExpressPass']
Topo Yaml File: 12-hosts-dumbbell.yaml
Src-Dst pairs list: [(1, 0), (2, 0), (3, 0), (4, 0), (5, 0), (6, 0), (7, 0), (8, 0), (9, 0), (10, 0)]
Num Flows: [1, 5, 10, 20, 30, 40]
Byteload Size (B): [1458, 1458, 1458, 1458, 1458, 1458]
Flow size distr workload: Facebook_CacheFollowerDist_IntraCluster.txt
Target Mean Byteload Interval (ns): [5000, 5000, 5000, 5000, 5000, 5000]
Target Flow Rate (Gbps): 2.3328
Num Byteloads: [1658, 197, 1057, 10, 1070, 1312, 1862, 1, 1, 133, 1, 1, 1, 92, 1658, 177, 1, 1, 1, 1389, 1, 1249, 123, 1344, 1, 133, 1108, 1, 1, 1, 5, 1212, 1, 1752, 1, 1, 2, 1, 2, 1, 1, 1988, 1182, 1824, 1566, 108, 148, 2, 1, 1, 30, 1264, 41, 2130, 2096, 1, 1234, 154, 49, 1, 1119, 1, 11, 1, 1, 1, 1, 188, 6, 1, 1, 1, 1, 1, 323, 1, 1197, 19, 1, 1550, 102, 197, 250, 1, 1, 259, 1, 1, 1658, 38, 1, 1, 269, 3, 2, 1, 1628, 1, 1119, 1658, 480, 1534, 117, 1057, 123, 9, 1, 1, 1, 177, 1, 1, 365, 58, 108, 1, 175, 197, 1, 161, 1, 286, 1, 2387, 79, 344, 344, 1, 143, 365, 1, 1, 1, 181, 1411, 1534, 1, 1, 1582, 79, 304, 1057, 41, 1, 2165, 1, 1720, 1096, 1458, 388, 1, 1, 1, 1752, 1720, 1, 166, 102, 2012, 1, 1458, 210, 1, 12, 1, 1, 127, 106, 1, 1, 404, 1, 1, 99, 1, 1, 1598, 1, 197, 70, 143, 210, 1, 1, 1312, 1, 2037, 1658, 304, 1900, 1142, 1689, 286, 388, 1, 1, 62, 1, 2, 1, 1, 1470, 111, 1044, 1, 1, 1566, 1, 1, 982, 2, 45, 1182, 1, 1, 62, 1, 1, 1862, 14, 1, 1, 158, 173, 1, 2012, 1, 1939, 177, 1, 1, 1, 2, 259, 1, 1, 99, 1, 2, 1, 1, 1044, 1, 1689, 20, 181, 13, 115, 1344, 1, 1689, 1197, 1, 173, 1, 1, 1862, 3, 1, 1, 1, 1862, 1, 81, 47, 1988, 1550, 1, 66, 6, 1, 1, 1168, 7, 1534, 2, 1, 1249, 1, 1, 1, 154, 1582, 1, 1096, 163, 1, 1344, 1, 1, 1788, 1, 1689, 1, 1, 1939, 344, 1, 269, 1, 1241, 2, 1628, 1, 1862, 1, 1628, 1, 2, 1963, 217, 139, 1, 1550, 1720, 1257, 1, 1824, 1, 1, 1, 16, 1, 1226, 1963, 1720, 96, 1482, 1470, 1212, 1, 1939, 1, 188, 1720, 1900, 1628, 1, 1, 1, 104, 1, 3, 1, 1, 269, 1, 83, 1689, 1, 12, 83, 373, 1, 1, 1411, 2, 1, 1, 1862, 76, 1257, 1, 4, 1, 1197, 23, 1, 1, 1598, 1939, 675, 1, 1550, 1212, 1, 155, 224, 1, 1, 1, 1249, 1, 1, 1658, 163, 1366, 1, 2311, 1, 1988, 1, 2, 74, 161, 1, 1, 269, 1, 1494, 1, 1, 1, 1, 163, 169, 14, 1, 1, 1, 3, 388, 323, 1, 1070, 1, 569, 1, 675, 2165, 1044, 3, 17, 217, 1, 1, 145, 1, 23, 1, 1083, 75, 1226, 2, 241, 1862, 1, 1963, 1, 131, 1, 1, 70, 1, 3, 1, 1, 404, 61, 1, 1057, 19, 1312, 1070, 2, 3, 3, 1, 62, 26, 1, 1, 241, 1, 1, 33, 259, 1689, 1, 1, 143, 94, 323, 1, 1788, 1257, 1, 380, 286, 1, 1, 1628, 1, 1, 1366, 1689, 175, 4, 69, 1, 1, 323, 365, 31, 79, 1788, 92, 1, 1, 1, 1154, 1, 55, 259, 1, 1, 1900, 1862, 1482, 675, 1044, 1, 1389, 1057, 1, 1197, 1, 801, 12, 1, 197, 1720, 19, 1, 1, 1, 2, 1212, 1, 110, 241, 1, 2, 2130, 1, 217, 1582, 1, 1534, 3, 1312, 106, 1, 1, 2311, 1, 344, 1, 3, 1, 3, 1900, 1862, 1, 138, 210, 175, 1411, 1, 1, 1, 1, 2, 8, 1, 1, 1, 1, 1, 1197, 1, 119, 380, 1, 3, 1, 16, 1154, 224, 1435, 801, 1, 1083, 380, 1, 143, 66, 1241, 3, 1366, 1720, 1119, 1182, 1628, 2012, 148, 1628, 1070, 2, 1, 1, 1, 86, 1, 1108, 1788, 1, 1, 1, 90, 1, 41, 404, 1234, 1, 1582, 1, 1280, 1963, 1, 1, 1, 1507, 210, 138, 1, 2, 1720, 1720, 1788, 1, 1, 1, 1658, 1689, 23, 404, 1, 1249, 99, 6, 161, 1, 1, 81, 1, 1264, 1, 1, 1, 1658, 1, 1, 4, 1, 1628, 1, 1, 1296, 323, 1, 104, 1, 1720, 1, 1, 1788, 286, 1, 1, 1598, 1070, 1494, 1168, 1, 1, 1, 1507, 52, 169, 224, 1862, 2, 1, 97, 1, 1862, 66, 1, 1249, 1, 365, 1, 129, 1, 1, 1, 1, 1, 5, 1264, 1, 1226, 1, 10, 1482, 1, 1, 2, 1, 1312, 46, 250, 1720, 1, 1257, 1, 197, 1, 1, 1130, 106, 1939, 45, 1, 2633, 5, 1824, 1, 74, 1, 1824, 224, 1, 1, 1328, 33, 1628, 1, 1752, 1, 119, 1, 1182, 1939, 3, 1, 1458, 1, 1, 1, 1, 1, 1689, 1, 1, 1, 1411, 1, 1, 2037, 1, 177, 1470, 1264, 1, 1720, 1435, 1824, 1, 1862, 3, 373, 1658, 123, 1249, 1, 1, 12, 1, 323, 4, 1658, 119, 1, 1, 1108, 1, 2467, 131, 1, 1, 1, 217, 1, 2130, 1, 1, 1, 1, 152, 1628, 1, 1, 1, 1, 1044, 1550, 5, 344, 1, 152, 1044, 1226, 3, 96, 1, 1, 2, 150, 88, 1312, 1, 1, 217, 1, 232, 6, 1108, 1226, 1, 1752, 1, 148, 1470, 323, 1435, 46, 1, 1, 171, 1689, 1862, 1182, 1, 2, 1, 1296, 1130, 1, 1, 1, 1658, 1689, 1, 1, 1, 2, 2037, 1, 1788, 1, 59, 108, 1411, 1, 1, 1, 1, 1, 1, 2, 1658, 62, 1, 259, 1, 1212, 145, 2062, 1, 1, 1, 2, 1249, 1, 18, 1, 1044, 1070, 1, 1, 66, 19, 24, 2237, 1, 232, 111, 1, 1, 1119, 1, 1, 1, 1168, 54, 1, 43, 1, 2096, 2311, 179, 68, 1, 1, 1, 1, 210, 1, 1, 1, 1752, 1, 1154, 1, 26, 1494, 1, 1, 92, 1, 1, 181, 1, 1249, 22, 2, 232, 1, 94, 1720, 1328, 1, 1, 1, 2, 1658, 1689, 1, 1435, 259, 1507, 1, 1296, 1142, 1, 1168, 1689, 1963, 1, 1083, 1, 1, 38, 1, 1, 404, 1, 1241, 1, 1, 1, 1, 1, 1, 2, 188, 1234, 2, 1, 1226, 1070, 1, 1494, 1519, 1, 1, 4, 1, 1, 145, 1, 1458, 259, 1988, 1628, 81, 1, 1312, 1, 1, 1752, 15, 1, 1, 24, 1, 1, 131, 1720, 1057, 2, 94, 1658, 286, 43, 28, 1, 1, 1, 1130, 1752, 1, 1, 1720, 1, 1, 2, 1, 1, 1083, 1, 1752, 19, 1900, 1, 1389, 11, 158, 1824, 1900, 123, 21, 1, 1, 1, 1, 2012, 1, 1212, 1, 2, 1, 4, 35, 1, 1534, 2633, 1862]
Flow Start Times (us): [{(1, 0): [0.289], (2, 0): [0.034], (3, 0): [0.078], (4, 0): [0.164], (5, 0): [0.239], (6, 0): [0.092], (7, 0): [0.183], (8, 0): [0.733], (9, 0): [0.81], (10, 0): [0.657]}, {(1, 0): [0.189, 0.385, 0.53, 1.394, 1.886], (2, 0): [0.278, 0.356, 0.856, 0.889, 1.238], (3, 0): [0.032, 0.371, 1.242, 1.471, 1.771], (4, 0): [0.16, 0.49, 0.904, 1.435, 1.761], (5, 0): [0.043, 1.135, 2.1, 2.186, 2.225], (6, 0): [0.044, 0.515, 0.527, 0.897, 1.44], (7, 0): [0.483, 0.742, 0.86, 1.054, 1.065], (8, 0): [0.545, 0.764, 2.025, 2.042, 2.925], (9, 0): [0.073, 0.203, 0.269, 1.407, 1.717], (10, 0): [0.398, 1.0, 1.306, 2.145, 2.473]}, {(1, 0): [0.841, 0.847, 1.237, 1.512, 1.964, 2.075, 3.322, 3.446, 3.733, 3.778], (2, 0): [0.71, 0.909, 1.242, 1.312, 1.481, 1.535, 2.451, 2.863, 3.69, 4.025], (3, 0): [0.677, 0.862, 1.964, 2.576, 3.35, 4.183, 4.739, 4.799, 5.073, 5.894], (4, 0): [1.354, 2.381, 3.751, 4.215, 4.318, 4.447, 5.099, 5.132, 5.176, 5.768], (5, 0): [1.527, 1.768, 3.656, 3.699, 4.734, 5.429, 6.387, 6.427, 7.571, 7.983], (6, 0): [0.231, 0.488, 1.403, 1.645, 3.094, 4.437, 5.445, 5.881, 6.477, 7.368], (7, 0): [0.459, 0.459, 1.229, 1.617, 1.655, 1.661, 1.696, 1.917, 2.232, 2.386], (8, 0): [1.04, 1.155, 2.335, 2.952, 3.276, 3.59, 4.112, 4.49, 4.57, 4.839], (9, 0): [0.294, 0.326, 0.889, 1.3, 1.306, 1.376, 1.555, 1.59, 1.789, 2.175], (10, 0): [0.033, 0.634, 3.005, 3.072, 3.861, 4.366, 4.44, 4.764, 6.202, 6.538]}, {(1, 0): [0.219, 0.759, 1.149, 1.899, 1.901, 2.087, 3.257, 3.663, 4.224, 4.282, 4.495, 4.816, 5.454, 5.5, 5.664, 5.776, 6.669, 6.675, 6.823, 6.848], (2, 0): [0.593, 0.677, 1.307, 1.469, 1.622, 2.441, 2.708, 2.833, 4.083, 4.086, 4.754, 4.92, 4.953, 5.099, 5.406, 5.411, 5.829, 5.843, 6.184, 6.202], (3, 0): [1.109, 2.294, 3.301, 4.608, 4.749, 4.873, 4.926, 5.008, 5.102, 8.297, 9.097, 9.319, 9.871, 10.411, 10.956, 11.822, 12.798, 12.864, 13.02, 13.271], (4, 0): [0.3, 0.822, 0.919, 2.051, 2.127, 2.526, 2.773, 3.082, 3.648, 4.563, 4.612, 4.807, 5.15, 5.418, 6.958, 7.086, 8.357, 8.519, 8.72, 8.825], (5, 0): [0.468, 0.614, 0.942, 1.911, 3.852, 4.25, 4.295, 5.172, 5.974, 6.48, 6.705, 6.931, 6.946, 7.145, 7.835, 7.881, 8.198, 8.273, 8.682, 9.432], (6, 0): [0.556, 0.623, 0.834, 1.046, 1.3, 3.239, 3.311, 3.332, 3.473, 3.546, 4.597, 4.939, 5.003, 6.442, 6.71, 6.914, 7.119, 7.263, 7.483, 7.762], (7, 0): [0.039, 0.308, 0.314, 0.692, 1.131, 1.863, 2.033, 3.125, 3.203, 3.404, 5.193, 5.381, 5.523, 5.977, 6.209, 6.845, 7.079, 7.111, 7.498, 8.876], (8, 0): [0.014, 0.56, 0.751, 1.128, 1.782, 2.222, 2.938, 4.16, 5.162, 5.242, 5.402, 5.519, 6.785, 6.802, 8.253, 8.469, 9.456, 10.533, 10.572, 10.706], (9, 0): [0.027, 1.055, 1.537, 2.394, 2.796, 2.846, 2.936, 2.949, 3.527, 4.62, 4.992, 5.017, 5.367, 5.956, 6.282, 6.795, 7.257, 7.646, 7.801, 8.198], (10, 0): [0.359, 0.816, 1.629, 2.172, 3.11, 3.359, 3.857, 4.082, 5.513, 6.403, 6.422, 7.033, 7.128, 7.465, 7.659, 7.977, 8.243, 9.284, 9.684, 10.533]}, {(1, 0): [2.556, 2.974, 3.518, 3.671, 3.757, 4.214, 4.537, 5.299, 5.813, 8.395, 9.102, 9.6, 10.081, 10.188, 10.505, 11.259, 11.669, 12.144, 12.193, 12.663, 13.313, 15.422, 15.736, 15.792, 16.745, 16.76, 17.626, 17.739, 18.821, 18.893], (2, 0): [1.301, 1.58, 2.292, 3.754, 3.779, 4.046, 5.394, 5.525, 5.74, 5.873, 7.505, 7.553, 7.705, 8.431, 8.439, 8.56, 8.611, 8.952, 9.052, 9.152, 9.157, 9.536, 10.088, 10.285, 10.983, 11.046, 11.631, 11.867, 12.091, 13.198], (3, 0): [0.025, 0.051, 0.322, 0.409, 0.49, 0.511, 0.919, 1.631, 2.879, 3.475, 3.521, 4.283, 4.938, 5.093, 5.467, 5.581, 5.795, 6.001, 7.128, 7.27, 8.109, 8.606, 8.676, 9.07, 9.913, 10.294, 10.407, 11.126, 11.399, 11.807], (4, 0): [0.372, 1.295, 2.067, 3.36, 3.585, 4.072, 4.713, 5.01, 5.079, 5.539, 5.796, 5.855, 6.173, 6.573, 7.107, 7.378, 7.465, 7.804, 8.634, 9.114, 9.633, 9.96, 10.041, 10.535, 11.343, 11.411, 11.725, 12.072, 12.199, 12.225], (5, 0): [0.042, 0.279, 0.417, 0.698, 1.263, 2.949, 3.048, 3.4, 3.743, 4.022, 5.105, 5.537, 5.621, 6.706, 7.111, 7.782, 7.866, 8.326, 8.803, 9.041, 9.157, 10.323, 11.036, 11.18, 11.187, 11.914, 12.082, 12.637, 12.668, 13.548], (6, 0): [0.067, 1.23, 1.286, 1.443, 1.65, 2.388, 2.522, 2.845, 4.343, 4.86, 4.873, 5.034, 5.674, 6.043, 6.248, 6.317, 6.528, 6.642, 6.936, 7.084, 7.12, 7.453, 7.937, 8.549, 8.711, 8.844, 8.948, 8.965, 9.65, 10.027], (7, 0): [0.055, 0.18, 0.649, 1.697, 1.771, 2.615, 3.268, 3.654, 3.667, 4.251, 4.897, 5.694, 5.891, 6.319, 7.313, 9.068, 9.308, 10.157, 10.443, 10.446, 10.935, 11.569, 12.743, 12.996, 13.294, 13.847, 14.426, 14.676, 15.316, 15.333], (8, 0): [0.093, 0.484, 0.745, 0.838, 3.531, 3.824, 4.059, 5.088, 5.194, 5.777, 6.098, 6.24, 6.449, 7.472, 7.665, 8.4, 8.497, 9.83, 9.86, 9.945, 10.083, 10.116, 10.133, 10.503, 11.244, 11.546, 12.1, 12.951, 13.48, 13.7], (9, 0): [2.363, 3.625, 3.76, 3.89, 4.532, 5.557, 5.689, 5.798, 6.117, 7.763, 8.065, 8.122, 8.191, 8.851, 9.563, 9.972, 11.46, 11.537, 12.504, 12.795, 14.226, 15.704, 15.953, 16.01, 17.718, 17.87, 17.917, 18.356, 18.59, 19.055], (10, 0): [0.638, 1.055, 1.11, 1.41, 2.55, 2.899, 3.534, 3.579, 4.519, 5.154, 6.081, 6.462, 6.676, 6.71, 6.911, 7.579, 7.742, 7.931, 8.574, 9.693, 9.827, 9.9, 11.14, 11.619, 11.878, 11.97, 12.519, 13.663, 15.933, 16.021]}, {(1, 0): [1.591, 2.705, 2.964, 3.417, 3.747, 5.464, 6.772, 6.928, 7.065, 8.366, 8.895, 9.006, 9.11, 9.527, 12.154, 12.163, 12.479, 13.033, 13.59, 14.023, 14.568, 14.854, 15.628, 17.21, 19.239, 19.75, 20.884, 21.148, 21.583, 21.87, 23.96, 25.575, 25.781, 25.803, 26.188, 26.356, 26.831, 27.459, 27.544, 27.905], (2, 0): [0.015, 0.758, 0.911, 0.933, 1.219, 2.662, 2.934, 3.122, 3.14, 3.335, 3.417, 3.768, 4.292, 4.544, 5.359, 5.614, 5.868, 5.9, 6.146, 6.919, 7.683, 8.066, 8.796, 9.186, 9.321, 9.852, 10.254, 10.678, 11.141, 11.543, 12.17, 12.313, 12.783, 13.006, 13.81, 13.827, 15.093, 15.513, 16.117, 16.15], (3, 0): [0.14, 0.272, 0.29, 0.426, 1.137, 1.151, 1.181, 1.268, 1.462, 1.55, 2.137, 2.446, 2.488, 2.515, 2.609, 2.968, 4.343, 5.616, 5.77, 5.93, 6.148, 6.922, 6.962, 8.062, 8.194, 8.369, 8.9, 9.017, 9.326, 9.468, 10.467, 10.597, 10.738, 10.932, 11.056, 11.162, 11.51, 11.821, 13.228, 13.469], (4, 0): [1.123, 1.557, 4.288, 4.842, 5.091, 5.094, 5.864, 6.059, 6.383, 6.575, 6.801, 6.942, 7.012, 8.065, 9.496, 9.572, 12.07, 12.434, 12.561, 13.096, 13.604, 14.829, 15.063, 15.374, 15.961, 17.423, 18.083, 18.84, 20.624, 20.874, 21.131, 21.68, 22.676, 23.172, 23.85, 24.175, 25.033, 25.638, 26.032, 27.097], (5, 0): [0.193, 0.776, 1.902, 1.967, 2.0, 2.194, 2.292, 2.421, 2.62, 2.743, 3.162, 3.42, 4.174, 5.222, 5.832, 6.009, 6.081, 7.532, 7.754, 8.419, 8.507, 8.733, 8.857, 9.13, 9.39, 10.178, 10.652, 11.243, 11.913, 12.021, 12.338, 12.69, 12.888, 13.072, 13.324, 13.95, 14.296, 14.484, 14.732, 15.411], (6, 0): [0.894, 1.378, 1.556, 2.548, 3.498, 3.52, 3.827, 4.035, 4.404, 4.805, 4.987, 5.111, 5.381, 6.07, 6.295, 6.324, 6.531, 6.654, 7.012, 7.029, 7.339, 7.693, 9.748, 10.184, 11.037, 11.343, 11.344, 11.525, 11.831, 12.741, 12.902, 13.143, 14.046, 16.069, 16.241, 16.737, 17.467, 17.553, 18.83, 19.262], (7, 0): [0.103, 1.024, 1.251, 1.257, 1.985, 3.188, 3.293, 3.411, 3.578, 3.628, 5.435, 6.305, 6.692, 7.001, 7.347, 7.392, 7.977, 8.21, 8.57, 8.778, 9.8, 9.966, 10.281, 10.386, 10.941, 11.206, 11.208, 11.267, 11.323, 11.801, 11.942, 12.277, 12.302, 12.979, 13.812, 13.935, 14.043, 15.503, 17.338, 17.568], (8, 0): [0.317, 0.462, 1.33, 1.803, 3.0, 3.628, 3.667, 4.723, 5.237, 5.583, 6.21, 8.071, 8.094, 8.177, 8.355, 8.397, 8.434, 9.138, 9.804, 10.967, 11.025, 11.24, 12.003, 12.528, 13.056, 13.111, 14.203, 14.558, 15.163, 15.317, 15.403, 15.446, 15.536, 15.597, 15.651, 18.214, 18.276, 18.63, 19.212, 19.531], (9, 0): [0.644, 2.094, 2.235, 2.427, 3.321, 4.729, 4.943, 5.327, 6.286, 6.462, 7.055, 7.661, 7.842, 8.897, 9.311, 9.606, 10.077, 10.768, 11.047, 11.611, 12.487, 13.706, 13.826, 13.978, 14.112, 14.148, 14.849, 15.539, 17.765, 17.777, 18.136, 20.764, 21.108, 21.791, 21.8, 22.476, 22.491, 23.131, 23.17, 23.68], (10, 0): [1.637, 1.89, 3.424, 4.059, 4.446, 5.004, 5.765, 6.008, 7.172, 7.382, 8.648, 9.702, 10.024, 11.137, 11.819, 11.917, 12.918, 13.309, 14.11, 14.356, 15.115, 15.278, 15.916, 16.263, 16.953, 17.076, 17.265, 17.505, 18.703, 20.016, 20.379, 20.715, 20.96, 21.222, 21.442, 22.416, 22.715, 22.757, 23.385, 23.386]}]
Flow Rate (Gbps): [2.3328, 2.3328, 2.3328, 2.3328, 2.3328, 2.3328, 2.3328, 2.3328, 2.3328, 2.3328, 2.3328, 2.3328, 2.3328, 2.3328, 2.3328, 2.3328, 2.3328, 2.3328, 2.3328, 2.3328, 2.3328, 2.3328, 2.3328, 2.3328, 2.3328, 2.3328, 2.3328, 2.3328, 2.3328, 2.3328, 2.3328, 2.3328, 2.3328, 2.3328, 2.3328, 2.3328, 2.3328, 2.3328, 2.3328, 2.3328, 2.3328, 2.3328, 2.3328, 2.3328, 2.3328, 2.3328, 2.3328, 2.3328, 2.3328, 2.3328, 2.3328, 2.3328, 2.3328, 2.3328, 2.3328, 2.3328, 2.3328, 2.3328, 2.3328, 2.3328, 2.3328, 2.3328, 2.3328, 2.3328, 2.3328, 2.3328, 2.3328, 2.3328, 2.3328, 2.3328, 2.3328, 2.3328, 2.3328, 2.3328, 2.3328, 2.3328, 2.3328, 2.3328, 2.3328, 2.3328, 2.3328, 2.3328, 2.3328, 2.3328, 2.3328, 2.3328, 2.3328, 2.3328, 2.3328, 2.3328, 2.3328, 2.3328, 2.3328, 2.3328, 2.3328, 2.3328, 2.3328, 2.3328, 2.3328, 2.3328, 2.3328, 2.3328, 2.3328, 2.3328, 2.3328, 2.3328, 2.3328, 2.3328, 2.3328, 2.3328, 2.3328, 2.3328, 2.3328, 2.3328, 2.3328, 2.3328, 2.3328, 2.3328, 2.3328, 2.3328, 2.3328, 2.3328, 2.3328, 2.3328, 2.3328, 2.3328, 2.3328, 2.3328, 2.3328, 2.3328, 2.3328, 2.3328, 2.3328, 2.3328, 2.3328, 2.3328, 2.3328, 2.3328, 2.3328, 2.3328, 2.3328, 2.3328, 2.3328, 2.3328, 2.3328, 2.3328, 2.3328, 2.3328, 2.3328, 2.3328, 2.3328, 2.3328, 2.3328, 2.3328, 2.3328, 2.3328, 2.3328, 2.3328, 2.3328, 2.3328, 2.3328, 2.3328, 2.3328, 2.3328, 2.3328, 2.3328, 2.3328, 2.3328, 2.3328, 2.3328, 2.3328, 2.3328, 2.3328, 2.3328, 2.3328, 2.3328, 2.3328, 2.3328, 2.3328, 2.3328, 2.3328, 2.3328, 2.3328, 2.3328, 2.3328, 2.3328, 2.3328, 2.3328, 2.3328, 2.3328, 2.3328, 2.3328, 2.3328, 2.3328, 2.3328, 2.3328, 2.3328, 2.3328, 2.3328, 2.3328, 2.3328, 2.3328, 2.3328, 2.3328, 2.3328, 2.3328, 2.3328, 2.3328, 2.3328, 2.3328, 2.3328, 2.3328, 2.3328, 2.3328, 2.3328, 2.3328, 2.3328, 2.3328, 2.3328, 2.3328, 2.3328, 2.3328, 2.3328, 2.3328, 2.3328, 2.3328, 2.3328, 2.3328, 2.3328, 2.3328, 2.3328, 2.3328, 2.3328, 2.3328, 2.3328, 2.3328, 2.3328, 2.3328, 2.3328, 2.3328, 2.3328, 2.3328, 2.3328, 2.3328, 2.3328, 2.3328, 2.3328, 2.3328, 2.3328, 2.3328, 2.3328, 2.3328, 2.3328, 2.3328, 2.3328, 2.3328, 2.3328, 2.3328, 2.3328, 2.3328, 2.3328, 2.3328, 2.3328, 2.3328, 2.3328, 2.3328, 2.3328, 2.3328, 2.3328, 2.3328, 2.3328, 2.3328, 2.3328, 2.3328, 2.3328, 2.3328, 2.3328, 2.3328, 2.3328, 2.3328, 2.3328, 2.3328, 2.3328, 2.3328, 2.3328, 2.3328, 2.3328, 2.3328, 2.3328, 2.3328, 2.3328, 2.3328, 2.3328, 2.3328, 2.3328, 2.3328, 2.3328, 2.3328, 2.3328, 2.3328, 2.3328, 2.3328, 2.3328, 2.3328, 2.3328, 2.3328, 2.3328, 2.3328, 2.3328, 2.3328, 2.3328, 2.3328, 2.3328, 2.3328, 2.3328, 2.3328, 2.3328, 2.3328, 2.3328, 2.3328, 2.3328, 2.3328, 2.3328, 2.3328, 2.3328, 2.3328, 2.3328, 2.3328, 2.3328, 2.3328, 2.3328, 2.3328, 2.3328, 2.3328, 2.3328, 2.3328, 2.3328, 2.3328, 2.3328, 2.3328, 2.3328, 2.3328, 2.3328, 2.3328, 2.3328, 2.3328, 2.3328, 2.3328, 2.3328, 2.3328, 2.3328, 2.3328, 2.3328, 2.3328, 2.3328, 2.3328, 2.3328, 2.3328, 2.3328, 2.3328, 2.3328, 2.3328, 2.3328, 2.3328, 2.3328, 2.3328, 2.3328, 2.3328, 2.3328, 2.3328, 2.3328, 2.3328, 2.3328, 2.3328, 2.3328, 2.3328, 2.3328, 2.3328, 2.3328, 2.3328, 2.3328, 2.3328, 2.3328, 2.3328, 2.3328, 2.3328, 2.3328, 2.3328, 2.3328, 2.3328, 2.3328, 2.3328, 2.3328, 2.3328, 2.3328, 2.3328, 2.3328, 2.3328, 2.3328, 2.3328, 2.3328, 2.3328, 2.3328, 2.3328, 2.3328, 2.3328, 2.3328, 2.3328, 2.3328, 2.3328, 2.3328, 2.3328, 2.3328, 2.3328, 2.3328, 2.3328, 2.3328, 2.3328, 2.3328, 2.3328, 2.3328, 2.3328, 2.3328, 2.3328, 2.3328, 2.3328, 2.3328, 2.3328, 2.3328, 2.3328, 2.3328, 2.3328, 2.3328, 2.3328, 2.3328, 2.3328, 2.3328, 2.3328, 2.3328, 2.3328, 2.3328, 2.3328, 2.3328, 2.3328, 2.3328, 2.3328, 2.3328, 2.3328, 2.3328, 2.3328, 2.3328, 2.3328, 2.3328, 2.3328, 2.3328, 2.3328, 2.3328, 2.3328, 2.3328, 2.3328, 2.3328, 2.3328, 2.3328, 2.3328, 2.3328, 2.3328, 2.3328, 2.3328, 2.3328, 2.3328, 2.3328, 2.3328, 2.3328, 2.3328, 2.3328, 2.3328, 2.3328, 2.3328, 2.3328, 2.3328, 2.3328, 2.3328, 2.3328, 2.3328, 2.3328, 2.3328, 2.3328, 2.3328, 2.3328, 2.3328, 2.3328, 2.3328, 2.3328, 2.3328, 2.3328, 2.3328, 2.3328, 2.3328, 2.3328, 2.3328, 2.3328, 2.3328, 2.3328, 2.3328, 2.3328, 2.3328, 2.3328, 2.3328, 2.3328, 2.3328, 2.3328, 2.3328, 2.3328, 2.3328, 2.3328, 2.3328, 2.3328, 2.3328, 2.3328, 2.3328, 2.3328, 2.3328, 2.3328, 2.3328, 2.3328, 2.3328, 2.3328, 2.3328, 2.3328, 2.3328, 2.3328, 2.3328, 2.3328, 2.3328, 2.3328, 2.3328, 2.3328, 2.3328, 2.3328, 2.3328, 2.3328, 2.3328, 2.3328, 2.3328, 2.3328, 2.3328, 2.3328, 2.3328, 2.3328, 2.3328, 2.3328, 2.3328, 2.3328, 2.3328, 2.3328, 2.3328, 2.3328, 2.3328, 2.3328, 2.3328, 2.3328, 2.3328, 2.3328, 2.3328, 2.3328, 2.3328, 2.3328, 2.3328, 2.3328, 2.3328, 2.3328, 2.3328, 2.3328, 2.3328, 2.3328, 2.3328, 2.3328, 2.3328, 2.3328, 2.3328, 2.3328, 2.3328, 2.3328, 2.3328, 2.3328, 2.3328, 2.3328, 2.3328, 2.3328, 2.3328, 2.3328, 2.3328, 2.3328, 2.3328, 2.3328, 2.3328, 2.3328, 2.3328, 2.3328, 2.3328, 2.3328, 2.3328, 2.3328, 2.3328, 2.3328, 2.3328, 2.3328, 2.3328, 2.3328, 2.3328, 2.3328, 2.3328, 2.3328, 2.3328, 2.3328, 2.3328, 2.3328, 2.3328, 2.3328, 2.3328, 2.3328, 2.3328, 2.3328, 2.3328, 2.3328, 2.3328, 2.3328, 2.3328, 2.3328, 2.3328, 2.3328, 2.3328, 2.3328, 2.3328, 2.3328, 2.3328, 2.3328, 2.3328, 2.3328, 2.3328, 2.3328, 2.3328, 2.3328, 2.3328, 2.3328, 2.3328, 2.3328, 2.3328, 2.3328, 2.3328, 2.3328, 2.3328, 2.3328, 2.3328, 2.3328, 2.3328, 2.3328, 2.3328, 2.3328, 2.3328, 2.3328, 2.3328, 2.3328, 2.3328, 2.3328, 2.3328, 2.3328, 2.3328, 2.3328, 2.3328, 2.3328, 2.3328, 2.3328, 2.3328, 2.3328, 2.3328, 2.3328, 2.3328, 2.3328, 2.3328, 2.3328, 2.3328, 2.3328, 2.3328, 2.3328, 2.3328, 2.3328, 2.3328, 2.3328, 2.3328, 2.3328, 2.3328, 2.3328, 2.3328, 2.3328, 2.3328, 2.3328, 2.3328, 2.3328, 2.3328, 2.3328, 2.3328, 2.3328, 2.3328, 2.3328, 2.3328, 2.3328, 2.3328, 2.3328, 2.3328, 2.3328, 2.3328, 2.3328, 2.3328, 2.3328, 2.3328, 2.3328, 2.3328, 2.3328, 2.3328, 2.3328, 2.3328, 2.3328, 2.3328, 2.3328, 2.3328, 2.3328, 2.3328, 2.3328, 2.3328, 2.3328, 2.3328, 2.3328, 2.3328, 2.3328, 2.3328, 2.3328, 2.3328, 2.3328, 2.3328, 2.3328, 2.3328, 2.3328, 2.3328, 2.3328, 2.3328, 2.3328, 2.3328, 2.3328, 2.3328, 2.3328, 2.3328, 2.3328, 2.3328, 2.3328, 2.3328, 2.3328, 2.3328, 2.3328, 2.3328, 2.3328, 2.3328, 2.3328, 2.3328, 2.3328, 2.3328, 2.3328, 2.3328, 2.3328, 2.3328, 2.3328, 2.3328, 2.3328, 2.3328, 2.3328, 2.3328, 2.3328, 2.3328, 2.3328, 2.3328, 2.3328, 2.3328, 2.3328, 2.3328, 2.3328, 2.3328, 2.3328, 2.3328, 2.3328, 2.3328, 2.3328, 2.3328, 2.3328, 2.3328, 2.3328, 2.3328, 2.3328, 2.3328, 2.3328, 2.3328, 2.3328, 2.3328, 2.3328, 2.3328, 2.3328, 2.3328, 2.3328, 2.3328, 2.3328, 2.3328, 2.3328, 2.3328, 2.3328, 2.3328, 2.3328, 2.3328, 2.3328, 2.3328, 2.3328, 2.3328, 2.3328, 2.3328, 2.3328, 2.3328, 2.3328, 2.3328, 2.3328, 2.3328, 2.3328, 2.3328, 2.3328, 2.3328, 2.3328, 2.3328, 2.3328, 2.3328, 2.3328, 2.3328, 2.3328, 2.3328, 2.3328, 2.3328, 2.3328, 2.3328, 2.3328, 2.3328, 2.3328, 2.3328, 2.3328, 2.3328, 2.3328, 2.3328, 2.3328, 2.3328, 2.3328, 2.3328, 2.3328, 2.3328, 2.3328, 2.3328, 2.3328, 2.3328, 2.3328, 2.3328, 2.3328, 2.3328, 2.3328, 2.3328, 2.3328, 2.3328, 2.3328, 2.3328, 2.3328, 2.3328, 2.3328, 2.3328, 2.3328, 2.3328, 2.3328, 2.3328, 2.3328, 2.3328, 2.3328, 2.3328, 2.3328, 2.3328, 2.3328, 2.3328, 2.3328, 2.3328, 2.3328, 2.3328, 2.3328, 2.3328, 2.3328, 2.3328, 2.3328, 2.3328, 2.3328, 2.3328, 2.3328, 2.3328, 2.3328, 2.3328, 2.3328, 2.3328, 2.3328, 2.3328, 2.3328, 2.3328, 2.3328, 2.3328, 2.3328, 2.3328, 2.3328, 2.3328, 2.3328, 2.3328, 2.3328, 2.3328, 2.3328, 2.3328, 2.3328, 2.3328, 2.3328, 2.3328, 2.3328, 2.3328, 2.3328, 2.3328, 2.3328, 2.3328, 2.3328, 2.3328, 2.3328, 2.3328, 2.3328, 2.3328, 2.3328, 2.3328, 2.3328, 2.3328, 2.3328, 2.3328, 2.3328, 2.3328, 2.3328, 2.3328, 2.3328, 2.3328, 2.3328, 2.3328, 2.3328, 2.3328, 2.3328, 2.3328, 2.3328, 2.3328, 2.3328, 2.3328, 2.3328, 2.3328, 2.3328, 2.3328, 2.3328, 2.3328, 2.3328, 2.3328, 2.3328, 2.3328, 2.3328, 2.3328, 2.3328, 2.3328, 2.3328, 2.3328, 2.3328, 2.3328, 2.3328, 2.3328, 2.3328, 2.3328, 2.3328, 2.3328, 2.3328, 2.3328, 2.3328, 2.3328, 2.3328, 2.3328, 2.3328, 2.3328, 2.3328, 2.3328, 2.3328, 2.3328, 2.3328, 2.3328, 2.3328, 2.3328, 2.3328, 2.3328, 2.3328, 2.3328, 2.3328, 2.3328, 2.3328, 2.3328, 2.3328, 2.3328, 2.3328, 2.3328, 2.3328, 2.3328, 2.3328, 2.3328, 2.3328, 2.3328, 2.3328, 2.3328, 2.3328, 2.3328, 2.3328, 2.3328, 2.3328, 2.3328, 2.3328, 2.3328, 2.3328, 2.3328, 2.3328, 2.3328, 2.3328, 2.3328, 2.3328, 2.3328, 2.3328, 2.3328, 2.3328, 2.3328, 2.3328, 2.3328, 2.3328, 2.3328, 2.3328, 2.3328, 2.3328, 2.3328, 2.3328, 2.3328, 2.3328, 2.3328, 2.3328, 2.3328, 2.3328, 2.3328, 2.3328, 2.3328, 2.3328, 2.3328]
Flow Size (B): [2416494, 286178, 1540319, 14372, 1559266, 1911683, 2714115, 423, 293, 193520, 1419, 279, 927, 133012, 2416494, 257407, 57, 455, 366, 2023926, 652, 1820442, 178372, 1959004, 1414, 193520, 1614227, 235, 1303, 279, 6000, 1765642, 1042, 2553169, 92, 558, 1538, 613, 1538, 92, 1222, 2897375, 1722992, 2659370, 2282480, 156563, 215151, 2000, 652, 423, 42493, 1842836, 58394, 3105433, 3055423, 523, 1798321, 223189, 70148, 490, 1630758, 394, 14909, 324, 423, 679, 490, 273632, 8000, 652, 1096, 423, 707, 324, 470507, 324, 1744186, 27141, 340, 2259343, 147279, 286178, 363967, 293, 293, 377564, 366, 308, 2416494, 54485, 57, 693, 391670, 3088, 1873, 455, 2372582, 589, 1630758, 2416494, 698631, 2236441, 169860, 1540319, 178372, 12161, 954, 366, 455, 257407, 506, 394, 531696, 83584, 156563, 279, 254279, 286178, 324, 233422, 983, 416360, 340, 3480110, 113930, 500167, 500167, 1262, 207403, 531696, 927, 1110, 1096, 263778, 2057190, 2236441, 983, 423, 2305854, 113930, 442606, 1540319, 58394, 679, 3156261, 1435, 2506773, 1597864, 2125366, 565213, 523, 279, 540, 2553169, 2506773, 1082, 241157, 147279, 2933211, 983, 2125366, 305460, 490, 17195, 423, 693, 184283, 153405, 308, 455, 588724, 324, 144, 144309, 293, 742, 2329467, 324, 286178, 102060, 207403, 305460, 490, 308, 1911683, 983, 2969491, 2416494, 442606, 2769988, 1664328, 2461220, 416360, 565213, 308, 324, 89946, 366, 1642, 665, 613, 2142760, 161752, 1521601, 340, 506, 2282480, 394, 455, 1431371, 2881, 64394, 1722992, 394, 324, 89946, 707, 293, 2714115, 19352, 124, 1082, 229647, 251189, 324, 2933211, 665, 2827011, 257407, 293, 324, 954, 2169, 377564, 324, 279, 144309, 490, 1754, 340, 577, 1521601, 693, 2461220, 28270, 263778, 17765, 167113, 1959004, 490, 2461220, 1744186, 57, 251189, 1440, 340, 2714115, 3000, 394, 455, 423, 2714115, 144, 117227, 68175, 2897375, 2259343, 858, 96007, 8000, 558, 324, 1702055, 10000, 2236441, 2353, 394, 1820442, 490, 900, 1391, 223189, 2305854, 577, 1597864, 237258, 308, 1959004, 60, 366, 2605728, 324, 2461220, 1303, 652, 2827011, 500167, 60, 391670, 68, 1809348, 2000, 2372582, 665, 2714115, 707, 2372582, 423, 2551, 2861977, 315583, 202393, 665, 2259343, 2506773, 1831605, 423, 2659370, 455, 423, 652, 22228, 423, 1787361, 2861977, 2506773, 138546, 2160296, 2142760, 1765642, 208, 2827011, 366, 273632, 2506773, 2769988, 2372582, 858, 1222, 455, 150311, 293, 3088, 107, 324, 391670, 394, 120619, 2461220, 589, 16643, 120619, 542642, 423, 57, 2057190, 1754, 308, 124, 2714115, 110726, 1831605, 279, 4573, 1430, 1744186, 32737, 558, 1435, 2329467, 2827011, 983831, 308, 2259343, 1765642, 340, 225934, 326042, 455, 394, 366, 1820442, 279, 394, 2416494, 237258, 1991201, 279, 3368477, 308, 2897375, 308, 1642, 107175, 233422, 308, 293, 391670, 558, 2177976, 693, 308, 340, 652, 237258, 245121, 19352, 64, 308, 455, 4183, 565213, 470507, 279, 1559266, 652, 829057, 742, 983831, 3156261, 1521601, 3000, 23822, 315583, 60, 455, 209956, 455, 32737, 279, 1578447, 108936, 1787361, 2083, 350859, 2714115, 279, 2861977, 1069, 190390, 707, 490, 102060, 279, 4000, 707, 308, 588724, 87774, 366, 1540319, 27141, 1911683, 1559266, 2169, 3000, 3887, 900, 89946, 37603, 340, 60, 350859, 639, 366, 47435, 377564, 2461220, 1096, 366, 207403, 135751, 470507, 693, 2605728, 1831605, 540, 553812, 416360, 455, 394, 2372582, 1424, 324, 1991201, 2461220, 254279, 5000, 100001, 394, 707, 470507, 531696, 44260, 113930, 2605728, 133012, 1414, 92, 340, 1681372, 639, 79595, 377564, 208, 340, 2769988, 2714115, 2160296, 983831, 1521601, 340, 2023926, 1540319, 293, 1744186, 279, 1167500, 17195, 423, 286178, 2506773, 27700, 366, 679, 324, 2000, 1765642, 707, 159136, 350859, 366, 1642, 3105433, 394, 315583, 2305854, 423, 2236441, 3271, 1911683, 153405, 279, 266, 3368477, 693, 500167, 540, 3271, 92, 3367, 2769988, 2714115, 340, 199933, 305460, 254279, 2057190, 1369, 455, 900, 324, 2767, 11393, 707, 293, 324, 927, 1069, 1744186, 954, 172651, 553812, 340, 3777, 423, 22228, 1681372, 326042, 2091000, 1167500, 1324, 1578447, 553812, 92, 207403, 96007, 1809348, 4000, 1991201, 2506773, 1630758, 1722992, 2372582, 2933211, 215151, 2372582, 1559266, 2881, 779, 293, 394, 124109, 455, 1614227, 2605728, 693, 308, 324, 130329, 340, 58394, 588724, 1798321, 308, 2305854, 1435, 1865505, 2861977, 279, 308, 1419, 2195801, 305460, 199933, 92, 1538, 2506773, 2506773, 2605728, 366, 308, 308, 2416494, 2461220, 32737, 588724, 308, 1820442, 144309, 8365, 233422, 423, 679, 117227, 60, 1842836, 1069, 308, 394, 2416494, 423, 144, 4782, 490, 2372582, 490, 308, 1888453, 470507, 279, 150311, 308, 2506773, 340, 679, 2605728, 416360, 1391, 293, 2329467, 1559266, 2177976, 1702055, 324, 558, 57, 2195801, 75796, 245121, 326042, 2714115, 2000, 455, 141398, 394, 2714115, 96007, 68, 1820442, 423, 531696, 455, 187312, 1324, 293, 394, 506, 394, 7130, 1842836, 490, 1787361, 423, 13855, 2160296, 340, 423, 2551, 293, 1911683, 66258, 363967, 2506773, 293, 1831605, 983, 286178, 1069, 423, 1647457, 153405, 2827011, 64394, 693, 3837698, 7130, 2659370, 601, 107175, 324, 2659370, 326042, 394, 490, 1935199, 47435, 2372582, 279, 2553169, 340, 172651, 707, 1722992, 2827011, 3271, 308, 2125366, 1069, 340, 1324, 60, 163, 2461220, 366, 1110, 324, 2057190, 394, 523, 2969491, 707, 257407, 2142760, 1842836, 927, 2506773, 2091000, 2659370, 366, 2714115, 3000, 542642, 2416494, 178372, 1820442, 324, 293, 16917, 293, 470507, 4573, 2416494, 172651, 455, 983, 1614227, 235, 3595441, 190390, 366, 279, 308, 315583, 184, 3105433, 665, 366, 394, 423, 220477, 2372582, 665, 279, 490, 324, 1521601, 2259343, 7130, 500167, 79, 220477, 1521601, 1787361, 3000, 138546, 293, 1419, 2551, 217798, 127700, 1911683, 652, 1110, 315583, 423, 338223, 7553, 1614227, 1787361, 707, 2553169, 64, 215151, 2142760, 470507, 2091000, 66258, 394, 144, 248136, 2461220, 2714115, 1722992, 707, 1538, 490, 1888453, 1647457, 779, 366, 293, 2416494, 2461220, 293, 340, 235, 2083, 2969491, 366, 2605728, 707, 85653, 156563, 2057190, 1110, 858, 455, 308, 308, 455, 1642, 2416494, 89946, 601, 377564, 308, 1765642, 209956, 3006219, 693, 1391, 601, 2083, 1820442, 68, 25531, 423, 1521601, 1559266, 293, 455, 96007, 26593, 34378, 3260426, 366, 338223, 161752, 144, 1110, 1630758, 523, 1440, 693, 1702055, 77672, 652, 62583, 779, 3055423, 3368477, 260573, 97984, 652, 1055, 366, 324, 305460, 455, 266, 665, 2553169, 1435, 1681372, 455, 37603, 2177976, 394, 665, 133012, 1435, 665, 263778, 423, 1820442, 31175, 1538, 338223, 293, 135751, 2506773, 1935199, 1419, 308, 652, 1642, 2416494, 2461220, 1042, 2091000, 377564, 2195801, 558, 1888453, 1664328, 308, 1702055, 2461220, 2861977, 366, 1578447, 540, 693, 54485, 279, 423, 588724, 1414, 1809348, 308, 394, 340, 626, 455, 308, 2657, 273632, 1798321, 2881, 308, 1787361, 1559266, 1096, 2177976, 2213771, 779, 523, 5000, 293, 707, 209956, 1042, 2125366, 377564, 2897375, 2372582, 117227, 490, 1911683, 279, 64, 2553169, 20740, 1110, 366, 34378, 266, 184, 190390, 2506773, 1540319, 1754, 135751, 2416494, 416360, 62583, 40796, 652, 394, 490, 1647457, 2553169, 1110, 423, 2506773, 394, 79, 1873, 954, 665, 1578447, 394, 2553169, 27700, 2769988, 1430, 2023926, 15466, 229647, 2659370, 2769988, 178372, 29687, 308, 366, 308, 293, 2933211, 1055, 1765642, 1369, 1754, 308, 4573, 50838, 679, 2236441, 3837698, 2714115]
Flow Send Durations (us): [8285.289, 980.034, 5280.078, 45.164, 5345.239, 6555.092, 9305.183, 0.733, 0.81, 660.657, 0.189, 0.385, 0.53, 456.394, 8286.886, 880.278, 0.356, 0.856, 0.889, 6941.238, 0.032, 6240.371, 611.242, 6716.471, 1.771, 660.16, 5535.49, 0.904, 1.435, 1.761, 20.043, 6056.135, 2.1, 8757.186, 2.225, 0.044, 5.515, 0.527, 5.897, 1.44, 0.483, 9935.742, 5905.86, 9116.054, 7826.065, 535.545, 735.764, 7.025, 2.042, 2.925, 145.073, 6315.203, 200.269, 10646.407, 10476.717, 0.398, 6166.0, 766.306, 242.145, 2.473, 5590.841, 0.847, 51.237, 1.512, 1.964, 2.075, 3.322, 938.446, 28.733, 3.778, 0.71, 0.909, 1.242, 1.312, 1611.481, 1.535, 5982.451, 92.863, 3.69, 7749.025, 505.677, 980.862, 1246.964, 2.576, 3.35, 1294.183, 4.739, 4.799, 8290.073, 190.894, 1.354, 2.381, 1343.751, 14.215, 9.318, 4.447, 8140.099, 5.132, 5595.176, 8290.768, 2396.527, 7666.768, 583.656, 5283.699, 614.734, 45.429, 6.387, 6.427, 7.571, 887.983, 0.231, 0.488, 1821.403, 286.645, 538.094, 4.437, 875.445, 985.881, 6.477, 807.368, 0.459, 1425.459, 1.229, 11931.617, 391.655, 1716.661, 1716.696, 1.917, 712.232, 1822.386, 1.04, 1.155, 2.335, 902.952, 7053.276, 7668.59, 4.112, 4.49, 7909.57, 394.839, 1515.294, 5280.326, 200.889, 1.3, 10821.306, 1.376, 8596.555, 5476.59, 7286.789, 1937.175, 0.033, 0.634, 3.005, 8758.072, 8598.861, 4.366, 829.44, 509.764, 10061.202, 6.538, 7285.219, 1045.759, 1.149, 56.899, 1.901, 2.087, 633.257, 528.663, 4.224, 4.282, 2019.495, 4.816, 5.454, 495.5, 5.664, 5.776, 7991.669, 6.675, 986.823, 351.848, 710.593, 1045.677, 1.307, 1.469, 6556.622, 2.441, 10182.708, 8287.833, 1519.083, 9499.086, 5709.754, 8444.92, 1429.953, 1940.099, 5.406, 5.411, 310.829, 5.843, 11.184, 6.202, 1.109, 7347.294, 553.301, 5219.608, 4.749, 4.873, 7829.926, 5.008, 5.102, 4913.297, 14.097, 229.319, 5914.871, 10.411, 10.956, 316.822, 12.798, 12.864, 9318.02, 78.271, 0.3, 0.822, 785.919, 862.051, 2.127, 10057.526, 2.773, 9693.082, 883.648, 4.563, 4.612, 4.807, 10.15, 1295.418, 6.958, 7.086, 498.357, 8.519, 13.72, 8.825, 0.468, 5215.614, 0.942, 8441.911, 98.852, 904.25, 64.295, 575.172, 6720.974, 6.48, 8446.705, 5986.931, 6.946, 867.145, 7.835, 7.881, 9313.198, 18.273, 8.682, 9.432, 0.556, 9305.623, 0.834, 401.046, 231.3, 9938.239, 7748.311, 3.332, 328.473, 28.546, 4.597, 4.939, 5840.003, 36.442, 7671.71, 11.914, 7.119, 6247.263, 7.483, 7.762, 0.039, 765.308, 7905.314, 0.692, 5476.131, 811.863, 2.033, 6718.125, 3.203, 3.404, 8940.193, 5.381, 8445.523, 5.977, 6.209, 9696.845, 1722.079, 7.111, 1347.498, 8.876, 6200.014, 5.56, 8135.751, 1.128, 9306.782, 2.222, 8137.938, 4.16, 10.162, 9815.242, 1085.402, 695.519, 6.785, 7751.802, 8603.253, 6288.469, 9.456, 9125.533, 10.572, 10.706, 0.027, 76.055, 1.537, 6127.394, 9812.796, 8597.846, 477.936, 7407.949, 7348.527, 6059.62, 4.992, 9695.017, 5.367, 940.956, 8601.282, 9501.795, 8142.257, 7.646, 7.801, 8.198, 515.359, 0.816, 11.629, 2.172, 3.11, 1343.359, 3.857, 414.082, 8445.513, 6.403, 61.422, 417.033, 1867.128, 7.465, 7.659, 7057.977, 13.243, 9.284, 9.684, 9315.533, 377.556, 6282.974, 3.518, 18.671, 3.757, 5984.214, 114.537, 5.299, 5.813, 7993.395, 9699.102, 3379.6, 10.081, 7755.188, 6065.505, 11.259, 781.669, 1127.144, 12.193, 12.663, 13.313, 6255.422, 15.736, 15.792, 8301.745, 826.76, 6842.626, 17.739, 11568.821, 18.893, 9936.301, 1.58, 7.292, 368.754, 803.779, 4.046, 5.394, 1345.525, 5.74, 7470.873, 7.505, 7.553, 7.705, 8.431, 818.439, 848.56, 73.611, 8.952, 9.052, 9.152, 19.157, 1944.536, 1620.088, 10.285, 5355.983, 11.046, 2851.631, 11.867, 3382.091, 10833.198, 5215.025, 10.051, 80.322, 1080.409, 0.49, 0.511, 720.919, 1.631, 112.879, 3.475, 5413.521, 374.283, 6129.938, 10.093, 1205.467, 9310.581, 5.795, 9816.001, 7.128, 657.27, 8.109, 8.606, 353.676, 9.07, 19.913, 10.294, 10.407, 2026.126, 311.399, 11.807, 5280.372, 91.295, 6557.067, 5348.36, 8.585, 14.072, 14.713, 5.01, 310.079, 130.539, 5.796, 5.855, 1206.173, 6.573, 7.107, 167.378, 1297.465, 8447.804, 8.634, 9.114, 719.633, 474.96, 1620.041, 10.535, 8946.343, 6291.411, 11.725, 1907.072, 1437.199, 12.225, 0.042, 8135.279, 0.417, 0.698, 6826.263, 8442.949, 873.048, 18.4, 343.743, 4.022, 5.105, 1615.537, 1825.621, 156.706, 397.111, 8942.782, 462.866, 8.326, 8.803, 9.041, 5774.157, 10.323, 281.036, 1301.18, 11.187, 11.914, 9507.082, 9317.637, 7417.668, 3383.548, 5215.067, 1.23, 6941.286, 5281.443, 1.65, 5982.388, 2.522, 4002.845, 59.343, 4.86, 984.873, 8600.034, 95.674, 6.043, 6.248, 6.317, 11.528, 6061.642, 6.936, 552.084, 1207.12, 7.453, 12.937, 10653.549, 8.711, 1088.844, 7913.948, 8.965, 7674.65, 20.027, 6555.055, 525.18, 0.649, 1.697, 11551.771, 2.615, 1718.268, 3.654, 13.667, 4.251, 14.897, 9500.694, 9310.891, 6.319, 692.313, 1054.068, 879.308, 7060.157, 10.443, 10.446, 10.935, 11.569, 17.743, 47.996, 13.294, 13.847, 14.426, 14.676, 15.316, 5995.333, 0.093, 590.484, 1895.745, 0.838, 13.531, 3.824, 79.059, 5770.088, 1120.194, 7175.777, 4006.098, 6.24, 5416.449, 1902.472, 7.665, 718.4, 333.497, 6209.83, 19.86, 6834.945, 8605.083, 5600.116, 5915.133, 8145.503, 10066.244, 746.546, 8147.1, 5357.951, 18.48, 13.7, 2.363, 3.625, 428.76, 3.89, 5539.532, 8940.557, 5.689, 5.798, 6.117, 452.763, 8.065, 208.122, 2023.191, 6173.851, 9.563, 7914.972, 11.46, 6406.537, 9822.504, 12.795, 14.226, 15.704, 7545.953, 1061.01, 702.718, 17.87, 22.917, 8613.356, 8613.59, 8954.055, 0.638, 1.055, 1.11, 8286.41, 8442.55, 112.899, 2018.534, 3.579, 6244.519, 495.154, 31.081, 806.462, 6.676, 6.71, 406.911, 7.579, 6322.742, 7.931, 8.574, 9.693, 8294.827, 9.9, 11.14, 26.619, 11.878, 8146.97, 12.519, 13.663, 6490.933, 1626.021, 1.591, 517.705, 2.964, 8598.417, 3.747, 5.464, 8941.772, 1431.928, 7.065, 8.366, 7993.895, 5354.006, 7474.11, 5844.527, 12.154, 12.163, 12.479, 7543.033, 268.59, 854.023, 1129.568, 9319.854, 20.628, 17.21, 499.239, 19.75, 9325.884, 346.148, 21.583, 6261.87, 23.96, 1845.575, 25.781, 665.803, 26.188, 26.356, 26.831, 27.459, 27.544, 47.905, 6315.015, 0.758, 6125.911, 0.933, 46.219, 7407.662, 2.934, 3.122, 8.14, 3.335, 6558.417, 228.768, 1249.292, 8599.544, 5.359, 6285.614, 5.868, 985.9, 6.146, 6.919, 5652.683, 533.066, 9698.796, 229.186, 9.321, 13169.852, 30.254, 9125.678, 11.141, 376.543, 12.17, 9127.313, 1127.783, 13.006, 13.81, 6648.827, 175.093, 8150.513, 16.117, 8771.15, 0.14, 590.272, 0.29, 5905.426, 9691.137, 11.151, 1.181, 7286.268, 1.462, 1.55, 2.137, 2.446, 2.488, 8442.515, 2.609, 2.968, 4.343, 7055.616, 5.77, 5.93, 10186.148, 6.922, 886.962, 7353.062, 6323.194, 8.369, 8603.9, 7179.017, 9124.326, 9.468, 9315.467, 20.597, 1870.738, 8295.932, 621.056, 6251.162, 11.51, 11.821, 68.228, 13.469, 1611.123, 16.557, 8289.288, 594.842, 5.091, 5.094, 5540.864, 6.059, 12336.383, 656.575, 6.801, 6.942, 7.012, 1088.065, 9.496, 10654.572, 12.07, 12.434, 12.561, 13.096, 768.604, 8149.829, 15.063, 15.374, 15.961, 17.423, 5233.083, 7763.84, 40.624, 1735.874, 21.131, 776.68, 5237.676, 6148.172, 33.85, 499.175, 25.033, 25.638, 31.032, 772.097, 435.193, 6555.776, 1.902, 1.967, 1082.0, 2.194, 1157.292, 27.421, 5537.62, 6127.743, 3.162, 8758.42, 4.174, 740.222, 7350.832, 1616.009, 7176.081, 232.532, 7.754, 8.419, 858.507, 8448.733, 9313.857, 5914.13, 9.39, 15.178, 10.652, 6486.243, 5656.913, 12.021, 12.338, 12.69, 8297.888, 8453.072, 13.324, 13.95, 14.296, 19.484, 10194.732, 15.411, 8935.894, 1.378, 291.556, 537.548, 7053.498, 3.52, 3.827, 4.035, 4.404, 4.805, 4.987, 10.111, 8290.381, 311.07, 6.295, 1296.324, 6.531, 6061.654, 727.012, 10312.029, 7.339, 7.693, 9.748, 15.184, 6251.037, 11.343, 96.344, 11.525, 5226.831, 5357.741, 12.902, 13.143, 339.046, 106.069, 131.241, 11196.737, 17.467, 1172.553, 568.83, 19.262, 0.103, 5591.024, 1.251, 1.257, 1.985, 5838.188, 268.293, 3.411, 213.578, 3.628, 10480.435, 11556.305, 896.692, 342.001, 7.347, 7.392, 7.977, 8.21, 1053.57, 8.778, 9.8, 9.966, 8765.281, 10.386, 5775.941, 11.206, 136.208, 7476.267, 11.323, 11.801, 466.942, 12.277, 12.302, 912.979, 13.812, 6253.935, 119.043, 20.503, 1172.338, 17.568, 465.317, 8595.462, 6636.33, 1.803, 3.0, 3.628, 8.667, 8289.723, 8445.237, 5.583, 7176.21, 1298.071, 7538.094, 8.177, 6483.355, 5713.397, 8.434, 5844.138, 8449.804, 9820.967, 11.025, 5421.24, 12.003, 12.528, 198.056, 13.111, 14.203, 2029.558, 15.163, 6215.317, 15.403, 15.446, 15.536, 15.597, 15.651, 18.214, 23.276, 953.63, 6184.212, 24.531, 0.644, 6127.094, 5347.235, 2.427, 7468.321, 7594.729, 4.943, 5.327, 21.286, 6.462, 7.055, 727.661, 7.842, 7293.897, 1299.311, 9944.606, 8145.077, 410.768, 11.047, 6566.611, 12.487, 13.706, 8768.826, 83.978, 14.112, 14.148, 129.849, 15.539, 17.765, 667.777, 8613.136, 5300.764, 26.108, 486.791, 8306.8, 1447.476, 232.491, 158.131, 23.17, 23.68, 1.637, 5646.89, 8758.424, 4.059, 4.446, 8600.004, 5.765, 6.008, 12.172, 7.382, 8.648, 5419.702, 10.024, 8766.137, 101.819, 9506.917, 12.918, 6953.309, 64.11, 799.356, 9130.115, 9510.278, 625.916, 116.263, 16.953, 17.076, 17.265, 17.505, 10073.703, 20.016, 6075.379, 20.715, 25.96, 21.222, 36.442, 192.416, 22.715, 7687.757, 13183.385, 9328.386]
Flow Min Byteload Size (B): [588, 410, 671, 1250, 664, 245, 777, 423, 293, 1064, 1419, 279, 927, 334, 588, 799, 57, 455, 366, 222, 652, 858, 496, 910, 1414, 1064, 221, 235, 1303, 279, 168, 4, 1042, 211, 92, 558, 80, 613, 80, 92, 1222, 329, 1094, 1436, 710, 557, 825, 542, 652, 423, 211, 1382, 74, 1351, 913, 523, 607, 115, 164, 490, 714, 394, 329, 324, 423, 679, 490, 986, 710, 652, 1096, 423, 707, 324, 1031, 324, 418, 897, 340, 901, 21, 410, 925, 293, 293, 1400, 366, 308, 588, 539, 57, 693, 926, 172, 415, 455, 416, 589, 714, 588, 249, 1327, 732, 671, 496, 497, 954, 366, 455, 799, 506, 394, 984, 478, 557, 279, 587, 410, 324, 142, 983, 830, 340, 1322, 206, 73, 73, 1262, 367, 984, 927, 1110, 1096, 1338, 1410, 1327, 983, 423, 756, 206, 832, 671, 74, 679, 1149, 1435, 471, 1354, 1060, 967, 523, 279, 540, 211, 471, 1082, 587, 21, 1173, 983, 1060, 738, 490, 1157, 423, 693, 575, 315, 308, 455, 1150, 324, 144, 1425, 293, 742, 1041, 324, 410, 1458, 367, 738, 490, 308, 245, 983, 1003, 588, 832, 1246, 750, 116, 830, 967, 308, 324, 1008, 366, 184, 665, 613, 958, 1372, 907, 340, 506, 710, 394, 455, 1073, 1423, 242, 1094, 394, 324, 1008, 707, 293, 777, 398, 124, 1082, 741, 413, 324, 1173, 665, 1407, 799, 293, 324, 954, 711, 1400, 324, 279, 1425, 490, 296, 340, 577, 907, 693, 116, 568, 1338, 269, 901, 910, 490, 116, 418, 57, 413, 1440, 340, 777, 84, 394, 455, 423, 777, 144, 587, 1107, 329, 901, 858, 1237, 710, 558, 324, 569, 1252, 1327, 895, 394, 858, 490, 900, 1391, 115, 756, 577, 1354, 1062, 308, 910, 60, 366, 282, 324, 116, 1303, 652, 1407, 73, 60, 926, 68, 1428, 542, 416, 665, 777, 707, 416, 423, 1093, 1381, 655, 1189, 665, 901, 471, 357, 423, 1436, 455, 423, 652, 358, 423, 1311, 1381, 471, 36, 998, 958, 4, 208, 1407, 366, 986, 471, 1246, 416, 858, 1222, 455, 137, 293, 172, 107, 324, 926, 394, 1063, 116, 589, 605, 1063, 266, 423, 57, 1410, 296, 308, 124, 777, 1376, 357, 279, 199, 1430, 418, 661, 558, 1435, 1041, 1407, 1139, 308, 901, 4, 340, 1402, 908, 455, 394, 366, 858, 279, 394, 588, 1062, 1031, 279, 497, 308, 329, 308, 184, 741, 142, 308, 293, 926, 558, 1182, 693, 308, 340, 652, 1062, 177, 398, 64, 308, 455, 1267, 967, 1031, 279, 664, 652, 913, 742, 1139, 1149, 907, 84, 494, 655, 60, 455, 4, 455, 661, 279, 891, 1044, 1311, 625, 939, 777, 279, 1381, 1069, 850, 707, 490, 1458, 279, 1084, 707, 308, 1150, 294, 366, 671, 897, 245, 664, 711, 84, 971, 900, 1008, 1153, 340, 60, 939, 639, 366, 779, 1400, 116, 1096, 366, 367, 157, 1031, 693, 282, 357, 540, 1230, 830, 455, 394, 416, 1424, 324, 1031, 116, 587, 626, 857, 394, 707, 1031, 984, 520, 206, 282, 334, 1414, 92, 340, 298, 639, 863, 1400, 208, 340, 1246, 777, 998, 1139, 907, 340, 222, 671, 293, 418, 279, 1100, 1157, 423, 410, 471, 1456, 366, 679, 324, 542, 4, 707, 214, 939, 366, 184, 1351, 394, 655, 756, 423, 1327, 355, 245, 315, 279, 266, 497, 693, 73, 540, 355, 92, 451, 1246, 777, 340, 187, 738, 587, 1410, 1369, 455, 900, 324, 1309, 1187, 707, 293, 324, 927, 1069, 418, 954, 607, 1230, 340, 861, 423, 358, 298, 908, 228, 1100, 1324, 891, 1230, 92, 367, 1237, 1428, 1084, 1031, 471, 714, 1094, 416, 1173, 825, 416, 664, 1423, 779, 293, 394, 179, 455, 221, 282, 693, 308, 324, 567, 340, 74, 1150, 607, 308, 756, 1435, 723, 1381, 279, 308, 1419, 53, 738, 187, 92, 80, 471, 471, 282, 366, 308, 308, 588, 116, 661, 1150, 308, 858, 1425, 1075, 142, 423, 679, 587, 60, 1382, 1069, 308, 394, 588, 423, 144, 408, 490, 416, 490, 308, 343, 1031, 279, 137, 308, 471, 340, 679, 282, 830, 1391, 293, 1041, 664, 1182, 569, 324, 558, 57, 53, 1438, 177, 908, 777, 542, 455, 1430, 394, 777, 1237, 68, 858, 423, 984, 455, 688, 1324, 293, 394, 506, 394, 1298, 1382, 490, 1311, 423, 733, 998, 340, 423, 1093, 293, 245, 648, 925, 471, 293, 357, 983, 410, 1069, 423, 1375, 315, 1407, 242, 693, 242, 1298, 1436, 601, 741, 324, 1436, 908, 394, 490, 433, 779, 416, 279, 211, 340, 607, 707, 1094, 1407, 355, 308, 1060, 1069, 340, 1324, 60, 163, 116, 366, 1110, 324, 1410, 394, 523, 1003, 707, 799, 958, 1382, 927, 471, 228, 1436, 366, 777, 84, 266, 588, 496, 858, 324, 293, 879, 293, 1031, 199, 588, 607, 455, 983, 221, 235, 13, 850, 366, 279, 308, 655, 184, 1351, 665, 366, 394, 423, 319, 416, 665, 279, 490, 324, 907, 901, 1298, 73, 79, 319, 907, 1311, 84, 36, 293, 1419, 1093, 556, 854, 245, 652, 1110, 655, 423, 1425, 263, 221, 1311, 707, 211, 64, 825, 958, 1031, 228, 648, 394, 144, 276, 116, 777, 1094, 707, 80, 490, 343, 1375, 779, 366, 293, 588, 116, 293, 340, 235, 625, 1003, 366, 282, 707, 1089, 557, 1410, 1110, 858, 455, 308, 308, 455, 184, 588, 1008, 601, 1400, 308, 4, 4, 1281, 693, 1391, 601, 625, 858, 68, 745, 423, 907, 664, 293, 455, 1237, 349, 844, 338, 366, 1425, 1372, 144, 1110, 714, 523, 1440, 693, 569, 398, 652, 1347, 779, 913, 497, 1049, 298, 652, 1055, 366, 324, 738, 455, 266, 665, 211, 1435, 298, 455, 1153, 1182, 394, 665, 334, 1435, 665, 1338, 423, 858, 557, 80, 1425, 293, 157, 471, 433, 1419, 308, 652, 184, 588, 116, 1042, 228, 1400, 53, 558, 343, 750, 308, 569, 116, 1381, 366, 891, 540, 693, 539, 279, 423, 1150, 1414, 1428, 308, 394, 340, 626, 455, 308, 1199, 986, 607, 1423, 308, 1311, 664, 1096, 1182, 527, 779, 523, 626, 293, 707, 4, 1042, 1060, 1400, 329, 416, 587, 490, 245, 279, 64, 211, 328, 1110, 366, 844, 266, 184, 850, 471, 671, 296, 157, 588, 830, 1347, 1430, 652, 394, 490, 1375, 211, 1110, 423, 471, 394, 79, 415, 954, 665, 891, 394, 211, 1456, 1246, 1430, 222, 886, 741, 1436, 1246, 496, 527, 308, 366, 308, 293, 1173, 1055, 4, 1369, 296, 308, 199, 1266, 679, 1327, 242, 777]
Flow Max Byteload Size (B): [1458, 1458, 1458, 1458, 1458, 1458, 1458, 423, 293, 1458, 1419, 279, 927, 1458, 1458, 1458, 57, 455, 366, 1458, 652, 1458, 1458, 1458, 1414, 1458, 1458, 235, 1303, 279, 1458, 1458, 1042, 1458, 92, 558, 1458, 613, 1458, 92, 1222, 1458, 1458, 1458, 1458, 1458, 1458, 1458, 652, 423, 1458, 1458, 1458, 1458, 1458, 523, 1458, 1458, 1458, 490, 1458, 394, 1458, 324, 423, 679, 490, 1458, 1458, 652, 1096, 423, 707, 324, 1458, 324, 1458, 1458, 340, 1458, 1458, 1458, 1458, 293, 293, 1458, 366, 308, 1458, 1458, 57, 693, 1458, 1458, 1458, 455, 1458, 589, 1458, 1458, 1458, 1458, 1458, 1458, 1458, 1458, 954, 366, 455, 1458, 506, 394, 1458, 1458, 1458, 279, 1458, 1458, 324, 1458, 983, 1458, 340, 1458, 1458, 1458, 1458, 1262, 1458, 1458, 927, 1110, 1096, 1458, 1458, 1458, 983, 423, 1458, 1458, 1458, 1458, 1458, 679, 1458, 1435, 1458, 1458, 1458, 1458, 523, 279, 540, 1458, 1458, 1082, 1458, 1458, 1458, 983, 1458, 1458, 490, 1458, 423, 693, 1458, 1458, 308, 455, 1458, 324, 144, 1458, 293, 742, 1458, 324, 1458, 1458, 1458, 1458, 490, 308, 1458, 983, 1458, 1458, 1458, 1458, 1458, 1458, 1458, 1458, 308, 324, 1458, 366, 1458, 665, 613, 1458, 1458, 1458, 340, 506, 1458, 394, 455, 1458, 1458, 1458, 1458, 394, 324, 1458, 707, 293, 1458, 1458, 124, 1082, 1458, 1458, 324, 1458, 665, 1458, 1458, 293, 324, 954, 1458, 1458, 324, 279, 1458, 490, 1458, 340, 577, 1458, 693, 1458, 1458, 1458, 1458, 1458, 1458, 490, 1458, 1458, 57, 1458, 1440, 340, 1458, 1458, 394, 455, 423, 1458, 144, 1458, 1458, 1458, 1458, 858, 1458, 1458, 558, 324, 1458, 1458, 1458, 1458, 394, 1458, 490, 900, 1391, 1458, 1458, 577, 1458, 1458, 308, 1458, 60, 366, 1458, 324, 1458, 1303, 652, 1458, 1458, 60, 1458, 68, 1458, 1458, 1458, 665, 1458, 707, 1458, 423, 1458, 1458, 1458, 1458, 665, 1458, 1458, 1458, 423, 1458, 455, 423, 652, 1458, 423, 1458, 1458, 1458, 1458, 1458, 1458, 1458, 208, 1458, 366, 1458, 1458, 1458, 1458, 858, 1222, 455, 1458, 293, 1458, 107, 324, 1458, 394, 1458, 1458, 589, 1458, 1458, 1458, 423, 57, 1458, 1458, 308, 124, 1458, 1458, 1458, 279, 1458, 1430, 1458, 1458, 558, 1435, 1458, 1458, 1458, 308, 1458, 1458, 340, 1458, 1458, 455, 394, 366, 1458, 279, 394, 1458, 1458, 1458, 279, 1458, 308, 1458, 308, 1458, 1458, 1458, 308, 293, 1458, 558, 1458, 693, 308, 340, 652, 1458, 1458, 1458, 64, 308, 455, 1458, 1458, 1458, 279, 1458, 652, 1458, 742, 1458, 1458, 1458, 1458, 1458, 1458, 60, 455, 1458, 455, 1458, 279, 1458, 1458, 1458, 1458, 1458, 1458, 279, 1458, 1069, 1458, 707, 490, 1458, 279, 1458, 707, 308, 1458, 1458, 366, 1458, 1458, 1458, 1458, 1458, 1458, 1458, 900, 1458, 1458, 340, 60, 1458, 639, 366, 1458, 1458, 1458, 1096, 366, 1458, 1458, 1458, 693, 1458, 1458, 540, 1458, 1458, 455, 394, 1458, 1424, 324, 1458, 1458, 1458, 1458, 1458, 394, 707, 1458, 1458, 1458, 1458, 1458, 1458, 1414, 92, 340, 1458, 639, 1458, 1458, 208, 340, 1458, 1458, 1458, 1458, 1458, 340, 1458, 1458, 293, 1458, 279, 1458, 1458, 423, 1458, 1458, 1458, 366, 679, 324, 1458, 1458, 707, 1458, 1458, 366, 1458, 1458, 394, 1458, 1458, 423, 1458, 1458, 1458, 1458, 279, 266, 1458, 693, 1458, 540, 1458, 92, 1458, 1458, 1458, 340, 1458, 1458, 1458, 1458, 1369, 455, 900, 324, 1458, 1458, 707, 293, 324, 927, 1069, 1458, 954, 1458, 1458, 340, 1458, 423, 1458, 1458, 1458, 1458, 1458, 1324, 1458, 1458, 92, 1458, 1458, 1458, 1458, 1458, 1458, 1458, 1458, 1458, 1458, 1458, 1458, 1458, 1458, 779, 293, 394, 1458, 455, 1458, 1458, 693, 308, 324, 1458, 340, 1458, 1458, 1458, 308, 1458, 1435, 1458, 1458, 279, 308, 1419, 1458, 1458, 1458, 92, 1458, 1458, 1458, 1458, 366, 308, 308, 1458, 1458, 1458, 1458, 308, 1458, 1458, 1458, 1458, 423, 679, 1458, 60, 1458, 1069, 308, 394, 1458, 423, 144, 1458, 490, 1458, 490, 308, 1458, 1458, 279, 1458, 308, 1458, 340, 679, 1458, 1458, 1391, 293, 1458, 1458, 1458, 1458, 324, 558, 57, 1458, 1458, 1458, 1458, 1458, 1458, 455, 1458, 394, 1458, 1458, 68, 1458, 423, 1458, 455, 1458, 1324, 293, 394, 506, 394, 1458, 1458, 490, 1458, 423, 1458, 1458, 340, 423, 1458, 293, 1458, 1458, 1458, 1458, 293, 1458, 983, 1458, 1069, 423, 1458, 1458, 1458, 1458, 693, 1458, 1458, 1458, 601, 1458, 324, 1458, 1458, 394, 490, 1458, 1458, 1458, 279, 1458, 340, 1458, 707, 1458, 1458, 1458, 308, 1458, 1069, 340, 1324, 60, 163, 1458, 366, 1110, 324, 1458, 394, 523, 1458, 707, 1458, 1458, 1458, 927, 1458, 1458, 1458, 366, 1458, 1458, 1458, 1458, 1458, 1458, 324, 293, 1458, 293, 1458, 1458, 1458, 1458, 455, 983, 1458, 235, 1458, 1458, 366, 279, 308, 1458, 184, 1458, 665, 366, 394, 423, 1458, 1458, 665, 279, 490, 324, 1458, 1458, 1458, 1458, 79, 1458, 1458, 1458, 1458, 1458, 293, 1419, 1458, 1458, 1458, 1458, 652, 1110, 1458, 423, 1458, 1458, 1458, 1458, 707, 1458, 64, 1458, 1458, 1458, 1458, 1458, 394, 144, 1458, 1458, 1458, 1458, 707, 1458, 490, 1458, 1458, 779, 366, 293, 1458, 1458, 293, 340, 235, 1458, 1458, 366, 1458, 707, 1458, 1458, 1458, 1110, 858, 455, 308, 308, 455, 1458, 1458, 1458, 601, 1458, 308, 1458, 1458, 1458, 693, 1391, 601, 1458, 1458, 68, 1458, 423, 1458, 1458, 293, 455, 1458, 1458, 1458, 1458, 366, 1458, 1458, 144, 1110, 1458, 523, 1440, 693, 1458, 1458, 652, 1458, 779, 1458, 1458, 1458, 1458, 652, 1055, 366, 324, 1458, 455, 266, 665, 1458, 1435, 1458, 455, 1458, 1458, 394, 665, 1458, 1435, 665, 1458, 423, 1458, 1458, 1458, 1458, 293, 1458, 1458, 1458, 1419, 308, 652, 1458, 1458, 1458, 1042, 1458, 1458, 1458, 558, 1458, 1458, 308, 1458, 1458, 1458, 366, 1458, 540, 693, 1458, 279, 423, 1458, 1414, 1458, 308, 394, 340, 626, 455, 308, 1458, 1458, 1458, 1458, 308, 1458, 1458, 1096, 1458, 1458, 779, 523, 1458, 293, 707, 1458, 1042, 1458, 1458, 1458, 1458, 1458, 490, 1458, 279, 64, 1458, 1458, 1110, 366, 1458, 266, 184, 1458, 1458, 1458, 1458, 1458, 1458, 1458, 1458, 1458, 652, 394, 490, 1458, 1458, 1110, 423, 1458, 394, 79, 1458, 954, 665, 1458, 394, 1458, 1458, 1458, 1430, 1458, 1458, 1458, 1458, 1458, 1458, 1458, 308, 366, 308, 293, 1458, 1055, 1458, 1369, 1458, 308, 1458, 1458, 679, 1458, 1458, 1458]
Flow Min Interval (us): [0.008, 0.021, 0.007, 1.053, 0.006, 0.019, 0.008, [], [], 0.059, [], [], [], 0.11, 0.008, 0.012, [], [], [], 0.021, [], 0.013, 0.165, 0.01, [], 0.059, 0.018, [], [], [], 1.221, 0.012, [], 0.008, [], [], 5.0, [], 5.0, [], [], 0.009, 0.013, 0.007, 0.004, 0.237, 0.021, 5.0, [], [], 0.229, 0.005, 0.246, 0.007, 0.009, [], 0.003, 0.057, 0.184, [], 0.004, [], 0.77, [], [], [], [], 0.017, 0.776, [], [], [], [], [], 0.046, [], 0.012, 0.22, [], 0.016, 0.212, 0.021, 0.107, [], [], 0.045, [], [], 0.008, 0.179, [], [], 0.179, 4.149, 5.0, [], 0.006, [], 0.004, 0.008, 0.015, 0.008, 0.185, 0.007, 0.165, 0.188, [], [], [], 0.012, [], [], 0.017, 0.248, 0.237, [], 0.091, 0.021, [], 0.022, [], 0.027, [], 0.01, 0.274, 0.02, 0.02, [], 0.168, 0.017, [], [], [], 0.04, 0.003, 0.008, [], [], 0.004, 0.274, 0.02, 0.007, 0.246, [], 0.01, [], 0.012, 0.018, 0.004, 0.026, [], [], [], 0.008, 0.012, [], 0.029, 0.212, 0.008, [], 0.004, 0.052, [], 0.611, [], [], 0.033, 0.128, [], [], 0.018, [], [], 0.07, [], [], 0.003, [], 0.021, 0.666, 0.168, 0.052, [], [], 0.019, [], 0.002, 0.008, 0.02, 0.012, 0.014, 0.011, 0.027, 0.026, [], [], 0.326, [], 5.0, [], [], 0.012, 0.144, 0.012, [], [], 0.004, [], [], 0.01, 5.0, 0.244, 0.013, [], [], 0.326, [], [], 0.008, 0.092, [], [], 0.069, 0.067, [], 0.008, [], 0.005, 0.012, [], [], [], 5.0, 0.045, [], [], 0.07, [], 5.0, [], [], 0.012, [], 0.011, 0.145, 0.04, 1.296, 0.036, 0.01, [], 0.011, 0.012, [], 0.067, [], [], 0.008, 4.149, [], [], [], 0.008, [], 0.227, 0.256, 0.009, 0.016, [], 0.045, 0.776, [], [], 0.016, 0.774, 0.008, 5.0, [], 0.013, [], [], [], 0.057, 0.004, [], 0.018, 0.151, [], 0.01, [], [], 0.01, [], 0.011, [], [], 0.005, 0.02, [], 0.179, [], 0.006, 5.0, 0.006, [], 0.008, [], 0.006, [], 5.0, 0.001, 0.012, 0.029, [], 0.016, 0.012, 0.013, [], 0.007, [], [], [], 0.915, [], 0.012, 0.001, 0.012, 0.211, 0.004, 0.012, 0.012, [], 0.005, [], 0.017, 0.012, 0.012, 0.006, [], [], [], 0.198, [], 4.149, [], [], 0.179, [], 0.249, 0.011, [], 0.611, 0.249, 0.032, [], [], 0.003, 5.0, [], [], 0.008, 0.197, 0.013, [], 0.593, [], 0.012, 0.254, [], [], 0.003, 0.005, 0.027, [], 0.016, 0.012, [], 0.096, 0.019, [], [], [], 0.013, [], [], 0.008, 0.151, 0.014, [], 0.009, [], 0.009, [], 5.0, 0.475, 0.022, [], [], 0.179, [], 0.01, [], [], [], [], 0.151, 0.043, 0.092, [], [], [], 4.149, 0.026, 0.046, [], 0.006, [], 0.014, [], 0.027, 0.01, 0.012, 4.149, 0.752, 0.012, [], [], 0.063, [], 0.254, [], 0.022, 0.452, 0.012, 5.0, 0.014, 0.008, [], 0.001, [], 0.156, [], [], 0.666, [], 4.149, [], [], 0.018, 0.216, [], 0.007, 0.22, 0.019, 0.006, 5.0, 4.149, 4.149, [], 0.326, 0.101, [], [], 0.014, [], [], 0.4, 0.045, 0.011, [], [], 0.168, 0.423, 0.046, [], 0.01, 0.013, [], 0.023, 0.027, [], [], 0.006, [], [], 0.014, 0.011, 0.091, 0.593, 0.232, [], [], 0.046, 0.017, 0.236, 0.274, 0.01, 0.11, [], [], [], 0.008, [], 0.221, 0.045, [], [], 0.012, 0.008, 0.004, 0.027, 0.012, [], 0.021, 0.007, [], 0.012, [], 0.011, 0.611, [], 0.021, 0.012, 0.22, [], [], [], 5.0, 0.012, [], 0.018, 0.014, [], 5.0, 0.007, [], 0.012, 0.004, [], 0.008, 4.149, 0.019, 0.128, [], [], 0.009, [], 0.02, [], 4.149, [], 4.149, 0.012, 0.008, [], 0.056, 0.052, 0.091, 0.003, [], [], [], [], 5.0, 1.348, [], [], [], [], [], 0.012, [], 0.09, 0.023, [], 4.149, [], 0.915, 0.008, 0.019, 0.016, 0.011, [], 0.022, 0.023, [], 0.168, 0.045, 0.006, 4.149, 0.014, 0.012, 0.004, 0.013, 0.006, 0.008, 0.021, 0.006, 0.006, 5.0, [], [], [], 0.117, [], 0.018, 0.01, [], [], [], 0.163, [], 0.246, 0.018, 0.003, [], 0.004, [], 0.01, 0.001, [], [], [], 0.013, 0.052, 0.056, [], 5.0, 0.012, 0.012, 0.01, [], [], [], 0.008, 0.011, 0.254, 0.018, [], 0.013, 0.07, 0.776, 0.022, [], [], 0.227, [], 0.005, [], [], [], 0.008, [], [], 0.593, [], 0.006, [], [], 0.005, 0.046, [], 0.198, [], 0.012, [], [], 0.01, 0.027, [], [], 0.003, 0.006, 0.01, 0.016, [], [], [], 0.013, 0.254, 0.043, 0.019, 0.008, 5.0, [], 0.082, [], 0.008, 0.045, [], 0.013, [], 0.017, [], 0.142, [], [], [], [], [], 1.221, 0.005, [], 0.012, [], 1.053, 0.004, [], [], 5.0, [], 0.019, 0.24, 0.107, 0.012, [], 0.013, [], 0.021, [], [], 0.014, 0.128, 0.005, 0.244, [], 0.008, 1.221, 0.007, [], 0.475, [], 0.007, 0.019, [], [], 0.007, 0.4, 0.006, [], 0.008, [], 0.09, [], 0.013, 0.005, 4.149, [], 0.004, [], [], [], [], [], 0.011, [], [], [], 0.003, [], [], 0.002, [], 0.012, 0.012, 0.005, [], 0.012, 0.016, 0.007, [], 0.008, 4.149, 0.032, 0.008, 0.165, 0.013, [], [], 0.611, [], 0.046, 0.593, 0.008, 0.09, [], [], 0.018, [], 0.006, 0.156, [], [], [], 0.012, [], 0.007, [], [], [], [], 0.018, 0.006, [], [], [], [], 0.012, 0.016, 1.221, 0.02, [], 0.018, 0.012, 0.012, 4.149, 0.211, [], [], 5.0, 0.111, 0.205, 0.019, [], [], 0.012, [], 0.04, 0.776, 0.018, 0.012, [], 0.008, [], 0.021, 0.012, 0.046, 0.016, 0.24, [], [], 0.15, 0.011, 0.008, 0.013, [], 5.0, [], 0.005, 0.014, [], [], [], 0.008, 0.011, [], [], [], 5.0, 0.002, [], 0.01, [], 0.167, 0.237, 0.003, [], [], [], [], [], [], 5.0, 0.008, 0.326, [], 0.045, [], 0.012, 0.063, 0.008, [], [], [], 5.0, 0.013, [], 0.221, [], 0.012, 0.006, [], [], 0.045, 0.22, 0.529, 0.01, [], 0.04, 0.144, [], [], 0.004, [], [], [], 0.016, 0.434, [], 0.347, [], 0.009, 0.009, 0.012, 0.241, [], [], [], [], 0.052, [], [], [], 0.008, [], 0.008, [], 0.101, 0.01, [], [], 0.11, [], [], 0.04, [], 0.013, 0.102, 5.0, 0.04, [], 0.423, 0.012, 0.007, [], [], [], 5.0, 0.008, 0.011, [], 0.016, 0.045, 0.013, [], 0.005, 0.014, [], 0.016, 0.011, 0.001, [], 0.022, [], [], 0.179, [], [], 0.018, [], 0.006, [], [], [], [], [], [], 5.0, 0.017, 0.003, 5.0, [], 0.012, 0.006, [], 0.01, 0.016, [], [], 0.593, [], [], 0.063, [], 0.004, 0.045, 0.009, 0.006, 0.227, [], 0.019, [], [], 0.008, 0.197, [], [], 0.529, [], [], 0.156, 0.012, 0.007, 5.0, 0.423, 0.008, 0.027, 0.347, 0.225, [], [], [], 0.014, 0.008, [], [], 0.012, [], [], 5.0, [], [], 0.022, [], 0.008, 0.22, 0.012, [], 0.021, 0.77, 0.069, 0.007, 0.012, 0.165, 0.25, [], [], [], [], 0.008, [], 0.012, [], 5.0, [], 0.593, 0.235, [], 0.008, 0.008, 0.008]
Flow Max Interval (us): [9.999, 9.971, 9.999, 9.203, 9.985, 9.999, 9.999, [], [], 9.964, [], [], [], 9.938, 9.999, 9.975, [], [], [], 10.0, [], 10.0, 9.967, 9.999, [], 9.964, 9.989, [], [], [], 9.131, 10.0, [], 10.0, [], [], 5.0, [], 5.0, [], [], 9.999, 10.0, 10.0, 10.0, 9.951, 9.981, 5.0, [], [], 9.805, 10.0, 9.751, 9.999, 9.999, [], 10.0, 9.983, 9.984, [], 10.0, [], 9.082, [], [], [], [], 9.968, 9.098, [], [], [], [], [], 9.982, [], 9.999, 8.814, [], 10.0, 9.974, 9.971, 9.983, [], [], 9.951, [], [], 9.999, 9.809, [], [], 9.964, 5.851, 5.0, [], 9.999, [], 10.0, 9.999, 9.984, 9.999, 9.955, 9.999, 9.967, 9.061, [], [], [], 9.975, [], [], 9.969, 9.792, 9.951, [], 9.965, 9.971, [], 9.969, [], 9.965, [], 10.0, 9.942, 9.965, 9.965, [], 9.977, 9.969, [], [], [], 9.974, 10.0, 9.999, [], [], 10.0, 9.942, 9.983, 9.999, 9.751, [], 9.999, [], 10.0, 10.0, 10.0, 9.976, [], [], [], 10.0, 10.0, [], 9.982, 9.974, 9.999, [], 10.0, 9.743, [], 9.793, [], [], 9.967, 9.977, [], [], 9.964, [], [], 9.94, [], [], 10.0, [], 9.971, 9.792, 9.977, 9.743, [], [], 9.999, [], 9.999, 9.999, 9.983, 9.999, 10.0, 10.0, 9.965, 9.976, [], [], 9.76, [], 5.0, [], [], 10.0, 9.943, 10.0, [], [], 10.0, [], [], 9.994, 5.0, 9.75, 10.0, [], [], 9.76, [], [], 9.999, 8.969, [], [], 9.98, 9.961, [], 9.999, [], 9.999, 9.975, [], [], [], 5.0, 9.951, [], [], 9.94, [], 5.0, [], [], 10.0, [], 10.0, 9.005, 9.974, 9.368, 9.978, 9.999, [], 10.0, 9.999, [], 9.961, [], [], 9.999, 5.851, [], [], [], 9.999, [], 9.782, 9.986, 9.999, 10.0, [], 9.853, 9.098, [], [], 9.999, 8.406, 9.999, 5.0, [], 10.0, [], [], [], 9.983, 10.0, [], 10.0, 9.959, [], 9.999, [], [], 10.0, [], 10.0, [], [], 9.999, 9.965, [], 9.964, [], 10.0, 5.0, 9.999, [], 9.999, [], 9.999, [], 5.0, 9.999, 9.981, 9.976, [], 10.0, 10.0, 10.0, [], 10.0, [], [], [], 9.764, [], 9.999, 9.999, 10.0, 9.988, 9.999, 10.0, 10.0, [], 9.999, [], 9.968, 10.0, 9.999, 9.999, [], [], [], 9.935, [], 5.851, [], [], 9.964, [], 9.977, 10.0, [], 9.793, 9.977, 9.887, [], [], 10.0, 5.0, [], [], 9.999, 9.49, 10.0, [], 9.239, [], 9.999, 9.656, [], [], 10.0, 9.999, 9.999, [], 10.0, 10.0, [], 9.957, 9.968, [], [], [], 10.0, [], [], 9.999, 9.959, 9.999, [], 10.0, [], 9.999, [], 5.0, 9.936, 9.969, [], [], 9.964, [], 9.999, [], [], [], [], 9.959, 9.971, 8.969, [], [], [], 5.851, 9.976, 9.982, [], 9.985, [], 9.958, [], 9.999, 9.999, 10.0, 5.851, 9.786, 9.981, [], [], 9.959, [], 9.656, [], 10.0, 9.823, 9.999, 5.0, 9.972, 9.999, [], 9.999, [], 9.955, [], [], 9.792, [], 5.851, [], [], 9.964, 9.678, [], 9.999, 8.814, 9.999, 9.985, 5.0, 5.851, 5.851, [], 9.76, 9.88, [], [], 9.972, [], [], 9.843, 9.951, 10.0, [], [], 9.977, 9.959, 9.982, [], 10.0, 10.0, [], 9.95, 9.965, [], [], 9.999, [], [], 9.999, 10.0, 9.965, 9.239, 9.892, [], [], 9.982, 9.969, 9.444, 9.942, 10.0, 9.938, [], [], [], 10.0, [], 9.732, 9.951, [], [], 9.999, 9.999, 9.999, 9.999, 10.0, [], 10.0, 9.999, [], 9.999, [], 9.992, 9.793, [], 9.971, 10.0, 8.814, [], [], [], 5.0, 10.0, [], 9.988, 9.972, [], 5.0, 9.999, [], 9.981, 10.0, [], 9.999, 5.851, 9.999, 9.977, [], [], 10.0, [], 9.965, [], 5.851, [], 5.851, 9.999, 9.999, [], 9.969, 9.743, 9.965, 10.0, [], [], [], [], 5.0, 9.009, [], [], [], [], [], 9.999, [], 9.936, 9.95, [], 5.851, [], 9.764, 10.0, 9.968, 10.0, 9.992, [], 10.0, 9.95, [], 9.977, 9.853, 10.0, 5.851, 9.999, 10.0, 10.0, 10.0, 9.999, 9.999, 9.981, 9.999, 9.985, 5.0, [], [], [], 9.741, [], 9.989, 10.0, [], [], [], 9.753, [], 9.751, 9.964, 10.0, [], 10.0, [], 9.999, 9.999, [], [], [], 10.0, 9.743, 9.969, [], 5.0, 10.0, 10.0, 10.0, [], [], [], 9.999, 10.0, 9.656, 9.964, [], 10.0, 9.94, 9.098, 9.969, [], [], 9.782, [], 10.0, [], [], [], 9.999, [], [], 9.239, [], 9.999, [], [], 9.999, 9.982, [], 9.935, [], 10.0, [], [], 10.0, 9.965, [], [], 10.0, 9.985, 9.999, 9.999, [], [], [], 10.0, 9.789, 9.971, 9.968, 9.999, 5.0, [], 9.95, [], 9.999, 9.853, [], 10.0, [], 9.969, [], 9.956, [], [], [], [], [], 9.131, 10.0, [], 9.999, [], 9.203, 9.999, [], [], 5.0, [], 9.999, 9.782, 9.983, 10.0, [], 10.0, [], 9.971, [], [], 10.0, 9.977, 9.999, 9.75, [], 9.999, 9.131, 10.0, [], 9.936, [], 10.0, 9.968, [], [], 10.0, 9.843, 9.999, [], 10.0, [], 9.936, [], 10.0, 9.999, 5.851, [], 10.0, [], [], [], [], [], 10.0, [], [], [], 10.0, [], [], 9.999, [], 9.975, 10.0, 10.0, [], 10.0, 10.0, 10.0, [], 9.999, 5.851, 9.887, 9.999, 9.967, 10.0, [], [], 9.793, [], 9.982, 9.239, 9.999, 9.936, [], [], 9.989, [], 9.999, 9.955, [], [], [], 9.981, [], 9.999, [], [], [], [], 9.974, 9.999, [], [], [], [], 10.0, 10.0, 9.131, 9.965, [], 9.974, 10.0, 9.999, 5.851, 9.988, [], [], 5.0, 9.946, 9.966, 9.999, [], [], 9.981, [], 9.985, 9.098, 9.989, 9.999, [], 10.0, [], 9.981, 10.0, 9.982, 10.0, 9.782, [], [], 9.974, 10.0, 9.999, 10.0, [], 5.0, [], 9.999, 10.0, [], [], [], 9.999, 10.0, [], [], [], 5.0, 9.999, [], 10.0, [], 9.843, 9.951, 10.0, [], [], [], [], [], [], 5.0, 9.999, 9.76, [], 9.951, [], 10.0, 9.959, 10.0, [], [], [], 5.0, 10.0, [], 9.002, [], 10.0, 9.985, [], [], 9.853, 8.814, 9.804, 10.0, [], 9.985, 9.943, [], [], 10.0, [], [], [], 9.999, 9.759, [], 9.764, [], 9.999, 10.0, 9.965, 9.95, [], [], [], [], 9.743, [], [], [], 10.0, [], 10.0, [], 9.88, 9.999, [], [], 9.938, [], [], 9.974, [], 10.0, 9.533, 5.0, 9.985, [], 9.959, 10.0, 10.0, [], [], [], 5.0, 9.999, 10.0, [], 10.0, 9.951, 10.0, [], 9.999, 10.0, [], 9.999, 10.0, 9.999, [], 10.0, [], [], 9.809, [], [], 9.964, [], 10.0, [], [], [], [], [], [], 5.0, 9.968, 10.0, 5.0, [], 9.999, 9.985, [], 9.999, 10.0, [], [], 9.239, [], [], 9.959, [], 10.0, 9.951, 9.999, 9.999, 9.782, [], 9.999, [], [], 10.0, 8.935, [], [], 9.804, [], [], 9.955, 10.0, 9.999, 5.0, 9.959, 9.999, 9.965, 9.764, 9.81, [], [], [], 10.0, 10.0, [], [], 10.0, [], [], 5.0, [], [], 10.0, [], 10.0, 8.814, 9.999, [], 10.0, 9.082, 9.98, 10.0, 9.999, 9.967, 9.492, [], [], [], [], 9.999, [], 10.0, [], 5.0, [], 9.239, 9.209, [], 9.999, 9.999, 9.999]

##### POST PROCESS SIDELOADED RESULTS #####
=====
** Num Flows: 1, Target Flow Rate (Gbps): 2.3328
Processing SIRD results exp_id 0:: 1flo-2.3328Gbps_target
SSIRD FCT (ms): [0.008292686999999077, 0.0009877290000002148, 0.005287689999999401, 5.2782999999223534e-05, 0.005352669000000532, 0.0065656409999999, 0.009315749999998957, 1.0674000000321371e-05, 1.086400000005483e-05, 0.000670793999999475]
App Gdpt (overall): 9.144086569705221 Gbps
App Gdpt (per flow): [2.3327999999997853, 2.332799999999517, 2.332800000000414, 2.3327999999962286, 2.3327999999999323, 2.3327999999998106, 2.3328000000001374, None, None, 2.332800000000414]
Network Gdpt (overall): 9.134202077546194
Network Gdpt (per flow): [2.3312048314378866, 2.3178665403157166, 2.3304225474642797, 2.178277096824572, 2.3304500988196284, 2.3293177315056117, 2.3307752998955995, 0.3170320404626302, 0.21575846833469903, 2.3079514724359664]
Processing DCTCP results exp_id 0:: 1flo-2.3328Gbps_target
DCTCP-82 FCT (ms): [0.008287606999999753, 0.0009826509999992794, 0.0052826199999991275, 4.771199999886733e-05, 0.005347619000000137, 0.006558560000000213, 0.009308660000000302, 3.594000000717301e-06, 3.7919999993363263e-06, 0.0006637129999997882]
App Gdpt (overall): 9.144086569705221 Gbps
App Gdpt (per flow): [2.3327999999997853, 2.332799999999517, 2.332800000000414, 2.3327999999962286, 2.3327999999999323, 2.3327999999998106, 2.3328000000001374, None, None, 2.332800000000414]
Network Gdpt (overall): 9.141159089202306
Network Gdpt (per flow): [2.3326337747434907, 2.3298444717419295, 2.3326591729107973, 2.4097920859056323, 2.332650848910456, 2.3318325973993534, 2.3325505497031043, 0.9415692819489737, 0.6181434600237989, 2.332574471195372]
Processing ExpressPass results exp_id 0:: 1flo-2.3328Gbps_target
ExpressPass FCT (ms): [0.008375841999999523, 0.0009827920000002877, 0.005291468999999438, 9.603700000049287e-05, 0.005389648000001301, 0.006612900000000366, 0.009358513000000457, 1.0624999999819806e-05, 1.070799999958183e-05, 0.0007115349999988752]
App Gdpt (overall): 9.144086569705221 Gbps
App Gdpt (per flow): [2.3327999999997853, 2.332799999999517, 2.332800000000414, 2.3327999999962286, 2.3327999999999323, 2.3327999999998106, 2.3328000000001374, None, None, 2.332800000000414]
Network Gdpt (overall): 9.092464713438398
Network Gdpt (per flow): [2.3080607298945113, 2.3295102117226536, 2.328758233299923, 1.1972052438061367, 2.314460610414073, 2.3126712939858693, 2.3201250027647493, 0.3184941176524603, 0.21890175570522397, 2.1758030174235246]
=====
** Num Flows: 5, Target Flow Rate (Gbps): 2.3328
Processing SIRD results exp_id 1:: 5flo-2.3328Gbps_target
SSIRD FCT (ms): [8.259999999538081e-06, 7.526000000979138e-06, 7.461999999236468e-06, 0.0004596410000008433, 0.008292699999998376, 0.0008864710000011655, 7.700999999471492e-06, 7.322999998393698e-06, 7.240000000408031e-06, 0.006947637999999756, 7.726999999846385e-06, 0.006247711000000322, 0.0006132619999998923, 0.006722719999999072, 6.803999999860366e-06, 0.000672060999999502, 0.005542617999999777, 7.113000000558145e-06, 7.257000000038261e-06, 6.285000001327035e-06, 2.4601000001567286e-05, 0.006062591999999256, 5.782999998871219e-06, 0.008762623999999164, 5.4760000001152775e-06, 1.1276000000393083e-05, 1.7420000000711866e-05, 1.109599999971067e-05, 1.2225999999060377e-05, 9.315999999870428e-06, 1.0940999999320411e-05, 0.009945648000000418, 0.005908872000000898, 0.009122192000001306, 0.007846887999999552, 0.0005404089999991868, 0.0007457399999992731, 1.1738999999622024e-05, 1.1146000000294976e-05, 1.005500000061943e-05, 0.0001487660000005775, 0.006325963000000101, 0.0002046629999998828, 0.010655823000000453, 0.010485752000001014, 1.1926999999190002e-05, 0.0061757959999990675, 0.000771767999999895, 0.0002443789999997392, 8.796000001254356e-06]
App Gdpt (overall): 26.351279942702714 Gbps
App Gdpt (per flow): [None, None, None, 2.33279999999724, 2.3328000000002853, 2.3327999999988442, None, None, None, 2.3327999999999434, None, 2.3327999999999918, 2.3328000000000024, 2.3328000000000677, None, 2.332800000000414, 2.3327999999999713, None, None, None, 2.33279999988112, 2.3328000000000304, None, 2.3328000000002778, None, None, 2.3327999992595374, None, 2.332800000088315, None, None, 2.3327999999998896, 2.3327999999998927, 2.332799999999663, 2.3327999999998767, 2.3328000000031133, 2.3328000000037457, 2.332800000088315, None, None, 2.332800000002579, 2.332799999999728, 2.332800000005437, 2.3327999999999482, 2.332799999999701, None, 2.3328000000002613, 2.332800000001645, 2.332800000001984, None]
Network Gdpt (overall): 26.32553284643731
Network Gdpt (per flow): [1.3743341405126914, 0.29657188409641444, 0.993835432961515, 2.3150589264187658, 2.33120117693921, 2.3229818008680403, 0.059213089213257325, 0.49706404489941763, 0.4044198894799702, 2.3304910244316948, 0.6750355895048138, 2.3310194725715148, 2.3268619285073115, 2.3312040364617546, 1.6625514403633377, 2.303600417225739, 2.3299126874701668, 0.26430479401834384, 1.4364062284614914, 0.3551312648414843, 1.9511401974286415, 2.329883983616535, 1.441466367218935, 2.330962962692676, 0.1344046749423861, 0.395885065612308, 0.7063145809125831, 0.4419610670627138, 1.0063798463066922, 0.07900386432054923, 0.8935197880090693, 2.3305670982925424, 2.332752511815776, 2.3322201505950497, 2.3270167740384524, 2.3176964114252074, 2.308053745275401, 1.3629781072080394, 0.46797057239027096, 0.3365489805859305, 2.285092023706226, 2.33050493656061, 2.2825425211213926, 2.331444882295713, 2.331104531176938, 0.3508007043082207, 2.3295082933442384, 2.3135346373524723, 2.2963675274904913, 0.4456571168077521]
Processing DCTCP results exp_id 1:: 5flo-2.3328Gbps_target
DCTCP-82 FCT (ms): [2.8419999988926747e-06, 2.809000001491313e-06, 2.866999999184827e-06, 0.0004576070000013033, 0.008287606999999753, 0.0008826840000004665, 2.808999999714956e-06, 2.706000000074482e-06, 2.7340000006148557e-06, 0.006942547999999604, 2.6169999998160165e-06, 0.006242650000000793, 0.0006125919999995233, 0.00671765799999946, 3.905999999886944e-06, 0.0006626829999998307, 0.005537547999999504, 2.6829999999478105e-06, 3.442999998881646e-06, 3.6740000002311035e-06, 2.2539000001486897e-05, 0.006057599999998331, 4.526999999754366e-06, 0.008757546000000005, 4.906999999221284e-06, 3.630000000143241e-06, 9.909000000973833e-06, 4.8790000004572676e-06, 1.0153999999928942e-05, 5.829000000900919e-06, 4.622000000509274e-06, 0.0099385759999997, 0.005908765000000926, 0.009118782999999908, 0.007828647000000188, 0.0005386190000002955, 0.0007386690000004137, 1.0071000000166919e-05, 6.267999999920448e-06, 5.838999999951966e-06, 0.0001487299999993752, 0.006318820000000613, 0.00020374700000047596, 0.010648766999999282, 0.01047868500000071, 4.001000000641852e-06, 0.006168627999999288, 0.0007685429999995108, 0.0002436469999995694, 6.00500000125237e-06]
App Gdpt (overall): 26.351279942702714 Gbps
App Gdpt (per flow): [None, None, None, 2.33279999999724, 2.3328000000002853, 2.3327999999988442, None, None, None, 2.3327999999999434, None, 2.3327999999999918, 2.3328000000000024, 2.3328000000000677, None, 2.332800000000414, 2.3327999999999713, None, None, None, 2.33279999988112, 2.3328000000000304, None, 2.3328000000002778, None, None, 2.3327999992595374, None, 2.332800000088315, None, None, 2.3327999999998896, 2.3327999999998927, 2.332799999999663, 2.3327999999998767, 2.3328000000031133, 2.3328000000037457, 2.332800000088315, None, None, 2.332800000002579, 2.332799999999728, 2.332800000005437, 2.3327999999999482, 2.332799999999701, None, 2.3328000000002613, 2.332800000001645, 2.332800000001984, None]
Network Gdpt (overall): 26.34297420635488
Network Gdpt (per flow): [3.9943701634141684, 0.794588821222862, 2.5866759686461767, 2.325349044042092, 2.3326337747434907, 2.332948144521609, 0.16233535067507038, 1.3451589060974907, 1.0709583026121126, 2.3321996477375344, 1.993121895440085, 2.3329092612909825, 2.3294068482792962, 2.3329606836193895, 2.8960573477540748, 2.336199962878775, 2.3320458802345656, 0.7007081625182892, 3.02759221707404, 0.6075122481925972, 2.1296419538060003, 2.331804014791979, 1.8413960681361408, 2.332314554785095, 0.1499898104986345, 1.2297520660671761, 1.2416994650106765, 1.0051240007256383, 1.2117392160809637, 0.12626522557664183, 2.1151016873480817, 2.332225461675868, 2.332794754910348, 2.333092036514107, 2.332438798172859, 2.325398844079605, 2.3301478740803203, 1.5887200873532732, 0.8321633695064137, 0.579551293034396, 2.2856451287664097, 2.333139415270346, 2.2928043112237666, 2.332989725477295, 2.3326766669671195, 1.0457385651909, 2.3322152024731695, 2.3232428113991497, 2.3032666111258986, 0.6527893420786789]
Processing ExpressPass results exp_id 1:: 5flo-2.3328Gbps_target
ExpressPass FCT (ms): [7.882999998543028e-06, 7.856000001638108e-06, 7.934999999292813e-06, 0.0005298750000015673, 0.008292634000000021, 0.0009423760000011328, 7.856999999944492e-06, 7.787999999564477e-06, 7.828999999404118e-06, 0.006995894999999308, 7.644000000084361e-06, 0.0062715180000001425, 0.0006577179999993632, 0.006801018999999187, 7.97300000066059e-06, 0.0006657069999995713, 0.00553946099999969, 7.772000000016988e-06, 7.990999998597204e-06, 7.850000001141666e-06, 0.00012540300000019045, 0.006114292999999549, 7.883999998625768e-06, 0.008824094999999588, 7.921999999993545e-06, 1.0650000000111959e-05, 8.673300000161532e-05, 1.111199999925816e-05, 9.680299999992314e-05, 1.1216000000757731e-05, 1.0840999999928158e-05, 0.00996532499999958, 0.005991183000000788, 0.009193247000000682, 0.007903258999998997, 0.0006113049999996178, 0.0008179489999999845, 9.55260000008451e-05, 1.107499999974948e-05, 1.0625999999902547e-05, 0.00022294799999933446, 0.006319089999999861, 0.0002857269999996248, 0.010735380999999933, 0.010530230000000529, 1.0678999998958716e-05, 0.006238384999999624, 0.0007718359999984159, 0.0003231389999989176, 1.084600000034186e-05]
App Gdpt (overall): 26.351279942702714 Gbps
App Gdpt (per flow): [None, None, None, 2.33279999999724, 2.3328000000002853, 2.3327999999988442, None, None, None, 2.3327999999999434, None, 2.3327999999999918, 2.3328000000000024, 2.3328000000000677, None, 2.332800000000414, 2.3327999999999713, None, None, None, 2.33279999988112, 2.3328000000000304, None, 2.3328000000002778, None, None, 2.3327999992595374, None, 2.332800000088315, None, None, 2.3327999999998896, 2.3327999999998927, 2.332799999999663, 2.3327999999998767, 2.3328000000031133, 2.3328000000037457, 2.332800000088315, None, None, 2.332800000002579, 2.332799999999728, 2.332800000005437, 2.3327999999999482, 2.332799999999701, None, 2.3328000000002613, 2.332800000001645, 2.332800000001984, None]
Network Gdpt (overall): 26.130463987446454
Network Gdpt (per flow): [1.4400608907900712, 0.2841140528939143, 0.9345935728621213, 2.008201934412555, 2.3312197306669935, 2.185174495103361, 0.05803741886257116, 0.4673857216491471, 0.3739941244377132, 2.314415525104594, 0.6823652537862945, 2.322170804580274, 2.169586357681228, 2.304365272321968, 1.4187884107691913, 2.3255876834718534, 2.33124053044163, 0.24189397838341367, 1.3044675261957082, 0.28433121014973106, 0.38276596253620015, 2.3101830416044904, 1.0573313040909462, 2.3147248528037103, 0.09290583186071696, 0.4191549295730584, 0.14186065280540106, 0.44132469405394104, 0.12710349885860736, 0.06562054207830575, 0.9017618300954511, 2.3259652846245333, 2.300703550533874, 2.3141943211140115, 2.310419030934241, 2.048901939295087, 2.1042974561984096, 0.16749366664424817, 0.47097065463819304, 0.3184641445540218, 1.5247681073659096, 2.3330397256567523, 1.634959244315775, 2.31416695876934, 2.3212583200935564, 0.3917969847746018, 2.306136604265506, 2.313330811213347, 1.7366644075827424, 0.36142356628032857]
=====
** Num Flows: 10, Target Flow Rate (Gbps): 2.3328
Processing SIRD results exp_id 2:: 10flo-2.3328Gbps_target
SSIRD FCT (ms): [0.005597717000000557, 7.790999999812698e-06, 5.778999999961343e-05, 7.024000000299679e-06, 6.7149999996019005e-06, 7.139999999239421e-06, 5.407999999818003e-06, 0.0009458420000001411, 3.0532999998555965e-05, 5.376000000723025e-06, 1.070999999974731e-05, 8.051000000008912e-06, 7.85399999969627e-06, 7.139000000933038e-06, 0.001622722000000465, 6.954999999919664e-06, 0.005987399000000337, 0.00017973900000001208, 4.8969999983938806e-06, 0.007752752000000029, 0.0010591899999994325, 0.001544109000001015, 0.0012536670000002914, 5.761000000603644e-06, 5.017000001217298e-06, 0.0012972250000000685, 4.059000000111723e-06, 3.605999999933829e-06, 0.00829267099999953, 0.00019404799999911404, 7.638000001364276e-06, 1.057099999890454e-05, 0.0013454429999999462, 2.032000000085077e-05, 1.125000000001819e-05, 5.583000000086713e-06, 0.008137955000000474, 7.214000000033138e-06, 0.005610073999999798, 0.008292652999999817, 0.002403289000000086, 0.0076728240000001335, 0.0012588559999997528, 0.005283712000000662, 0.0013176989999994504, 5.651299999875903e-05, 3.1509999995904536e-06, 2.9809999997354453e-06, 5.8269999989590815e-06, 0.0009035050000001377, 1.4477999998874225e-05, 1.4173999998590148e-05, 0.0018310519999999997, 0.0009389859999995309, 0.0012100430000003826, 6.511999998792817e-06, 0.001457348999998942, 0.0009888640000017546, 4.769000000237611e-06, 0.0008074520000000973, 1.1339000000276656e-05, 0.0015031279999995206, 1.023100000097088e-05, 0.011940863999999607, 0.0003975170000014572, 0.0017207930000004978, 0.0017207460000001618, 1.0246000000435629e-05, 0.0013993170000006216, 0.0018265650000000022, 1.0904999999894471e-05, 1.5099999998824387e-05, 1.3588999999925022e-05, 0.0009112309999999013, 0.0070608419999995675, 0.007675813000000531, 9.636999999784734e-06, 7.368000000340658e-06, 0.007915782999999621, 0.0006395300000008319, 0.0015214529999987292, 0.005285258000000681, 0.0006631800000000965, 1.0736000000122203e-05, 0.0108308579999985, 1.1092000001156066e-05, 0.00860568200000067, 0.005499304000000649, 0.007290624999999551, 0.0019392440000007838, 1.1293000000023312e-05, 1.0105999999510118e-05, 1.161900000035132e-05, 0.0087604859999999, 0.008598884999999612, 1.1779999999461666e-05, 0.0011752739999995043, 0.001084331999999577, 0.010065804999999983, 9.114999999226825e-06]
App Gdpt (overall): 37.98661636208838 Gbps
App Gdpt (per flow): [2.3328000000000992, None, 2.332800000005437, None, None, None, None, 2.3327999999996756, 2.332800000088315, None, None, None, None, None, 2.33279999999823, None, 2.332799999999616, 2.3327999999962286, None, 2.332800000000033, 2.332799999998052, 2.332799999999517, 2.3328000000017757, None, None, 2.3328000000015825, None, None, 2.3327999999997853, 2.332799999998717, None, None, 2.332800000001726, 2.332800000088315, 2.332800000088315, None, 2.3328000000001903, None, 2.3328000000000992, 2.3328000000002853, 2.332800000000073, 2.332800000000193, 2.332800000002579, 2.332799999999629, 2.3328000000000024, 2.332800000088315, None, None, None, 2.3328000000035534, None, None, 2.332799999999517, 2.332800000001075, 2.3327999999953675, None, 2.332800000002579, 2.332799999999517, None, 2.3328000000002573, None, 2.332800000001075, None, 2.3328000000000877, 2.3327999999926865, 2.332799999998913, 2.332799999998913, None, 2.3327999999949314, 2.332799999999517, None, None, None, 2.332800000000833, 2.332800000000147, 2.332799999999652, None, None, 2.332800000000247, 2.332800000003312, 2.332800000000787, 2.332799999999629, 2.332800000005437, None, 2.3328000000002285, None, 2.3328000000000855, 2.3327999999997604, 2.332800000000147, 2.3328000000005114, None, None, None, 2.332799999999805, 2.3328000000000855, None, 2.3328000000029254, 2.332800000006258, 2.332800000000121, None]
Network Gdpt (overall): 37.95294566072465
Network Gdpt (per flow): [2.330604423195868, 0.40456937492950545, 2.0638864855649395, 0.3690205011232079, 0.5039463887119316, 0.7607843138065317, 0.7248520710303109, 2.314399233698307, 2.096092752203414, 0.9702380951076068, 0.8186741363405108, 0.420320457085611, 0.7201426025233931, 0.3630760610255269, 2.319593867587253, 0.372681524087698, 2.3304757207594173, 1.2080182931917136, 0.5554421075948758, 2.331397160646946, 1.1123896562473505, 1.4826828934994196, 2.3225752931195633, 0.4068738065881606, 0.46721148085135833, 2.3284410954150907, 0.7213599408522808, 0.6833056017873587, 2.331209329298256, 2.246248350933739, 0.05970149252664974, 0.524453694123027, 2.3288686328593076, 1.2157480314451614, 1.3319111111089577, 0.6519792226300314, 2.332361877154506, 0.6531743831408865, 2.325470929617055, 2.3312143894119806, 2.3255829823212273, 2.331804821796993, 1.07945626823105, 2.3321770755102578, 1.0829301684228305, 1.7215154035732725, 2.42208822627482, 0.9822207313853913, 0.6246782221812663, 2.279186058737568, 0.27959662939043817, 0.2223790038319121, 2.323018679971951, 0.7121213734819626, 1.0350904885195022, 0.3427518428153815, 1.395844097742872, 2.3152061355211013, 0.5435101698198482, 2.312677409926256, 0.6935355851316809, 2.2159656396534846, 0.2658586648169175, 2.3315632771632706, 2.2928327593452833, 2.3252860745010255, 2.325349586748785, 0.9853601405007564, 1.1857384709821026, 2.328725230145106, 0.6800550206393182, 0.5880794702444605, 0.6452277577487951, 2.315794787491019, 2.330815503306972, 2.3308968053284733, 0.816021583498564, 0.459283387600915, 2.3303862675367535, 1.4251716103995349, 2.3272805666707796, 2.3314948863420506, 0.704412075152948, 0.5059612518571321, 2.331310040257521, 1.0349801657774518, 2.33034220878699, 2.3244599680247706, 2.3321632918989863, 2.331683893310059, 0.3704949968999702, 0.2208588957162275, 0.37180480246745656, 2.3315318351059786, 2.332184230862595, 0.7348047538536139, 1.6415372074944343, 1.0865970938794203, 2.3312281531382775, 0.8627537027610598]
Processing DCTCP results exp_id 2:: 10flo-2.3328Gbps_target
DCTCP-82 FCT (ms): [0.005592737000000625, 2.9930000007283297e-06, 7.326299999910191e-05, 2.967000000353437e-06, 3.3150000007253766e-06, 3.510999999178921e-06, 5.110000000030368e-06, 0.0010639870000002105, 4.1921999999416926e-05, 6.09800000006544e-06, 2.8070000013258323e-06, 2.648000000604611e-06, 2.75599999888243e-06, 2.7180000010673666e-06, 0.001612677000000673, 3.3070000000634536e-06, 0.005982579000001209, 0.00012100300000028597, 5.635999999142882e-06, 0.007747656999999464, 0.0006182230000000288, 0.0011034859999998758, 0.0013159839999996592, 4.228999999966732e-06, 5.23500000149113e-06, 0.0013501319999988937, 7.108000000144443e-06, 7.078999999521329e-06, 0.008287606999999753, 0.0002330429999997108, 2.8099999997976965e-06, 3.658999998989998e-06, 0.0013856719999996159, 2.3104000000273572e-05, 1.4415000000767009e-05, 6.873000000240381e-06, 0.008137640999999363, 7.74400000125297e-06, 0.005592627000000405, 0.008287606999999753, 0.002397599000000028, 0.007667724999999237, 0.000704087000000797, 0.005282620000000904, 0.000734880999999632, 6.178199999951062e-05, 8.718000000129678e-06, 8.713999999798716e-06, 9.0269999990511e-06, 0.0010115739999996265, 3.703999999160601e-06, 3.9589999989431135e-06, 0.0018238920000008818, 0.0003509019999992091, 0.0006556780000011031, 8.807000000388143e-06, 0.0010031049999987829, 0.0011045270000007434, 1.0078999999052485e-05, 0.0009323800000000659, 4.227999999883991e-06, 0.0014482769999997203, 4.689000000723809e-06, 0.011933760999999876, 0.0004773650000000629, 0.001718677999999585, 0.0017186550000012346, 6.34699999935151e-06, 0.0008388190000001572, 0.001823775000000083, 4.626000000840236e-06, 4.728999998704353e-06, 6.343999999103289e-06, 0.0010322009999992332, 0.007053777999999511, 0.007668761999999774, 8.710999999550495e-06, 8.794000001088875e-06, 0.007908698999999686, 0.0004799789999996307, 0.00151893900000033, 0.005283640000000034, 0.0002503479999997893, 4.6779999998136645e-06, 0.010823728999998394, 5.399000000849696e-06, 0.008598601999999289, 0.005478767000001383, 0.007288711999999364, 0.001938913000000042, 3.854999999219899e-06, 4.360000000147579e-06, 7.04400000017813e-06, 0.008758634000001209, 0.008598601999999289, 8.849000000310525e-06, 0.0009585849999993457, 0.0006210249999991646, 0.010058733999999347, 1.0144999999184279e-05]
App Gdpt (overall): 37.98661636208838 Gbps
App Gdpt (per flow): [2.3328000000000992, None, 2.332800000005437, None, None, None, None, 2.3327999999996756, 2.332800000088315, None, None, None, None, None, 2.33279999999823, None, 2.332799999999616, 2.3327999999962286, None, 2.332800000000033, 2.332799999998052, 2.332799999999517, 2.3328000000017757, None, None, 2.3328000000015825, None, None, 2.3327999999997853, 2.332799999998717, None, None, 2.332800000001726, 2.332800000088315, 2.332800000088315, None, 2.3328000000001903, None, 2.3328000000000992, 2.3328000000002853, 2.332800000000073, 2.332800000000193, 2.332800000002579, 2.332799999999629, 2.3328000000000024, 2.332800000088315, None, None, None, 2.3328000000035534, None, None, 2.332799999999517, 2.332800000001075, 2.3327999999953675, None, 2.332800000002579, 2.332799999999517, None, 2.3328000000002573, None, 2.332800000001075, None, 2.3328000000000877, 2.3327999999926865, 2.332799999998913, 2.332799999998913, None, 2.3327999999949314, 2.332799999999517, None, None, None, 2.332800000000833, 2.332800000000147, 2.332799999999652, None, None, 2.332800000000247, 2.332800000003312, 2.332800000000787, 2.332799999999629, 2.332800000005437, None, 2.3328000000002285, None, 2.3328000000000855, 2.3327999999997604, 2.332800000000147, 2.3328000000005114, None, None, None, 2.332799999999805, 2.3328000000000855, None, 2.3328000000029254, 2.332800000006258, 2.332800000000121, None]
Network Gdpt (overall): 37.97553233693869
Network Gdpt (per flow): [2.33267968795932, 1.0531239556408216, 1.6279977615093855, 0.873609706670453, 1.020814479414638, 1.547137568006358, 0.767123287666674, 2.057408596157253, 1.5266447211700336, 0.8553624138970196, 3.1236195211466353, 1.2779456190435574, 2.0522496379874937, 0.9536423837314622, 2.3340420927429544, 0.7837919564409633, 2.33235332120097, 1.7944017916868744, 0.48261178147864714, 2.3329303297759894, 1.9058365670638995, 2.074719570524916, 2.2125922503622797, 0.5542681485028232, 0.44775549175402835, 2.237197548093427, 0.4119302194626477, 0.3480717615717774, 2.3326337747434907, 1.8703844354927672, 0.16227758008285742, 1.5151680791282656, 2.2612566321617735, 1.069252077549666, 1.0394727713633518, 0.5296086133962887, 2.3324518739523517, 0.6084710742817153, 2.332725568860404, 2.3326337747434907, 2.3311020733658694, 2.3333554607138076, 1.9299887655907035, 2.332659172910013, 1.9417783287371897, 1.5746981321545213, 0.8754301445155399, 0.33601101676240924, 0.4032347402661604, 2.0356948676031217, 1.0928725704420508, 0.7961606468404777, 2.3321380871224524, 1.90558047546468, 1.9102425275789225, 0.25343476778717283, 2.0279352610170105, 2.07276417869229, 0.2571683699021402, 2.0028057229883394, 1.8599810785751596, 2.29989152627615, 0.5800810406440888, 2.3329510285986363, 1.9093146753529897, 2.328147564582177, 2.3281787211494605, 1.5906727589462006, 1.9780477075503644, 2.3322876999628828, 1.6031128401757475, 1.877775428723395, 1.382093316714902, 2.044392516575326, 2.3331496965174043, 2.333039935259502, 0.9027666169677188, 0.38480782346838666, 2.332473647056328, 1.8989164109277727, 2.3311324549565393, 2.3322088560159138, 1.8660105133669662, 1.1611799914955898, 2.3328455470387097, 2.1263196884966242, 2.3322609884725054, 2.333173139138199, 2.3327753929640083, 2.3320819448835004, 1.0853437096878542, 0.5119266054872593, 0.6132879045841504, 2.3320248340091827, 2.3322609884725054, 0.9781896259121085, 2.0126081672478886, 1.8972376313378447, 2.3328669393187575, 0.7751601774896318]
Processing ExpressPass results exp_id 2:: 10flo-2.3328Gbps_target
ExpressPass FCT (ms): [0.005681749000000735, 8.060999999059959e-06, 0.00028553499999972587, 7.751000000055797e-06, 7.786999999481736e-06, 7.880000000071163e-06, 7.6289999988432555e-06, 0.0010118180000002752, 9.765799999961189e-05, 8.754000001331974e-06, 7.83399999981782e-06, 7.701999999554232e-06, 7.755999998693142e-06, 7.732000000260086e-06, 0.0016483550000003788, 7.896999999701393e-06, 0.005988937999999777, 0.00019791200000085496, 8.040999999181508e-06, 0.007824183000000318, 0.0006469110000004719, 0.0010457210000005546, 0.0012905649999996882, 7.684000001617619e-06, 7.638000001364276e-06, 0.001335390999999575, 1.0852999999144686e-05, 1.084400000017638e-05, 0.00837072900000102, 0.0003776509999990907, 7.837000000066041e-06, 7.662999999880071e-06, 0.0014451260000001298, 9.186900000024423e-05, 0.00010289999999990584, 0.00017793800000021065, 0.00814260599999983, 8.631200000053241e-05, 0.00565958199999983, 0.008373568999999748, 0.002474308000000036, 0.007674277999999646, 0.0006984909999996347, 0.00528751200000066, 0.0006843029999998862, 0.00010343800000001124, 1.0409999999794195e-05, 1.0424999999258944e-05, 9.540999998947086e-06, 0.001114387999999522, 1.0640999999367295e-05, 1.0679999999041456e-05, 0.0021623260000005473, 0.0004136959999989642, 0.0007582189999997269, 8.933999999882758e-05, 0.0012601829999994152, 0.0012980910000006673, 1.1981000000105269e-05, 0.001143149000000676, 1.0931000000269364e-05, 0.0017551640000004198, 1.1452000000744533e-05, 0.011969306999999318, 0.0008940779999999648, 0.0018012150000004112, 0.0018544089999998903, 1.2866000000499866e-05, 0.0008725930000004212, 0.0019961940000001732, 1.1283999999278649e-05, 1.1486000000004992e-05, 1.2949999998568273e-05, 0.0013206149999991368, 0.007113198999999071, 0.007759540000000342, 1.3240999999553082e-05, 1.3037000000437615e-05, 0.00799954299999861, 0.0008127729999998223, 0.0017242880000001293, 0.005350413000000387, 0.00038913700000087204, 1.1454999999216398e-05, 0.010869680999999076, 1.179300000053729e-05, 0.008692414000000426, 0.005479031000000134, 0.0073602049999994534, 0.0020449060000000685, 1.065400000044292e-05, 1.0926999999938403e-05, 1.312300000044786e-05, 0.008842475999999877, 0.008680106999999992, 1.310700000090037e-05, 0.0013101369999990453, 0.0007793339999988547, 0.010119625999999826, 1.2031999998995957e-05]
App Gdpt (overall): 37.98661636208838 Gbps
App Gdpt (per flow): [2.3328000000000992, None, 2.332800000005437, None, None, None, None, 2.3327999999996756, 2.332800000088315, None, None, None, None, None, 2.33279999999823, None, 2.332799999999616, 2.3327999999962286, None, 2.332800000000033, 2.332799999998052, 2.332799999999517, 2.3328000000017757, None, None, 2.3328000000015825, None, None, 2.3327999999997853, 2.332799999998717, None, None, 2.332800000001726, 2.332800000088315, 2.332800000088315, None, 2.3328000000001903, None, 2.3328000000000992, 2.3328000000002853, 2.332800000000073, 2.332800000000193, 2.332800000002579, 2.332799999999629, 2.3328000000000024, 2.332800000088315, None, None, None, 2.3328000000035534, None, None, 2.332799999999517, 2.332800000001075, 2.3327999999953675, None, 2.332800000002579, 2.332799999999517, None, 2.3328000000002573, None, 2.332800000001075, None, 2.3328000000000877, 2.3327999999926865, 2.332799999998913, 2.332799999998913, None, 2.3327999999949314, 2.332799999999517, None, None, None, 2.332800000000833, 2.332800000000147, 2.332799999999652, None, None, 2.332800000000247, 2.332800000003312, 2.332800000000787, 2.332799999999629, 2.332800000005437, None, 2.3328000000002285, None, 2.3328000000000855, 2.3327999999997604, 2.332800000000147, 2.3328000000005114, None, None, None, 2.332799999999805, 2.3328000000000855, None, 2.3328000000029254, 2.332800000006258, 2.332800000000121, None]
Network Gdpt (overall): 37.8627689451053
Network Gdpt (per flow): [2.296135221742163, 0.39101848410464873, 0.4177141156079448, 0.3344084634216671, 0.4345704379382589, 0.6893401015166173, 0.5138288111933895, 2.163487899997237, 0.6553482561618542, 0.5958419007546669, 1.1192238958646796, 0.4393663983635232, 0.7292418773791924, 0.33523021209425913, 2.2835226635033927, 0.32822590858528694, 2.3298768496185, 1.09709365778256, 0.33826638481244475, 2.310112634124134, 1.8213200888516978, 2.1893258335624757, 2.2561715217758915, 0.3050494533454641, 0.3068866194790943, 2.2618933331143922, 0.26978715564643446, 0.22722242714495786, 2.309470537153651, 1.1541873316926199, 0.05818553017687347, 0.7234764452677497, 2.1682261615940193, 0.2689046359482995, 0.14561710398458416, 0.020456563522101467, 2.331029648247797, 0.054592640652179704, 2.3051285412951685, 2.308687251517314, 2.258832772637812, 2.3313630285482003, 1.945450979326449, 2.3305009993355026, 2.0852984715838416, 0.9405440940465731, 0.7331412103891339, 0.28086330937248305, 0.3815113720156901, 1.847880630445485, 0.3804153745174975, 0.2951310861688105, 1.9671261410161667, 1.6163366336674134, 1.6519026824709633, 0.02498321020852128, 1.614235392796875, 1.7636852886267782, 0.21634254235683384, 1.6335368355296602, 0.7194218278113818, 1.8977599814029933, 0.23751309813335345, 2.326022717940277, 1.0194188873901784, 2.2214649555989077, 2.157741900519377, 0.7847038706363869, 1.901486718320224, 2.1308389865912987, 0.6572137540299613, 0.7731150966390511, 0.6770656371404922, 1.5979100646300244, 2.313659437898778, 2.3057459591675813, 0.5939128464817937, 0.2595689192211712, 2.3059857294351946, 1.1213955187982367, 2.053513102219429, 2.3031029567248567, 1.2004820924223427, 0.4742034046592394, 2.3229833515815366, 0.9734588314658671, 2.3070902973557197, 2.333060718218183, 2.310116090516672, 2.211203840176443, 0.3927163506500899, 0.20426466550861008, 0.3291930198775103, 2.309913196258637, 2.3103613814898845, 0.660410467643655, 1.4725605032156226, 1.5118447289631038, 2.318829569393217, 0.6535904255864556]
=====
** Num Flows: 20, Target Flow Rate (Gbps): 2.3328
Processing SIRD results exp_id 3:: 20flo-2.3328Gbps_target
SSIRD FCT (ms): [0.00729508600000095, 0.0027215110000007314, 8.672999999959075e-06, 0.000115007999999861, 6.09900000014818e-06, 7.8359999999833e-06, 0.0019270339999994945, 0.0017278740000001847, 3.656999998824517e-06, 5.459000000485048e-06, 0.002022837000000166, 3.099000000617025e-06, 2.5770000000591153e-06, 0.0015589959999999792, 3.2329999992697367e-06, 5.442000000854819e-06, 0.007995206000000366, 3.0099999985822024e-06, 0.0026298869999994423, 0.0013143540000015719, 0.0020568910000005047, 0.0028111360000000474, 7.322999998393698e-06, 6.880000000819564e-06, 0.006563756000000254, 6.855999998833795e-06, 0.010189358999999953, 0.01128174000000115, 0.0015258940000002497, 0.012179701000000875, 0.0070294250000007, 0.008449866000001194, 0.0014314829999992895, 0.0019400889999996451, 2.9739999991562627e-06, 3.015000000772261e-06, 0.0012446009999997898, 2.7210000013155877e-06, 1.822300000142718e-05, 2.7619999993788724e-06, 9.893999999732728e-06, 0.009922399999998888, 0.0018089599999999706, 0.005224356999999458, 4.262000000920807e-06, 5.2040000007025355e-06, 0.007832350999999349, 4.952999999474628e-06, 4.914999999883207e-06, 0.004910811000000237, 1.0422999999093463e-05, 0.0010202740000000432, 0.0059110869999994264, 8.556000000936592e-06, 7.966000000081408e-06, 0.0011358680000004284, 6.4720000008122724e-06, 6.026000001213561e-06, 0.009315853000000374, 7.166800000035778e-05, 7.633000000950574e-06, 1.179100000037181e-05, 0.0022126049999986463, 0.00233886600000055, 6.3610000005098755e-06, 0.010064317999999517, 8.036000000544163e-06, 0.009695475999999204, 0.0030581209999986925, 3.893000000587676e-06, 5.248999999096782e-06, 6.111999999447448e-06, 1.404399999849204e-05, 0.0013016480000000996, 3.4490000011544453e-06, 2.6910000006097334e-06, 0.0020862259999994137, 3.2699999987784167e-06, 1.0140000000546934e-05, 2.9110000010490467e-06, 7.705999999885194e-06, 0.00522120699999995, 7.3699999987297815e-06, 0.008446210000000676, 0.0002047619999991923, 0.0024904740000000203, 0.0001314850000007084, 0.001868939999999597, 0.009488861999999543, 8.097999998568639e-06, 0.008444615000000155, 0.007891857999998919, 6.401000000266777e-06, 0.0023529689999985948, 7.682000001452138e-06, 5.50000000032469e-06, 0.00931081299999903, 2.1244000000919527e-05, 4.915999999965948e-06, 5.029000000433825e-06, 1.1090999999296969e-05, 0.011742751999999967, 1.053199999923038e-05, 0.0013894879999991616, 0.00108081800000015, 0.012425336999999814, 0.010701583999999542, 1.1527999999927374e-05, 0.0012586250000001797, 7.770500000070513e-05, 9.929000000852284e-06, 6.46600000031583e-06, 0.0074765680000012935, 4.127600000103371e-05, 0.007678940999999995, 1.802800000128002e-05, 4.480999999501023e-06, 0.009032649999999975, 4.395999999573519e-06, 7.197000000402909e-06, 1.4662999999970339e-05, 0.0021105309999995825, 0.010898313000000215, 1.1573000000097977e-05, 0.006591815000000167, 0.002218651999999821, 9.034999999713023e-06, 0.009303284999999661, 7.744999999559354e-06, 8.284999999830234e-06, 0.008941154999998702, 5.725999999484088e-06, 0.00845993899999975, 6.922000000741946e-06, 6.1340000012677365e-06, 0.009702755999999368, 0.001729732999999456, 3.826000000373142e-06, 0.0013467919999996525, 3.762000000406829e-06, 0.008612733999999733, 2.2524000000245792e-05, 0.011516654000001125, 1.2010999999034766e-05, 0.011994632000000394, 1.300399999948354e-05, 0.011119660999998615, 7.765999999520545e-06, 2.2123999999124067e-05, 0.00992476300000078, 0.002891035999999403, 0.0019836660000009942, 7.23800000024255e-06, 0.01032339499999857, 0.008600362999999334, 0.006287133999999028, 4.507999999958656e-06, 0.00914315099999996, 4.2130000004192425e-06, 4.320000000390678e-06, 1.3883000001158052e-05, 0.00014953099999992503, 1.2101999999458712e-05, 0.008846609999999089, 0.009817519000000274, 0.008600264000000024, 0.0015138759999988594, 0.010507094999999467, 0.010136340000000743, 0.008264911000001263, 5.743999999197058e-06, 0.00970272300000019, 7.0189999998859776e-06, 0.0025569680000003814, 0.00860004199999942, 0.00950221099999915, 0.008140884000001236, 6.452000000933822e-06, 9.217000000560915e-06, 5.639999999473844e-06, 0.0017004350000000557, 1.0336000000776835e-05, 3.0465000000035047e-05, 8.949999999785518e-06, 8.173999999527837e-06, 0.0013472050000000735, 7.470999999981132e-06, 0.0015512019999999183, 0.008457883999998472, 6.103000000479142e-06, 0.00011972899999967979, 0.0014157580000002667, 0.0018686360000010893, 4.961000000136551e-06, 4.173999998968725e-06, 0.009737654000000262, 1.2813000001443697e-05, 3.7959999996672877e-06, 3.870000000461005e-06, 0.009313179999999477]
App Gdpt (overall): 109.15373004433717 Gbps
App Gdpt (per flow): [2.332800000000147, 2.332800000001075, None, 2.332800000012971, None, None, 2.332800000002806, 2.33280000000149, None, None, 2.3327999999998843, None, None, 2.3327999999952884, None, None, 2.3328000000000917, None, 2.332799999999517, 2.332799999992224, 2.332800000000768, 2.332800000001075, None, None, 2.3327999999998106, None, 2.3327999999999824, 2.3327999999997853, 2.332799999998052, 2.332800000000156, 2.3327999999996987, 2.332799999999938, 2.332800000001075, 2.3328000000005114, None, None, 2.3328000000067957, None, 2.332800000088315, None, None, 2.332800000000303, 2.332800000005437, 2.332800000000113, None, None, 2.3327999999998767, None, None, 2.3328000000004527, 2.332800000088315, 2.3327999999941356, 2.332800000000595, None, None, 2.3328000000067957, None, None, 2.3328000000001374, 2.3327999999608102, None, None, 2.3328000000038536, 2.3328000000015825, None, 2.332800000000121, None, 2.3328000000002196, 2.3328000000035534, None, None, None, 2.332800000088315, 2.33279999999837, None, None, 2.3327999999952884, None, 2.332800000088315, None, None, 2.332800000000113, None, 2.332799999999938, 2.332800000001075, 2.3327999999962286, 2.332799999950185, 2.332800000001075, 2.3328000000000677, None, 2.332799999999938, 2.3328000000003093, None, 2.3328000000015825, None, None, 2.3328000000001374, 2.332800000088315, None, None, None, 2.332799999999692, None, 2.332800000005437, 2.33279999999823, 2.3328000000003066, 2.332800000000033, None, 2.332799999999062, 2.3327999999225595, None, None, 2.3327999999995424, 2.332799999950185, 2.332800000000193, 2.332800000088315, None, 2.3327999999999918, None, None, None, 2.332800000001645, 2.332800000000247, None, 2.332800000000517, 2.3328000000013445, None, 2.3328000000000677, None, None, 2.332800000000196, None, 2.332799999999938, None, None, 2.3328000000002196, 2.332800000001329, None, 2.3327999999986337, None, 2.33280000000009, 2.332800000088315, 2.3327999999996805, None, 2.332799999999692, None, 2.3328000000001903, None, 2.332800000088315, 2.3328000000000304, 2.332800000000065, 2.33279999999823, None, 2.332800000000033, 2.3328000000000855, 2.332799999999894, None, 2.332800000000118, None, None, None, 2.332799999977811, None, 2.3328000000003626, 2.3328000000000304, 2.3328000000000855, 2.332800000001075, 2.3327999999998967, 2.3327999999997386, 2.3328000000000304, None, 2.3328000000002196, None, 2.3327999999996756, 2.3328000000000855, 2.332800000000156, 2.3327999999996805, None, None, None, 2.332799999999805, None, 2.332800000088315, None, None, 2.3327999999986337, None, 2.332799999997351, 2.332799999999938, None, 2.332800000012971, 2.332799999997351, 2.3327999999991986, None, None, 2.332800000000147, 2.3327999992595374, None, None, 2.3328000000001374]
Network Gdpt (overall): 89.43006085498727
Network Gdpt (per flow): [2.330737156491066, 0.8979129608512858, 0.4519774011320763, 1.1960907067348903, 0.5548450565531698, 0.7075038284854281, 0.765043066183776, 0.7102601231339027, 0.6737763196040505, 0.6667887890962769, 2.328310190094216, 0.8363988381684161, 0.4470314318873006, 0.7405227466908288, 0.7250231984316294, 1.0907754500307947, 2.3308637701141346, 0.8611295685119295, 0.8705408255185434, 0.6212025070863889, 0.8066659827864447, 0.8692855841908605, 0.5352997406609113, 0.35813953484105837, 2.3299866722649973, 1.147024504279123, 2.331444794515544, 1.7135612059840086, 2.3205071911937662, 1.8194128082453263, 1.894127044530481, 2.330186064488741, 2.3268735989192, 2.330668335319064, 0.8285137863816571, 0.8597014923171099, 0.5781515521842916, 1.0760749719163283, 0.7208472808522868, 1.9261404783477114, 0.4956539316891525, 1.7276142868662745, 0.7153369892092811, 2.3300107553908096, 0.638198028956439, 0.7778631820625527, 2.3313357636808565, 0.6363819907802015, 0.7405900305364183, 2.3317875601401576, 2.211263551952854, 0.5049153462697062, 2.3318783837898747, 0.3683964468974945, 0.32538287722489473, 0.6334961456786604, 0.8739184176900712, 0.38898108189975905, 2.3307495298604572, 2.160183066350772, 0.12996200705835995, 0.7341192434676489, 0.8303226287571095, 0.8591821848705857, 0.4074831001088248, 2.331572591406703, 0.6620209058785158, 2.3326433895563103, 0.673372963333001, 0.6021063446304024, 0.49380834453153305, 1.248691099589327, 1.2355454287854708, 2.320529052401086, 0.7515221800905796, 0.8294314379391557, 0.553378205429481, 1.1987767588576166, 1.3838264299056349, 0.9343868083200909, 0.5990137555241073, 2.3314164713255225, 0.7522388060997975, 2.3311947015286654, 1.104501811863979, 0.8473182213506276, 1.0808837509923892, 0.7153274048392609, 1.6516239776698993, 0.4840701408610619, 2.3316350123717466, 1.7680865519883797, 0.07123886892376116, 0.854032501066185, 1.4996094764153034, 0.49454545451625936, 2.3320111788307063, 1.1297307474562786, 0.6411716843006171, 0.7238019486351157, 0.305112253197593, 1.8490486727472455, 0.1093809343034734, 0.6749363794437706, 0.5046177987412537, 1.8654624820236543, 1.6889783792755142, 0.5954198473319954, 0.6102341841294192, 0.8236278231699279, 0.44959210389936755, 0.4008660686472927, 1.821215295573804, 1.9381723034692437, 2.329947319558779, 1.0441535388652907, 0.7034144165032331, 1.612321522476797, 0.8917197453094408, 1.0004168402941396, 0.7589170019793025, 0.84600131436134, 1.6926318779796137, 0.3988594141502567, 1.9392097624098485, 0.8555032515239673, 0.27271721085536954, 1.6845696976928657, 0.06197546804742534, 0.35340977671213003, 2.3314464406447524, 0.4526720223949597, 2.327411580627305, 1.5059231434387008, 0.8503423539162032, 2.330893201890419, 2.3132680014784124, 0.12545739674678166, 2.3265359461600665, 0.14460393406198058, 1.6806259197138156, 0.7103534008091548, 1.648105083299207, 0.4429273166620205, 1.8102197716444564, 0.4349430944497563, 1.706945562459356, 0.43574555758549066, 0.9224371723380942, 2.3069383117761304, 0.8732731104007427, 0.8162382175220972, 0.7350096711552533, 1.7508526991365247, 2.3317834375132254, 2.3306072369385262, 0.7506654835916228, 2.326873962816549, 0.8639924043764011, 0.7833333332624928, 0.375711301560535, 1.1892116016082899, 0.27962320278890734, 1.6163126892675808, 2.3321387002153355, 2.3318102793123496, 0.7321392240849549, 1.6448283754930242, 1.6911508493202423, 1.7090487725757535, 0.2896935933552589, 2.3309011295076196, 0.41715344066783944, 0.8561139599712134, 2.3318704722606416, 2.3320787130492033, 2.331522719153979, 1.0638561684759065, 1.0606488010638022, 0.6453900709821944, 0.7071649313263728, 0.22678018574146955, 0.8108977515172028, 0.09564245810285069, 0.31710300956076887, 2.3258227218573486, 0.42189800562280294, 0.6220672742815255, 2.3279770684965126, 0.7720793051990931, 1.1120447009526189, 0.6815797615127855, 2.3231576401168925, 0.6821205401948913, 0.10924772403274186, 1.6900908576130922, 1.0951377505985291, 0.6491043203940898, 0.2563307493234704, 2.331418484341677]
Processing DCTCP results exp_id 3:: 20flo-2.3328Gbps_target
DCTCP-82 FCT (ms): [0.011591409000001107, 0.002309311999999508, 3.118000000412735e-06, 0.00014187000000021044, 4.0909999992067014e-06, 3.9669999996050365e-06, 0.0013320459999999201, 0.0011248950000002367, 6.577999998924611e-06, 6.696999999888931e-06, 0.005954956000000067, 7.874999999657462e-06, 9.177000000804014e-06, 0.001060775000000902, 9.577999998455766e-06, 9.65400000119132e-06, 0.011622081000000506, 1.1698999999865123e-05, 0.0022040469999993206, 0.000776308000000725, 0.0015130370000004945, 0.002308855999999082, 3.12299999905008e-06, 3.236999999600698e-06, 0.011610017999998945, 4.771999998709475e-06, 0.010190135000000211, 0.011676390000001646, 0.003458674000000883, 0.011073831000000922, 0.011276551999999995, 0.011490848000001108, 0.0030921819999996103, 0.004600609000000588, 9.206999999733512e-06, 9.251999999904115e-06, 0.0006882919999995352, 9.90000000022917e-06, 2.5931000001477855e-05, 1.0612999998826922e-05, 2.9890000003973682e-06, 0.011678638999999436, 0.0011611889999993963, 0.011112114999999534, 7.787000001258093e-06, 8.1080000011724e-06, 0.011670325000000759, 8.502000000021326e-06, 8.45099999935428e-06, 0.010999138000000741, 3.267099999959555e-05, 0.0004972219999999083, 0.011419442999999418, 1.9622000001717765e-05, 2.0892000000216626e-05, 0.0006959030000004418, 2.414100000081021e-05, 2.4228000000903194e-05, 0.011143245999999607, 0.00017919100000085564, 2.532000001664869e-06, 2.977999999487224e-06, 0.0017136329999996036, 0.001815258000000597, 4.328000001052601e-06, 0.010070626999999277, 5.154000000118231e-06, 0.010486098999999527, 0.0018618499999991656, 7.3409999998830244e-06, 7.569999999290644e-06, 8.089999999683073e-06, 2.4193999999866378e-05, 0.00271971599999965, 1.219800000029636e-05, 1.2467000001237238e-05, 0.0010643120000004558, 1.584600000015257e-05, 3.083900000078188e-05, 1.633000000111906e-05, 2.604999998823132e-06, 0.011216284999999715, 2.920000000017353e-06, 0.011505538000001536, 0.0002319219999993294, 0.0019472410000016538, 0.00015712800000144966, 0.0012257289999997312, 0.0114726730000001, 1.0822999998438831e-05, 0.011635345000000186, 0.011368449999999086, 1.2974000000554042e-05, 0.0018578059999985186, 1.4596000001532161e-05, 1.4705999999975461e-05, 0.011261830999998779, 4.594400000001997e-05, 1.6117999999565313e-05, 1.7846000000432127e-05, 4.558999998849345e-06, 0.011047931000000233, 4.749999998665544e-06, 0.0008924109999988161, 0.0005122169999989268, 0.009958167999998935, 0.011701388000000534, 9.048000000788647e-06, 0.0007301619999999787, 7.76970000000432e-05, 1.0492000001249835e-05, 1.0769000001076279e-05, 0.011569763000000677, 9.415800000134311e-05, 0.011678417999998914, 3.087600000029056e-05, 1.599800000029461e-05, 0.011621283000000204, 1.6836000000353124e-05, 1.771700000041676e-05, 4.344999998906474e-06, 0.0016050290000002576, 0.011621228999999289, 4.720999999818787e-06, 0.011261866999999981, 0.0017440329999995896, 6.294000000295341e-06, 0.011561748000000094, 7.733000000342827e-06, 8.1019999988996e-06, 0.011621384999999762, 1.1877000000382054e-05, 0.01170281899999992, 1.3810000000447076e-05, 1.3899000000705541e-05, 0.010605683999999727, 0.00409547599999982, 1.6139999999609245e-05, 0.003038035999999522, 1.9402999999584836e-05, 0.011645287000000337, 1.7536000001427965e-05, 0.011482352000001583, 5.6320000005882775e-06, 0.011048512000000343, 6.551000000243334e-06, 0.011592747999999986, 9.924999998744966e-06, 2.7292000000400662e-05, 0.0102762460000001, 0.002251412999999758, 0.0014631680000007918, 1.4664000000053079e-05, 0.011722427999998786, 0.011676632000000353, 0.011521097999999341, 2.062299999927575e-05, 0.011316514999998972, 2.3037000000059038e-05, 2.3065999998905795e-05, 4.016000000106601e-06, 0.00018817399999981888, 5.717000000515782e-06, 0.011570782999999807, 0.010054263000000674, 0.011564379999999375, 0.001038353000000214, 0.011646508000000111, 0.011591149000000911, 0.011271498000001046, 1.0773999999713624e-05, 0.010346542999998931, 1.173600000115016e-05, 0.0020232549999992244, 0.01167369499999893, 0.01120920099999978, 0.011706335000001289, 1.7229000000895667e-05, 1.8034000000000106e-05, 1.8299999998916405e-05, 0.0011364569999994245, 4.750000000441901e-06, 3.4871999998742353e-05, 6.293000000212601e-06, 7.2929999994642e-06, 0.0028165730000004885, 9.076999999635404e-06, 0.0009206790000000353, 0.01170379399999888, 1.412700000003042e-05, 0.00014969000000064625, 0.0009237179999992406, 0.004829632999999944, 1.680899999989549e-05, 1.7103999999434905e-05, 0.011689631999999506, 3.367800000120269e-05, 2.058799999993255e-05, 2.053400000079364e-05, 0.011121469999999078]
App Gdpt (overall): 109.15373004433717 Gbps
App Gdpt (per flow): [2.332800000000147, 2.332800000001075, None, 2.332800000012971, None, None, 2.332800000002806, 2.33280000000149, None, None, 2.3327999999998843, None, None, 2.3327999999952884, None, None, 2.3328000000000917, None, 2.332799999999517, 2.332799999992224, 2.332800000000768, 2.332800000001075, None, None, 2.3327999999998106, None, 2.3327999999999824, 2.3327999999997853, 2.332799999998052, 2.332800000000156, 2.3327999999996987, 2.332799999999938, 2.332800000001075, 2.3328000000005114, None, None, 2.3328000000067957, None, 2.332800000088315, None, None, 2.332800000000303, 2.332800000005437, 2.332800000000113, None, None, 2.3327999999998767, None, None, 2.3328000000004527, 2.332800000088315, 2.3327999999941356, 2.332800000000595, None, None, 2.3328000000067957, None, None, 2.3328000000001374, 2.3327999999608102, None, None, 2.3328000000038536, 2.3328000000015825, None, 2.332800000000121, None, 2.3328000000002196, 2.3328000000035534, None, None, None, 2.332800000088315, 2.33279999999837, None, None, 2.3327999999952884, None, 2.332800000088315, None, None, 2.332800000000113, None, 2.332799999999938, 2.332800000001075, 2.3327999999962286, 2.332799999950185, 2.332800000001075, 2.3328000000000677, None, 2.332799999999938, 2.3328000000003093, None, 2.3328000000015825, None, None, 2.3328000000001374, 2.332800000088315, None, None, None, 2.332799999999692, None, 2.332800000005437, 2.33279999999823, 2.3328000000003066, 2.332800000000033, None, 2.332799999999062, 2.3327999999225595, None, None, 2.3327999999995424, 2.332799999950185, 2.332800000000193, 2.332800000088315, None, 2.3327999999999918, None, None, None, 2.332800000001645, 2.332800000000247, None, 2.332800000000517, 2.3328000000013445, None, 2.3328000000000677, None, None, 2.332800000000196, None, 2.332799999999938, None, None, 2.3328000000002196, 2.332800000001329, None, 2.3327999999986337, None, 2.33280000000009, 2.332800000088315, 2.3327999999996805, None, 2.332799999999692, None, 2.3328000000001903, None, 2.332800000088315, 2.3328000000000304, 2.332800000000065, 2.33279999999823, None, 2.332800000000033, 2.3328000000000855, 2.332799999999894, None, 2.332800000000118, None, None, None, 2.332799999977811, None, 2.3328000000003626, 2.3328000000000304, 2.3328000000000855, 2.332800000001075, 2.3327999999998967, 2.3327999999997386, 2.3328000000000304, None, 2.3328000000002196, None, 2.3327999999996756, 2.3328000000000855, 2.332800000000156, 2.3327999999996805, None, None, None, 2.332799999999805, None, 2.332800000088315, None, None, 2.3327999999986337, None, 2.332799999997351, 2.332799999999938, None, 2.332800000012971, 2.332799999997351, 2.3327999999991986, None, None, 2.332800000000147, 2.3327999992595374, None, None, 2.3328000000001374]
Network Gdpt (overall): 94.76226339425291
Network Gdpt (per flow): [1.4668560137942142, 1.058185295014498, 1.2572161640414057, 0.9696200747148513, 0.827181618346664, 1.3975296194988591, 1.1067665831360842, 1.090981824970101, 0.37458193986056876, 0.5435269523757458, 0.7909029050760321, 0.3291428571571739, 0.12553121934173164, 1.0883288161947806, 0.24472750056148637, 0.6148746632761019, 1.6034766923410007, 0.2215573980707653, 1.0387364697761463, 1.0517475022790408, 1.096618258508852, 1.0583942870412757, 1.255203330513078, 0.7611986408106111, 1.3172644521310295, 1.6479463541757577, 2.331267250139425, 1.655644595632492, 1.0237588162397198, 2.0011054891480784, 1.1807353879093545, 1.7135167047721893, 1.0771940332103416, 0.9828490097722762, 0.2676224611785944, 0.28015564202624976, 1.0454400167377886, 0.2957575757507295, 0.5065751416933924, 0.5012720249305599, 1.6406825022910823, 1.467814871236351, 1.1143887859777115, 1.0954537457541171, 0.3493001155208101, 0.49925999006100985, 1.564638516922092, 0.370736297340872, 0.43071825822720666, 1.0410786736196262, 0.7054574393280072, 1.0360603513120799, 1.2070585229070019, 0.16063602077892494, 0.12406662837321099, 1.0340061761474562, 0.23429021166522415, 0.09674756479745, 1.948527386005906, 0.8639719628734744, 0.39178514982137796, 2.9066487580558964, 1.0720941998668472, 1.1070117856521438, 0.5988909425530515, 2.3301119185530044, 1.0322079937675517, 2.1567684989433173, 1.1060268013002783, 0.31930254734196306, 0.34240422724476705, 0.9433868974411601, 0.7172026122218664, 1.110598312471004, 0.21249385144589486, 0.1790326461681635, 1.0847120017433851, 0.24738104253201168, 0.4550082687390719, 0.16656460501001863, 1.7719769681709725, 1.0852798408742563, 1.898630136975018, 1.7113289269912777, 0.9751554401939185, 1.0836994496306354, 0.9044855149858002, 1.0907011256160972, 1.366031438357902, 0.3621916289906165, 1.6922368868305742, 1.2273870228572163, 0.03514721751044604, 1.0816586877217549, 0.7892573306927056, 0.184958520332146, 1.9280097525883986, 0.5223750652966561, 0.19555776151414608, 0.203967275575023, 0.742268041424456, 1.9653381253014293, 0.24252631585760862, 1.050879023231722, 1.0647830899816733, 2.3276369709772404, 1.5446666668944893, 0.7586206895890492, 1.0518980719347522, 0.8237126272567077, 0.4254670224426455, 0.24069087192320082, 1.1768987834927305, 0.8496357186734941, 1.5320164083869634, 0.6096644643031112, 0.19702462807488152, 1.2531779838766293, 0.23283440246601217, 0.40638934355876466, 2.5611047187113085, 1.1124484355109556, 1.5873391704096984, 0.9777589494126633, 1.135061531094269, 1.0883188563521715, 0.3914839529527135, 1.3555071430375298, 0.062071641016257624, 0.3613922488765337, 1.7937469587317199, 0.2182369285102822, 1.68248009304426, 0.7548153511703506, 0.3752787970167081, 2.1324497316722413, 0.9770136609273686, 0.029739776952392875, 1.0313768500440723, 0.028036901510675668, 1.2429735737727703, 0.9124087590497897, 1.6530285781168688, 0.9446022726286065, 1.9652347755063602, 0.8633796366646177, 1.6372870349635846, 0.3409571788844245, 0.7477649127839806, 2.2280330774486887, 1.1213686693646487, 1.1066015659166437, 0.3627932351323475, 1.5418942219139136, 1.717463049276486, 1.271826695684807, 0.16408863890408, 1.8799922060812833, 0.1580066848978023, 0.14670944247639514, 1.2988047808420184, 0.9449977148818177, 0.5919188384982856, 1.235775314427748, 2.2772246956339286, 1.7341339527065944, 1.067428899420305, 1.4839098552115224, 1.4788939388147504, 1.253172914549485, 0.15444588825359473, 2.185859373512712, 0.24948875253178668, 1.0819476536575168, 1.7178951480231273, 1.9769387666436204, 1.6214003785128233, 0.39839804977904514, 0.5420871686813765, 0.19890710383691446, 1.0581025062986185, 0.4934736841646176, 0.7084193622645946, 0.13602415381711125, 0.3554092966118783, 1.1124724976059406, 0.34725129449450326, 1.0480873355425322, 1.6823399318205605, 0.3335456926445709, 0.8894648941106633, 1.044639164767595, 0.8988542193578789, 0.20132072104355048, 0.026660430309580548, 1.407873233306292, 0.41665182016446634, 0.11968136778745253, 0.048310119799437966, 1.9523426309653131]
Processing ExpressPass results exp_id 3:: 20flo-2.3328Gbps_target
ExpressPass FCT (ms): [0.010286578000000546, 0.002236403999999581, 8.090999999765813e-06, 9.663400000015088e-05, 8.053000000174393e-06, 7.949000000451178e-06, 0.0017096020000000323, 0.0016209919999994327, 0.00045726799999989964, 8.673600000008719e-05, 0.0038667120000006605, 8.990399999930787e-05, 8.3910000000742e-05, 0.0010753110000010224, 8.678699999897788e-05, 1.0895000000843424e-05, 0.010601697000000243, 0.000268881999998527, 0.002155045999998606, 0.0011321390000009757, 0.0019838559999989513, 0.0024345669999998876, 8.005999999838309e-06, 7.920999999910805e-06, 0.009963317000000416, 8.02499999963402e-06, 0.012406333000001268, 0.011107889000001592, 0.002868838999999568, 0.012068499999999815, 0.008386251999999317, 0.012013048000000026, 0.002437347999999062, 0.0034471029999991742, 1.0567999998656319e-05, 1.06160000008515e-05, 0.0005306899999997228, 1.1079000000080441e-05, 9.383999999990067e-05, 0.0005346929999987537, 8.065999999473661e-06, 0.011329098999999232, 0.0016965720000001738, 0.007544007999999991, 1.0693000000117081e-05, 9.289400000156434e-05, 0.011689123000000023, 0.0004619320000003313, 0.00018267399999949419, 0.007749506999999767, 0.00036656300000004194, 0.0006337020000000138, 0.008393023, 1.1540000000920259e-05, 1.1520000001041808e-05, 0.0008522249999991516, 1.105599999995377e-05, 1.1047000000985463e-05, 0.01212421500000005, 0.0003305149999999202, 7.559000000156857e-06, 8.032000000213202e-06, 0.002109265999999721, 0.0010919450000006492, 8.084000000962988e-06, 0.012405282999999656, 8.091999999848554e-06, 0.012332407999998907, 0.0021531269999996994, 1.0647999999946478e-05, 8.323399999987657e-05, 8.544099999951982e-05, 0.000263702999999893, 0.0031136119999999323, 8.979400000086457e-05, 1.0989999999821976e-05, 0.0011610590000010745, 1.0779999998433709e-05, 9.047700000053283e-05, 1.1017000000279609e-05, 7.632999999174217e-06, 0.008227044999999933, 8.00699999992105e-06, 0.011571724000001282, 0.00028320100000023274, 0.0022944750000011283, 0.00028477500000079203, 0.002037989999999823, 0.01026798900000081, 1.0963999999447083e-05, 0.011683960000000937, 0.009046453999999926, 1.0952000000230555e-05, 0.0012249129999997166, 8.843500000033089e-05, 1.0649000000029218e-05, 0.012268844999999473, 0.00012158500000047923, 0.0001748619999997203, 1.1625000000847763e-05, 1.1716999999578093e-05, 0.012555621000000627, 1.1995999999570017e-05, 0.0016510619999987597, 0.0006366060000004836, 0.012488402999998982, 0.011448768000001053, 0.0002727290000006377, 0.0007701239999988729, 0.0005050730000011328, 1.3610999999968953e-05, 1.3538000001034334e-05, 0.010254949000000124, 0.00015382600000002356, 0.01140155100000051, 9.377000000121427e-05, 1.337399999989941e-05, 0.010220546999999414, 1.3631999999930144e-05, 1.4102999999821009e-05, 1.134199999874852e-05, 0.001712376000000404, 0.011640375999999009, 1.179100000037181e-05, 0.008482823999999667, 0.0016088139999990148, 1.2737999998790883e-05, 0.011496576999999064, 1.37369999997361e-05, 8.672699999934252e-05, 0.012602178999999936, 8.677399999967861e-05, 0.012356490000000164, 9.190699999983565e-05, 0.0004519090000005832, 0.012646135999998975, 0.0035644129999994334, 1.356299999955013e-05, 0.003525005000000192, 1.4115000000813893e-05, 0.010854772000000068, 0.0001095250000009429, 0.0122858860000008, 1.2352999998910263e-05, 0.01255180800000133, 1.2797000000119851e-05, 0.012085983999998717, 0.00010080899999920234, 8.610000000075502e-05, 0.012646925000000309, 0.0031079670000000448, 0.0018004950000012343, 0.0002741310000011765, 0.011969730999998873, 0.012252935999999437, 0.010162876000000765, 1.4179000000780206e-05, 0.012449566999999107, 1.4557000000081644e-05, 1.4638999999760927e-05, 1.1080000000163182e-05, 0.0005392210000003672, 1.2434000000283163e-05, 0.0112045339999991, 0.012617956999999791, 0.012679398999999592, 0.00150681099999872, 0.011893304000000882, 0.011335837000000737, 0.010283409999999549, 1.3567999999963831e-05, 0.012381647999999856, 8.955200000038133e-05, 0.0029994500000007918, 0.012570852999999715, 0.01250373199999899, 0.012373347000000479, 1.4080999999777077e-05, 1.4267000000955932e-05, 1.4225999999339933e-05, 0.0015042540000003157, 1.1996000001346374e-05, 0.0001150779999985474, 1.2640999999646851e-05, 1.375699999961455e-05, 0.0028643769999998625, 1.3514999999131305e-05, 0.0007088260000003288, 0.01234196599999926, 0.0007167290000005266, 0.0005008330000002559, 0.0010553489999995946, 0.004439811000001015, 1.375799999969729e-05, 0.00027904599999928337, 0.010700703999999561, 0.0001016230000008278, 1.4128000000113161e-05, 1.4250000001325702e-05, 0.012350817999999819]
App Gdpt (overall): 109.15373004433717 Gbps
App Gdpt (per flow): [2.332800000000147, 2.332800000001075, None, 2.332800000012971, None, None, 2.332800000002806, 2.33280000000149, None, None, 2.3327999999998843, None, None, 2.3327999999952884, None, None, 2.3328000000000917, None, 2.332799999999517, 2.332799999992224, 2.332800000000768, 2.332800000001075, None, None, 2.3327999999998106, None, 2.3327999999999824, 2.3327999999997853, 2.332799999998052, 2.332800000000156, 2.3327999999996987, 2.332799999999938, 2.332800000001075, 2.3328000000005114, None, None, 2.3328000000067957, None, 2.332800000088315, None, None, 2.332800000000303, 2.332800000005437, 2.332800000000113, None, None, 2.3327999999998767, None, None, 2.3328000000004527, 2.332800000088315, 2.3327999999941356, 2.332800000000595, None, None, 2.3328000000067957, None, None, 2.3328000000001374, 2.3327999999608102, None, None, 2.3328000000038536, 2.3328000000015825, None, 2.332800000000121, None, 2.3328000000002196, 2.3328000000035534, None, None, None, 2.332800000088315, 2.33279999999837, None, None, 2.3327999999952884, None, 2.332800000088315, None, None, 2.332800000000113, None, 2.332799999999938, 2.332800000001075, 2.3327999999962286, 2.332799999950185, 2.332800000001075, 2.3328000000000677, None, 2.332799999999938, 2.3328000000003093, None, 2.3328000000015825, None, None, 2.3328000000001374, 2.332800000088315, None, None, None, 2.332799999999692, None, 2.332800000005437, 2.33279999999823, 2.3328000000003066, 2.332800000000033, None, 2.332799999999062, 2.3327999999225595, None, None, 2.3327999999995424, 2.332799999950185, 2.332800000000193, 2.332800000088315, None, 2.3327999999999918, None, None, None, 2.332800000001645, 2.332800000000247, None, 2.332800000000517, 2.3328000000013445, None, 2.3328000000000677, None, None, 2.332800000000196, None, 2.332799999999938, None, None, 2.3328000000002196, 2.332800000001329, None, 2.3327999999986337, None, 2.33280000000009, 2.332800000088315, 2.3327999999996805, None, 2.332799999999692, None, 2.3328000000001903, None, 2.332800000088315, 2.3328000000000304, 2.332800000000065, 2.33279999999823, None, 2.332800000000033, 2.3328000000000855, 2.332799999999894, None, 2.332800000000118, None, None, None, 2.332799999977811, None, 2.3328000000003626, 2.3328000000000304, 2.3328000000000855, 2.332800000001075, 2.3327999999998967, 2.3327999999997386, 2.3328000000000304, None, 2.3328000000002196, None, 2.3327999999996756, 2.3328000000000855, 2.332800000000156, 2.3327999999996805, None, None, None, 2.332799999999805, None, 2.332800000088315, None, None, 2.3327999999986337, None, 2.332799999997351, 2.332799999999938, None, 2.332800000012971, 2.332799999997351, 2.3327999999991986, None, None, 2.332800000000147, 2.3327999992595374, None, None, 2.3328000000001374]
Network Gdpt (overall): 87.64128771980654
Network Gdpt (per flow): [1.6529236447727416, 1.0926827174340852, 0.4844889383405588, 1.4235155328330116, 0.4202160685367835, 0.6974462196106841, 0.8623433992238967, 0.7570919535694375, 0.005388524891312187, 0.04196642685847101, 1.2180353747574673, 0.028830752803211814, 0.01372899535204163, 1.0736168420102672, 0.02700865337006241, 0.5448370811877441, 1.7578068869540013, 0.009639916394605067, 1.0623550494984706, 0.7211835295836434, 0.8363631231303467, 1.0037431707568996, 0.4896327754283249, 0.3110718343678508, 1.534977156703873, 0.97993769474874, 1.9148226957955727, 1.7403803729040894, 1.234244236083145, 1.8361771554045938, 1.5876727768258199, 1.639031160118561, 1.3666000915754672, 1.3117403222361166, 0.2331566994997434, 0.24415975883497534, 1.3559102300785315, 0.2642837801226411, 0.13998294970176797, 0.009949634650186931, 0.6079841309595841, 1.5131017921196703, 0.7627238926493349, 1.613573050293692, 0.25437201907511625, 0.04357654961495718, 1.5621223251735794, 0.006823515149411038, 0.01992620734209619, 1.477638254923874, 0.06287595856646024, 0.8129246869979719, 1.6423088558198877, 0.2731369150562083, 0.2249999999796522, 0.8443404030634121, 0.511577424025294, 0.2121843034118675, 1.7908722337899743, 0.46840839296261105, 0.13123429024730984, 1.0776892429992821, 0.8710025193599304, 1.8403051435729871, 0.32063334978862373, 1.8915882854103896, 0.6574394463790865, 1.833874455013328, 0.9564024788135059, 0.2201352366652688, 0.031141120215342814, 0.08932479722899887, 0.0658012991888869, 0.9700990361034277, 0.02886607122942561, 0.203093721568349, 0.9943267310265297, 0.36363636368919855, 0.1550891386752143, 0.2468911681883423, 0.6047425652429433, 1.4796087781214398, 0.6923941551211021, 1.7015407557247149, 0.7985847507594046, 0.9196979701234324, 0.49906066192469406, 0.6559914425488428, 1.5263000379138276, 0.35753374682576494, 1.6851957726659816, 1.5424262368437527, 0.04163623082454351, 1.640534470611762, 0.1302651665059863, 0.2554230444166154, 1.7697607231977366, 0.1973927704890028, 0.01802564307857077, 0.31311827954705806, 0.28881112913901613, 1.7293385966332462, 0.09603201067366557, 0.5680077428956057, 0.8567308507924615, 1.8560419614903434, 1.578750132765232, 0.02516784060361733, 0.9973147181507446, 0.12671435614229323, 0.327970024245844, 0.19146107252193573, 1.3277920738562266, 0.5200681289248096, 1.5692187843565495, 0.20074650740915262, 0.2356811724258791, 1.4249272568288993, 0.287558685447483, 0.510529674543812, 0.9811320755799566, 1.0427102458803317, 1.5847281909108069, 0.3914850309434689, 1.5069170361191628, 1.1797908272809428, 0.19343696029469995, 1.3631911481131538, 0.03494212710265861, 0.033761112456584426, 1.6541444142318649, 0.029870698596464382, 1.5934751697285992, 0.11341899964114421, 0.011542146759620342, 1.7883793120682738, 1.122579229735902, 0.035390400355077865, 0.8888951930564154, 0.03854055968605258, 1.3334949826675226, 0.14608536863603977, 1.5449155233899097, 0.43066461592077315, 1.7298639367330748, 0.44197858872759466, 1.5704684037312986, 0.03356843139032007, 0.23702671312219561, 1.8103860029216148, 0.81232007933159, 0.8992771432294397, 0.019406779970076966, 1.5100376107033402, 1.6366839751714137, 1.441800529692471, 0.23866281118652893, 1.7088915622528502, 0.25005152160332383, 0.23116333083238372, 0.4707581227367492, 0.3297794410823742, 0.2721569888952015, 1.2761698076868837, 1.814542243249076, 1.581635217883801, 0.735572012681711, 1.4531174852672328, 1.5122024072857512, 1.3735848322687338, 0.12264150943428921, 1.8265814049955438, 0.03269608718942661, 0.7298191335076172, 1.5952922208222826, 1.772263193101211, 1.533995288421093, 0.48746537888705826, 0.685217635056072, 0.2558695346667293, 0.7993915921112709, 0.19539846613345455, 0.21467178783357233, 0.06771616169796013, 0.18841317148161837, 1.0939062839843186, 0.23322234555698107, 1.3613383256251217, 1.5953503680046746, 0.006574311908680321, 0.2658451020598323, 0.9143439753108884, 0.9777749548345657, 0.2459659834332357, 0.0016341391741905315, 1.537984790533471, 0.13807897818294773, 0.1744054360121931, 0.06961403508124299, 1.7580147323035866]
=====
** Num Flows: 30, Target Flow Rate (Gbps): 2.3328
Processing SIRD results exp_id 4:: 30flo-2.3328Gbps_target
SSIRD FCT (ms): [0.001474258000000006, 0.011726505000000387, 6.724999998652947e-06, 6.391600000021924e-05, 7.142000001181259e-06, 0.008391482000000394, 0.00034017399999974884, 5.008999998779018e-06, 6.259999999258525e-06, 0.012944798000001256, 0.016434290000001184, 0.0039182200000009715, 3.961999999191335e-06, 0.012319907000000185, 0.009178005000000766, 4.330999999524465e-06, 0.0021730459999993457, 0.0029535819999999546, 4.9450000005890615e-06, 7.283999998719537e-06, 6.596000000413937e-06, 0.00950620799999946, 5.7300000015914065e-06, 5.889000000536271e-06, 0.015491515000000788, 0.0024077399999988813, 0.007967934999999926, 7.335000001162939e-06, 0.01694666799999922, 9.195000000516984e-06, 0.016159986999999987, 7.5790000000353075e-06, 2.8893999999723974e-05, 0.0013738649999996966, 0.002259062000000256, 5.144999999373567e-06, 3.7339999998664553e-06, 0.0030597179999993784, 3.598999999354646e-06, 0.01171975699999983, 1.1944999998902972e-05, 7.249999999459078e-06, 9.755999998972698e-06, 1.001199999883795e-05, 0.002304957999999857, 0.0023889449999998646, 0.00013650900000072852, 3.810000000825653e-06, 6.164000000197234e-06, 8.352000000044768e-06, 3.7101000000205886e-05, 0.003366126999999608, 0.0016220249999996383, 3.7999999999982492e-06, 0.00659084299999968, 6.7519999991105806e-06, 0.003717529999999414, 6.88699999962239e-06, 0.004055583000001306, 0.01083048399999953, 0.005221748000000304, 2.631999999991308e-05, 0.00019871400000148753, 0.0028637620000004915, 7.156999998869651e-06, 7.259999998510125e-06, 0.0022240849999999313, 6.2000000013995304e-06, 0.0003021959999998103, 4.236999998852298e-06, 0.00684697900000053, 0.0014424840000000216, 0.006135041000000285, 2.0391999999702648e-05, 0.001207882999999299, 0.009314534000001373, 3.03100000031975e-06, 0.009821063000000407, 3.5310000008337283e-06, 0.001081958000000327, 2.6489999989109947e-06, 3.2929999989050884e-06, 0.0013663470000011557, 4.39899999982174e-06, 1.5964999999340534e-05, 3.859999999633601e-06, 4.153999999090274e-06, 0.002023384000001016, 0.0012401210000003715, 4.6650000005143966e-06, 0.009524707000000632, 0.00019870500000074287, 0.013707571999999502, 0.005355599999999683, 3.0793000000528536e-05, 3.773699999953806e-05, 4.96299999994676e-05, 4.924000000627871e-06, 0.0011681599999988634, 0.0004560170000011965, 2.679000001393206e-06, 2.7879999997537652e-06, 0.0012066330000006786, 2.7019999997435207e-06, 2.706000000074482e-06, 0.0007376019999991712, 0.0012972639999997426, 0.014355631999999119, 4.470000000367236e-06, 3.827000000455882e-06, 0.0019875699999989394, 0.001653632000000016, 0.001617398999998798, 4.3289999993589845e-06, 0.014753521999999464, 0.01034512699999901, 4.71100000076774e-06, 0.001905809000000147, 0.0014323229999995135, 6.674999999844999e-06, 7.886000000567606e-06, 0.013313953000000822, 8.353000000127508e-06, 6.985000000625519e-06, 0.012529172999999005, 0.01476549999999932, 0.002533056000000755, 5.3362999999251315e-05, 0.0013120900000007651, 3.95700000055399e-06, 3.0269999999887887e-06, 0.0016221279999992788, 0.0018531989999992504, 0.0006493370000004717, 0.0015193770000010431, 0.015191487999999254, 0.001715176999999457, 3.3109999986180583e-06, 3.142000000622147e-06, 3.8120000009911337e-06, 0.007916904000000002, 3.975999998573343e-06, 0.0010671870000003025, 0.0012971519999993575, 5.3280000003042005e-06, 4.635000001584899e-06, 0.015662633999999898, 0.010526945999998816, 0.007410407000000063, 0.0034435550000004866, 0.005858046000000172, 1.1971000001054222e-05, 0.011960157999999055, 0.006394406000000075, 1.114899999876684e-05, 0.008398458000000275, 1.0032000000492758e-05, 0.0045084519999996076, 0.0001349059999995461, 8.70500000083041e-06, 0.002550295000000702, 0.014569212999999692, 0.00023399900000065088, 7.460999999153728e-06, 8.119000000306187e-06, 6.5879999997520144e-06, 2.536100000050112e-05, 0.010852835999999755, 8.032000000213202e-06, 0.0018254680000016066, 0.0029884629999994416, 5.974000000463775e-06, 1.7164999999152997e-05, 0.016715243000000157, 4.911999999634986e-06, 0.0027303530000004628, 0.012318483999999685, 5.256999999758705e-06, 0.007737350999999393, 4.1867000000195276e-05, 0.010535987999999108, 0.0018657100000005755, 1.0745000000866867e-05, 9.648000000694879e-06, 0.01723898100000021, 9.23899999882849e-06, 0.005270943000001083, 7.837000000066041e-06, 3.8449999999912166e-05, 6.823000001432433e-06, 4.6342000000976213e-05, 0.0154994360000007, 0.010194698999999474, 5.11500000044407e-06, 0.002391407999999373, 0.003057306000000537, 0.002545248000000555, 0.011370108000001267, 1.6494000000477627e-05, 5.927000000127691e-06, 6.661000000462991e-06, 5.824999998793601e-06, 1.7474999999933516e-05, 4.338399999959108e-05, 6.4090000009287e-06, 8.598000000858974e-06, 8.452000001213378e-06, 8.281999999582013e-06, 1.0695000000282562e-05, 0.00878578800000085, 1.2136000000495528e-05, 0.0019745570000004875, 0.0035169560000003486, 1.0108000001451956e-05, 3.87079999999429e-05, 7.222000000695061e-06, 0.0001681710000003278, 0.008015176000000679, 0.003007913000001139, 0.012525053000000952, 0.004784276000000531, 6.237999999214594e-06, 0.0070811969999997615, 0.0032707550000008467, 4.259000000672586e-06, 0.0020690150000000074, 0.0012531679999998602, 0.009352194999999952, 1.9914000001008958e-05, 0.011025190999999879, 0.008989004000000023, 0.007531623000000209, 0.005943665000000209, 0.015941462000000683, 0.01643067599999881, 0.0021405839999992793, 0.008141317999999842, 0.005351540999999571, 1.2141999999215614e-05, 6.315000000256532e-06, 1.0784000000541027e-05, 1.3295999998774732e-05, 0.0015763199999998534, 1.445400000044117e-05, 0.007340504000000081, 0.015031640000000124, 1.2843000000373195e-05, 1.0518999999931111e-05, 1.0542000000057783e-05, 0.0017082149999989582, 8.627999999788472e-06, 0.0008876139999998145, 0.002022837000000166, 0.009188746999999609, 7.036999999598947e-06, 0.012516560999999982, 7.860999998499096e-06, 0.011565852000000376, 0.010013262999999384, 6.035000000181867e-06, 6.551000000243334e-06, 1.1686000000565855e-05, 0.011941037999999793, 0.0026779989999994314, 0.001955446000000194, 8.174999999610577e-06, 1.5658000000584593e-05, 0.008621430999999902, 0.008602664999999732, 0.008940818999999323, 1.3169999999007587e-05, 1.1917000000138955e-05, 1.1898999998649629e-05, 0.013963713999999072, 0.014359269999999924, 0.0002720450000008867, 0.0035949649999995614, 1.0192999999603103e-05, 0.009713528999999, 0.0017519359999997874, 7.46110000005018e-05, 0.002229454000000075, 7.322000000087314e-06, 9.556000000188192e-06, 0.0015295669999986217, 4.331000001300822e-06, 0.010186594000000326, 1.2515999999962446e-05, 5.146999999539048e-06, 5.9409999995097e-06, 0.013533804999999788, 5.971000000215554e-06, 5.954999998891708e-06, 5.700700000055292e-05, 8.404000000794554e-06, 0.008147970999999643, 7.81500000002211e-06, 6.424000000393448e-06, 0.006490575000000831, 0.0016263900000001996]
App Gdpt (overall): 133.41399053107338 Gbps
App Gdpt (per flow): [2.332799999999912, 2.332799999999894, None, 2.332799999812056, None, 2.332799999999616, 2.332800000012971, None, None, 2.332799999999573, 2.332799999999792, 2.332799999999781, None, 2.332800000000033, 2.3328000000000304, None, 2.3328000000022078, 2.332799999999119, None, None, None, 2.3327999999999918, None, None, 2.3327999999997853, 2.3328000000013445, 2.332799999999669, None, 2.3328000000000553, None, 2.3327999999998896, None, 2.332800000088315, 2.332800000008843, 2.3328000000002573, None, None, 2.3327999999986337, None, 2.3328000000000526, None, None, None, None, 2.3327999999962286, 2.332799999999517, 2.3327999999608102, None, None, None, 2.332800000088315, 2.3328000000005114, 2.332800000000804, None, 2.3327999999999323, None, 2.332800000000768, None, 2.332799999999781, 2.3328000000002285, 2.332800000000113, 2.332800000088315, 2.3327999999847173, 2.332800000000065, None, None, 2.332800000001984, None, 2.3327999999752995, None, 2.3327999999994624, 2.332799999998717, 2.3327999999996862, 2.332800000088315, 2.332800000001984, 2.332799999999692, None, 2.3328000000000304, None, 2.332799999999062, None, None, 2.332799999992224, None, 2.332800000088315, None, None, 2.3327999999998843, 2.3327999999916242, None, 2.332799999999629, 2.3327999999962286, 2.3327999999998106, 2.3327999999999323, 2.3327999992595374, 2.332800000088315, 2.332800000088315, None, 2.3328000000067957, 2.332799999988861, None, None, 2.332800000001984, None, None, 2.332800000010617, 2.3328000000015825, 2.332799999999938, None, None, 2.332800000000768, 2.3327999999991986, 2.332800000000804, None, 2.3327999999997324, 2.332799999999894, None, 2.3327999999986577, 2.332799999998167, None, None, 2.3327999999996805, None, None, 2.3328000000002764, 2.332799999999938, 2.3327999999978157, 2.332800000088315, 2.3328000000029996, None, None, 2.332800000000804, 2.332800000001794, 2.332800000005437, 2.3327999999926865, 2.332800000000196, 2.33279999999724, None, None, None, 2.3327999999999025, None, 2.3327999999962286, 2.3328000000015825, None, None, 2.332800000000156, 2.3328000000001374, 2.3327999999998967, 2.332799999999781, 2.332800000000113, None, 2.3328000000005407, 2.332799999999629, None, 2.332799999999616, None, 2.3328000000002573, 2.332800000012971, None, 2.332799999999517, 2.3328000000000855, 2.3327999999962286, None, None, None, 2.332800000088315, 2.3328000000000304, None, 2.332799999997073, 2.332800000001984, None, 2.332800000088315, 2.3327999999999482, None, 2.332800000000065, 2.332800000000247, None, 2.332800000000193, 2.332799999673926, 2.3327999999998106, 2.33280000000149, None, None, 2.3328000000000553, None, 2.332799999998913, None, 2.332800000088315, None, 2.332799999673926, 2.33279999999972, 2.3328000000001374, None, 2.332800000003622, 2.332800000001075, 2.332800000002579, 2.3327999999995592, None, None, None, None, 2.332800000088315, 2.332799999969918, None, None, None, None, None, 2.332799999999616, None, 2.332800000004032, 2.3328000000008444, None, 2.332800000088315, None, 2.332799999977811, 2.3327999999999025, 2.332799999999119, 2.3327999999998887, 2.332799999999221, None, 2.3328000000002285, 2.3327999999986577, None, 2.332800000000768, 2.332799999999062, 2.33280000000009, 2.332800000088315, 2.332799999999669, 2.3328000000000855, 2.3328000000000992, 2.3327999999998927, 2.3327999999996805, 2.332800000000121, 2.3328000000037457, 2.3328000000001903, 2.3327999999999323, 2.332800000088315, None, None, None, 2.332800000000562, None, 2.3327999999999713, 2.332800000000196, None, None, None, 2.332800000004506, None, 2.332800000005437, 2.3327999999998843, 2.332799999999589, None, 2.332800000000247, None, 2.332800000000188, 2.3328000000000304, None, None, None, 2.3327999999997138, 2.332800000001075, 2.3327999999975724, None, 2.332800000088315, 2.3327999999996036, 2.3328000000000855, 2.332800000000196, None, None, None, 2.3328000000002853, 2.332799999999938, 2.3327999999752995, 2.3327999999998843, None, 2.3327999999999918, 2.3327999999952884, 2.3327999999225595, 2.3328000000002573, None, None, 2.332800000005437, None, 2.332800000000384, None, None, None, 2.3328000000002853, None, None, 2.332799999812056, None, 2.3328000000001903, None, None, 2.332799999999997, 2.332800000000804]
Network Gdpt (overall): 89.52309354471707
Network Gdpt (per flow): [0.6008500547393987, 1.2495487786002324, 0.33189591084714964, 0.5723762438180504, 1.6017922148008779, 1.6628156981090285, 0.7698883512561023, 0.8911958476917817, 1.8338658149137006, 1.4396312711869426, 1.37615242276961, 2.0087304949691567, 0.6219081273354155, 1.4671169189832138, 1.539020299073581, 0.6280304780186218, 0.8317688626934471, 0.8831093905637427, 0.7360970676575114, 0.43272926970814035, 0.44390539718257294, 1.532002666047369, 0.3895287957033336, 0.5352351841930666, 1.2479058374858119, 0.78831767549689, 1.9992141000146397, 0.3042944784793626, 1.5901542415300305, 0.26797172374784806, 1.4343452132727594, 0.3251088534092257, 0.45462725825865197, 0.6240787850336018, 0.8266156484416047, 0.4789115646841606, 0.6277450455500354, 1.0240682311247757, 1.2403445403724538, 1.486703862545977, 0.46412724993797916, 0.33986206899087434, 0.2788027880572381, 0.5209748302642229, 0.8234701022752335, 0.820851045126661, 1.1341083738008029, 0.13438320207061577, 0.3997404282805253, 0.43582375478693597, 0.9019702972915635, 1.3432957223540665, 2.3205906197505213, 0.5873684210529022, 1.892645295905335, 0.7725118484429928, 1.7841028855183538, 0.8619137505917625, 1.9406945931071973, 2.3313905454272494, 2.331174924565355, 0.9118541033464765, 0.9590466700814909, 0.8815900203995887, 0.0670672069408704, 0.5013774105712108, 0.7552085464359735, 0.5870967740610227, 0.8666428410705782, 0.5267878217145612, 1.8442551087127657, 0.6041578277471272, 2.3306915145309275, 0.8171832091135245, 2.3237946059358636, 2.331079579504117, 0.7363906300773801, 2.3312971314814956, 2.421976776545095, 1.4077441083660729, 2.135145338741104, 1.190403887428906, 0.5975641619583527, 0.5073880427575466, 2.0043845913762497, 1.4652849742323522, 0.5931632163070814, 2.3276807565927355, 0.5662286180137178, 0.6276527330497615, 1.293746043841473, 1.0927153317691465, 1.115694595658557, 2.3291746956458175, 0.5635046926152751, 0.6359806025994061, 0.6265565182416599, 1.4622258324699253, 0.6159841117661109, 0.6596771611567347, 1.015304217463782, 0.1721664275618341, 2.326201918892009, 1.8919319024741827, 1.082039911278421, 0.5144779976198904, 2.3283710948585634, 1.3715704052598459, 1.9615212526352708, 0.7650901488505902, 0.8348002837640363, 0.6567410403281925, 2.3272278516326503, 1.280665280854915, 1.4129388223368466, 1.4164002046568789, 0.9170027593496032, 2.324732436461187, 2.3255089808661396, 0.545318352072588, 0.39969566317184, 1.4256213763109147, 1.3638213815187479, 0.37108088758308977, 1.2714013925740562, 1.3334976804037049, 0.8030742312840276, 0.7495830444420517, 0.6097203697913509, 0.7965630527062705, 1.868516683191592, 2.320443269582717, 2.2952570123347362, 0.5452946620934012, 0.5998774497701191, 1.3722042238391017, 0.6204001103095115, 3.4164904876838995, 0.2342457033272644, 0.7135362012835232, 1.6990197178088804, 1.2857142861756221, 0.5966714362148523, 2.328572133413429, 0.3123123122944809, 0.5868392662502523, 1.4148261397157174, 2.0626039119040263, 2.332175277282321, 2.2856170440137844, 2.0779638807888574, 0.22721577142765553, 1.3537787711501204, 1.9270831411080023, 0.21024307115070978, 1.6614345157169974, 0.22248803826658367, 2.0716645092374977, 1.019672957470111, 0.38874210220300803, 0.8977094806676756, 1.376476821362995, 0.9470125940682808, 0.3924406916408138, 0.6690479122792397, 0.39344262296562965, 0.6308899491220319, 1.3015156591328128, 0.704183266913579, 0.6974036247137061, 0.9392359885334116, 0.4901238700657337, 0.7652781823855633, 1.4862759697839731, 0.6416938111226034, 0.9246657849734347, 1.4974920615231933, 0.6437131444084697, 2.312358325220273, 0.6250268708022535, 1.4515453130737523, 0.6577871158966944, 0.20772452301721087, 0.22056384741363338, 1.5631907709626036, 0.6000649421693887, 0.7591309562632679, 0.5512313385177486, 0.6805721716530502, 0.10787043820100878, 0.5812437961122219, 1.4297232492846192, 2.12982452939524, 0.5317693059166877, 0.6688377725592703, 0.7992919256363514, 0.7992274230250084, 1.4474374385888127, 0.6639990299310571, 0.6141386873496845, 1.080918780888687, 0.44497854086469046, 1.266723891278067, 2.1008666789797874, 0.8825089716305843, 0.27262153986576243, 0.30667297676619615, 0.895435885097112, 0.7996259934337594, 1.5881885608893196, 0.628872775188561, 0.6995027239019481, 1.2597530364325176, 0.2690937870606735, 0.7806138266003042, 0.4685682635937852, 1.057399908424481, 1.678188476460013, 0.8671580594249276, 1.335563210790304, 1.9522285085557278, 1.6979801220477084, 1.7832544413042635, 1.3545789886429445, 0.1728105188738601, 0.8019390869568341, 0.6128914878133545, 1.5477418937479464, 1.6069097116791553, 1.444837372885438, 2.230968414298175, 1.7321716713648092, 2.3190970554362527, 1.1906471313609246, 1.4281632721624904, 0.8040833716409073, 2.3313984295909296, 2.3309413120446987, 1.8982045792693896, 0.986856690379547, 0.2173590504341991, 0.23706377860187025, 0.6298670320747642, 0.2518334025106475, 1.7592546778804097, 1.386796384160333, 0.43167484231401554, 0.23424279874666193, 0.24587364826273883, 0.6103634495661471, 0.31525266574718186, 0.5263008469899052, 2.328310190094216, 1.5656724469615513, 0.3501492113315942, 1.473793959858465, 1.460373998497886, 1.2903537067567106, 2.286548950127587, 0.36984258491014715, 0.3761257823093384, 0.9714187916695463, 1.471095561374171, 0.9125022078053499, 0.8179535512613704, 0.09003058104404404, 0.7857963979780707, 2.3260853099677106, 2.331159472093895, 2.3315340574506185, 0.22232346243133158, 0.20676344717389186, 0.20707622491634844, 1.3844419901468394, 1.371222910356871, 0.9626936719996559, 1.3101078870032323, 0.24173452370214302, 1.4993043208087917, 0.6589692774166066, 0.8969186849063802, 0.8375934197341309, 0.4621688063315551, 0.5684386772596302, 0.6131251524129673, 0.11082890784018272, 1.447263727208479, 0.6832853946968409, 0.47872547119111514, 0.5305504124322722, 1.4284195760172622, 0.5667392396378893, 0.19345088164809407, 0.6710754819518471, 0.4664445501700839, 2.3294947907891217, 0.5015994881623685, 0.38356164381212465, 2.3276249022618285, 2.3143624837828183]
Processing DCTCP results exp_id 4:: 30flo-2.3328Gbps_target
DCTCP-82 FCT (ms): [0.0013061490000012554, 0.015573207999999283, 4.382999998497894e-06, 6.445700000057286e-05, 5.461000000650529e-06, 0.015195772000000218, 0.0003979390000008465, 7.963999999915927e-06, 9.245999999407672e-06, 0.01621697700000091, 0.015854493000000858, 0.012564251000000581, 2.271399999997925e-05, 0.016188088999999906, 0.015307688000000041, 2.5806000000017093e-05, 0.0026252610000003784, 0.003992481999999242, 2.8958000001466644e-05, 3.0257999998895002e-05, 3.313600000076633e-05, 0.015443601999999501, 4.077300000027151e-05, 4.1338999999140924e-05, 0.016218007000000867, 0.002921208000000064, 0.015839025000000007, 4.785299999987558e-05, 0.011566153999998718, 5.0742000000880694e-05, 0.015252723999999773, 3.1160000002472543e-06, 1.7243000000277675e-05, 0.0012454269999988554, 0.002622938000000019, 5.571999999176569e-06, 7.898999999866874e-06, 0.004690928000000483, 8.832000000680296e-06, 0.01605139199999961, 1.2919999999638776e-05, 1.363999999881571e-05, 1.3806999998422498e-05, 1.541800000026683e-05, 0.002742881000001418, 0.0030415640000001076, 0.00026053600000075505, 1.764200000131666e-05, 1.8402000000250496e-05, 1.8688000000821603e-05, 6.144600000013156e-05, 0.010009409000000247, 0.006194777999999346, 2.3579000000495398e-05, 0.014578523999999149, 2.5248000000033244e-05, 0.011775502999999077, 2.7870999998569346e-05, 0.012343119000000513, 0.010837792000000235, 0.014655397000000292, 3.2119000000108144e-05, 0.0002931250000006713, 0.003818049000001267, 3.0349999988743548e-06, 3.0559999988355457e-06, 0.0024253039999990733, 3.2300000007978724e-06, 0.000395177999999774, 4.1519999989247935e-06, 0.014615437000001563, 0.0012899120000007258, 0.01545806600000077, 2.7256000000974723e-05, 0.0040783280000002975, 0.016227170000000513, 8.929000001600684e-06, 0.01540257499999953, 1.2499000000332217e-05, 0.002166514999998981, 1.4695999999148057e-05, 1.6060999998401826e-05, 0.0011870760000007863, 1.8411999999301543e-05, 6.521599999942396e-05, 2.38849999991686e-05, 2.3802999999489316e-05, 0.010344383999999707, 0.0010495940000012638, 2.761900000081141e-05, 0.014452523000000994, 0.00032689500000060434, 0.015624933999999868, 0.014580840999999012, 2.2142000000613393e-05, 4.555699999997387e-05, 4.795499999943331e-05, 7.5049999992415906e-06, 0.001052067999999906, 0.0004475460000001874, 9.084000000214587e-06, 9.035999999795763e-06, 0.0040782909999990125, 1.0528000000675775e-05, 1.138600000061274e-05, 0.0005642789999988906, 0.0043856110000000115, 0.016308797000000652, 1.7569000000605683e-05, 1.86830000004079e-05, 0.0024461689999988323, 0.0017063190000001782, 0.006192686000000336, 2.373599999927478e-05, 0.016218686000000204, 0.01557100099999964, 2.7291000000317922e-05, 0.009575337999999434, 0.005703881000000521, 2.9958000000718243e-05, 2.575999999976375e-06, 0.016254684000001518, 2.9739999991562627e-06, 2.901000000221643e-06, 0.01568454799999941, 0.016241765000000186, 0.0030148290000013844, 6.372300000023756e-05, 0.001159189000000893, 5.7560000001899425e-06, 7.473000000146612e-06, 0.005778015999998942, 0.006768494999999319, 0.0005317050000002155, 0.0013700510000003163, 0.016172821999999698, 0.0015605789999995068, 1.5218999999788707e-05, 1.6936999999828117e-05, 1.956900000088524e-05, 0.01521098099999918, 2.3511999998504507e-05, 0.0009441250000001844, 0.00506678100000002, 2.6392000000541316e-05, 2.798000000048262e-05, 0.01600882299999995, 0.016070119000000105, 0.016011407000000588, 0.012392600000000087, 0.01502402800000091, 4.070000001021867e-06, 0.016202585999998576, 0.015151654000000292, 4.41699999953471e-06, 0.015589466999999857, 5.5309999993369274e-06, 0.013402240999999648, 0.0002188630000006242, 1.0071000000166919e-05, 0.003323956000000905, 0.016366782000000413, 0.000341691000000921, 1.2291999999192171e-05, 1.3440000000031205e-05, 1.352600000004145e-05, 3.595000000089499e-05, 0.015691652999999306, 1.543700000006254e-05, 0.0018059650000008531, 0.004493367000000248, 1.6431000000594054e-05, 4.10649999995627e-05, 0.010715742000000361, 2.2947999999800572e-05, 0.003884242000001592, 0.016391510000000054, 2.3553000000120505e-05, 0.01632270700000049, 6.978200000062884e-05, 0.016137989999998936, 0.001713509000000002, 4.276000000302815e-06, 4.520000000951541e-06, 0.011567656000000426, 5.867999998798723e-06, 0.005836850999999754, 8.209000000647393e-06, 4.863999999926705e-05, 8.838000001176738e-06, 5.277400000025523e-05, 0.01611001400000056, 0.01617755900000084, 1.3668999999438824e-05, 0.0023711540000004305, 0.0038088619999996354, 0.0030723629999993562, 0.016276214000001232, 2.7988999999450925e-05, 2.8028999999207826e-05, 2.940599999945448e-05, 3.1191999999791165e-05, 5.623300000046072e-05, 0.0001699520000002508, 3.7503999999799476e-05, 3.966300000080025e-05, 4.131700000087335e-05, 4.2035999999967544e-05, 4.441899999996224e-05, 0.015498752000000948, 3.711999999822524e-06, 0.002043262999999129, 0.009495314999998783, 4.244000001207837e-06, 4.9703000000178577e-05, 8.324000001280751e-06, 0.0002890970000013482, 0.015293724000001063, 0.003665130999999988, 0.01595656699999992, 0.01355891600000092, 1.3714999999692168e-05, 0.015139001999999735, 0.009678728000000802, 1.713800000047172e-05, 0.0024497629999995496, 0.0011275709999996053, 0.015961421999998393, 6.95400000001456e-05, 0.016290320999999608, 0.01638598199999919, 0.015333195000000188, 0.015459916000001073, 0.016380873000001017, 0.015144582999999656, 0.0025437929999991837, 0.016329754999999224, 0.01525943500000082, 5.8729999999229676e-05, 4.075100000022758e-05, 5.235999999797514e-06, 7.788999999647217e-06, 0.0014441989999998128, 8.424000000673004e-06, 0.015240558000000348, 0.016179103999999, 1.1596000000224649e-05, 1.2133000000247307e-05, 1.2654000000722476e-05, 0.0015327169999999057, 1.9573999999522584e-05, 0.0007032680000005342, 0.01039966199999931, 0.015857061000000172, 2.473900000055096e-05, 0.016392946999999936, 3.126199999847756e-05, 0.01594596900000056, 0.015891247000000774, 3.581700000054866e-05, 4.050099999908241e-05, 4.563799999957041e-05, 0.016016626000000755, 0.0035865589999986014, 0.0023813249999999897, 5.112000000018213e-05, 7.350599999966789e-05, 0.01634062699999994, 0.016388263999999708, 0.01629325599999909, 4.258999998896229e-06, 4.058000000028983e-06, 4.033999999819571e-06, 0.016371551999998957, 0.016395220999999793, 0.00039878100000123595, 0.00959659399999957, 8.233999999163188e-06, 0.01598396800000046, 0.0017108650000015047, 0.00011598600000084502, 0.0026905140000010874, 1.4680000001376925e-05, 1.510899999956905e-05, 0.0015121119999985666, 1.875800000128436e-05, 0.016079484999998783, 1.94919999998433e-05, 2.1676999999442614e-05, 2.4898999999578564e-05, 0.016364643999999373, 2.572100000008959e-05, 2.934799999998461e-05, 9.417200000072512e-05, 3.305500000116979e-05, 0.01635933999999928, 3.4959000000611695e-05, 3.892099999980303e-05, 0.016019546000000773, 0.0063281479999997]
App Gdpt (overall): 133.41399053107338 Gbps
App Gdpt (per flow): [2.332799999999912, 2.332799999999894, None, 2.332799999812056, None, 2.332799999999616, 2.332800000012971, None, None, 2.332799999999573, 2.332799999999792, 2.332799999999781, None, 2.332800000000033, 2.3328000000000304, None, 2.3328000000022078, 2.332799999999119, None, None, None, 2.3327999999999918, None, None, 2.3327999999997853, 2.3328000000013445, 2.332799999999669, None, 2.3328000000000553, None, 2.3327999999998896, None, 2.332800000088315, 2.332800000008843, 2.3328000000002573, None, None, 2.3327999999986337, None, 2.3328000000000526, None, None, None, None, 2.3327999999962286, 2.332799999999517, 2.3327999999608102, None, None, None, 2.332800000088315, 2.3328000000005114, 2.332800000000804, None, 2.3327999999999323, None, 2.332800000000768, None, 2.332799999999781, 2.3328000000002285, 2.332800000000113, 2.332800000088315, 2.3327999999847173, 2.332800000000065, None, None, 2.332800000001984, None, 2.3327999999752995, None, 2.3327999999994624, 2.332799999998717, 2.3327999999996862, 2.332800000088315, 2.332800000001984, 2.332799999999692, None, 2.3328000000000304, None, 2.332799999999062, None, None, 2.332799999992224, None, 2.332800000088315, None, None, 2.3327999999998843, 2.3327999999916242, None, 2.332799999999629, 2.3327999999962286, 2.3327999999998106, 2.3327999999999323, 2.3327999992595374, 2.332800000088315, 2.332800000088315, None, 2.3328000000067957, 2.332799999988861, None, None, 2.332800000001984, None, None, 2.332800000010617, 2.3328000000015825, 2.332799999999938, None, None, 2.332800000000768, 2.3327999999991986, 2.332800000000804, None, 2.3327999999997324, 2.332799999999894, None, 2.3327999999986577, 2.332799999998167, None, None, 2.3327999999996805, None, None, 2.3328000000002764, 2.332799999999938, 2.3327999999978157, 2.332800000088315, 2.3328000000029996, None, None, 2.332800000000804, 2.332800000001794, 2.332800000005437, 2.3327999999926865, 2.332800000000196, 2.33279999999724, None, None, None, 2.3327999999999025, None, 2.3327999999962286, 2.3328000000015825, None, None, 2.332800000000156, 2.3328000000001374, 2.3327999999998967, 2.332799999999781, 2.332800000000113, None, 2.3328000000005407, 2.332799999999629, None, 2.332799999999616, None, 2.3328000000002573, 2.332800000012971, None, 2.332799999999517, 2.3328000000000855, 2.3327999999962286, None, None, None, 2.332800000088315, 2.3328000000000304, None, 2.332799999997073, 2.332800000001984, None, 2.332800000088315, 2.3327999999999482, None, 2.332800000000065, 2.332800000000247, None, 2.332800000000193, 2.332799999673926, 2.3327999999998106, 2.33280000000149, None, None, 2.3328000000000553, None, 2.332799999998913, None, 2.332800000088315, None, 2.332799999673926, 2.33279999999972, 2.3328000000001374, None, 2.332800000003622, 2.332800000001075, 2.332800000002579, 2.3327999999995592, None, None, None, None, 2.332800000088315, 2.332799999969918, None, None, None, None, None, 2.332799999999616, None, 2.332800000004032, 2.3328000000008444, None, 2.332800000088315, None, 2.332799999977811, 2.3327999999999025, 2.332799999999119, 2.3327999999998887, 2.332799999999221, None, 2.3328000000002285, 2.3327999999986577, None, 2.332800000000768, 2.332799999999062, 2.33280000000009, 2.332800000088315, 2.332799999999669, 2.3328000000000855, 2.3328000000000992, 2.3327999999998927, 2.3327999999996805, 2.332800000000121, 2.3328000000037457, 2.3328000000001903, 2.3327999999999323, 2.332800000088315, None, None, None, 2.332800000000562, None, 2.3327999999999713, 2.332800000000196, None, None, None, 2.332800000004506, None, 2.332800000005437, 2.3327999999998843, 2.332799999999589, None, 2.332800000000247, None, 2.332800000000188, 2.3328000000000304, None, None, None, 2.3327999999997138, 2.332800000001075, 2.3327999999975724, None, 2.332800000088315, 2.3327999999996036, 2.3328000000000855, 2.332800000000196, None, None, None, 2.3328000000002853, 2.332799999999938, 2.3327999999752995, 2.3327999999998843, None, 2.3327999999999918, 2.3327999999952884, 2.3327999999225595, 2.3328000000002573, None, None, 2.332800000005437, None, 2.332800000000384, None, None, None, 2.3328000000002853, None, None, 2.332799999812056, None, 2.3328000000001903, None, None, 2.332799999999997, 2.332800000000804]
Network Gdpt (overall): 94.07321890170886
Network Gdpt (per flow): [0.678182963811287, 0.9409005517681825, 0.5092402465810936, 0.5675721798978367, 2.0948544220174394, 0.9182480495232359, 0.6581310200795673, 0.5605223505835164, 1.2416179970512056, 1.1491498076367102, 1.4264781598502567, 0.6264319297664172, 0.10847935194163297, 1.1165458751802084, 0.9227478375571779, 0.10540184453220951, 0.6884923060982278, 0.6533118997156394, 0.1256992886185387, 0.10417079780934327, 0.08836310960684104, 0.9430142009616974, 0.05474210874807194, 0.07624761121617607, 1.1920054048564024, 0.6497531158342572, 1.0057189757576614, 0.046642843708979656, 2.329885630089569, 0.04855937881749309, 1.5196629795438734, 0.7907573811952767, 0.7618163892471417, 0.6884385837152944, 0.7119405796095777, 0.44221105534173194, 0.296746423602925, 0.6679616485266193, 0.5054347825697639, 1.0855013696008686, 0.4291021671946596, 0.18064516130600708, 0.1970015209901333, 0.3383058762426859, 0.6919964810719162, 0.6447235698475952, 0.5942211441012042, 0.029021652871657883, 0.13389848929281922, 0.19477739725171075, 0.5446082739304161, 0.4517453527975417, 0.607617577256263, 0.09466050298795985, 0.8556509561599466, 0.20659062103901824, 0.5632418419833548, 0.2129812349863551, 0.6376547127188577, 2.3298184722496478, 0.830602405380063, 0.7472212708963291, 0.6501526652437136, 0.6612445256724475, 0.15815486002570883, 1.1910994768936456, 0.6925515316845401, 1.126934984241749, 0.6627292005125534, 0.5375722544744704, 0.8639889453868981, 0.6756181817050386, 0.9250114470981874, 0.6113883181466123, 0.6882408673357796, 1.3380595630660992, 0.2499720012991235, 1.4864927455312311, 0.6842147371607883, 0.7030276734759356, 0.38486663039792357, 0.24406948511238813, 0.6878076888080117, 0.12122528786034492, 0.49067713444986893, 0.23680133976122575, 0.10351636348581542, 0.4552994165723289, 0.6690129707288289, 0.10601397588305078, 0.8526228949782092, 0.6642132794921874, 0.9787858303913559, 0.8555149870985388, 0.7836690452316549, 0.526812564479965, 0.6484412470100608, 0.9593604264793588, 0.6839557899299896, 0.6721633083523795, 0.2994275649422883, 0.05312084993479961, 0.6882471113514655, 0.4855623099992277, 0.25715791321293074, 0.6725042044817299, 0.6887323111876527, 1.207309159590325, 0.4990608457907523, 0.15672001284248108, 0.6782949174814954, 0.6364624668657424, 0.6078228413324681, 0.23356926188782395, 1.2852967250244405, 0.9410339129771002, 0.15829394305630703, 0.46269865356191736, 0.5839673022630899, 0.12150343814382573, 1.2236024844832716, 1.1677037831063481, 3.830531272102207, 0.8934850051023666, 1.0156242946880332, 1.2122918906904376, 0.6747420832156868, 0.6277168369325186, 0.6901445752154167, 0.5476025017192473, 0.7568580221984526, 0.6514443712168138, 0.628436306741813, 0.6659331772314658, 0.6652599063828935, 1.2889416578009942, 0.6818597456459022, 0.74328142454544, 0.04345515734825939, 0.13899534978164219, 0.8842937874947531, 0.21742089147350935, 0.6744445915528936, 0.5961402318355556, 0.06304940891049828, 0.09721229449439184, 1.3842306832925861, 1.3511362299183882, 1.0793784706115688, 0.6351086938979669, 0.8102226646541968, 0.6683046681368751, 0.9993101101269528, 0.813280979093092, 0.5306769300989176, 0.895058695720651, 0.4035436630387957, 0.696898376920714, 0.6285210382732929, 0.33601429847521724, 0.6887648332286519, 1.225297923562463, 0.6485391772080702, 0.23820370974556035, 0.4041666666657283, 0.19163093301730424, 0.4450625869152065, 0.9001687712569623, 0.36639243376155256, 0.7049350347317909, 0.62467009705636, 0.17819974437916986, 0.3198831121426978, 2.3184081886255905, 0.13735401778052084, 0.6499759798691651, 1.1253894241592106, 0.14367596484450756, 1.0961127955062517, 0.37499641741085366, 0.947668451895249, 0.7162145048552407, 0.5219831617965238, 0.4707964600778801, 2.3295831065514925, 0.9447852762670329, 0.6855299201573193, 0.5262516749493615, 0.5379934210607386, 0.08327675943675099, 0.5104028498857341, 1.3755359864987846, 1.3421629307609926, 0.19899041627856234, 0.6745508726973068, 0.6415774580439602, 0.6621066586208811, 1.0111393226949925, 0.39129658080727614, 0.1298654964537756, 0.24484799021062265, 0.08309823031602187, 0.39364785801608737, 0.5362926002628124, 0.1508105802055845, 0.05909789980467204, 0.06273446765121406, 0.17642021124763835, 0.19253022355314778, 0.900297520729356, 2.056034482856923, 0.6759815060521278, 0.46659810653996925, 0.6409048066036502, 0.6079311107959567, 0.4065353194953543, 0.6151015057201241, 0.8795095295298296, 0.7116624207975127, 1.0483458001962505, 0.6888456274822683, 0.7722931097512021, 0.834108879832384, 0.45775601917934183, 0.042945501224165114, 0.6772998041036236, 0.6811597673230944, 0.9068605541537251, 0.46016681046783153, 0.9778572196336944, 1.2238622012401208, 0.8508379369074638, 0.8915919077438095, 1.1587084522295497, 1.549444312860944, 0.6766305277200435, 1.162335625978522, 0.8174698473435832, 0.39243997957265975, 0.15292876248350218, 0.44766997709905404, 0.4046732571758585, 0.6874897434495723, 0.43209876539757786, 0.8473322302240972, 1.2884411893267569, 0.4780958951269918, 0.20308250226240637, 0.20483641535103608, 0.6802508225589357, 0.13895984469532757, 0.6642588600642217, 0.45287933396299923, 0.9072657284978499, 0.09959982214095657, 1.125290772915942, 0.3672189879265264, 0.9359130197731775, 1.4407815824647923, 0.06231677694853866, 0.06083800400127959, 0.2487400850192133, 1.0967608284041328, 0.6813438730551911, 0.6716697636819867, 0.014397496087585638, 0.1673876962432399, 1.227259149847804, 1.2236917833396117, 1.2794142558124149, 0.6874853253718776, 0.6071956628837856, 0.6108081309147764, 1.1808258618365095, 1.2009450802767616, 0.6567414194738173, 0.4907774570853171, 0.29924702456283864, 0.9111339562241104, 0.6747884841872297, 0.5769661855699175, 0.694059202070402, 0.2305177111500405, 0.35952081541828945, 0.6202027363058351, 0.02558908198993147, 0.9168631955563947, 0.4387441001471758, 0.11366886562085886, 0.12659142937681636, 1.1813243233400457, 0.1315656467473354, 0.03925310072238668, 0.4062353990539166, 0.11859022840300333, 1.1602336035561849, 0.11213135386971623, 0.06330772590664345, 0.9430744167156343, 0.5948116257711069]
Processing ExpressPass results exp_id 4:: 30flo-2.3328Gbps_target
ExpressPass FCT (ms): [0.0024701399999997875, 0.015097145000000367, 8.43299999964131e-06, 0.00014508000000112986, 9.705000000082009e-06, 0.013756997999999854, 0.0006067739999995325, 1.0518999999931111e-05, 0.0002885769999991794, 0.016130074000001215, 0.017144429000000017, 0.010905452000001148, 1.2671000000352706e-05, 0.015543800999999746, 0.01235801800000047, 1.2515999999962446e-05, 0.003996961000000354, 0.004138778999999815, 1.2735000000319019e-05, 0.00045743299999934095, 1.2938000001128103e-05, 0.014519505000000876, 1.2095000000655887e-05, 1.2156000000373979e-05, 0.015928120999999962, 0.0040365940000004485, 0.013725429000000844, 1.1820000000994924e-05, 0.01733824699999964, 1.156300000104693e-05, 0.017040484999998995, 7.864999998830058e-06, 0.00011655499999996266, 0.0017271779999994408, 0.003507879000000713, 1.0243000000187408e-05, 0.0002785989999996019, 0.005317172999999897, 1.0972000000109006e-05, 0.01563089299999909, 0.00018787299999978302, 8.820299999889869e-05, 1.0623999999737066e-05, 1.1127999998805649e-05, 0.003446789999999922, 0.004520945999999526, 0.00020550099999994131, 1.2319000001426161e-05, 0.00018239399999941952, 1.2569000000794972e-05, 0.0004987629999995136, 0.006049297000000564, 0.00591791999999991, 0.00028079400000002863, 0.013205317999998911, 0.00018062799999896129, 0.007975346000000272, 0.00010280299999898546, 0.009011792000000796, 0.017141406999998665, 0.012397715000000531, 8.778499999984035e-05, 0.0002807680000014301, 0.0033916850000004217, 8.161999998534952e-06, 8.196999999654508e-06, 0.002174303999998628, 7.883000000319385e-06, 0.0006390610000011065, 8.303999999625944e-06, 0.013147120000001067, 0.0023592550000000045, 0.014592307000000915, 0.00017728799999972011, 0.004502194999998821, 0.016799423000000147, 0.0001809340000011872, 0.016945744999999235, 0.0002671830000000597, 0.0034287049999992547, 1.0520000000013852e-05, 1.1982999998494392e-05, 0.0013305540000008165, 0.00018752899999974204, 0.00022980299999986187, 8.62270000006049e-05, 0.00037337399999870513, 0.006211343000000369, 0.0019529940000015955, 1.2597000001335346e-05, 0.011991451000000097, 0.00018642800000101545, 0.013839646000000982, 0.013823249999999732, 9.949800000086384e-05, 0.0001089509999996352, 0.0005641619999998682, 8.6558999999653e-05, 0.001525497999999459, 0.0020524500000007606, 0.00027575500000054376, 1.0888000000264242e-05, 0.003799860999999183, 1.0913000000556394e-05, 1.082900000071163e-05, 0.0008543669999987458, 0.0049475539999992435, 0.016362831000000355, 1.2232000001333176e-05, 0.00046284799999973814, 0.002981533999999897, 0.0010638540000016405, 0.003744171999999324, 0.00019002099999987365, 0.016830069999999253, 0.013293403000000481, 1.2442000000945086e-05, 0.003991336000000345, 0.00638282100000076, 1.2779000000406882e-05, 7.6030000002447196e-06, 0.015661073000000414, 8.066999999556401e-06, 8.0619999991427e-06, 0.01387103899999964, 0.0166847489999995, 0.0029685950000004624, 0.00014338000000080342, 0.001944878999999844, 1.0151999999763461e-05, 8.542899999852693e-05, 0.004636219999998303, 0.005822191000000032, 0.0009111229999998471, 0.0028754099999996896, 0.017150663000000677, 0.002444715999999403, 1.0659999999163006e-05, 0.00017479800000153034, 1.2413000000321972e-05, 0.011655587999999995, 0.00018566299999989155, 0.0008885710000008373, 0.0045316020000001345, 9.652000000137662e-05, 1.2578000001539635e-05, 0.01736074399999943, 0.016984541999999436, 0.01504377600000062, 0.007896345000000693, 0.013393781000001326, 1.2278999999892903e-05, 0.014562202999998775, 0.015230046000000996, 1.2560999998356692e-05, 0.014117153000000826, 1.254500000058556e-05, 0.011812441000000007, 0.00046817900000029056, 0.00038568999999988307, 0.004073180000000676, 0.016971010000000675, 0.0002490460000004191, 0.00028378799999906335, 0.00018934000000037088, 0.00017863799999950913, 0.0003679220000005756, 0.015542797000000164, 0.0002031860000002439, 0.0018428390000000405, 0.0030299139999989677, 1.439800000113678e-05, 0.00012004199999893217, 0.017630899000000255, 1.5635999998764305e-05, 0.0035926070000016352, 0.01702453899999945, 9.164999999988765e-05, 0.016353784999999732, 0.0002506230000012266, 0.015987273000000357, 0.0030401199999996464, 1.1706000000444305e-05, 1.2555000001412964e-05, 0.01775774599999913, 1.2663999999773523e-05, 0.005083153000001062, 1.3661000000553258e-05, 0.0002136809999999656, 1.3616000000382655e-05, 0.0005287159999998181, 0.017558452000001168, 0.01767985200000055, 0.00019225099999964357, 0.003987413999999134, 0.0030583859999993024, 0.004039818999999056, 0.015737214999999694, 1.5984999999218985e-05, 0.00018761900000008325, 0.00018923300000039944, 0.00045661399999907815, 0.00011140700000034087, 0.0004647979999994334, 1.5099000000518004e-05, 1.5165000000649798e-05, 1.5077000000474072e-05, 1.4996999999183913e-05, 1.4808999999615935e-05, 0.014933403000000567, 1.1044000000737242e-05, 0.002045186000000143, 0.006604161000000275, 1.2000999999983719e-05, 9.262799999909532e-05, 1.3571000000212052e-05, 0.0005063800000009167, 0.012788433000000765, 0.0057824580000005454, 0.01623579700000022, 0.01015479500000005, 8.965399999993906e-05, 0.012842841999999521, 0.005556307000000871, 1.4580000000208315e-05, 0.0030384370000007266, 0.0016152419999997392, 0.015428044000000085, 9.103100000018571e-05, 0.01580249100000053, 0.017178883999999783, 0.014893932999999748, 0.014877565000000814, 0.017484778000000034, 0.01763738100000012, 0.0022541059999987567, 0.016840142999999586, 0.01214334199999989, 0.00011758600000000285, 1.5236000001195293e-05, 1.2519000000210667e-05, 0.0001948709999997078, 0.0020116440000013114, 8.793599999989965e-05, 0.01459743600000074, 0.017468035999998577, 8.875500000016245e-05, 8.583600000022784e-05, 1.3787000000320404e-05, 0.0028263049999992518, 0.0004589399999996857, 0.0008041159999994107, 0.006921848999999369, 0.015479111999999517, 1.5498999999863372e-05, 0.01701888899999915, 1.5506999998748938e-05, 0.015073701000000383, 0.017256445999999315, 1.534500000133221e-05, 1.4917999999752851e-05, 1.4918999999835592e-05, 0.01543846900000112, 0.0046682100000001725, 0.0032105780000009077, 1.4024000000389947e-05, 0.00010447999999918522, 0.017206507000000926, 0.017104924999999938, 0.017461814999998992, 1.1687999998954979e-05, 1.2134000000330047e-05, 1.219800000029636e-05, 0.016975523999999353, 0.01726043699999913, 0.000831374000000551, 0.0066426369999987855, 0.000289361000000099, 0.01563469999999967, 0.002509857000001503, 0.0003660080000003063, 0.004417949000000476, 8.593999999995106e-05, 0.00046384000000010417, 0.0023609989999986425, 0.00019542700000130253, 0.014854078999999132, 1.491299999933915e-05, 1.524600000024634e-05, 1.5556999999333243e-05, 0.01649367399999946, 0.0002808569999999122, 0.0008203719999997361, 0.0005757319999997179, 1.5415000000018608e-05, 0.017041575000000364, 1.5378000000509928e-05, 1.4931000000828476e-05, 0.015524285999999776, 0.005907712000000842]
App Gdpt (overall): 133.41399053107338 Gbps
App Gdpt (per flow): [2.332799999999912, 2.332799999999894, None, 2.332799999812056, None, 2.332799999999616, 2.332800000012971, None, None, 2.332799999999573, 2.332799999999792, 2.332799999999781, None, 2.332800000000033, 2.3328000000000304, None, 2.3328000000022078, 2.332799999999119, None, None, None, 2.3327999999999918, None, None, 2.3327999999997853, 2.3328000000013445, 2.332799999999669, None, 2.3328000000000553, None, 2.3327999999998896, None, 2.332800000088315, 2.332800000008843, 2.3328000000002573, None, None, 2.3327999999986337, None, 2.3328000000000526, None, None, None, None, 2.3327999999962286, 2.332799999999517, 2.3327999999608102, None, None, None, 2.332800000088315, 2.3328000000005114, 2.332800000000804, None, 2.3327999999999323, None, 2.332800000000768, None, 2.332799999999781, 2.3328000000002285, 2.332800000000113, 2.332800000088315, 2.3327999999847173, 2.332800000000065, None, None, 2.332800000001984, None, 2.3327999999752995, None, 2.3327999999994624, 2.332799999998717, 2.3327999999996862, 2.332800000088315, 2.332800000001984, 2.332799999999692, None, 2.3328000000000304, None, 2.332799999999062, None, None, 2.332799999992224, None, 2.332800000088315, None, None, 2.3327999999998843, 2.3327999999916242, None, 2.332799999999629, 2.3327999999962286, 2.3327999999998106, 2.3327999999999323, 2.3327999992595374, 2.332800000088315, 2.332800000088315, None, 2.3328000000067957, 2.332799999988861, None, None, 2.332800000001984, None, None, 2.332800000010617, 2.3328000000015825, 2.332799999999938, None, None, 2.332800000000768, 2.3327999999991986, 2.332800000000804, None, 2.3327999999997324, 2.332799999999894, None, 2.3327999999986577, 2.332799999998167, None, None, 2.3327999999996805, None, None, 2.3328000000002764, 2.332799999999938, 2.3327999999978157, 2.332800000088315, 2.3328000000029996, None, None, 2.332800000000804, 2.332800000001794, 2.332800000005437, 2.3327999999926865, 2.332800000000196, 2.33279999999724, None, None, None, 2.3327999999999025, None, 2.3327999999962286, 2.3328000000015825, None, None, 2.332800000000156, 2.3328000000001374, 2.3327999999998967, 2.332799999999781, 2.332800000000113, None, 2.3328000000005407, 2.332799999999629, None, 2.332799999999616, None, 2.3328000000002573, 2.332800000012971, None, 2.332799999999517, 2.3328000000000855, 2.3327999999962286, None, None, None, 2.332800000088315, 2.3328000000000304, None, 2.332799999997073, 2.332800000001984, None, 2.332800000088315, 2.3327999999999482, None, 2.332800000000065, 2.332800000000247, None, 2.332800000000193, 2.332799999673926, 2.3327999999998106, 2.33280000000149, None, None, 2.3328000000000553, None, 2.332799999998913, None, 2.332800000088315, None, 2.332799999673926, 2.33279999999972, 2.3328000000001374, None, 2.332800000003622, 2.332800000001075, 2.332800000002579, 2.3327999999995592, None, None, None, None, 2.332800000088315, 2.332799999969918, None, None, None, None, None, 2.332799999999616, None, 2.332800000004032, 2.3328000000008444, None, 2.332800000088315, None, 2.332799999977811, 2.3327999999999025, 2.332799999999119, 2.3327999999998887, 2.332799999999221, None, 2.3328000000002285, 2.3327999999986577, None, 2.332800000000768, 2.332799999999062, 2.33280000000009, 2.332800000088315, 2.332799999999669, 2.3328000000000855, 2.3328000000000992, 2.3327999999998927, 2.3327999999996805, 2.332800000000121, 2.3328000000037457, 2.3328000000001903, 2.3327999999999323, 2.332800000088315, None, None, None, 2.332800000000562, None, 2.3327999999999713, 2.332800000000196, None, None, None, 2.332800000004506, None, 2.332800000005437, 2.3327999999998843, 2.332799999999589, None, 2.332800000000247, None, 2.332800000000188, 2.3328000000000304, None, None, None, 2.3327999999997138, 2.332800000001075, 2.3327999999975724, None, 2.332800000088315, 2.3327999999996036, 2.3328000000000855, 2.332800000000196, None, None, None, 2.3328000000002853, 2.332799999999938, 2.3327999999752995, 2.3327999999998843, None, 2.3327999999999918, 2.3327999999952884, 2.3327999999225595, 2.3328000000002573, None, None, 2.332800000005437, None, 2.332800000000384, None, None, None, 2.3328000000002853, None, None, 2.332799999812056, None, 2.3328000000001903, None, None, 2.332799999999997, 2.332800000000804]
Network Gdpt (overall): 86.90807237053995
Network Gdpt (per flow): [0.35860639477927414, 0.97057026345045, 0.2646744930742246, 0.2521643231301013, 1.1787738279137898, 1.01428291259475, 0.4316203396984739, 0.42437494058648495, 0.03978141016100606, 1.155341010834705, 1.319150844860449, 0.7217168073362913, 0.19445979006640463, 1.1628265184300994, 1.1429936418606497, 0.2173218280607352, 0.45221156773854937, 0.6302187190956842, 0.2858264624977476, 0.006890626605436297, 0.22631009427614, 1.0030325413985615, 0.18453906571963322, 0.25929582098577075, 1.2136994690083058, 0.47021424497975006, 1.1605909002916428, 0.18883248729375013, 1.5542410948465875, 0.2130934878298803, 1.3602312375499503, 0.31328671333331565, 0.11270215777962515, 0.49641669822118956, 0.5323376319421567, 0.24055452503709052, 0.008413526251003592, 0.589290587310223, 0.4068538096933696, 1.1147032994212815, 0.029509296173512976, 0.027935557747817717, 0.2560240963918785, 0.46872753419840274, 0.5506758462221496, 0.43375169710060807, 0.7533588644339649, 0.04156181507758148, 0.01350921631198308, 0.28960140025218994, 0.06709399053264303, 0.747475946378493, 0.6360437450996393, 0.007948887796746984, 0.9446291259325242, 0.02887702903220982, 0.831619844455623, 0.057741505598655506, 0.8733721328676146, 1.4730464074507983, 0.9818589957907146, 0.27339522697549296, 0.678766811029139, 0.744368654518237, 0.05880911542344501, 0.4440649018120557, 0.7724991537526766, 0.46175313964893105, 0.4098137736453117, 0.26878612717973766, 0.9604822957422595, 0.3693911849291401, 0.9798922130680985, 0.09399395334160411, 0.6234452306043464, 1.2924801048226366, 0.012335989918895039, 1.3511247808816333, 0.03200802446262708, 0.4442260270277936, 0.5376425855506229, 0.3271301010174856, 0.6136391307677095, 0.01190215913273718, 0.13924970518234853, 0.065594303407985, 0.006599281149754791, 0.7582566282363928, 0.35954641949715477, 0.23243629433115962, 1.027611420836386, 1.1646748342460218, 1.1050473400836205, 0.9024019676993648, 0.17439546523396804, 0.2202825123227906, 0.05511891974292361, 0.08318025855230379, 0.47169383375150625, 0.14656824770390925, 0.009863828398377678, 0.044085231446395194, 0.7386775463630391, 0.46843214512410586, 0.27038507708999776, 0.4441650953285381, 0.6105061208024131, 1.203322334625321, 0.7168083714065049, 0.006326050884959332, 0.5565001103459016, 1.0208242860376755, 1.005310653463751, 0.029175722683301774, 1.2386059000349332, 1.1022640327686952, 0.3472110592888487, 1.1100283213439353, 0.5218507615989236, 0.284842319421246, 0.4145731947781857, 1.2119639567480145, 1.4121730507780388, 0.3215083106270937, 1.1484077003893085, 1.1801052566029369, 0.6852507667767692, 0.2789789370886865, 0.4113407569314411, 0.31048069346665097, 0.06620702571840391, 0.8118803680587585, 0.7305785742858619, 0.38861931923577764, 0.31697740496141363, 1.215452953626293, 0.4352636461659596, 1.0611632271002052, 0.004210574491662128, 0.2191251107652822, 1.154036673224895, 0.027533757399174776, 0.7166112781076582, 0.666543972749573, 0.017239950269128338, 0.2162505962527471, 1.2764374614360265, 1.2783930234916385, 1.1488051935896473, 0.9967457095655408, 0.9088403043172645, 0.22151641013305023, 1.1118790199533246, 0.8090948641914275, 0.18660934641403204, 0.9884066567812352, 0.1779194898282836, 0.7906917799631757, 0.2938192443486672, 0.008773885763180342, 0.562072876720307, 1.181672982338659, 0.8897954594718529, 0.010317560996270682, 0.02868913066435703, 0.014509790750048268, 0.04348747832414199, 0.9087898400783239, 0.027836563542730362, 0.6908297469285012, 0.9263866895235167, 0.20336157798088783, 0.10942836673928168, 1.4090866268361948, 0.20158608341321943, 0.7027387075733168, 1.083543701242107, 0.03692307692312218, 1.094029791880002, 0.10441180577948524, 0.9566024174353974, 0.4036814336276669, 0.19067145053094856, 0.1694942253891287, 1.5175245777251978, 0.4377763739812971, 0.7871759909644986, 0.3162286801716598, 0.12246292370404582, 0.05405405405253495, 0.05094606556262581, 1.262064787943637, 1.2281166154557925, 0.014148170880801883, 0.4011281497231909, 0.7990096737300516, 0.5035453321053431, 1.045770805063051, 0.6851423209593436, 0.01940102015253458, 0.038048331950478, 0.005676567078550445, 0.19869487554581197, 0.19609378697866842, 0.3745943439834399, 0.15456643586545094, 0.17191749021148098, 0.494498899806865, 0.5774866635304068, 0.9343809980886119, 0.6910539659082331, 0.6753459098585182, 0.6708643232652589, 0.22664777935202818, 0.32620805804179204, 0.2493552427932447, 0.35116710770503995, 1.0518079892977659, 0.4510773792044411, 1.0303159124248582, 0.9197625358266667, 0.11814308340963259, 0.9832384451977585, 0.7973814261881688, 0.050480109738647756, 0.5460781316181982, 0.4755052184131691, 0.9382125174130902, 0.35152860014648546, 1.0080441115264338, 1.1673740855343255, 0.8759314279176776, 0.9264913982899249, 1.0855531594395975, 1.3304519531556211, 0.7635878703135298, 1.1271077686217075, 1.027240112318348, 0.1960097290493719, 0.4090312417636577, 0.18723540218552248, 0.016174802818298906, 0.49356247924550906, 0.04139374090252177, 0.8846633066244884, 1.193369649570318, 0.062464086530221986, 0.0287059042825092, 0.18800319140783078, 0.3689028608024527, 0.005926700658042147, 0.5809510070690577, 0.6804239734210367, 0.9294181733422725, 0.15897799858195502, 1.0839034204877254, 0.7403108274280116, 0.9900713832654384, 1.3267978817886898, 0.14545454544191752, 0.16516959378206336, 0.7609089081121456, 1.1378335507231143, 0.5234725944205402, 0.4981856849450622, 0.05248146035222013, 0.11776416539142374, 1.1655000053176932, 1.1724216271044787, 1.1937948031176144, 0.2505133470449856, 0.20306576561175035, 0.2020003279177025, 1.1388132702119085, 1.1407451618983342, 0.31501586530229053, 0.7090244431542565, 0.008515314779805008, 0.93148803622713, 0.4599752097427498, 0.18283753360566982, 0.42267939263214643, 0.03937630905284998, 0.01171093480510258, 0.39721151936131244, 0.002456160100686194, 0.9925009823901476, 0.5734593978662221, 0.16161616161355027, 0.20260975767404332, 1.172082823996681, 0.012048836240510502, 0.0014042410028625681, 0.06644758325057275, 0.25429776191990067, 1.1137853162046112, 0.2549096111243344, 0.16502578526979308, 0.9731606336033889, 0.6371427720240025]
=====
** Num Flows: 40, Target Flow Rate (Gbps): 2.3328
Processing SIRD results exp_id 5:: 40flo-2.3328Gbps_target
SSIRD FCT (ms): [7.811999999773889e-06, 0.0015795320000009383, 7.688000000172224e-06, 0.019786739000000608, 1.0163999998979989e-05, 8.841999999731343e-06, 0.021507290000000623, 0.0038242499999991963, 9.893999999732728e-06, 3.257999999561889e-06, 0.016886339000000916, 0.006594491999999619, 0.016124838999999724, 0.009948782999998684, 4.454000000819747e-06, 4.522999999423405e-06, 5.9829999994320815e-06, 0.016485505000000344, 0.00102166799999992, 0.002297756000000817, 0.0027781660000005814, 0.009311506999999608, 2.3137000001227648e-05, 6.037000000347348e-06, 0.0014580590000008442, 6.844000001393624e-06, 0.009314352999998832, 0.0011989640000003021, 7.687000000089483e-06, 0.011961236999999514, 7.842000000479743e-06, 0.001830275999999742, 8.132999999688195e-06, 0.0006475849999993954, 1.168999999912046e-05, 8.213999999284738e-06, 8.260999999620822e-06, 8.268000000200004e-06, 8.12900000113359e-06, 4.746299999958126e-05, 0.012710799999998912, 7.856999999944492e-06, 0.010999595999999556, 6.83300000048348e-06, 0.0006869289999986705, 0.017105065000000863, 4.788000000033321e-06, 5.426999999613713e-06, 4.4374999999874376e-05, 4.346000000765571e-06, 0.013483073999999817, 0.0009790209999991362, 0.002911291999998511, 0.021312747999999715, 3.0469999998672392e-06, 0.012321797000000245, 2.877000000012231e-06, 0.0024629529999984356, 3.3489999999858355e-06, 2.7300000002838942e-06, 0.009040901999998852, 0.0015442839999995073, 0.022855847999998957, 0.0009154239999986657, 3.099000000617025e-06, 0.013170307999999409, 8.383199999961732e-05, 0.02238225199999988, 3.2330000010460935e-06, 0.0012435399999990437, 3.463999998842837e-06, 0.021942229000000424, 0.002701869999999218, 4.695999999526634e-06, 5.200000000371574e-06, 0.015231681000001274, 0.0006988100000011599, 0.01936252199999977, 5.7499999996935e-06, 0.00876333799999962, 7.994000000621782e-06, 0.0017813980000003227, 7.955999999254004e-06, 0.011497997999999399, 0.02333411400000074, 4.38000000002603e-05, 6.740999999976793e-06, 0.015052051000001399, 7.5900000009454516e-06, 6.543999999664152e-06, 8.101000000593217e-06, 5.338000001131604e-06, 5.326999998445103e-06, 0.008458311000000052, 5.57399999934205e-06, 6.371999999643663e-06, 3.709999999657043e-06, 0.014696609999999666, 2.5929999996066044e-06, 2.9920000006455894e-06, 0.024081729000000607, 2.8459999992236362e-06, 0.0023341050000009744, 0.01540609399999937, 0.013997584000000174, 2.863999998936606e-06, 0.008624524000000022, 0.0071764560000016075, 0.021942019000000812, 4.3030000007604485e-06, 0.009794921999999318, 1.9284000000396873e-05, 0.001866277000001304, 0.017892764000000838, 0.0019010230000002792, 0.012169819999998666, 3.5730000007561102e-06, 3.9589999989431135e-06, 0.00015051400000132276, 5.099000000896581e-06, 0.0016291109999997389, 7.123500000005833e-05, 0.0181290539999992, 0.0017561559999990095, 6.28999999996438e-06, 8.35500000029299e-06, 0.008121151000000992, 3.488000000828606e-06, 0.01234104899999977, 0.0006576999999996502, 2.8969999998906815e-06, 2.6539999993246965e-06, 2.7940000002502074e-06, 0.002661616999999339, 3.236999999600698e-06, 0.02485240599999905, 4.3900000008534334e-06, 4.74900000035916e-06, 8.210000000730133e-06, 7.7960000002264e-06, 0.0021398559999994404, 0.01708875099999929, 7.762999999272324e-06, 5.300999999846567e-06, 6.785000000064656e-06, 6.025999999437204e-06, 0.005222498000000186, 0.007758187000000305, 6.260199999985616e-05, 0.0017213760000007738, 7.167999999779795e-06, 0.0020684629999987436, 0.005221734000000922, 0.010802533999999753, 2.2700999998903626e-05, 0.0005045660000000396, 8.246000000156073e-06, 9.416000001039038e-06, 1.5540999999785754e-05, 0.002004111999999836, 0.0013456900000008432, 0.013327090000000652, 6.09900000014818e-06, 6.893000000118832e-06, 0.0027043669999997633, 5.679000000924361e-06, 0.0028551089999986345, 9.346299999890562e-05, 0.007890490000001193, 0.010637191999999018, 5.32700000022146e-06, 0.02083552000000033, 3.6209999993985775e-06, 0.0020667339999995704, 0.015233852999999797, 0.0016615339999983547, 0.014502091000000661, 0.000794901999999098, 2.6120000011786715e-06, 2.695000000940695e-06, 0.002276165999999691, 0.018706711000000098, 0.009311873999999776, 0.005913523000000254, 3.3019999996497518e-06, 1.0309000000319202e-05, 6.489000000442502e-06, 0.012800727000000123, 0.008843849999999875, 4.521000001034281e-06, 4.703000000105817e-06, 4.94000000017536e-06, 0.0182980550000007, 0.008445668999998546, 5.1269999996605975e-06, 5.197000000123353e-06, 5.1639999991692775e-06, 1.1835000000459672e-05, 0.010312604000001002, 5.200999998677958e-06, 0.02131254000000027, 1.6611000001276466e-05, 0.0010866610000004329, 0.0015952820000002532, 0.014176993000001303, 1.6602000000531802e-05, 1.540200000071934e-05, 1.1682000000234893e-05, 1.1033999999909838e-05, 7.958999999502225e-06, 1.1108000000703555e-05, 2.860300000051552e-05, 0.017745568999998795, 0.0011162459999987107, 9.982999999991193e-06, 0.003051281999999489, 6.42800000072441e-06, 0.010316003000001572, 0.0019074190000001323, 0.024368378000000135, 9.040999998433108e-06, 1.4015999999728024e-05, 6.4090000009287e-06, 3.436599999950829e-05, 0.011481696000000596, 5.389000000022293e-06, 0.00020632600000070056, 5.697999998943715e-06, 0.005879822000000701, 0.006251758999999524, 6.178000001355599e-06, 6.155999999535311e-06, 0.001144434000000416, 0.00022202599999943118, 0.00040100600000059217, 0.011185165000000552, 7.527999999368262e-06, 0.0011719990000003122, 0.0016302470000013614, 8.031000000130462e-06, 2.5718999999924108e-05, 0.00904527899999863, 9.605000000689756e-06, 2.6468999999806897e-05, 1.387700000066161e-05, 0.011498760000000274, 0.001057902999999527, 9.847999999479384e-06, 0.0008527950000001283, 2.0948000001297373e-05, 0.02463643300000129, 0.02513998699999931, 0.0023563439999989555, 0.0012243860000005213, 5.827000000735438e-06, 1.7914000000729402e-05, 3.872999998932869e-06, 4.288999999602083e-06, 0.00785697000000063, 4.733999999118055e-06, 4.145000000121968e-06, 5.414000000314445e-06, 0.021078329999999923, 1.5835999999325168e-05, 0.009442598999999774, 8.778000001541386e-06, 0.0006131390000003734, 0.01597099600000007, 9.402999999963413e-06, 1.013199999988501e-05, 0.0013509589999998184, 1.5313999998767258e-05, 1.0022000001441711e-05, 0.0024573439999997504, 7.032999999267986e-06, 0.015410509000000516, 0.0003447980000004236, 1.962900000052059e-05, 0.0011724969999988843, 7.457000000599123e-06, 0.001413023999999652, 0.02022013200000039, 0.01367652900000138, 1.2704000001306781e-05, 8.144999998904723e-06, 7.70400000149607e-06, 3.361499999954276e-05, 0.018558013000001594, 0.01959588500000109, 6.7680000004344265e-06, 0.014691960000000392, 0.006913496000001018, 0.016359027000000026, 3.89399999889406e-06, 0.012987666000000786, 0.009243951000000195, 4.915999999965948e-06, 0.009613028000000412, 0.018952350999999368, 0.02361883599999892, 3.991999999897189e-06, 0.007223499000000189, 6.824999999821557e-06, 6.382000000471066e-06, 0.0007461339999998984, 9.14600000001542e-06, 8.863999999775274e-06, 0.0030453389999998137, 1.5095000000187042e-05, 0.011659875999999514, 6.985000000625519e-06, 7.573999999621606e-06, 7.143999999570383e-06, 1.1630999999567848e-05, 7.459000000764604e-06, 4.001000000641852e-06, 2.7988999999450925e-05, 0.000948190999999099, 0.011304344999999216, 1.5342999999390372e-05, 1.3172000000949424e-05, 0.011156317999999388, 0.006922401000000633, 2.232599999985041e-05, 0.01578542199999866, 0.01673846100000098, 1.6862000000728017e-05, 8.55000000044015e-06, 5.138099999868473e-05, 4.962000000219291e-06, 1.1470000000457503e-05, 0.0019498569999996107, 1.331600000042954e-05, 0.014883024999999606, 0.002978267999999673, 0.023860404000000557, 0.017328389999999416, 0.0013116389999989764, 7.001000000173008e-06, 0.013163717999999491, 7.540000000361147e-06, 5.929000000293172e-06, 0.020414483000001482, 0.0001705990000004931, 1.0783000000458287e-05, 6.402000000349517e-06, 0.0003691929999991572, 7.107000000061703e-06, 8.111999999727004e-06, 0.001854671000000252, 0.01914449499999904, 0.005300607000000568, 1.4669000000466781e-05, 0.001436839000000134, 0.008298359999999505, 0.001433735999999186, 0.0008839369999993352, 0.0006614119999994728, 9.061000000087915e-06, 8.903000001225791e-06, 1.5691999999845052e-05, 0.008665737000001172, 0.020665697000000094, 1.7248000000691377e-05, 1.2641999999729592e-05, 0.019370777000000672, 1.1010999999783166e-05, 7.31099999917717e-06, 2.9552000000876433e-05, 1.2935999999186265e-05, 1.1574000000180718e-05, 0.00755613799999999, 6.796999999281184e-06, 0.00876540299999995, 0.0002380619999993172, 0.023160433000001035, 1.5925999999666374e-05, 0.013989645999998856, 9.076400000118667e-05, 0.002167661999999737, 0.022215157999999846, 0.022685234999999082, 0.0017669859999998039, 0.00031944600000066714, 7.5339999998647045e-06, 7.575999999787086e-06, 7.695000000751406e-06, 1.0271000000727781e-05, 0.010063734000000935, 8.536999999364525e-06, 0.010475583999999927, 1.2937999999351746e-05, 1.557500000082257e-05, 1.0611000000437798e-05, 3.986099999941928e-05, 0.0006598130000003977, 1.0802000000253997e-05, 0.007674499000000168, 0.013173910000000788, 0.009325217000000663]
App Gdpt (overall): 170.95782884042367 Gbps
App Gdpt (per flow): [None, 2.332799999999805, None, 2.3328000000000855, None, None, 2.332800000000196, 2.332800000001075, None, None, 2.3328000000000917, 2.3327999999999323, 2.3328000000000526, 2.3328000000002524, None, None, None, 2.3327999999997138, 2.3327999999908116, 2.332799999999517, 2.332799999999119, 2.3328000000001374, 2.3327999992595374, None, 2.332799999993351, None, 2.3328000000001374, 2.332799999999062, None, 2.3327999999999918, None, 2.332799999999517, None, 2.332800000004142, None, None, None, None, None, 2.332800000088315, 2.332800000000384, None, 2.3327999999996862, None, 2.3327999999962286, 2.3327999999998967, None, None, 2.332800000088315, None, 2.3327999999998106, 2.3327999999962286, 2.3328000000017757, 2.3328000000000855, None, 2.332799999999894, None, 2.3328000000037457, None, None, 2.332800000000225, 2.33280000000149, 2.3328000000002196, 2.332800000012971, None, 2.332800000000147, 2.332800000088315, 2.332800000000118, None, 2.3327999999974898, None, 2.332800000000118, 2.332799999999119, None, None, 2.3327999999996285, 2.3327999999847173, 2.3328000000001903, None, 2.332799999999805, None, 2.332800000004032, None, 2.332800000000595, 2.332799999999792, 2.332800000088315, None, 2.3327999999995783, None, None, None, None, None, 2.332799999999938, None, None, None, 2.332800000000147, None, None, 2.3327999999999824, None, 2.3327999999988442, 2.332800000000303, 2.332800000000384, None, 2.3328000000000855, 2.3327999999998887, 2.332800000000118, None, 2.3328000000001374, 2.332800000088315, 2.3327999999991986, 2.3327999999997853, 2.3328000000000024, 2.3328000000006552, None, None, 2.332800000012971, None, 2.332800000000804, 2.332800000088315, 2.3328000000002853, 2.332800000004032, None, None, 2.3327999999999713, None, 2.332799999999925, 2.332799999999062, None, None, None, 2.332800000000065, None, 2.3328000000003373, None, None, None, None, 2.332800000000497, 2.3328000000001903, None, None, None, None, 2.332800000000113, 2.332800000000033, 2.332800000088315, 2.332799999998913, None, 2.332800000000497, 2.332800000000113, 2.3327999999996862, 2.332800000088315, 2.332799999992351, None, None, 2.332800000088315, 2.332799999999318, 2.3327999999930533, 2.3327999999998106, None, None, 2.332800000000065, None, 2.3328000000022078, 2.332800000088315, 2.3327999999999713, 2.3328000000003626, None, 2.332799999999805, None, 2.3327999999981075, 2.332800000000303, 2.332800000000804, 2.3327999999998887, 2.332800000014646, None, None, 2.332800000000562, 2.332799999999938, 2.3328000000001374, 2.3327999999998927, None, 2.332800000088315, None, 2.332799999999997, 2.332800000000225, None, None, None, 2.3327999999997853, 2.3328000000004288, None, None, None, 2.332800000088315, 2.3327999999999824, None, 2.332800000000196, None, 2.332800000002579, 2.3328000000031133, 2.3327999999995592, None, None, None, None, None, None, 2.332800000088315, 2.3328000000002853, 2.3328000000067957, None, 2.3328000000015825, None, 2.332799999999346, 2.332800000001984, 2.3327999999998474, None, None, None, 2.332800000088315, 2.3327999999999918, None, 2.3327999999908116, None, 2.332800000000113, 2.3327999999999323, None, None, 2.332799999999062, 2.3327999999962286, 2.3328000000162468, 2.3328000000000992, None, 2.3328000000022078, 2.3327999999979023, None, None, 2.3328000000000992, None, None, None, 2.3328000000002524, 2.332799999994491, None, 2.3328000000093834, None, 2.332799999999701, 2.3328000000000553, 2.3327999999998497, 2.332800000001726, None, None, None, None, 2.3327999999971096, None, None, None, 2.3328000000002778, None, 2.3327999999999025, None, 2.332799999988861, 2.3328000000000526, None, None, 2.33279999999724, None, None, 2.332800000000833, None, 2.3327999999999918, 2.332799999969918, 2.332800000088315, 2.3328000000022078, None, 2.3327999999991986, 2.3328000000000855, 2.3327999999996285, None, None, None, 2.332800000088315, 2.3327999999997853, 2.332799999999938, None, 2.3327999999998887, 2.33279999999837, 2.3327999999997138, None, 2.332799999999997, 2.3327999999996987, None, 2.3328000000002524, 2.332799999999938, 2.3328000000000304, None, 2.3328000000002285, None, None, 2.332799999998717, None, None, 2.3327999999998843, None, 2.33280000000009, None, None, None, None, None, None, 2.332800000088315, 2.3327999999996756, 2.3328000000002613, 2.332800000088315, None, 2.3328000000003626, 2.3327999999999323, None, 2.3328000000000526, 2.332799999999868, None, None, 2.332800000088315, None, None, 2.332800000001984, None, 2.332800000000147, 2.3328000000015825, 2.3327999999998896, 2.3328000000001903, 2.332800000005437, None, 2.3328000000004425, None, None, 2.332799999999805, 2.332799999969918, None, None, 2.3328000000162468, None, None, 2.332799999999062, 2.3328000000000855, 2.332799999999629, 2.332800000088315, 2.3327999999991986, 2.3327999999997853, 2.332800000001075, 2.3328000000093834, 2.3327999999962286, None, None, None, 2.332799999999491, 2.332799999999805, None, None, 2.3327999999996036, None, None, 2.332800000088315, None, None, 2.3328000000002285, None, 2.3328000000002778, 2.3327999999962286, 2.33279999999972, None, 2.3328000000005407, 2.332800000005437, 2.3328000000038536, 2.332799999999663, 2.332800000000156, 2.3328000000000024, 2.332800000005437, None, None, None, None, 2.3327999999997084, None, 2.3328000000000304, None, 2.332800000088315, None, 2.332800000088315, 2.3327999999908116, None, 2.332799999999652, 2.332799999999832, 2.3328000000001374]
Network Gdpt (overall): 89.62767124533248
Network Gdpt (per flow): [0.28571428572255547, 0.7612938515960966, 0.32049947970145715, 1.0135163757908459, 0.26761117672894197, 0.6143406469311297, 0.9692445677721088, 0.8709890828268811, 1.1247220538003446, 0.7194597913797431, 1.1035983584126192, 1.8915980184676426, 1.0805570213755498, 1.3686538343435375, 0.5819488099512685, 0.9869555605945333, 0.07621594518523891, 1.065566872231068, 0.5935078714416498, 0.853427430936663, 0.938869743564443, 2.331837370685638, 0.6915330422764854, 0.6029484843118382, 0.7758149704499921, 0.4605493862300069, 2.331124877917202, 0.6405997177561683, 0.0707688304922164, 1.2175610265059202, 0.4315225707463632, 2.3240035929010707, 0.44755932621905214, 2.313975771522501, 0.9060735672195833, 0.28536644755345897, 0.38155187025114107, 0.48959845185075934, 0.3877475703727953, 1.2017782272613033, 1.1598552412122969, 0.4989181621519275, 1.299946652586202, 0.4952436703879057, 0.16135583153457564, 1.01036552623443, 0.5680868838724041, 0.6235489221007683, 0.45989859155059776, 0.5393465254457185, 1.1342713093468306, 0.5414225026842813, 1.0001525096079298, 0.9409478308475411, 0.7692812602895079, 1.1891804417813172, 2.733402850179551, 0.9295443315408187, 2.5535980889925862, 1.239560439431537, 1.4577810930813846, 0.7946983844942974, 0.9895099057362051, 0.562746880135053, 1.788964181638001, 2.3311211856246175, 0.680408435922564, 0.9505281238009524, 1.4871636246347937, 0.6894832494336004, 0.7482678986333338, 0.9695897349352972, 0.9653817541187233, 0.6712095401017307, 0.7538461537922867, 1.0164073157781277, 0.5430374493773273, 0.9802780856750078, 0.3881739130641696, 2.3307730456135416, 0.34025519136707977, 0.7753505954310884, 0.7109100050943107, 1.1988118279374134, 0.9692284866697439, 0.5974429223708787, 0.3655244029088388, 1.129608715782216, 1.1267457179097125, 0.41564792178172294, 1.307492902015106, 0.08992131882694729, 0.24479068901457185, 2.3278595454813473, 0.5252960172848258, 1.3935969868952591, 0.6986522911697055, 1.1198174272842767, 1.2155804089773252, 1.3983957216233993, 0.986471029551051, 1.9873506681457862, 0.8822465141881537, 1.1126817738487575, 1.0532309004182305, 2.5893854758217656, 2.3252511095105017, 2.3309555580074974, 0.9695990145664906, 0.6804554960452123, 2.216752721461336, 1.2445550715363034, 2.326094143579419, 1.0804340793853366, 0.7506358418597726, 1.1966928023587529, 0.7254408058918239, 0.5920687043762944, 0.8991588822223224, 0.45969797991524686, 2.310496952018987, 0.5135677686526292, 1.0663519453359704, 0.7864950494151881, 0.5786963434055029, 0.9412327947006858, 1.5901460273301682, 0.5389908255600312, 2.330719860199934, 2.315827885055208, 1.0107007249259539, 0.8409947251574705, 0.8818897637005528, 0.9485451888835349, 0.4547420451595859, 0.9996401958024085, 1.2118451022701073, 0.6165508527644892, 0.3839220462508753, 0.43406875319416716, 0.8242685489119181, 1.1107105487113007, 0.6853020740047248, 0.4210526315911344, 0.5777450257866832, 0.4301360770398405, 2.330840145845832, 2.3297638997357617, 0.9111529983088569, 2.324498540701277, 0.08816964285985149, 0.8527181777005783, 2.331181174682175, 1.323660541128621, 1.0572221488550775, 2.1966759551771484, 0.2842590346781027, 1.2056074765024778, 1.3131716105965732, 0.8694045043391502, 0.7591644435192058, 1.147547138947756, 0.8552221675476755, 1.288263455657466, 0.9335508087475631, 0.5958795561629147, 0.9476990195475178, 0.6465018242588781, 1.636630424726227, 1.3442352079384596, 1.0617608409545454, 0.9803140022423091, 0.14139740405552045, 0.8328154469807715, 1.125262269499399, 2.2654101571221097, 1.1534888313691616, 0.6668293701621099, 1.2067381311553034, 0.4274582558804795, 0.8721191688129379, 1.0525506060365126, 2.3317454682054892, 2.3309177963794863, 1.7129012721380803, 1.1935202250091208, 0.6040992448347487, 1.180216092414115, 1.4902622726527686, 1.378456093469208, 0.6225813310512694, 0.47449392710866256, 1.0565031092102006, 2.331344029703673, 0.4571874390784417, 0.5233788724139773, 0.36405886915229124, 1.4080270383906017, 2.3035819081191997, 0.5629686600162024, 0.9781013431528921, 0.3404972608250778, 0.6305775214162717, 0.7851301525371698, 1.1608611219599592, 0.5348753162098273, 0.44565640823785363, 0.31159048107574133, 0.2233097698042536, 0.30958663150572996, 0.32769175367027825, 0.4592525259505382, 1.089396006405955, 0.644632097226625, 0.48161875187861786, 0.9899157141163963, 0.38332296199787136, 1.3692450457796346, 0.8805868034238327, 0.9869246118884019, 0.6132065038116169, 0.7939497717049041, 0.7501950381187852, 0.4848978641750111, 1.2684133075809745, 0.10094637223933006, 0.9899285596546558, 0.5938925940026887, 2.0702681135582934, 1.995298923071243, 0.37941081247744757, 0.5912930474780324, 0.6711230180156487, 0.9581940853798432, 0.6858351246604636, 2.3319645262272584, 0.3889479277690905, 2.308691389667806, 0.7937545660252217, 0.14344415390129325, 0.3452700338281505, 1.4423064230525091, 0.4356064549400872, 0.43522611356998925, 0.3995099805242978, 1.1841659448496773, 0.5873657603771592, 0.5296506905235322, 0.5870859937029704, 0.29749856786395046, 0.9921640847925802, 1.0719104986013215, 0.884668791993412, 0.6402164023434328, 0.8951432983253265, 0.4711398905691833, 0.7560030985816563, 0.6043366752717361, 0.3110206606363273, 0.7689057880604422, 0.513389626040382, 0.9826376061490608, 0.9690213598515669, 0.7249305380455423, 1.4244993354054667, 0.4146730461791785, 0.49062936789181055, 1.090965647978368, 0.33521216633119905, 0.5250690880438588, 0.7876597291258602, 0.749640851568768, 0.5308321691513365, 0.858741796020506, 0.48116024461143414, 0.9450392585994085, 0.723322061031948, 0.6268276529458291, 2.307710808643924, 0.3143355236437809, 0.7685701021357512, 0.9917929319155588, 1.131982537381995, 0.893576826104557, 0.30251688156308654, 0.6770508825268802, 0.3907779265262139, 1.0417037642983837, 1.0047905465866382, 1.2316784869185766, 1.1385819182736376, 0.43690080966265915, 1.0738051841347271, 1.1463790450097142, 1.163228558541549, 1.440360728870125, 0.501220504478655, 1.4164569165927132, 1.0389085765666042, 0.9693879918553584, 0.7334669338866254, 1.7481245584722405, 0.6329670329835821, 0.8686931995598226, 0.584184610271157, 0.24404111086772765, 0.3817689530782709, 1.546557542526559, 0.7493872143000884, 1.2414183478452605, 0.3527559054802212, 0.41616054926821666, 0.38073908176981697, 0.43057346747365427, 0.48800107247980595, 0.6158460383915816, 0.7594412090613095, 2.3086656591362718, 1.272658256626191, 1.5021834061732238, 0.18706346794886106, 1.2816852298402381, 1.8019944236109493, 0.39272596972403245, 1.1037910801498674, 1.0580523502130192, 0.3695884236585775, 0.489356725121007, 0.7784978883444063, 0.4723901652350683, 0.493112467286347, 0.8614211196002248, 0.6260138179431588, 1.1424376428851293, 1.0141840828294606, 0.9714420594051745, 1.0953502316141686, 0.7149955132477244, 0.5599200114131024, 1.1617890933245905, 0.29602122014497256, 0.08635520323405012, 1.000532416128222, 0.9725731100388656, 0.823518501309709, 0.4573570758888076, 0.7449328670928967, 0.29942310397939004, 0.1814595660810574, 0.8212346017163115, 1.047517001623757, 2.3247435623879835, 0.9565750902961, 0.7558313770714038, 2.329611152083201, 2.3232171055214423, 0.5664023567294689, 0.4934413043613665, 0.5756539013298082, 0.3540379646822446, 0.2498088197832467, 1.520892683449569, 0.9883698575470214, 0.5148423005359491, 0.26767916469485703, 1.0352803090964966, 0.28625919535574157, 0.08644508276174663, 0.5070384406996351, 0.5899814471614169, 0.4596509417588503, 1.671167996137712, 0.46373400034328965, 2.3302239497716326, 0.9308499466552226, 0.9568000736427946, 0.7183222403767205, 1.1573851118177918, 1.3631836410733589, 0.8475380386795649, 0.9576776361437603, 0.9768426026885284, 0.8075762909271259, 0.7434621187916081, 0.32705070348344156, 0.3864836325346209, 0.3202079271942032, 0.22821536362904382, 2.331707892915077, 0.9886376948141332, 1.3483864956836868, 0.8464986860835327, 0.9009309790856451, 0.23221185561194405, 0.9177893178930028, 0.6163928264519718, 0.5028698389068944, 2.3312958930608514, 2.3304838123228535, 2.3284090868875715]
Processing DCTCP results exp_id 5:: 40flo-2.3328Gbps_target
DCTCP-82 FCT (ms): [3.120000000578216e-06, 0.002253509000000875, 4.949000000920023e-06, 0.023702327000000523, 5.687999999892668e-06, 7.906000000446056e-06, 0.023888580999999576, 0.006198255999999347, 1.119500000079654e-05, 1.3587999999842282e-05, 0.023299693000000232, 0.019347663999999654, 0.022597020999999273, 0.020595784999999367, 2.4860999999987143e-05, 2.518400000006693e-05, 2.60870000001745e-05, 0.022352826000000547, 0.0011152939999998779, 0.0037795139999996508, 0.005075946999999914, 0.023960529000000008, 6.572800000093082e-05, 4.702499999886811e-05, 0.002120506000000688, 5.68180000009022e-05, 0.023972494999998872, 0.0015621060000015063, 6.458200000025727e-05, 0.021005038000000198, 7.556500000127642e-05, 0.010995053000000254, 8.326199999864059e-05, 0.0028140699999994467, 8.456499999986988e-05, 8.491799999887917e-05, 8.796399999866367e-05, 9.150700000049028e-05, 9.158300000144948e-05, 0.00018456799999988505, 0.021072816000000216, 2.5909999994411237e-06, 0.020773366000000237, 2.8869999990632778e-06, 0.00020202600000018833, 0.02264311600000113, 4.824999999542001e-06, 5.110000000030368e-06, 1.8414999999549764e-05, 5.235999999797514e-06, 0.02146325500000046, 0.0009571990000001307, 0.00577296099999991, 0.023720766000000282, 7.50399999915885e-06, 0.020918059999999628, 8.815000001050066e-06, 0.004397587999999786, 9.386000000333183e-06, 1.0835999999514456e-05, 0.02007272799999882, 0.00230470500000024, 0.024058982999999756, 0.0009532809999992509, 1.7072000000339926e-05, 0.013185967999998383, 0.00012144399999947098, 0.02396321400000012, 2.2860000001401204e-05, 0.0015823689999994173, 2.481299999956832e-05, 0.023862621999999334, 0.0050727570000006494, 2.9380999999162327e-05, 3.28070000001901e-05, 0.02154739800000094, 0.0007228680000004317, 0.023287561000000068, 4.36129999989987e-05, 0.023789669000001012, 2.6539999993246965e-06, 0.0025530249999992094, 2.8340000000071086e-06, 0.020746241999999526, 0.02408853000000022, 3.242100000022674e-05, 3.2560000011727652e-06, 0.02243729899999991, 3.464000000619194e-06, 3.4099999997039276e-06, 3.651000000104432e-06, 3.647000001549827e-06, 4.053999999698021e-06, 0.023549177000001364, 4.3370000000209075e-06, 5.163000000862894e-06, 5.781000000482095e-06, 0.022029115000000488, 8.134999999853676e-06, 8.668999999628113e-06, 0.024103536000000148, 1.0924999999772922e-05, 0.0037769809999996795, 0.0225445569999998, 0.02123749299999922, 1.417799999892111e-05, 0.023749685000000298, 0.022252341000001508, 0.02394887400000023, 1.7593000000815096e-05, 0.02394630599999914, 7.070899999916946e-05, 0.010929140000000004, 0.02337640600000057, 0.0027105290000015714, 0.020960376999999752, 2.3259000000663832e-05, 2.3843999999328958e-05, 0.00029151900000101705, 3.073499999928231e-05, 0.00914856700000044, 5.971000000037918e-05, 0.023362217999999046, 0.002835938000000482, 7.071000000635763e-06, 7.494000000107803e-06, 0.01972137599999968, 9.012999999669091e-06, 0.016547326999999612, 0.002761754999999866, 1.0299999999574538e-05, 1.0842000000010898e-05, 1.088399999993328e-05, 0.004896405000000215, 1.72149999997373e-05, 0.024120196999998456, 2.4511999999532463e-05, 2.616799999977104e-05, 2.636199999983546e-05, 2.9253000001006058e-05, 0.003515338999999784, 0.02328863700000028, 3.947799999970414e-05, 4.026200000062374e-05, 4.232000000037317e-05, 4.7089999998917165e-05, 0.019054177000001005, 0.022904104000000203, 0.00015776899999941918, 0.008947653999999972, 6.30699999994988e-05, 0.003216924999998483, 0.019109302000000383, 0.020809068000000153, 0.00012298299999891071, 0.0020212650000015486, 8.064300000043545e-05, 8.274800000052096e-05, 0.00010859200000012947, 0.0031723519999999894, 0.0019495690000006505, 0.02163963000000102, 3.2700000005547736e-06, 3.4229999990031956e-06, 0.004522613000000675, 3.4810000002494235e-06, 0.005339237999999469, 0.0001152700000002227, 0.01977294900000004, 0.02103774199999897, 5.13300000015704e-06, 0.023844379999999887, 5.672000000345179e-06, 0.003132147000000529, 0.02248762400000004, 0.008112531999998396, 0.022075029999999884, 0.0009680190000000977, 1.2771999999827699e-05, 1.3672999999769786e-05, 0.0037909540000011788, 0.023552913999999703, 0.023904700999999307, 0.020867576000000554, 1.750600000072211e-05, 4.294000000015785e-05, 1.9951000000517638e-05, 0.021361130999999034, 0.019999508999999804, 2.433300000070915e-05, 2.595399999982817e-05, 2.803599999978701e-05, 0.023318636000000836, 0.023523502999999835, 3.060699999934968e-05, 3.322199999900022e-05, 3.440199999893423e-05, 6.0927999999904614e-05, 0.024057967000000957, 4.019699999879833e-05, 0.02400046400000022, 4.899000000335718e-06, 0.0012277130000004632, 0.0022548169999989653, 0.02235705700000068, 7.921999999993545e-06, 8.003999999672828e-06, 8.084000000962988e-06, 8.619000000820165e-06, 9.254000000069595e-06, 1.0060000001033131e-05, 2.7565999999978885e-05, 0.02362614499999971, 0.0013025019999997056, 1.2639999999564111e-05, 0.006161153999999058, 1.333700000039073e-05, 0.02104496700000169, 0.0030672949999992483, 0.024198869999999317, 1.4675999999269607e-05, 1.7248000000691377e-05, 2.1413000000691795e-05, 4.939499999956354e-05, 0.021329270000000733, 2.721200000088686e-05, 0.0004167509999994934, 2.8549999999682996e-05, 0.01982460800000041, 0.020276489000000453, 3.423700000126928e-05, 3.597200000093892e-05, 0.0014782630000009789, 0.00045066400000060014, 0.000549620999999334, 0.024154553999998996, 5.211899999935099e-05, 0.005441061999999164, 0.002322121000000621, 6.065400000032639e-05, 3.811999999214777e-06, 0.020029972999999757, 4.708000000519519e-06, 4.956999999805589e-06, 6.207000000202356e-06, 0.0207755039999995, 0.001127841000000629, 7.262999998758346e-06, 0.0009009229999996649, 8.005000001531926e-06, 0.024131575000000183, 0.023829209999998824, 0.00408716299999945, 0.0014480450000000644, 1.4726999999936652e-05, 1.5367999999682525e-05, 1.6723999999967987e-05, 1.750700000080485e-05, 0.004828305000000199, 1.9302999998416226e-05, 2.189900000004741e-05, 2.2530000000742234e-05, 0.023863227999999737, 2.4227999999126837e-05, 0.020785680999999556, 2.6184000001094887e-05, 0.0005752860000001192, 0.023063100999999975, 2.7561999999647924e-05, 2.959799999935342e-05, 0.001957658000000251, 3.189699999950335e-05, 3.248199999994483e-05, 0.004333516999999176, 3.757300000017949e-05, 0.021696975000001117, 0.0005042209999999159, 7.039800000008256e-05, 0.00544044599999971, 5.281500000009487e-05, 0.0020559709999989906, 0.024049910000000452, 0.02207359000000153, 5.923000001573087e-06, 6.834999998872604e-06, 7.596000001441894e-06, 2.3820999999202286e-05, 0.02362627900000014, 0.023720060000000487, 1.144500000016535e-05, 0.022486415999999565, 0.00594561700000007, 0.023155498000001273, 1.8266999999738687e-05, 0.022000017999999955, 0.02085597299999975, 1.9032999999168965e-05, 0.021089037999999505, 0.02392504799999884, 0.024151268999998976, 2.6270999999411515e-05, 0.01987580599999994, 2.9937000000757052e-05, 3.2317000000503526e-05, 0.0008276729999998622, 3.519299999865666e-05, 3.9569000000128085e-05, 0.0123009990000007, 4.5055000001070766e-05, 0.02150141199999922, 4.5841000000379495e-05, 4.598099999952865e-05, 4.706400000031863e-05, 4.705999999998767e-05, 4.7177000000786506e-05, 5.566699999981495e-05, 8.394400000000246e-05, 0.004051276999998521, 0.02135436999999918, 8.861299999907146e-05, 4.469000000284495e-06, 0.021465603999999416, 0.019794037000000486, 6.729000000760266e-06, 0.0230378379999987, 0.023204319999999612, 1.0061000001115872e-05, 1.0751000001363309e-05, 8.362099999992267e-05, 1.2883000000130096e-05, 1.3786000000237664e-05, 0.00306810999999918, 1.657800000032239e-05, 0.022929773999999625, 0.005947170999998974, 0.024166645999999403, 0.023728052000000943, 0.0017416029999992588, 2.5475999999358123e-05, 0.022095286999999075, 3.174599999944405e-05, 3.6656000000689914e-05, 0.02394484700000099, 0.0003622750000005226, 4.037000000067792e-05, 4.055200000152581e-05, 0.0005451640000000424, 4.5915999999479595e-05, 5.32589999995281e-05, 0.0028267570000011233, 0.023992344999999915, 0.01977180200000106, 9.470000000000312e-05, 0.0020049499999998943, 0.023567330000000553, 0.007190862999999936, 0.0009574749999998744, 0.0006502430000008275, 7.947699999988345e-05, 8.049200000037615e-05, 5.477000000198018e-06, 0.020619233000001458, 0.023909380999999286, 8.198000001513606e-06, 8.86300000146889e-06, 0.023892823000000618, 1.1300000000602495e-05, 1.1857999998809987e-05, 3.5869000001298446e-05, 1.5466999998992037e-05, 1.9022000000035177e-05, 0.019880696999999614, 2.2509999999087427e-05, 0.02389885100000022, 0.00043827799999895944, 0.024071784000000207, 3.449699999968914e-05, 0.022615635999999384, 0.00027539600000103803, 0.0036427589999998844, 0.02408608000000001, 0.02414075899999979, 0.002739677000000995, 0.0004907559999995925, 5.0312999999135855e-05, 5.0226000000819226e-05, 5.105700000029856e-05, 5.2111000000465424e-05, 0.02419117400000026, 6.452100000053917e-05, 0.021095693999999554, 6.766099999921948e-05, 9.367400000037662e-05, 7.068200000048819e-05, 0.00014192899999976305, 0.0007941789999996729, 7.602600000033988e-05, 0.023194645000000236, 0.01318710199999984, 0.024118443000000767]
App Gdpt (overall): 170.95782884042367 Gbps
App Gdpt (per flow): [None, 2.332799999999805, None, 2.3328000000000855, None, None, 2.332800000000196, 2.332800000001075, None, None, 2.3328000000000917, 2.3327999999999323, 2.3328000000000526, 2.3328000000002524, None, None, None, 2.3327999999997138, 2.3327999999908116, 2.332799999999517, 2.332799999999119, 2.3328000000001374, 2.3327999992595374, None, 2.332799999993351, None, 2.3328000000001374, 2.332799999999062, None, 2.3327999999999918, None, 2.332799999999517, None, 2.332800000004142, None, None, None, None, None, 2.332800000088315, 2.332800000000384, None, 2.3327999999996862, None, 2.3327999999962286, 2.3327999999998967, None, None, 2.332800000088315, None, 2.3327999999998106, 2.3327999999962286, 2.3328000000017757, 2.3328000000000855, None, 2.332799999999894, None, 2.3328000000037457, None, None, 2.332800000000225, 2.33280000000149, 2.3328000000002196, 2.332800000012971, None, 2.332800000000147, 2.332800000088315, 2.332800000000118, None, 2.3327999999974898, None, 2.332800000000118, 2.332799999999119, None, None, 2.3327999999996285, 2.3327999999847173, 2.3328000000001903, None, 2.332799999999805, None, 2.332800000004032, None, 2.332800000000595, 2.332799999999792, 2.332800000088315, None, 2.3327999999995783, None, None, None, None, None, 2.332799999999938, None, None, None, 2.332800000000147, None, None, 2.3327999999999824, None, 2.3327999999988442, 2.332800000000303, 2.332800000000384, None, 2.3328000000000855, 2.3327999999998887, 2.332800000000118, None, 2.3328000000001374, 2.332800000088315, 2.3327999999991986, 2.3327999999997853, 2.3328000000000024, 2.3328000000006552, None, None, 2.332800000012971, None, 2.332800000000804, 2.332800000088315, 2.3328000000002853, 2.332800000004032, None, None, 2.3327999999999713, None, 2.332799999999925, 2.332799999999062, None, None, None, 2.332800000000065, None, 2.3328000000003373, None, None, None, None, 2.332800000000497, 2.3328000000001903, None, None, None, None, 2.332800000000113, 2.332800000000033, 2.332800000088315, 2.332799999998913, None, 2.332800000000497, 2.332800000000113, 2.3327999999996862, 2.332800000088315, 2.332799999992351, None, None, 2.332800000088315, 2.332799999999318, 2.3327999999930533, 2.3327999999998106, None, None, 2.332800000000065, None, 2.3328000000022078, 2.332800000088315, 2.3327999999999713, 2.3328000000003626, None, 2.332799999999805, None, 2.3327999999981075, 2.332800000000303, 2.332800000000804, 2.3327999999998887, 2.332800000014646, None, None, 2.332800000000562, 2.332799999999938, 2.3328000000001374, 2.3327999999998927, None, 2.332800000088315, None, 2.332799999999997, 2.332800000000225, None, None, None, 2.3327999999997853, 2.3328000000004288, None, None, None, 2.332800000088315, 2.3327999999999824, None, 2.332800000000196, None, 2.332800000002579, 2.3328000000031133, 2.3327999999995592, None, None, None, None, None, None, 2.332800000088315, 2.3328000000002853, 2.3328000000067957, None, 2.3328000000015825, None, 2.332799999999346, 2.332800000001984, 2.3327999999998474, None, None, None, 2.332800000088315, 2.3327999999999918, None, 2.3327999999908116, None, 2.332800000000113, 2.3327999999999323, None, None, 2.332799999999062, 2.3327999999962286, 2.3328000000162468, 2.3328000000000992, None, 2.3328000000022078, 2.3327999999979023, None, None, 2.3328000000000992, None, None, None, 2.3328000000002524, 2.332799999994491, None, 2.3328000000093834, None, 2.332799999999701, 2.3328000000000553, 2.3327999999998497, 2.332800000001726, None, None, None, None, 2.3327999999971096, None, None, None, 2.3328000000002778, None, 2.3327999999999025, None, 2.332799999988861, 2.3328000000000526, None, None, 2.33279999999724, None, None, 2.332800000000833, None, 2.3327999999999918, 2.332799999969918, 2.332800000088315, 2.3328000000022078, None, 2.3327999999991986, 2.3328000000000855, 2.3327999999996285, None, None, None, 2.332800000088315, 2.3327999999997853, 2.332799999999938, None, 2.3327999999998887, 2.33279999999837, 2.3327999999997138, None, 2.332799999999997, 2.3327999999996987, None, 2.3328000000002524, 2.332799999999938, 2.3328000000000304, None, 2.3328000000002285, None, None, 2.332799999998717, None, None, 2.3327999999998843, None, 2.33280000000009, None, None, None, None, None, None, 2.332800000088315, 2.3327999999996756, 2.3328000000002613, 2.332800000088315, None, 2.3328000000003626, 2.3327999999999323, None, 2.3328000000000526, 2.332799999999868, None, None, 2.332800000088315, None, None, 2.332800000001984, None, 2.332800000000147, 2.3328000000015825, 2.3327999999998896, 2.3328000000001903, 2.332800000005437, None, 2.3328000000004425, None, None, 2.332799999999805, 2.332799999969918, None, None, 2.3328000000162468, None, None, 2.332799999999062, 2.3328000000000855, 2.332799999999629, 2.332800000088315, 2.3327999999991986, 2.3327999999997853, 2.332800000001075, 2.3328000000093834, 2.3327999999962286, None, None, None, 2.332799999999491, 2.332799999999805, None, None, 2.3327999999996036, None, None, 2.332800000088315, None, None, 2.3328000000002285, None, 2.3328000000002778, 2.3327999999962286, 2.33279999999972, None, 2.3328000000005407, 2.332800000005437, 2.3328000000038536, 2.332799999999663, 2.332800000000156, 2.3328000000000024, 2.332800000005437, None, None, None, None, 2.3327999999997084, None, 2.3328000000000304, None, 2.332800000088315, None, 2.332800000088315, 2.3327999999908116, None, 2.332799999999652, 2.332799999999832, 2.3328000000001374]
Network Gdpt (overall): 93.09438641162286
Network Gdpt (per flow): [0.7153846152520363, 0.533606921472039, 0.4978783591719419, 0.8460850278539976, 0.47819971871507144, 0.687073108992351, 0.8726271351153244, 0.5373898722479922, 0.9940151852798775, 0.1725051516063591, 0.7998275342082753, 0.6447356125266711, 0.7710665932469843, 0.6611275074001995, 0.10425968384221634, 0.17725540025365855, 0.017479970866598298, 0.7858696703494927, 0.5436844455363934, 0.5188413113432524, 0.5138619453670505, 0.9061953515300099, 0.2434274586138847, 0.07740563530223529, 0.5334500350386336, 0.05547537752032719, 0.9057430192393834, 0.4916798219834374, 0.008423399708863662, 0.6933353798264903, 0.044782637463678145, 0.3868619823842506, 0.04371742211404278, 0.5325013237056273, 0.12525276414611597, 0.0276030994610205, 0.03583284070810655, 0.04423705290281958, 0.0344168677587556, 0.3090459884705666, 0.6996069248647095, 1.5129293712256042, 0.688327929137716, 1.172151022202279, 0.5486422539667998, 0.7632504289603577, 0.563730570001697, 0.6622309197612308, 1.1082269888948666, 0.44766997709905404, 0.7125416904378983, 0.553765726875945, 0.5043747913765649, 0.8454273356939553, 0.3123667377748864, 0.7004875213093501, 0.8921157117485219, 0.5206090247654195, 0.9111442573723015, 0.31229235881798006, 0.6565951573697794, 0.5324933125930964, 0.9400267667174556, 0.5403988960237378, 0.32474226803477113, 2.3283526852183902, 0.4696814992939007, 0.8878174688921066, 0.21032370952341617, 0.5418458020855539, 0.10446137105731247, 0.8915600305783914, 0.5141850871231691, 0.10728021510805848, 0.11948669491197872, 0.7184900933281747, 0.5249644471739977, 0.8150555569129779, 0.05117740123475211, 0.8585807562097283, 1.0248681238478135, 0.5410084115903401, 1.9957657021827147, 0.664406401891982, 0.9388737295301871, 0.8071311804021156, 0.7567567564841837, 0.7577974514668663, 2.4688221704593882, 0.7976539590135377, 2.9011229799224956, 0.1316150259928762, 0.321657622125588, 0.8361124467321664, 0.6751210514147764, 1.7199302728095842, 0.44836533467978645, 0.7470803979188286, 0.3874615857475962, 0.4826392894427832, 0.9855785474795007, 0.51771167049131, 0.5452121681311543, 0.7603644640256251, 0.6941821240388657, 0.5230639018595239, 0.8443978941194272, 0.7517411314161897, 0.8883490722778781, 0.16642983003833023, 0.9067335897236418, 0.3394193101342389, 0.3972074655462368, 0.8269856367141951, 0.5264566437028244, 0.694812693493069, 0.1114407326164505, 0.09830565341662335, 0.4642441830533442, 0.07626484464144248, 0.411436676366891, 0.6126946910026407, 0.8274878695165326, 0.48703744581149705, 0.5147786734086724, 1.0493728315835167, 0.6548131327144826, 0.2085875957027653, 1.73825826974959, 0.5515043876086309, 0.2842718446719366, 0.20586607636946655, 0.22638735759050943, 0.5156158446860277, 0.08550682544423252, 1.0299859491198018, 0.2170365535289439, 0.11189238765001602, 0.11956604203094126, 0.11568044302750552, 0.5017484800186008, 0.8150178990724006, 0.13475859972743987, 0.055436888380244936, 0.09262759924303957, 0.05504353366021668, 0.6388524678866665, 0.7891487045291027, 0.3615412406759883, 0.4471938678004327, 0.010020612018471894, 0.5482925464537818, 0.6370095569162995, 0.6871469688118611, 0.19514892302360956, 0.5483536300282995, 0.029066378978799687, 0.1371876057418733, 0.18793281272999546, 0.549240437378956, 0.5240132562631326, 0.7067340800188949, 1.595107033368525, 2.594215601106026, 0.5582312702854796, 0.9721344440555952, 0.5067734384569988, 0.5241953673972697, 0.6531052095466374, 0.6796778855830014, 1.1018897330658406, 0.8566107401408676, 0.09026798306925977, 0.5495297634497069, 0.7622895153351893, 0.4639804194301785, 0.757779264626145, 0.547576028982847, 0.24678985280633592, 0.08425363855916013, 0.5236381132557617, 0.8359797857708923, 0.9083117165950175, 0.6605432274452785, 0.32308922653756966, 0.28653935724161084, 0.19648137937438195, 0.7072483193891131, 0.6589989784249268, 0.25611309743222693, 0.11281498035059664, 0.08360679126900442, 0.8290344255126805, 0.8370249958095162, 0.07658378802397503, 0.08187345735000469, 0.054647985583926584, 0.2735031512609324, 0.9874453647724705, 0.07284125681238728, 0.8685592078553068, 1.1545213308047368, 0.55813044253807, 0.5554792251435814, 0.7361219323276539, 1.1209290583195197, 0.8575712144278577, 0.45027214245007346, 0.2858800324591636, 0.2662632375169083, 0.3618290258077717, 0.4765290575350092, 0.8182440258451067, 0.5524505912468177, 0.3803797468485604, 0.4902510146638863, 0.18474919396624526, 0.671188317852856, 0.5475991060528614, 0.9938378114350248, 0.377759607541286, 0.6451762522932479, 0.22453649651355098, 0.3373620811852869, 0.6827958012627484, 0.01999118036095365, 0.4900960045692711, 0.11852889667382047, 0.614025154999269, 0.6152015765648443, 0.06846394251578994, 0.10118981429736994, 0.519566545330223, 0.4720678820578451, 0.500388449495804, 1.0798546725392275, 0.056179128533480324, 0.49728968352141845, 0.5572560602998957, 0.01899297655544236, 2.3294858346876093, 0.6513270886585898, 0.8887000848637009, 2.3239862821165644, 0.8931851135523213, 0.6554084079019372, 0.5509429077322544, 0.718160539844652, 0.555723408105006, 0.7785134289578233, 1.0129212038584228, 1.1308732433849604, 0.510032019765368, 0.5413312431588557, 0.3541793983854442, 0.5491931285902106, 0.17507773260019163, 0.14805506368200366, 0.5061155001599732, 0.18857172461786537, 0.09717338691243405, 0.2361296049633705, 0.8559341594523685, 0.4738319300154257, 0.6471270294199304, 0.13901619308920687, 0.5229120819904146, 0.7554841822875432, 0.11436035120964602, 0.17974187445490294, 0.5435556159451057, 0.3599084553462316, 0.16378301828732947, 0.4869541298673575, 0.09006467410065298, 0.671224260524762, 0.49462438097588485, 0.17477769254787878, 0.49734598964866933, 0.04438133106117182, 0.528221458376861, 0.8338569250362943, 0.7013626691443905, 1.916596318923692, 0.36049743970832826, 0.6866771983951928, 0.5514462029486544, 0.8182393850508531, 0.8300889626754568, 0.7283529925626532, 0.743915793428367, 0.5080233052347578, 0.7586279509082049, 0.24437510264760817, 0.6867096199648579, 0.6384081912649273, 0.12945936006449774, 0.6456643494122548, 0.8229768232858282, 0.9480171000538719, 0.11145369419000377, 0.6353239712643622, 0.14430303637274125, 0.17155057709297336, 0.5266331026867768, 0.06342170318203044, 0.08552149409863899, 0.38287882146805574, 0.25107091332218756, 0.6732015553211355, 0.05375100892169896, 0.06855005328358042, 0.05779364269891181, 0.10641733956653873, 0.07715624138752604, 0.044263208004889636, 0.2532164300009456, 0.5403372813068076, 0.6737060376869257, 0.260097276925976, 0.5513537703833391, 0.6661302425964994, 0.6301962555692754, 1.3030167928383654, 0.7563126366285319, 0.763227192178021, 0.6194215286063816, 0.38917310012737766, 0.478348740149448, 0.18194519909775128, 0.41027128970713, 0.5474536441002601, 0.5028350826298643, 0.7415218309609279, 0.5078905583849063, 0.9591318547058857, 0.7999247472990724, 0.5384786314679058, 0.15387030931460066, 0.6921595542072226, 0.07030807030930157, 0.013967699694193678, 0.8530166010248116, 0.45799461734803854, 0.2199653207790657, 0.0722035904490489, 0.5044793860195805, 0.046345500479661086, 0.02763852118915193, 0.5388224031989289, 0.8358576037481985, 0.6232386911420285, 0.14817317845828448, 0.5416633831267899, 0.8202860485256305, 0.46321004864089743, 0.5229003368234844, 0.5019169756530785, 0.06562904991390779, 0.039159171097565844, 0.7157202848015838, 0.6391923501712731, 0.8542819239026143, 1.083191022000546, 0.3818120274669029, 0.839339244257553, 0.2789380530824727, 0.05329735200399937, 0.417742340167208, 0.49343764146229824, 0.2796761644406562, 0.6351676704292736, 0.14002665482575677, 0.8546583264609589, 0.5056151575039727, 0.9205758908438115, 0.3316230396875986, 0.7159386541240955, 0.44927304681089647, 0.5043364109456756, 0.8832886048705307, 0.9179456205167449, 0.5208555607100698, 0.48393906544229154, 0.04897342635188361, 0.05829649981985908, 0.048259788079706836, 0.04498090614225528, 0.9700103021043852, 0.13081012383455728, 0.6695743690631983, 0.16186577201233115, 0.149796101372244, 0.03486036048757791, 0.2577626841594112, 0.5121062128313234, 0.07144924104879537, 0.7713645973025162, 2.32815246291417, 0.9002620940331559]
Processing ExpressPass results exp_id 5:: 40flo-2.3328Gbps_target
ExpressPass FCT (ms): [8.0269999997995e-06, 0.003574182000001258, 8.685000000951959e-06, 0.023762673000000234, 1.0179000000221095e-05, 9.72289999996434e-05, 0.024012039000000485, 0.006286956000000288, 8.463700000049812e-05, 9.103499999874032e-05, 0.021594202999999368, 0.017940551000000582, 0.022279594000000458, 0.01908199399999866, 0.0006816199999999384, 0.0003874829999990226, 0.0002903439999997204, 0.020886713000001222, 0.0006989420000014235, 0.006078331000001214, 0.0038852889999994034, 0.023118361999999948, 0.00010100900000153956, 1.3168999998924846e-05, 0.0024380190000012902, 0.0003839640000009581, 0.024823008000000257, 0.002124307000000769, 1.35110000005767e-05, 0.018968305999999657, 1.38580000008659e-05, 0.008168935000000488, 1.3886999999712657e-05, 0.0025619299999988243, 1.4441999999448285e-05, 1.4324000000343062e-05, 1.398699999910491e-05, 1.4047000000516618e-05, 1.4020000000058985e-05, 0.00016205599999885578, 0.01980690999999979, 7.691000000420445e-06, 0.020677274000000523, 7.88999999912221e-06, 0.0005255279999989426, 0.022006506000000314, 8.662999999131671e-06, 8.911000000111358e-06, 8.79610000001918e-05, 9.33799999991436e-06, 0.020196694000000903, 0.002080563999999896, 0.006514362999999079, 0.023515775999999988, 1.0256999999569416e-05, 0.02172083700000016, 0.00019275400000040577, 0.003907476999998494, 1.0471999999595027e-05, 0.0001912019999998904, 0.016599934999998567, 0.002536380999998755, 0.02530346799999883, 0.0019692029999998084, 0.00017471900000032292, 0.025878353999999604, 0.00013474799999890763, 0.024438334999999256, 1.305200000167872e-05, 0.0038266819999996926, 0.00019189899999894067, 0.025126576999999983, 0.006918301000000682, 0.0002957399999985455, 0.0002957180000002779, 0.02155704400000147, 0.0010456699999998875, 0.024383329999999148, 1.3069999999615334e-05, 0.022941458000000026, 7.69499999897505e-06, 0.0028318079999998247, 7.923000000076286e-06, 0.019589620999999724, 0.025101432000001367, 8.634900000004109e-05, 8.252000000652515e-06, 0.019914002000000153, 8.254000000817996e-06, 8.336000000497279e-06, 8.332000000166317e-06, 8.225000000194882e-06, 8.214999999367478e-06, 0.022739147000001125, 8.423000000590264e-06, 8.809000000553624e-06, 0.00028306199999938997, 0.02249065799999883, 0.00018859599999920817, 8.710600000050306e-05, 0.025826362000000103, 8.685799999952337e-05, 0.005224121999999554, 0.021859530000000404, 0.021757460999999978, 0.0003857749999998106, 0.023948691999999383, 0.020717768000000802, 0.024916716999999977, 0.00018655000000045163, 0.024982784000000535, 0.0006629339999992823, 0.006246352999999871, 0.023943351999999862, 0.002975333000000191, 0.019014152999998757, 0.0001891730000007641, 1.2910999998894113e-05, 0.00038116700000045967, 1.294800000017915e-05, 0.008962149000000252, 0.0001316689999999454, 0.02402165799999878, 0.004592918000000168, 1.028500000010979e-05, 9.015200000028756e-05, 0.018680350000000345, 1.0196999999934064e-05, 0.025365273000000244, 0.0010886220000010383, 0.0001836719999985803, 0.00019154099999951768, 0.00018256199999910905, 0.0033938569999989454, 1.2465999999378141e-05, 0.02541618799999945, 0.00019021700000010355, 1.3062000000729768e-05, 1.3020000000807386e-05, 1.3137000001606225e-05, 0.005929427999999959, 0.023669417999999, 0.0003859219999995389, 1.3230000000419295e-05, 1.3136999999829868e-05, 1.352600000004145e-05, 0.016703468999999416, 0.022793909000000667, 0.00016332000000041091, 0.009444515000000209, 1.3774000001021136e-05, 0.0034509069999995035, 0.017471113000000926, 0.01772858900000074, 0.00016473299999830715, 0.004149208000001181, 1.3799000001313289e-05, 1.3980000000302084e-05, 0.00011706199999927946, 0.0044348930000008835, 0.002778534000000832, 0.01854497300000091, 8.122999998860791e-06, 8.186999998827105e-06, 0.0057516740000007616, 8.156999999897607e-06, 0.004255415999999457, 0.0001824219999999599, 0.016551680000000957, 0.020950992999999585, 9.37699999958852e-06, 0.024466828999999635, 1.014899999951524e-05, 0.004270888000000639, 0.022613663999999645, 0.006504984999999408, 0.021063962999999575, 0.0023298239999984816, 0.0001837230000010237, 0.0006522110000002357, 0.006970752000000857, 0.02415705099999954, 0.02433584399999944, 0.019411687999999927, 1.238800000002982e-05, 8.946300000012286e-05, 0.0002859490000002296, 0.019653381999999553, 0.017488628999998923, 1.2970000000223081e-05, 1.3068999999532593e-05, 1.3098000000155707e-05, 0.0218944969999999, 0.02477059799999992, 0.0001826180000001898, 1.2873999999385433e-05, 1.2626999998488486e-05, 8.811499999872296e-05, 0.02424912200000051, 0.00028138899999952116, 0.025062541000000493, 1.2338000001221872e-05, 0.002210284000000229, 0.004224959000000084, 0.02384796900000019, 8.710000000000662e-05, 1.3567999999963831e-05, 1.34360000014766e-05, 1.3415999999821793e-05, 1.336999999956845e-05, 9.193600000045876e-05, 0.00010649100000037492, 0.02523543000000039, 0.0022792220000003027, 1.4275999999924238e-05, 0.005629321999998993, 9.305000000026098e-05, 0.022207809000001077, 0.0034645649999998085, 0.025748718000000892, 1.4867999999168546e-05, 1.5095000000187042e-05, 0.00029207300000066994, 0.0003258840000004426, 0.022221523000000687, 0.00038778699999930666, 0.000858121000000267, 0.0003038499999998834, 0.018957137000001012, 0.021413472999999072, 0.00037214200000157405, 0.00037734700000058297, 0.0006668410000010283, 0.00036562000000017747, 0.0004609200000000868, 0.02597857800000014, 1.6639000000040483e-05, 0.00564548899999906, 0.002106008000000159, 1.7037000000996727e-05, 1.181000000016752e-05, 0.01953877899999945, 1.2097000000821367e-05, 1.2381999999533377e-05, 1.2690000000148416e-05, 0.021481198000000035, 0.0024606019999993123, 0.00019478799999994578, 0.0020815899999995224, 8.82990000015127e-05, 0.025818979000000297, 0.025713488999999257, 0.005664300999999483, 0.001019046999999773, 0.00019093700000105684, 0.0003863370000001254, 1.5336000000587546e-05, 9.636000000057265e-05, 0.007349622999999639, 1.6063999998650047e-05, 0.00029877200000072435, 1.613200000072368e-05, 0.025527662999998313, 1.5980999998888024e-05, 0.02149751600000016, 1.590300000131606e-05, 0.0006016420000012346, 0.02392769499999936, 0.0003766380000005398, 1.6298000000247725e-05, 0.0038716460000003394, 0.00019359999999934985, 0.000185582000000295, 0.004820807999999843, 0.0002813630000009226, 0.022771524000001264, 0.001101119000001205, 0.00012530600000104641, 0.007827198999999396, 1.69840000001642e-05, 0.00402545999999937, 0.025084494999999762, 0.023586389000000096, 1.2646000000060553e-05, 1.2999999999152578e-05, 0.0002882490000004623, 0.00020910699999987514, 0.024128913000000196, 0.02528261100000151, 1.3985000000715786e-05, 0.023500746999999933, 0.005886228000001381, 0.023815252000000342, 1.5690999999762312e-05, 0.02237496800000116, 0.019691318999999652, 0.0002940089999992068, 0.022049632999999957, 0.02498471899999899, 0.025045735999999152, 0.000754460999999651, 0.02061100599999932, 1.6472000000433695e-05, 1.6204999999658298e-05, 0.0010934930000008336, 0.0003908289999987602, 1.609299999927316e-05, 0.009181115000000517, 0.00010268299999971475, 0.023416003999999546, 0.000492455999999919, 0.00018210700000054203, 0.0003908460000001668, 0.00037841299999996636, 1.6408000000467382e-05, 1.7054000000626957e-05, 0.00013330200000005732, 0.00483498200000021, 0.020879118999999946, 0.00011068399999913936, 1.1933000001462801e-05, 0.02153115800000016, 0.019489599999999996, 0.00020493800000132012, 0.023422479999998913, 0.023440678000000048, 8.977500000106886e-05, 1.3467000000488838e-05, 0.000215017999998679, 1.4152000000322573e-05, 9.688499999960243e-05, 0.0021109759999990985, 1.5293000000582424e-05, 0.023205003999999363, 0.007189256000000199, 0.025245766999999475, 0.02501423200000019, 0.003353991999999195, 0.0003875969999995732, 0.02197240199999939, 0.00029029099999888786, 1.5919000000863548e-05, 0.025200423000001138, 0.0005057850000014241, 0.0005885620000007918, 0.0003832590000012459, 0.0008351389999994296, 0.00010596799999973427, 1.6970999999088576e-05, 0.005121293000000193, 0.025371884000000122, 0.01937293100000126, 0.00010706000000126892, 0.003566460000000049, 0.025224998000000554, 0.007273088999999899, 0.0022598659999992776, 0.0011423780000008321, 1.7856999999565915e-05, 1.7752000001536317e-05, 1.2484000000867468e-05, 0.01794095600000034, 0.02506220199999909, 0.0003970679999998339, 1.3597000000586945e-05, 0.025513894000001258, 1.3860999999337764e-05, 1.3848000000038496e-05, 0.00018452800000012815, 0.00018758299999888095, 9.023999999868693e-05, 0.0209900619999992, 0.00019719999999878723, 0.025169225999999156, 0.0012705489999991215, 0.025441160999999823, 0.00018756999999958168, 0.0228204139999999, 0.0004686629999994807, 0.0023047089999987946, 0.025201188000000485, 0.025322173999999364, 0.00299145600000017, 0.0006979079999993587, 1.646099999952355e-05, 1.6589999999538918e-05, 1.6505999999694154e-05, 1.6696999999510354e-05, 0.02573349100000044, 1.6898000000153957e-05, 0.02088959800000012, 1.6756999999145705e-05, 0.00010607499999970571, 1.694700000065552e-05, 0.00012947499999960144, 0.0018734279999996772, 1.7457000000220546e-05, 0.023711843000000954, 0.02580378900000113, 0.025500257000000914]
App Gdpt (overall): 170.95782884042367 Gbps
App Gdpt (per flow): [None, 2.332799999999805, None, 2.3328000000000855, None, None, 2.332800000000196, 2.332800000001075, None, None, 2.3328000000000917, 2.3327999999999323, 2.3328000000000526, 2.3328000000002524, None, None, None, 2.3327999999997138, 2.3327999999908116, 2.332799999999517, 2.332799999999119, 2.3328000000001374, 2.3327999992595374, None, 2.332799999993351, None, 2.3328000000001374, 2.332799999999062, None, 2.3327999999999918, None, 2.332799999999517, None, 2.332800000004142, None, None, None, None, None, 2.332800000088315, 2.332800000000384, None, 2.3327999999996862, None, 2.3327999999962286, 2.3327999999998967, None, None, 2.332800000088315, None, 2.3327999999998106, 2.3327999999962286, 2.3328000000017757, 2.3328000000000855, None, 2.332799999999894, None, 2.3328000000037457, None, None, 2.332800000000225, 2.33280000000149, 2.3328000000002196, 2.332800000012971, None, 2.332800000000147, 2.332800000088315, 2.332800000000118, None, 2.3327999999974898, None, 2.332800000000118, 2.332799999999119, None, None, 2.3327999999996285, 2.3327999999847173, 2.3328000000001903, None, 2.332799999999805, None, 2.332800000004032, None, 2.332800000000595, 2.332799999999792, 2.332800000088315, None, 2.3327999999995783, None, None, None, None, None, 2.332799999999938, None, None, None, 2.332800000000147, None, None, 2.3327999999999824, None, 2.3327999999988442, 2.332800000000303, 2.332800000000384, None, 2.3328000000000855, 2.3327999999998887, 2.332800000000118, None, 2.3328000000001374, 2.332800000088315, 2.3327999999991986, 2.3327999999997853, 2.3328000000000024, 2.3328000000006552, None, None, 2.332800000012971, None, 2.332800000000804, 2.332800000088315, 2.3328000000002853, 2.332800000004032, None, None, 2.3327999999999713, None, 2.332799999999925, 2.332799999999062, None, None, None, 2.332800000000065, None, 2.3328000000003373, None, None, None, None, 2.332800000000497, 2.3328000000001903, None, None, None, None, 2.332800000000113, 2.332800000000033, 2.332800000088315, 2.332799999998913, None, 2.332800000000497, 2.332800000000113, 2.3327999999996862, 2.332800000088315, 2.332799999992351, None, None, 2.332800000088315, 2.332799999999318, 2.3327999999930533, 2.3327999999998106, None, None, 2.332800000000065, None, 2.3328000000022078, 2.332800000088315, 2.3327999999999713, 2.3328000000003626, None, 2.332799999999805, None, 2.3327999999981075, 2.332800000000303, 2.332800000000804, 2.3327999999998887, 2.332800000014646, None, None, 2.332800000000562, 2.332799999999938, 2.3328000000001374, 2.3327999999998927, None, 2.332800000088315, None, 2.332799999999997, 2.332800000000225, None, None, None, 2.3327999999997853, 2.3328000000004288, None, None, None, 2.332800000088315, 2.3327999999999824, None, 2.332800000000196, None, 2.332800000002579, 2.3328000000031133, 2.3327999999995592, None, None, None, None, None, None, 2.332800000088315, 2.3328000000002853, 2.3328000000067957, None, 2.3328000000015825, None, 2.332799999999346, 2.332800000001984, 2.3327999999998474, None, None, None, 2.332800000088315, 2.3327999999999918, None, 2.3327999999908116, None, 2.332800000000113, 2.3327999999999323, None, None, 2.332799999999062, 2.3327999999962286, 2.3328000000162468, 2.3328000000000992, None, 2.3328000000022078, 2.3327999999979023, None, None, 2.3328000000000992, None, None, None, 2.3328000000002524, 2.332799999994491, None, 2.3328000000093834, None, 2.332799999999701, 2.3328000000000553, 2.3327999999998497, 2.332800000001726, None, None, None, None, 2.3327999999971096, None, None, None, 2.3328000000002778, None, 2.3327999999999025, None, 2.332799999988861, 2.3328000000000526, None, None, 2.33279999999724, None, None, 2.332800000000833, None, 2.3327999999999918, 2.332799999969918, 2.332800000088315, 2.3328000000022078, None, 2.3327999999991986, 2.3328000000000855, 2.3327999999996285, None, None, None, 2.332800000088315, 2.3327999999997853, 2.332799999999938, None, 2.3327999999998887, 2.33279999999837, 2.3327999999997138, None, 2.332799999999997, 2.3327999999996987, None, 2.3328000000002524, 2.332799999999938, 2.3328000000000304, None, 2.3328000000002285, None, None, 2.332799999998717, None, None, 2.3327999999998843, None, 2.33280000000009, None, None, None, None, None, None, 2.332800000088315, 2.3327999999996756, 2.3328000000002613, 2.332800000088315, None, 2.3328000000003626, 2.3327999999999323, None, 2.3328000000000526, 2.332799999999868, None, None, 2.332800000088315, None, None, 2.332800000001984, None, 2.332800000000147, 2.3328000000015825, 2.3327999999998896, 2.3328000000001903, 2.332800000005437, None, 2.3328000000004425, None, None, 2.332799999999805, 2.332799999969918, None, None, 2.3328000000162468, None, None, 2.332799999999062, 2.3328000000000855, 2.332799999999629, 2.332800000088315, 2.3327999999991986, 2.3327999999997853, 2.332800000001075, 2.3328000000093834, 2.3327999999962286, None, None, None, 2.332799999999491, 2.332799999999805, None, None, 2.3327999999996036, None, None, 2.332800000088315, None, None, 2.3328000000002285, None, 2.3328000000002778, 2.3327999999962286, 2.33279999999972, None, 2.3328000000005407, 2.332800000005437, 2.3328000000038536, 2.332799999999663, 2.332800000000156, 2.3328000000000024, 2.332800000005437, None, None, None, None, 2.3327999999997084, None, 2.3328000000000304, None, 2.332800000088315, None, 2.332800000088315, 2.3327999999908116, None, 2.332799999999652, 2.332799999999832, 2.3328000000001374]
Network Gdpt (overall): 86.70037460617901
Network Gdpt (per flow): [0.27806154230170066, 0.33643726032965776, 0.28370754170753276, 0.8439363702896473, 0.26721681893515276, 0.055868105195157024, 0.8681405190121331, 0.529808066097464, 0.13147914032792404, 0.025748338551463006, 0.8629971664154749, 0.6953035054497265, 0.7820523120843065, 0.7135753213212916, 0.003802705319679931, 0.011520505415750525, 0.001570550794920643, 0.8410326699083275, 0.8675512417321681, 0.32261619184601964, 0.6713364179602601, 0.9392066790891176, 0.1584017265764054, 0.2764067127570188, 0.4639766958335441, 0.008209102936713168, 0.8747094630916518, 0.36155602744787924, 0.04026348900723707, 0.7677826369945879, 0.24419108094880612, 0.5207004340222742, 0.2621156477335146, 0.5849090334242887, 0.7334164243459796, 0.16364144093436617, 0.2253521126904776, 0.28817541110921363, 0.2248216833086119, 0.351977094340245, 0.7443204417044434, 0.509686646702081, 0.6915267457402576, 0.42889733845075817, 0.21091169262194026, 0.7853299383373151, 0.31397899114309563, 0.3797553585408721, 0.23201191437063584, 0.251017348470925, 0.7572261083917654, 0.2547693798412481, 0.4469717146558169, 0.8527970329365279, 0.22852685971516037, 0.6745983131312985, 0.040798115732920956, 0.5859085031084975, 0.8166539343325748, 0.017698559638507652, 0.7939582895957809, 0.48385475210569795, 0.8937940048376392, 0.26160431402961004, 0.03173095084100615, 1.186380864872645, 0.42330869475214783, 0.8705568525842963, 0.368372663146001, 0.22405833565477062, 0.013507105300258514, 0.8467114322814451, 0.3770197336021869, 0.010658010414605743, 0.01325587214845331, 0.7181685949149125, 0.3629060793558588, 0.7784275568595702, 0.17077276205552339, 0.8903249305253388, 0.3534762833479267, 0.48774775691010325, 0.7138710084495195, 0.7036346440801583, 0.9009879595713413, 0.3030492536102045, 0.2985942801508923, 0.8538177308609224, 1.0361037071907526, 0.32629558539320297, 1.2712433989184555, 0.058358662612599026, 0.15873402314064552, 0.8658970365070874, 0.34761961294014165, 1.0080599386357036, 0.009157004472538123, 0.7317491555827693, 0.01671297376409486, 0.04803343053263652, 0.9198325339046942, 0.06511777844333323, 0.3941822185623108, 0.7841925238099668, 0.6775922981086817, 0.019223640723228932, 0.8373811814023295, 0.8074228845500806, 0.853842823675367, 0.015695523988168918, 0.8691153075653832, 0.03620269891124303, 0.6949872989887202, 0.8074037419656243, 0.479602115124562, 0.7659313565006526, 0.013701743906316075, 0.1815506157695589, 0.3550569697792222, 0.18103181958353168, 0.4199948025858412, 0.27784824066420466, 0.8047717605504575, 0.3007255953622402, 0.35391346620915354, 0.0872304552308869, 0.6913048203058167, 0.1843679513594348, 1.133972735085474, 1.3991266022536264, 0.015941460865143475, 0.011652857612759778, 0.013496784654046435, 0.7438922735992662, 0.11808118081769853, 0.9774661723465587, 0.02796805753427456, 0.22416169038710873, 0.2420890936869847, 0.2575930577442527, 0.29746815375783503, 0.8019063248619296, 0.013785169023808844, 0.1687074829878505, 0.29839384943676384, 0.19163093301730424, 0.728759277489031, 0.7929637693999512, 0.34925300024403927, 0.4236677055412492, 0.045883548711568654, 0.5111166426682185, 0.6967391258930874, 0.8065440515316479, 0.14569029884872267, 0.267127606039438, 0.16986738167815896, 0.812017167364428, 0.17433496779591684, 0.3928807301550799, 0.367675903911809, 0.8246689817234704, 0.6421272929621467, 1.0846463907746644, 0.4389442099812448, 0.4148584038301433, 0.6358447681731576, 0.3312319785991453, 0.7802117972314142, 0.6824921377235096, 0.6031779887222135, 0.8348181123103573, 0.050448320033939835, 0.4030093975772117, 0.7580408022335642, 0.5786417647389414, 0.7941525533443227, 0.2275124644609831, 0.0171562624166949, 0.0017662995564312529, 0.28477386657849196, 0.8150729987696088, 0.8922197233019944, 0.7100843574242515, 0.45657087503926264, 0.1375317170224909, 0.013708738271498948, 0.7687035239024176, 0.7536128761151496, 0.48049344640653907, 0.22404162522799898, 0.1789586196344583, 0.8829594029951949, 0.7948843221306189, 0.012835536475032931, 0.211278545916564, 0.14888730499921166, 0.18911649549159062, 0.9796613667084317, 0.010405524025477125, 0.8317522153878807, 0.45842113790240463, 0.31001626940245197, 0.29645352771470096, 0.6901015344325493, 0.10195177956371212, 0.5058962264164429, 0.2709139624590629, 0.18366129994280933, 0.18429319372322603, 0.03959276018079791, 0.1233531472138843, 0.7660639030125383, 0.31570772833883864, 0.33678901653302856, 0.5365676363868581, 0.026480386888695213, 0.6360436547342115, 0.48480776085889365, 0.9340174528300464, 0.3728813559530558, 0.7371977475894079, 0.01646163801511599, 0.05113475960764373, 0.6553797415235468, 0.001402831967035957, 0.23801771545031114, 0.011137074214254729, 0.6421227002790216, 0.5825364246145659, 0.006298670937411218, 0.009646293729629165, 1.1517828087937239, 0.5818718888460608, 0.5966848910872781, 1.00403524781071, 0.1759721137083284, 0.47928248553853364, 0.6144402110532831, 0.06761753829504043, 0.7519051651036446, 0.6677010881795822, 0.34587087705347713, 0.9303828137969745, 0.43687943261900397, 0.6338771236129371, 0.2525300719093026, 0.026777830256491428, 0.24051998712528158, 0.07057837574483558, 0.9467215570375467, 1.0480030928514128, 0.36802140281743334, 0.7692206541996341, 0.027317911143314968, 0.021846211985901587, 0.1909233176765665, 0.026899128268831427, 0.3324905236636111, 0.22659362551704998, 0.007122488051071857, 0.32977932059021486, 0.800126200349846, 0.718353044290019, 0.6256990807682106, 0.2288876312455996, 0.5000049863529852, 0.7281858114624274, 0.008368778508794871, 0.3264204196784352, 0.2748433095380897, 0.059297520661356164, 0.028666573266758325, 0.43773242991632705, 0.012027167751228498, 0.6395503436660275, 0.2264968636448259, 0.0981916268965353, 0.34568994604585995, 0.13801224681920268, 0.26978481962314116, 0.7994653270875173, 0.6563782188108547, 0.8976751541946578, 0.18953846155081686, 0.018095466072706703, 0.06281951345487165, 0.8011944839786128, 0.7787866530082208, 0.5960672148425702, 0.7118071608532295, 0.5131489979659795, 0.7376116784319456, 0.28449429609761145, 0.6752020382777404, 0.6761671983476697, 0.008380695829061858, 0.6175359018447167, 0.788072101191164, 0.9141602386929566, 0.0038809163097911683, 0.6126617982645008, 0.262263234572988, 0.3421166306767604, 0.39861251969575273, 0.005710937520007678, 0.21027776052649216, 0.5129869302366581, 0.11016429204475352, 0.6181577351968458, 0.005003492697825605, 0.017308505439058458, 0.00695926272751631, 0.013234217640515642, 0.2218430034066501, 0.14448223290192422, 0.15945747250597037, 0.452753702082015, 0.68904095043474, 0.20823244552220027, 0.2064862146734226, 0.6641021351475799, 0.6400402265823826, 0.04278367115880667, 0.7438925340100967, 0.7555313886398662, 0.06941798941716293, 0.31068537906349786, 0.18603093694595688, 0.16563029960052092, 0.05837848996256603, 0.7956736599566824, 0.5450859870321407, 0.7327267859984194, 0.4201425015328313, 0.9181341172958019, 0.7587942735959216, 0.27961187742851656, 0.01011359737047582, 0.6960305932869982, 0.007688836374563976, 0.03216282429626395, 0.8105162361758403, 0.3280445248465906, 0.015087620335645275, 0.007639742315224122, 0.3293152397387595, 0.020081534048064852, 0.08673619704667099, 0.29740926754238484, 0.7904097307082085, 0.6360706080044987, 0.13106669157326442, 0.3045058685643426, 0.7663807148765513, 0.4579732215568992, 0.22154587926901864, 0.28569177627699616, 0.29209833679379493, 0.1775574582991897, 0.31400192243893094, 0.734612804356677, 0.8149863288150315, 0.022363927589238407, 0.2488784290544916, 0.7860103204943555, 0.2274006204567198, 0.04563835932974026, 0.08120176883719324, 0.0406859896688161, 0.058953900710077695, 0.6015978418739536, 0.01598377281957092, 0.8115208628187726, 0.174412793209985, 0.8710256579878629, 0.06099056352308745, 0.7095142095143442, 0.26400206545030674, 0.7971401161712655, 0.8442046462253919, 0.8751185423495059, 0.47701721168552, 0.3402970018974109, 0.1496871393032816, 0.17649186257271715, 0.1492790500451749, 0.14038450021373536, 0.9118734803606553, 0.49946739258628853, 0.6761803649835636, 0.6535776093906038, 0.13228376148987916, 0.14539446509144338, 0.28255647808544215, 0.21709080893424787, 0.31116457581092827, 0.7545397462356377, 1.1898091400452335, 0.8514784772561007]

#################################

Src-Dst pairs list: [(1, 0), (2, 0), (3, 0), (4, 0), (5, 0), (6, 0), (7, 0), (8, 0), (9, 0), (10, 0)]
Num Flows: [1, 5, 10, 20, 30, 40]
Target Flow Rate (Gbps): 2.3328
Protos tested: ['SSIRD', 'DCTCP-82', 'ExpressPass']
Src-Dst pairs list: [(1, 0), (2, 0), (3, 0), (4, 0), (5, 0), (6, 0), (7, 0), (8, 0), (9, 0), (10, 0)]
Num Flows: [1, 5, 10, 20, 30, 40]
- APP Gdpt Gbps measured (SSIRD): [9.144086569705221, 26.351279942702714, 37.98661636208838, 109.15373004433717, 133.41399053107338, 170.95782884042367]
+ APP Gdpt Gbps union (SSIRD):    [9.144754586950299, 26.35232235155296, 37.988333732985225, 109.15451804798336, 133.4143342142017, 170.9579756921012]
- APP Gdpt Gbps measured (DCTCP): [9.144086569705221, 26.351279942702714, 37.98661636208838, 109.15373004433717, 133.41399053107338, 170.95782884042367]
+ APP Gdpt Gbps union (DCTCP):    [9.144754586950299, 26.35232235155296, 37.988333732985225, 109.15451804798336, 133.4143342142017, 170.9579756921012]
- APP Gdpt Gbps measured (XPass): [9.144086569705221, 26.351279942702714, 37.98661636208838, 109.15373004433717, 133.41399053107338, 170.95782884042367]
+ APP Gdpt Gbps union (XPass):    [9.144754586950299, 26.35232235155296, 37.988333732985225, 109.15451804798336, 133.4143342142017, 170.9579756921012]
APP Gdpt Gbps measured per flow (SSIRD): [[2.3327999999997853, 2.332799999999517, 2.332800000000414, 2.3327999999962286, 2.3327999999999323, 2.3327999999998106, 2.3328000000001374, None, None, 2.332800000000414], [None, None, None, 2.33279999999724, 2.3328000000002853, 2.3327999999988442, None, None, None, 2.3327999999999434, None, 2.3327999999999918, 2.3328000000000024, 2.3328000000000677, None, 2.332800000000414, 2.3327999999999713, None, None, None, 2.33279999988112, 2.3328000000000304, None, 2.3328000000002778, None, None, 2.3327999992595374, None, 2.332800000088315, None, None, 2.3327999999998896, 2.3327999999998927, 2.332799999999663, 2.3327999999998767, 2.3328000000031133, 2.3328000000037457, 2.332800000088315, None, None, 2.332800000002579, 2.332799999999728, 2.332800000005437, 2.3327999999999482, 2.332799999999701, None, 2.3328000000002613, 2.332800000001645, 2.332800000001984, None], [2.3328000000000992, None, 2.332800000005437, None, None, None, None, 2.3327999999996756, 2.332800000088315, None, None, None, None, None, 2.33279999999823, None, 2.332799999999616, 2.3327999999962286, None, 2.332800000000033, 2.332799999998052, 2.332799999999517, 2.3328000000017757, None, None, 2.3328000000015825, None, None, 2.3327999999997853, 2.332799999998717, None, None, 2.332800000001726, 2.332800000088315, 2.332800000088315, None, 2.3328000000001903, None, 2.3328000000000992, 2.3328000000002853, 2.332800000000073, 2.332800000000193, 2.332800000002579, 2.332799999999629, 2.3328000000000024, 2.332800000088315, None, None, None, 2.3328000000035534, None, None, 2.332799999999517, 2.332800000001075, 2.3327999999953675, None, 2.332800000002579, 2.332799999999517, None, 2.3328000000002573, None, 2.332800000001075, None, 2.3328000000000877, 2.3327999999926865, 2.332799999998913, 2.332799999998913, None, 2.3327999999949314, 2.332799999999517, None, None, None, 2.332800000000833, 2.332800000000147, 2.332799999999652, None, None, 2.332800000000247, 2.332800000003312, 2.332800000000787, 2.332799999999629, 2.332800000005437, None, 2.3328000000002285, None, 2.3328000000000855, 2.3327999999997604, 2.332800000000147, 2.3328000000005114, None, None, None, 2.332799999999805, 2.3328000000000855, None, 2.3328000000029254, 2.332800000006258, 2.332800000000121, None], [2.332800000000147, 2.332800000001075, None, 2.332800000012971, None, None, 2.332800000002806, 2.33280000000149, None, None, 2.3327999999998843, None, None, 2.3327999999952884, None, None, 2.3328000000000917, None, 2.332799999999517, 2.332799999992224, 2.332800000000768, 2.332800000001075, None, None, 2.3327999999998106, None, 2.3327999999999824, 2.3327999999997853, 2.332799999998052, 2.332800000000156, 2.3327999999996987, 2.332799999999938, 2.332800000001075, 2.3328000000005114, None, None, 2.3328000000067957, None, 2.332800000088315, None, None, 2.332800000000303, 2.332800000005437, 2.332800000000113, None, None, 2.3327999999998767, None, None, 2.3328000000004527, 2.332800000088315, 2.3327999999941356, 2.332800000000595, None, None, 2.3328000000067957, None, None, 2.3328000000001374, 2.3327999999608102, None, None, 2.3328000000038536, 2.3328000000015825, None, 2.332800000000121, None, 2.3328000000002196, 2.3328000000035534, None, None, None, 2.332800000088315, 2.33279999999837, None, None, 2.3327999999952884, None, 2.332800000088315, None, None, 2.332800000000113, None, 2.332799999999938, 2.332800000001075, 2.3327999999962286, 2.332799999950185, 2.332800000001075, 2.3328000000000677, None, 2.332799999999938, 2.3328000000003093, None, 2.3328000000015825, None, None, 2.3328000000001374, 2.332800000088315, None, None, None, 2.332799999999692, None, 2.332800000005437, 2.33279999999823, 2.3328000000003066, 2.332800000000033, None, 2.332799999999062, 2.3327999999225595, None, None, 2.3327999999995424, 2.332799999950185, 2.332800000000193, 2.332800000088315, None, 2.3327999999999918, None, None, None, 2.332800000001645, 2.332800000000247, None, 2.332800000000517, 2.3328000000013445, None, 2.3328000000000677, None, None, 2.332800000000196, None, 2.332799999999938, None, None, 2.3328000000002196, 2.332800000001329, None, 2.3327999999986337, None, 2.33280000000009, 2.332800000088315, 2.3327999999996805, None, 2.332799999999692, None, 2.3328000000001903, None, 2.332800000088315, 2.3328000000000304, 2.332800000000065, 2.33279999999823, None, 2.332800000000033, 2.3328000000000855, 2.332799999999894, None, 2.332800000000118, None, None, None, 2.332799999977811, None, 2.3328000000003626, 2.3328000000000304, 2.3328000000000855, 2.332800000001075, 2.3327999999998967, 2.3327999999997386, 2.3328000000000304, None, 2.3328000000002196, None, 2.3327999999996756, 2.3328000000000855, 2.332800000000156, 2.3327999999996805, None, None, None, 2.332799999999805, None, 2.332800000088315, None, None, 2.3327999999986337, None, 2.332799999997351, 2.332799999999938, None, 2.332800000012971, 2.332799999997351, 2.3327999999991986, None, None, 2.332800000000147, 2.3327999992595374, None, None, 2.3328000000001374], [2.332799999999912, 2.332799999999894, None, 2.332799999812056, None, 2.332799999999616, 2.332800000012971, None, None, 2.332799999999573, 2.332799999999792, 2.332799999999781, None, 2.332800000000033, 2.3328000000000304, None, 2.3328000000022078, 2.332799999999119, None, None, None, 2.3327999999999918, None, None, 2.3327999999997853, 2.3328000000013445, 2.332799999999669, None, 2.3328000000000553, None, 2.3327999999998896, None, 2.332800000088315, 2.332800000008843, 2.3328000000002573, None, None, 2.3327999999986337, None, 2.3328000000000526, None, None, None, None, 2.3327999999962286, 2.332799999999517, 2.3327999999608102, None, None, None, 2.332800000088315, 2.3328000000005114, 2.332800000000804, None, 2.3327999999999323, None, 2.332800000000768, None, 2.332799999999781, 2.3328000000002285, 2.332800000000113, 2.332800000088315, 2.3327999999847173, 2.332800000000065, None, None, 2.332800000001984, None, 2.3327999999752995, None, 2.3327999999994624, 2.332799999998717, 2.3327999999996862, 2.332800000088315, 2.332800000001984, 2.332799999999692, None, 2.3328000000000304, None, 2.332799999999062, None, None, 2.332799999992224, None, 2.332800000088315, None, None, 2.3327999999998843, 2.3327999999916242, None, 2.332799999999629, 2.3327999999962286, 2.3327999999998106, 2.3327999999999323, 2.3327999992595374, 2.332800000088315, 2.332800000088315, None, 2.3328000000067957, 2.332799999988861, None, None, 2.332800000001984, None, None, 2.332800000010617, 2.3328000000015825, 2.332799999999938, None, None, 2.332800000000768, 2.3327999999991986, 2.332800000000804, None, 2.3327999999997324, 2.332799999999894, None, 2.3327999999986577, 2.332799999998167, None, None, 2.3327999999996805, None, None, 2.3328000000002764, 2.332799999999938, 2.3327999999978157, 2.332800000088315, 2.3328000000029996, None, None, 2.332800000000804, 2.332800000001794, 2.332800000005437, 2.3327999999926865, 2.332800000000196, 2.33279999999724, None, None, None, 2.3327999999999025, None, 2.3327999999962286, 2.3328000000015825, None, None, 2.332800000000156, 2.3328000000001374, 2.3327999999998967, 2.332799999999781, 2.332800000000113, None, 2.3328000000005407, 2.332799999999629, None, 2.332799999999616, None, 2.3328000000002573, 2.332800000012971, None, 2.332799999999517, 2.3328000000000855, 2.3327999999962286, None, None, None, 2.332800000088315, 2.3328000000000304, None, 2.332799999997073, 2.332800000001984, None, 2.332800000088315, 2.3327999999999482, None, 2.332800000000065, 2.332800000000247, None, 2.332800000000193, 2.332799999673926, 2.3327999999998106, 2.33280000000149, None, None, 2.3328000000000553, None, 2.332799999998913, None, 2.332800000088315, None, 2.332799999673926, 2.33279999999972, 2.3328000000001374, None, 2.332800000003622, 2.332800000001075, 2.332800000002579, 2.3327999999995592, None, None, None, None, 2.332800000088315, 2.332799999969918, None, None, None, None, None, 2.332799999999616, None, 2.332800000004032, 2.3328000000008444, None, 2.332800000088315, None, 2.332799999977811, 2.3327999999999025, 2.332799999999119, 2.3327999999998887, 2.332799999999221, None, 2.3328000000002285, 2.3327999999986577, None, 2.332800000000768, 2.332799999999062, 2.33280000000009, 2.332800000088315, 2.332799999999669, 2.3328000000000855, 2.3328000000000992, 2.3327999999998927, 2.3327999999996805, 2.332800000000121, 2.3328000000037457, 2.3328000000001903, 2.3327999999999323, 2.332800000088315, None, None, None, 2.332800000000562, None, 2.3327999999999713, 2.332800000000196, None, None, None, 2.332800000004506, None, 2.332800000005437, 2.3327999999998843, 2.332799999999589, None, 2.332800000000247, None, 2.332800000000188, 2.3328000000000304, None, None, None, 2.3327999999997138, 2.332800000001075, 2.3327999999975724, None, 2.332800000088315, 2.3327999999996036, 2.3328000000000855, 2.332800000000196, None, None, None, 2.3328000000002853, 2.332799999999938, 2.3327999999752995, 2.3327999999998843, None, 2.3327999999999918, 2.3327999999952884, 2.3327999999225595, 2.3328000000002573, None, None, 2.332800000005437, None, 2.332800000000384, None, None, None, 2.3328000000002853, None, None, 2.332799999812056, None, 2.3328000000001903, None, None, 2.332799999999997, 2.332800000000804], [None, 2.332799999999805, None, 2.3328000000000855, None, None, 2.332800000000196, 2.332800000001075, None, None, 2.3328000000000917, 2.3327999999999323, 2.3328000000000526, 2.3328000000002524, None, None, None, 2.3327999999997138, 2.3327999999908116, 2.332799999999517, 2.332799999999119, 2.3328000000001374, 2.3327999992595374, None, 2.332799999993351, None, 2.3328000000001374, 2.332799999999062, None, 2.3327999999999918, None, 2.332799999999517, None, 2.332800000004142, None, None, None, None, None, 2.332800000088315, 2.332800000000384, None, 2.3327999999996862, None, 2.3327999999962286, 2.3327999999998967, None, None, 2.332800000088315, None, 2.3327999999998106, 2.3327999999962286, 2.3328000000017757, 2.3328000000000855, None, 2.332799999999894, None, 2.3328000000037457, None, None, 2.332800000000225, 2.33280000000149, 2.3328000000002196, 2.332800000012971, None, 2.332800000000147, 2.332800000088315, 2.332800000000118, None, 2.3327999999974898, None, 2.332800000000118, 2.332799999999119, None, None, 2.3327999999996285, 2.3327999999847173, 2.3328000000001903, None, 2.332799999999805, None, 2.332800000004032, None, 2.332800000000595, 2.332799999999792, 2.332800000088315, None, 2.3327999999995783, None, None, None, None, None, 2.332799999999938, None, None, None, 2.332800000000147, None, None, 2.3327999999999824, None, 2.3327999999988442, 2.332800000000303, 2.332800000000384, None, 2.3328000000000855, 2.3327999999998887, 2.332800000000118, None, 2.3328000000001374, 2.332800000088315, 2.3327999999991986, 2.3327999999997853, 2.3328000000000024, 2.3328000000006552, None, None, 2.332800000012971, None, 2.332800000000804, 2.332800000088315, 2.3328000000002853, 2.332800000004032, None, None, 2.3327999999999713, None, 2.332799999999925, 2.332799999999062, None, None, None, 2.332800000000065, None, 2.3328000000003373, None, None, None, None, 2.332800000000497, 2.3328000000001903, None, None, None, None, 2.332800000000113, 2.332800000000033, 2.332800000088315, 2.332799999998913, None, 2.332800000000497, 2.332800000000113, 2.3327999999996862, 2.332800000088315, 2.332799999992351, None, None, 2.332800000088315, 2.332799999999318, 2.3327999999930533, 2.3327999999998106, None, None, 2.332800000000065, None, 2.3328000000022078, 2.332800000088315, 2.3327999999999713, 2.3328000000003626, None, 2.332799999999805, None, 2.3327999999981075, 2.332800000000303, 2.332800000000804, 2.3327999999998887, 2.332800000014646, None, None, 2.332800000000562, 2.332799999999938, 2.3328000000001374, 2.3327999999998927, None, 2.332800000088315, None, 2.332799999999997, 2.332800000000225, None, None, None, 2.3327999999997853, 2.3328000000004288, None, None, None, 2.332800000088315, 2.3327999999999824, None, 2.332800000000196, None, 2.332800000002579, 2.3328000000031133, 2.3327999999995592, None, None, None, None, None, None, 2.332800000088315, 2.3328000000002853, 2.3328000000067957, None, 2.3328000000015825, None, 2.332799999999346, 2.332800000001984, 2.3327999999998474, None, None, None, 2.332800000088315, 2.3327999999999918, None, 2.3327999999908116, None, 2.332800000000113, 2.3327999999999323, None, None, 2.332799999999062, 2.3327999999962286, 2.3328000000162468, 2.3328000000000992, None, 2.3328000000022078, 2.3327999999979023, None, None, 2.3328000000000992, None, None, None, 2.3328000000002524, 2.332799999994491, None, 2.3328000000093834, None, 2.332799999999701, 2.3328000000000553, 2.3327999999998497, 2.332800000001726, None, None, None, None, 2.3327999999971096, None, None, None, 2.3328000000002778, None, 2.3327999999999025, None, 2.332799999988861, 2.3328000000000526, None, None, 2.33279999999724, None, None, 2.332800000000833, None, 2.3327999999999918, 2.332799999969918, 2.332800000088315, 2.3328000000022078, None, 2.3327999999991986, 2.3328000000000855, 2.3327999999996285, None, None, None, 2.332800000088315, 2.3327999999997853, 2.332799999999938, None, 2.3327999999998887, 2.33279999999837, 2.3327999999997138, None, 2.332799999999997, 2.3327999999996987, None, 2.3328000000002524, 2.332799999999938, 2.3328000000000304, None, 2.3328000000002285, None, None, 2.332799999998717, None, None, 2.3327999999998843, None, 2.33280000000009, None, None, None, None, None, None, 2.332800000088315, 2.3327999999996756, 2.3328000000002613, 2.332800000088315, None, 2.3328000000003626, 2.3327999999999323, None, 2.3328000000000526, 2.332799999999868, None, None, 2.332800000088315, None, None, 2.332800000001984, None, 2.332800000000147, 2.3328000000015825, 2.3327999999998896, 2.3328000000001903, 2.332800000005437, None, 2.3328000000004425, None, None, 2.332799999999805, 2.332799999969918, None, None, 2.3328000000162468, None, None, 2.332799999999062, 2.3328000000000855, 2.332799999999629, 2.332800000088315, 2.3327999999991986, 2.3327999999997853, 2.332800000001075, 2.3328000000093834, 2.3327999999962286, None, None, None, 2.332799999999491, 2.332799999999805, None, None, 2.3327999999996036, None, None, 2.332800000088315, None, None, 2.3328000000002285, None, 2.3328000000002778, 2.3327999999962286, 2.33279999999972, None, 2.3328000000005407, 2.332800000005437, 2.3328000000038536, 2.332799999999663, 2.332800000000156, 2.3328000000000024, 2.332800000005437, None, None, None, None, 2.3327999999997084, None, 2.3328000000000304, None, 2.332800000088315, None, 2.332800000088315, 2.3327999999908116, None, 2.332799999999652, 2.332799999999832, 2.3328000000001374]]
APP Gdpt Gbps measured per flow (DCTCP): [[2.3327999999997853, 2.332799999999517, 2.332800000000414, 2.3327999999962286, 2.3327999999999323, 2.3327999999998106, 2.3328000000001374, None, None, 2.332800000000414], [None, None, None, 2.33279999999724, 2.3328000000002853, 2.3327999999988442, None, None, None, 2.3327999999999434, None, 2.3327999999999918, 2.3328000000000024, 2.3328000000000677, None, 2.332800000000414, 2.3327999999999713, None, None, None, 2.33279999988112, 2.3328000000000304, None, 2.3328000000002778, None, None, 2.3327999992595374, None, 2.332800000088315, None, None, 2.3327999999998896, 2.3327999999998927, 2.332799999999663, 2.3327999999998767, 2.3328000000031133, 2.3328000000037457, 2.332800000088315, None, None, 2.332800000002579, 2.332799999999728, 2.332800000005437, 2.3327999999999482, 2.332799999999701, None, 2.3328000000002613, 2.332800000001645, 2.332800000001984, None], [2.3328000000000992, None, 2.332800000005437, None, None, None, None, 2.3327999999996756, 2.332800000088315, None, None, None, None, None, 2.33279999999823, None, 2.332799999999616, 2.3327999999962286, None, 2.332800000000033, 2.332799999998052, 2.332799999999517, 2.3328000000017757, None, None, 2.3328000000015825, None, None, 2.3327999999997853, 2.332799999998717, None, None, 2.332800000001726, 2.332800000088315, 2.332800000088315, None, 2.3328000000001903, None, 2.3328000000000992, 2.3328000000002853, 2.332800000000073, 2.332800000000193, 2.332800000002579, 2.332799999999629, 2.3328000000000024, 2.332800000088315, None, None, None, 2.3328000000035534, None, None, 2.332799999999517, 2.332800000001075, 2.3327999999953675, None, 2.332800000002579, 2.332799999999517, None, 2.3328000000002573, None, 2.332800000001075, None, 2.3328000000000877, 2.3327999999926865, 2.332799999998913, 2.332799999998913, None, 2.3327999999949314, 2.332799999999517, None, None, None, 2.332800000000833, 2.332800000000147, 2.332799999999652, None, None, 2.332800000000247, 2.332800000003312, 2.332800000000787, 2.332799999999629, 2.332800000005437, None, 2.3328000000002285, None, 2.3328000000000855, 2.3327999999997604, 2.332800000000147, 2.3328000000005114, None, None, None, 2.332799999999805, 2.3328000000000855, None, 2.3328000000029254, 2.332800000006258, 2.332800000000121, None], [2.332800000000147, 2.332800000001075, None, 2.332800000012971, None, None, 2.332800000002806, 2.33280000000149, None, None, 2.3327999999998843, None, None, 2.3327999999952884, None, None, 2.3328000000000917, None, 2.332799999999517, 2.332799999992224, 2.332800000000768, 2.332800000001075, None, None, 2.3327999999998106, None, 2.3327999999999824, 2.3327999999997853, 2.332799999998052, 2.332800000000156, 2.3327999999996987, 2.332799999999938, 2.332800000001075, 2.3328000000005114, None, None, 2.3328000000067957, None, 2.332800000088315, None, None, 2.332800000000303, 2.332800000005437, 2.332800000000113, None, None, 2.3327999999998767, None, None, 2.3328000000004527, 2.332800000088315, 2.3327999999941356, 2.332800000000595, None, None, 2.3328000000067957, None, None, 2.3328000000001374, 2.3327999999608102, None, None, 2.3328000000038536, 2.3328000000015825, None, 2.332800000000121, None, 2.3328000000002196, 2.3328000000035534, None, None, None, 2.332800000088315, 2.33279999999837, None, None, 2.3327999999952884, None, 2.332800000088315, None, None, 2.332800000000113, None, 2.332799999999938, 2.332800000001075, 2.3327999999962286, 2.332799999950185, 2.332800000001075, 2.3328000000000677, None, 2.332799999999938, 2.3328000000003093, None, 2.3328000000015825, None, None, 2.3328000000001374, 2.332800000088315, None, None, None, 2.332799999999692, None, 2.332800000005437, 2.33279999999823, 2.3328000000003066, 2.332800000000033, None, 2.332799999999062, 2.3327999999225595, None, None, 2.3327999999995424, 2.332799999950185, 2.332800000000193, 2.332800000088315, None, 2.3327999999999918, None, None, None, 2.332800000001645, 2.332800000000247, None, 2.332800000000517, 2.3328000000013445, None, 2.3328000000000677, None, None, 2.332800000000196, None, 2.332799999999938, None, None, 2.3328000000002196, 2.332800000001329, None, 2.3327999999986337, None, 2.33280000000009, 2.332800000088315, 2.3327999999996805, None, 2.332799999999692, None, 2.3328000000001903, None, 2.332800000088315, 2.3328000000000304, 2.332800000000065, 2.33279999999823, None, 2.332800000000033, 2.3328000000000855, 2.332799999999894, None, 2.332800000000118, None, None, None, 2.332799999977811, None, 2.3328000000003626, 2.3328000000000304, 2.3328000000000855, 2.332800000001075, 2.3327999999998967, 2.3327999999997386, 2.3328000000000304, None, 2.3328000000002196, None, 2.3327999999996756, 2.3328000000000855, 2.332800000000156, 2.3327999999996805, None, None, None, 2.332799999999805, None, 2.332800000088315, None, None, 2.3327999999986337, None, 2.332799999997351, 2.332799999999938, None, 2.332800000012971, 2.332799999997351, 2.3327999999991986, None, None, 2.332800000000147, 2.3327999992595374, None, None, 2.3328000000001374], [2.332799999999912, 2.332799999999894, None, 2.332799999812056, None, 2.332799999999616, 2.332800000012971, None, None, 2.332799999999573, 2.332799999999792, 2.332799999999781, None, 2.332800000000033, 2.3328000000000304, None, 2.3328000000022078, 2.332799999999119, None, None, None, 2.3327999999999918, None, None, 2.3327999999997853, 2.3328000000013445, 2.332799999999669, None, 2.3328000000000553, None, 2.3327999999998896, None, 2.332800000088315, 2.332800000008843, 2.3328000000002573, None, None, 2.3327999999986337, None, 2.3328000000000526, None, None, None, None, 2.3327999999962286, 2.332799999999517, 2.3327999999608102, None, None, None, 2.332800000088315, 2.3328000000005114, 2.332800000000804, None, 2.3327999999999323, None, 2.332800000000768, None, 2.332799999999781, 2.3328000000002285, 2.332800000000113, 2.332800000088315, 2.3327999999847173, 2.332800000000065, None, None, 2.332800000001984, None, 2.3327999999752995, None, 2.3327999999994624, 2.332799999998717, 2.3327999999996862, 2.332800000088315, 2.332800000001984, 2.332799999999692, None, 2.3328000000000304, None, 2.332799999999062, None, None, 2.332799999992224, None, 2.332800000088315, None, None, 2.3327999999998843, 2.3327999999916242, None, 2.332799999999629, 2.3327999999962286, 2.3327999999998106, 2.3327999999999323, 2.3327999992595374, 2.332800000088315, 2.332800000088315, None, 2.3328000000067957, 2.332799999988861, None, None, 2.332800000001984, None, None, 2.332800000010617, 2.3328000000015825, 2.332799999999938, None, None, 2.332800000000768, 2.3327999999991986, 2.332800000000804, None, 2.3327999999997324, 2.332799999999894, None, 2.3327999999986577, 2.332799999998167, None, None, 2.3327999999996805, None, None, 2.3328000000002764, 2.332799999999938, 2.3327999999978157, 2.332800000088315, 2.3328000000029996, None, None, 2.332800000000804, 2.332800000001794, 2.332800000005437, 2.3327999999926865, 2.332800000000196, 2.33279999999724, None, None, None, 2.3327999999999025, None, 2.3327999999962286, 2.3328000000015825, None, None, 2.332800000000156, 2.3328000000001374, 2.3327999999998967, 2.332799999999781, 2.332800000000113, None, 2.3328000000005407, 2.332799999999629, None, 2.332799999999616, None, 2.3328000000002573, 2.332800000012971, None, 2.332799999999517, 2.3328000000000855, 2.3327999999962286, None, None, None, 2.332800000088315, 2.3328000000000304, None, 2.332799999997073, 2.332800000001984, None, 2.332800000088315, 2.3327999999999482, None, 2.332800000000065, 2.332800000000247, None, 2.332800000000193, 2.332799999673926, 2.3327999999998106, 2.33280000000149, None, None, 2.3328000000000553, None, 2.332799999998913, None, 2.332800000088315, None, 2.332799999673926, 2.33279999999972, 2.3328000000001374, None, 2.332800000003622, 2.332800000001075, 2.332800000002579, 2.3327999999995592, None, None, None, None, 2.332800000088315, 2.332799999969918, None, None, None, None, None, 2.332799999999616, None, 2.332800000004032, 2.3328000000008444, None, 2.332800000088315, None, 2.332799999977811, 2.3327999999999025, 2.332799999999119, 2.3327999999998887, 2.332799999999221, None, 2.3328000000002285, 2.3327999999986577, None, 2.332800000000768, 2.332799999999062, 2.33280000000009, 2.332800000088315, 2.332799999999669, 2.3328000000000855, 2.3328000000000992, 2.3327999999998927, 2.3327999999996805, 2.332800000000121, 2.3328000000037457, 2.3328000000001903, 2.3327999999999323, 2.332800000088315, None, None, None, 2.332800000000562, None, 2.3327999999999713, 2.332800000000196, None, None, None, 2.332800000004506, None, 2.332800000005437, 2.3327999999998843, 2.332799999999589, None, 2.332800000000247, None, 2.332800000000188, 2.3328000000000304, None, None, None, 2.3327999999997138, 2.332800000001075, 2.3327999999975724, None, 2.332800000088315, 2.3327999999996036, 2.3328000000000855, 2.332800000000196, None, None, None, 2.3328000000002853, 2.332799999999938, 2.3327999999752995, 2.3327999999998843, None, 2.3327999999999918, 2.3327999999952884, 2.3327999999225595, 2.3328000000002573, None, None, 2.332800000005437, None, 2.332800000000384, None, None, None, 2.3328000000002853, None, None, 2.332799999812056, None, 2.3328000000001903, None, None, 2.332799999999997, 2.332800000000804], [None, 2.332799999999805, None, 2.3328000000000855, None, None, 2.332800000000196, 2.332800000001075, None, None, 2.3328000000000917, 2.3327999999999323, 2.3328000000000526, 2.3328000000002524, None, None, None, 2.3327999999997138, 2.3327999999908116, 2.332799999999517, 2.332799999999119, 2.3328000000001374, 2.3327999992595374, None, 2.332799999993351, None, 2.3328000000001374, 2.332799999999062, None, 2.3327999999999918, None, 2.332799999999517, None, 2.332800000004142, None, None, None, None, None, 2.332800000088315, 2.332800000000384, None, 2.3327999999996862, None, 2.3327999999962286, 2.3327999999998967, None, None, 2.332800000088315, None, 2.3327999999998106, 2.3327999999962286, 2.3328000000017757, 2.3328000000000855, None, 2.332799999999894, None, 2.3328000000037457, None, None, 2.332800000000225, 2.33280000000149, 2.3328000000002196, 2.332800000012971, None, 2.332800000000147, 2.332800000088315, 2.332800000000118, None, 2.3327999999974898, None, 2.332800000000118, 2.332799999999119, None, None, 2.3327999999996285, 2.3327999999847173, 2.3328000000001903, None, 2.332799999999805, None, 2.332800000004032, None, 2.332800000000595, 2.332799999999792, 2.332800000088315, None, 2.3327999999995783, None, None, None, None, None, 2.332799999999938, None, None, None, 2.332800000000147, None, None, 2.3327999999999824, None, 2.3327999999988442, 2.332800000000303, 2.332800000000384, None, 2.3328000000000855, 2.3327999999998887, 2.332800000000118, None, 2.3328000000001374, 2.332800000088315, 2.3327999999991986, 2.3327999999997853, 2.3328000000000024, 2.3328000000006552, None, None, 2.332800000012971, None, 2.332800000000804, 2.332800000088315, 2.3328000000002853, 2.332800000004032, None, None, 2.3327999999999713, None, 2.332799999999925, 2.332799999999062, None, None, None, 2.332800000000065, None, 2.3328000000003373, None, None, None, None, 2.332800000000497, 2.3328000000001903, None, None, None, None, 2.332800000000113, 2.332800000000033, 2.332800000088315, 2.332799999998913, None, 2.332800000000497, 2.332800000000113, 2.3327999999996862, 2.332800000088315, 2.332799999992351, None, None, 2.332800000088315, 2.332799999999318, 2.3327999999930533, 2.3327999999998106, None, None, 2.332800000000065, None, 2.3328000000022078, 2.332800000088315, 2.3327999999999713, 2.3328000000003626, None, 2.332799999999805, None, 2.3327999999981075, 2.332800000000303, 2.332800000000804, 2.3327999999998887, 2.332800000014646, None, None, 2.332800000000562, 2.332799999999938, 2.3328000000001374, 2.3327999999998927, None, 2.332800000088315, None, 2.332799999999997, 2.332800000000225, None, None, None, 2.3327999999997853, 2.3328000000004288, None, None, None, 2.332800000088315, 2.3327999999999824, None, 2.332800000000196, None, 2.332800000002579, 2.3328000000031133, 2.3327999999995592, None, None, None, None, None, None, 2.332800000088315, 2.3328000000002853, 2.3328000000067957, None, 2.3328000000015825, None, 2.332799999999346, 2.332800000001984, 2.3327999999998474, None, None, None, 2.332800000088315, 2.3327999999999918, None, 2.3327999999908116, None, 2.332800000000113, 2.3327999999999323, None, None, 2.332799999999062, 2.3327999999962286, 2.3328000000162468, 2.3328000000000992, None, 2.3328000000022078, 2.3327999999979023, None, None, 2.3328000000000992, None, None, None, 2.3328000000002524, 2.332799999994491, None, 2.3328000000093834, None, 2.332799999999701, 2.3328000000000553, 2.3327999999998497, 2.332800000001726, None, None, None, None, 2.3327999999971096, None, None, None, 2.3328000000002778, None, 2.3327999999999025, None, 2.332799999988861, 2.3328000000000526, None, None, 2.33279999999724, None, None, 2.332800000000833, None, 2.3327999999999918, 2.332799999969918, 2.332800000088315, 2.3328000000022078, None, 2.3327999999991986, 2.3328000000000855, 2.3327999999996285, None, None, None, 2.332800000088315, 2.3327999999997853, 2.332799999999938, None, 2.3327999999998887, 2.33279999999837, 2.3327999999997138, None, 2.332799999999997, 2.3327999999996987, None, 2.3328000000002524, 2.332799999999938, 2.3328000000000304, None, 2.3328000000002285, None, None, 2.332799999998717, None, None, 2.3327999999998843, None, 2.33280000000009, None, None, None, None, None, None, 2.332800000088315, 2.3327999999996756, 2.3328000000002613, 2.332800000088315, None, 2.3328000000003626, 2.3327999999999323, None, 2.3328000000000526, 2.332799999999868, None, None, 2.332800000088315, None, None, 2.332800000001984, None, 2.332800000000147, 2.3328000000015825, 2.3327999999998896, 2.3328000000001903, 2.332800000005437, None, 2.3328000000004425, None, None, 2.332799999999805, 2.332799999969918, None, None, 2.3328000000162468, None, None, 2.332799999999062, 2.3328000000000855, 2.332799999999629, 2.332800000088315, 2.3327999999991986, 2.3327999999997853, 2.332800000001075, 2.3328000000093834, 2.3327999999962286, None, None, None, 2.332799999999491, 2.332799999999805, None, None, 2.3327999999996036, None, None, 2.332800000088315, None, None, 2.3328000000002285, None, 2.3328000000002778, 2.3327999999962286, 2.33279999999972, None, 2.3328000000005407, 2.332800000005437, 2.3328000000038536, 2.332799999999663, 2.332800000000156, 2.3328000000000024, 2.332800000005437, None, None, None, None, 2.3327999999997084, None, 2.3328000000000304, None, 2.332800000088315, None, 2.332800000088315, 2.3327999999908116, None, 2.332799999999652, 2.332799999999832, 2.3328000000001374]]
APP Gdpt Gbps measured per flow (XPass): [[2.3327999999997853, 2.332799999999517, 2.332800000000414, 2.3327999999962286, 2.3327999999999323, 2.3327999999998106, 2.3328000000001374, None, None, 2.332800000000414], [None, None, None, 2.33279999999724, 2.3328000000002853, 2.3327999999988442, None, None, None, 2.3327999999999434, None, 2.3327999999999918, 2.3328000000000024, 2.3328000000000677, None, 2.332800000000414, 2.3327999999999713, None, None, None, 2.33279999988112, 2.3328000000000304, None, 2.3328000000002778, None, None, 2.3327999992595374, None, 2.332800000088315, None, None, 2.3327999999998896, 2.3327999999998927, 2.332799999999663, 2.3327999999998767, 2.3328000000031133, 2.3328000000037457, 2.332800000088315, None, None, 2.332800000002579, 2.332799999999728, 2.332800000005437, 2.3327999999999482, 2.332799999999701, None, 2.3328000000002613, 2.332800000001645, 2.332800000001984, None], [2.3328000000000992, None, 2.332800000005437, None, None, None, None, 2.3327999999996756, 2.332800000088315, None, None, None, None, None, 2.33279999999823, None, 2.332799999999616, 2.3327999999962286, None, 2.332800000000033, 2.332799999998052, 2.332799999999517, 2.3328000000017757, None, None, 2.3328000000015825, None, None, 2.3327999999997853, 2.332799999998717, None, None, 2.332800000001726, 2.332800000088315, 2.332800000088315, None, 2.3328000000001903, None, 2.3328000000000992, 2.3328000000002853, 2.332800000000073, 2.332800000000193, 2.332800000002579, 2.332799999999629, 2.3328000000000024, 2.332800000088315, None, None, None, 2.3328000000035534, None, None, 2.332799999999517, 2.332800000001075, 2.3327999999953675, None, 2.332800000002579, 2.332799999999517, None, 2.3328000000002573, None, 2.332800000001075, None, 2.3328000000000877, 2.3327999999926865, 2.332799999998913, 2.332799999998913, None, 2.3327999999949314, 2.332799999999517, None, None, None, 2.332800000000833, 2.332800000000147, 2.332799999999652, None, None, 2.332800000000247, 2.332800000003312, 2.332800000000787, 2.332799999999629, 2.332800000005437, None, 2.3328000000002285, None, 2.3328000000000855, 2.3327999999997604, 2.332800000000147, 2.3328000000005114, None, None, None, 2.332799999999805, 2.3328000000000855, None, 2.3328000000029254, 2.332800000006258, 2.332800000000121, None], [2.332800000000147, 2.332800000001075, None, 2.332800000012971, None, None, 2.332800000002806, 2.33280000000149, None, None, 2.3327999999998843, None, None, 2.3327999999952884, None, None, 2.3328000000000917, None, 2.332799999999517, 2.332799999992224, 2.332800000000768, 2.332800000001075, None, None, 2.3327999999998106, None, 2.3327999999999824, 2.3327999999997853, 2.332799999998052, 2.332800000000156, 2.3327999999996987, 2.332799999999938, 2.332800000001075, 2.3328000000005114, None, None, 2.3328000000067957, None, 2.332800000088315, None, None, 2.332800000000303, 2.332800000005437, 2.332800000000113, None, None, 2.3327999999998767, None, None, 2.3328000000004527, 2.332800000088315, 2.3327999999941356, 2.332800000000595, None, None, 2.3328000000067957, None, None, 2.3328000000001374, 2.3327999999608102, None, None, 2.3328000000038536, 2.3328000000015825, None, 2.332800000000121, None, 2.3328000000002196, 2.3328000000035534, None, None, None, 2.332800000088315, 2.33279999999837, None, None, 2.3327999999952884, None, 2.332800000088315, None, None, 2.332800000000113, None, 2.332799999999938, 2.332800000001075, 2.3327999999962286, 2.332799999950185, 2.332800000001075, 2.3328000000000677, None, 2.332799999999938, 2.3328000000003093, None, 2.3328000000015825, None, None, 2.3328000000001374, 2.332800000088315, None, None, None, 2.332799999999692, None, 2.332800000005437, 2.33279999999823, 2.3328000000003066, 2.332800000000033, None, 2.332799999999062, 2.3327999999225595, None, None, 2.3327999999995424, 2.332799999950185, 2.332800000000193, 2.332800000088315, None, 2.3327999999999918, None, None, None, 2.332800000001645, 2.332800000000247, None, 2.332800000000517, 2.3328000000013445, None, 2.3328000000000677, None, None, 2.332800000000196, None, 2.332799999999938, None, None, 2.3328000000002196, 2.332800000001329, None, 2.3327999999986337, None, 2.33280000000009, 2.332800000088315, 2.3327999999996805, None, 2.332799999999692, None, 2.3328000000001903, None, 2.332800000088315, 2.3328000000000304, 2.332800000000065, 2.33279999999823, None, 2.332800000000033, 2.3328000000000855, 2.332799999999894, None, 2.332800000000118, None, None, None, 2.332799999977811, None, 2.3328000000003626, 2.3328000000000304, 2.3328000000000855, 2.332800000001075, 2.3327999999998967, 2.3327999999997386, 2.3328000000000304, None, 2.3328000000002196, None, 2.3327999999996756, 2.3328000000000855, 2.332800000000156, 2.3327999999996805, None, None, None, 2.332799999999805, None, 2.332800000088315, None, None, 2.3327999999986337, None, 2.332799999997351, 2.332799999999938, None, 2.332800000012971, 2.332799999997351, 2.3327999999991986, None, None, 2.332800000000147, 2.3327999992595374, None, None, 2.3328000000001374], [2.332799999999912, 2.332799999999894, None, 2.332799999812056, None, 2.332799999999616, 2.332800000012971, None, None, 2.332799999999573, 2.332799999999792, 2.332799999999781, None, 2.332800000000033, 2.3328000000000304, None, 2.3328000000022078, 2.332799999999119, None, None, None, 2.3327999999999918, None, None, 2.3327999999997853, 2.3328000000013445, 2.332799999999669, None, 2.3328000000000553, None, 2.3327999999998896, None, 2.332800000088315, 2.332800000008843, 2.3328000000002573, None, None, 2.3327999999986337, None, 2.3328000000000526, None, None, None, None, 2.3327999999962286, 2.332799999999517, 2.3327999999608102, None, None, None, 2.332800000088315, 2.3328000000005114, 2.332800000000804, None, 2.3327999999999323, None, 2.332800000000768, None, 2.332799999999781, 2.3328000000002285, 2.332800000000113, 2.332800000088315, 2.3327999999847173, 2.332800000000065, None, None, 2.332800000001984, None, 2.3327999999752995, None, 2.3327999999994624, 2.332799999998717, 2.3327999999996862, 2.332800000088315, 2.332800000001984, 2.332799999999692, None, 2.3328000000000304, None, 2.332799999999062, None, None, 2.332799999992224, None, 2.332800000088315, None, None, 2.3327999999998843, 2.3327999999916242, None, 2.332799999999629, 2.3327999999962286, 2.3327999999998106, 2.3327999999999323, 2.3327999992595374, 2.332800000088315, 2.332800000088315, None, 2.3328000000067957, 2.332799999988861, None, None, 2.332800000001984, None, None, 2.332800000010617, 2.3328000000015825, 2.332799999999938, None, None, 2.332800000000768, 2.3327999999991986, 2.332800000000804, None, 2.3327999999997324, 2.332799999999894, None, 2.3327999999986577, 2.332799999998167, None, None, 2.3327999999996805, None, None, 2.3328000000002764, 2.332799999999938, 2.3327999999978157, 2.332800000088315, 2.3328000000029996, None, None, 2.332800000000804, 2.332800000001794, 2.332800000005437, 2.3327999999926865, 2.332800000000196, 2.33279999999724, None, None, None, 2.3327999999999025, None, 2.3327999999962286, 2.3328000000015825, None, None, 2.332800000000156, 2.3328000000001374, 2.3327999999998967, 2.332799999999781, 2.332800000000113, None, 2.3328000000005407, 2.332799999999629, None, 2.332799999999616, None, 2.3328000000002573, 2.332800000012971, None, 2.332799999999517, 2.3328000000000855, 2.3327999999962286, None, None, None, 2.332800000088315, 2.3328000000000304, None, 2.332799999997073, 2.332800000001984, None, 2.332800000088315, 2.3327999999999482, None, 2.332800000000065, 2.332800000000247, None, 2.332800000000193, 2.332799999673926, 2.3327999999998106, 2.33280000000149, None, None, 2.3328000000000553, None, 2.332799999998913, None, 2.332800000088315, None, 2.332799999673926, 2.33279999999972, 2.3328000000001374, None, 2.332800000003622, 2.332800000001075, 2.332800000002579, 2.3327999999995592, None, None, None, None, 2.332800000088315, 2.332799999969918, None, None, None, None, None, 2.332799999999616, None, 2.332800000004032, 2.3328000000008444, None, 2.332800000088315, None, 2.332799999977811, 2.3327999999999025, 2.332799999999119, 2.3327999999998887, 2.332799999999221, None, 2.3328000000002285, 2.3327999999986577, None, 2.332800000000768, 2.332799999999062, 2.33280000000009, 2.332800000088315, 2.332799999999669, 2.3328000000000855, 2.3328000000000992, 2.3327999999998927, 2.3327999999996805, 2.332800000000121, 2.3328000000037457, 2.3328000000001903, 2.3327999999999323, 2.332800000088315, None, None, None, 2.332800000000562, None, 2.3327999999999713, 2.332800000000196, None, None, None, 2.332800000004506, None, 2.332800000005437, 2.3327999999998843, 2.332799999999589, None, 2.332800000000247, None, 2.332800000000188, 2.3328000000000304, None, None, None, 2.3327999999997138, 2.332800000001075, 2.3327999999975724, None, 2.332800000088315, 2.3327999999996036, 2.3328000000000855, 2.332800000000196, None, None, None, 2.3328000000002853, 2.332799999999938, 2.3327999999752995, 2.3327999999998843, None, 2.3327999999999918, 2.3327999999952884, 2.3327999999225595, 2.3328000000002573, None, None, 2.332800000005437, None, 2.332800000000384, None, None, None, 2.3328000000002853, None, None, 2.332799999812056, None, 2.3328000000001903, None, None, 2.332799999999997, 2.332800000000804], [None, 2.332799999999805, None, 2.3328000000000855, None, None, 2.332800000000196, 2.332800000001075, None, None, 2.3328000000000917, 2.3327999999999323, 2.3328000000000526, 2.3328000000002524, None, None, None, 2.3327999999997138, 2.3327999999908116, 2.332799999999517, 2.332799999999119, 2.3328000000001374, 2.3327999992595374, None, 2.332799999993351, None, 2.3328000000001374, 2.332799999999062, None, 2.3327999999999918, None, 2.332799999999517, None, 2.332800000004142, None, None, None, None, None, 2.332800000088315, 2.332800000000384, None, 2.3327999999996862, None, 2.3327999999962286, 2.3327999999998967, None, None, 2.332800000088315, None, 2.3327999999998106, 2.3327999999962286, 2.3328000000017757, 2.3328000000000855, None, 2.332799999999894, None, 2.3328000000037457, None, None, 2.332800000000225, 2.33280000000149, 2.3328000000002196, 2.332800000012971, None, 2.332800000000147, 2.332800000088315, 2.332800000000118, None, 2.3327999999974898, None, 2.332800000000118, 2.332799999999119, None, None, 2.3327999999996285, 2.3327999999847173, 2.3328000000001903, None, 2.332799999999805, None, 2.332800000004032, None, 2.332800000000595, 2.332799999999792, 2.332800000088315, None, 2.3327999999995783, None, None, None, None, None, 2.332799999999938, None, None, None, 2.332800000000147, None, None, 2.3327999999999824, None, 2.3327999999988442, 2.332800000000303, 2.332800000000384, None, 2.3328000000000855, 2.3327999999998887, 2.332800000000118, None, 2.3328000000001374, 2.332800000088315, 2.3327999999991986, 2.3327999999997853, 2.3328000000000024, 2.3328000000006552, None, None, 2.332800000012971, None, 2.332800000000804, 2.332800000088315, 2.3328000000002853, 2.332800000004032, None, None, 2.3327999999999713, None, 2.332799999999925, 2.332799999999062, None, None, None, 2.332800000000065, None, 2.3328000000003373, None, None, None, None, 2.332800000000497, 2.3328000000001903, None, None, None, None, 2.332800000000113, 2.332800000000033, 2.332800000088315, 2.332799999998913, None, 2.332800000000497, 2.332800000000113, 2.3327999999996862, 2.332800000088315, 2.332799999992351, None, None, 2.332800000088315, 2.332799999999318, 2.3327999999930533, 2.3327999999998106, None, None, 2.332800000000065, None, 2.3328000000022078, 2.332800000088315, 2.3327999999999713, 2.3328000000003626, None, 2.332799999999805, None, 2.3327999999981075, 2.332800000000303, 2.332800000000804, 2.3327999999998887, 2.332800000014646, None, None, 2.332800000000562, 2.332799999999938, 2.3328000000001374, 2.3327999999998927, None, 2.332800000088315, None, 2.332799999999997, 2.332800000000225, None, None, None, 2.3327999999997853, 2.3328000000004288, None, None, None, 2.332800000088315, 2.3327999999999824, None, 2.332800000000196, None, 2.332800000002579, 2.3328000000031133, 2.3327999999995592, None, None, None, None, None, None, 2.332800000088315, 2.3328000000002853, 2.3328000000067957, None, 2.3328000000015825, None, 2.332799999999346, 2.332800000001984, 2.3327999999998474, None, None, None, 2.332800000088315, 2.3327999999999918, None, 2.3327999999908116, None, 2.332800000000113, 2.3327999999999323, None, None, 2.332799999999062, 2.3327999999962286, 2.3328000000162468, 2.3328000000000992, None, 2.3328000000022078, 2.3327999999979023, None, None, 2.3328000000000992, None, None, None, 2.3328000000002524, 2.332799999994491, None, 2.3328000000093834, None, 2.332799999999701, 2.3328000000000553, 2.3327999999998497, 2.332800000001726, None, None, None, None, 2.3327999999971096, None, None, None, 2.3328000000002778, None, 2.3327999999999025, None, 2.332799999988861, 2.3328000000000526, None, None, 2.33279999999724, None, None, 2.332800000000833, None, 2.3327999999999918, 2.332799999969918, 2.332800000088315, 2.3328000000022078, None, 2.3327999999991986, 2.3328000000000855, 2.3327999999996285, None, None, None, 2.332800000088315, 2.3327999999997853, 2.332799999999938, None, 2.3327999999998887, 2.33279999999837, 2.3327999999997138, None, 2.332799999999997, 2.3327999999996987, None, 2.3328000000002524, 2.332799999999938, 2.3328000000000304, None, 2.3328000000002285, None, None, 2.332799999998717, None, None, 2.3327999999998843, None, 2.33280000000009, None, None, None, None, None, None, 2.332800000088315, 2.3327999999996756, 2.3328000000002613, 2.332800000088315, None, 2.3328000000003626, 2.3327999999999323, None, 2.3328000000000526, 2.332799999999868, None, None, 2.332800000088315, None, None, 2.332800000001984, None, 2.332800000000147, 2.3328000000015825, 2.3327999999998896, 2.3328000000001903, 2.332800000005437, None, 2.3328000000004425, None, None, 2.332799999999805, 2.332799999969918, None, None, 2.3328000000162468, None, None, 2.332799999999062, 2.3328000000000855, 2.332799999999629, 2.332800000088315, 2.3327999999991986, 2.3327999999997853, 2.332800000001075, 2.3328000000093834, 2.3327999999962286, None, None, None, 2.332799999999491, 2.332799999999805, None, None, 2.3327999999996036, None, None, 2.332800000088315, None, None, 2.3328000000002285, None, 2.3328000000002778, 2.3327999999962286, 2.33279999999972, None, 2.3328000000005407, 2.332800000005437, 2.3328000000038536, 2.332799999999663, 2.332800000000156, 2.3328000000000024, 2.332800000005437, None, None, None, None, 2.3327999999997084, None, 2.3328000000000304, None, 2.332800000088315, None, 2.332800000088315, 2.3327999999908116, None, 2.332799999999652, 2.332799999999832, 2.3328000000001374]]
- NW Gdpt Gbps measured (SSIRD): [9.134202077546194, 26.32553284643731, 37.95294566072465, 89.43006085498727, 89.52309354471707, 89.62767124533248]
+ NW Gdpt Gbps union (SSIRD):    [9.134202077546194, 26.32553284643731, 37.95294566072465, 89.43006085498727, 89.52309354471707, 89.62767124533248]
- NW Gdpt Gbps measured (DCTCP): [9.141159089202306, 26.34297420635488, 37.97553233693869, 94.76226339425291, 94.07321890170886, 93.09438641162286]
+ NW Gdpt Gbps union (DCTCP):    [9.141159089202306, 26.34297420635488, 37.97553233693869, 94.76226339425291, 94.07321890170886, 93.09438641162286]
- NW Gdpt Gbps measured (Xpass): [9.092464713438398, 26.130463987446454, 37.8627689451053, 87.64128771980654, 86.90807237053995, 86.70037460617901]
+ NW Gdpt Gbps union (Xpass):    [9.092464713438398, 26.130463987446454, 37.8627689451053, 87.64128771980654, 86.90807237053995, 86.70037460617901]
NW Gdpt Gbps measured per flow (SSIRD): [[2.3312048314378866, 2.3178665403157166, 2.3304225474642797, 2.178277096824572, 2.3304500988196284, 2.3293177315056117, 2.3307752998955995, 0.3170320404626302, 0.21575846833469903, 2.3079514724359664], [1.3743341405126914, 0.29657188409641444, 0.993835432961515, 2.3150589264187658, 2.33120117693921, 2.3229818008680403, 0.059213089213257325, 0.49706404489941763, 0.4044198894799702, 2.3304910244316948, 0.6750355895048138, 2.3310194725715148, 2.3268619285073115, 2.3312040364617546, 1.6625514403633377, 2.303600417225739, 2.3299126874701668, 0.26430479401834384, 1.4364062284614914, 0.3551312648414843, 1.9511401974286415, 2.329883983616535, 1.441466367218935, 2.330962962692676, 0.1344046749423861, 0.395885065612308, 0.7063145809125831, 0.4419610670627138, 1.0063798463066922, 0.07900386432054923, 0.8935197880090693, 2.3305670982925424, 2.332752511815776, 2.3322201505950497, 2.3270167740384524, 2.3176964114252074, 2.308053745275401, 1.3629781072080394, 0.46797057239027096, 0.3365489805859305, 2.285092023706226, 2.33050493656061, 2.2825425211213926, 2.331444882295713, 2.331104531176938, 0.3508007043082207, 2.3295082933442384, 2.3135346373524723, 2.2963675274904913, 0.4456571168077521], [2.330604423195868, 0.40456937492950545, 2.0638864855649395, 0.3690205011232079, 0.5039463887119316, 0.7607843138065317, 0.7248520710303109, 2.314399233698307, 2.096092752203414, 0.9702380951076068, 0.8186741363405108, 0.420320457085611, 0.7201426025233931, 0.3630760610255269, 2.319593867587253, 0.372681524087698, 2.3304757207594173, 1.2080182931917136, 0.5554421075948758, 2.331397160646946, 1.1123896562473505, 1.4826828934994196, 2.3225752931195633, 0.4068738065881606, 0.46721148085135833, 2.3284410954150907, 0.7213599408522808, 0.6833056017873587, 2.331209329298256, 2.246248350933739, 0.05970149252664974, 0.524453694123027, 2.3288686328593076, 1.2157480314451614, 1.3319111111089577, 0.6519792226300314, 2.332361877154506, 0.6531743831408865, 2.325470929617055, 2.3312143894119806, 2.3255829823212273, 2.331804821796993, 1.07945626823105, 2.3321770755102578, 1.0829301684228305, 1.7215154035732725, 2.42208822627482, 0.9822207313853913, 0.6246782221812663, 2.279186058737568, 0.27959662939043817, 0.2223790038319121, 2.323018679971951, 0.7121213734819626, 1.0350904885195022, 0.3427518428153815, 1.395844097742872, 2.3152061355211013, 0.5435101698198482, 2.312677409926256, 0.6935355851316809, 2.2159656396534846, 0.2658586648169175, 2.3315632771632706, 2.2928327593452833, 2.3252860745010255, 2.325349586748785, 0.9853601405007564, 1.1857384709821026, 2.328725230145106, 0.6800550206393182, 0.5880794702444605, 0.6452277577487951, 2.315794787491019, 2.330815503306972, 2.3308968053284733, 0.816021583498564, 0.459283387600915, 2.3303862675367535, 1.4251716103995349, 2.3272805666707796, 2.3314948863420506, 0.704412075152948, 0.5059612518571321, 2.331310040257521, 1.0349801657774518, 2.33034220878699, 2.3244599680247706, 2.3321632918989863, 2.331683893310059, 0.3704949968999702, 0.2208588957162275, 0.37180480246745656, 2.3315318351059786, 2.332184230862595, 0.7348047538536139, 1.6415372074944343, 1.0865970938794203, 2.3312281531382775, 0.8627537027610598], [2.330737156491066, 0.8979129608512858, 0.4519774011320763, 1.1960907067348903, 0.5548450565531698, 0.7075038284854281, 0.765043066183776, 0.7102601231339027, 0.6737763196040505, 0.6667887890962769, 2.328310190094216, 0.8363988381684161, 0.4470314318873006, 0.7405227466908288, 0.7250231984316294, 1.0907754500307947, 2.3308637701141346, 0.8611295685119295, 0.8705408255185434, 0.6212025070863889, 0.8066659827864447, 0.8692855841908605, 0.5352997406609113, 0.35813953484105837, 2.3299866722649973, 1.147024504279123, 2.331444794515544, 1.7135612059840086, 2.3205071911937662, 1.8194128082453263, 1.894127044530481, 2.330186064488741, 2.3268735989192, 2.330668335319064, 0.8285137863816571, 0.8597014923171099, 0.5781515521842916, 1.0760749719163283, 0.7208472808522868, 1.9261404783477114, 0.4956539316891525, 1.7276142868662745, 0.7153369892092811, 2.3300107553908096, 0.638198028956439, 0.7778631820625527, 2.3313357636808565, 0.6363819907802015, 0.7405900305364183, 2.3317875601401576, 2.211263551952854, 0.5049153462697062, 2.3318783837898747, 0.3683964468974945, 0.32538287722489473, 0.6334961456786604, 0.8739184176900712, 0.38898108189975905, 2.3307495298604572, 2.160183066350772, 0.12996200705835995, 0.7341192434676489, 0.8303226287571095, 0.8591821848705857, 0.4074831001088248, 2.331572591406703, 0.6620209058785158, 2.3326433895563103, 0.673372963333001, 0.6021063446304024, 0.49380834453153305, 1.248691099589327, 1.2355454287854708, 2.320529052401086, 0.7515221800905796, 0.8294314379391557, 0.553378205429481, 1.1987767588576166, 1.3838264299056349, 0.9343868083200909, 0.5990137555241073, 2.3314164713255225, 0.7522388060997975, 2.3311947015286654, 1.104501811863979, 0.8473182213506276, 1.0808837509923892, 0.7153274048392609, 1.6516239776698993, 0.4840701408610619, 2.3316350123717466, 1.7680865519883797, 0.07123886892376116, 0.854032501066185, 1.4996094764153034, 0.49454545451625936, 2.3320111788307063, 1.1297307474562786, 0.6411716843006171, 0.7238019486351157, 0.305112253197593, 1.8490486727472455, 0.1093809343034734, 0.6749363794437706, 0.5046177987412537, 1.8654624820236543, 1.6889783792755142, 0.5954198473319954, 0.6102341841294192, 0.8236278231699279, 0.44959210389936755, 0.4008660686472927, 1.821215295573804, 1.9381723034692437, 2.329947319558779, 1.0441535388652907, 0.7034144165032331, 1.612321522476797, 0.8917197453094408, 1.0004168402941396, 0.7589170019793025, 0.84600131436134, 1.6926318779796137, 0.3988594141502567, 1.9392097624098485, 0.8555032515239673, 0.27271721085536954, 1.6845696976928657, 0.06197546804742534, 0.35340977671213003, 2.3314464406447524, 0.4526720223949597, 2.327411580627305, 1.5059231434387008, 0.8503423539162032, 2.330893201890419, 2.3132680014784124, 0.12545739674678166, 2.3265359461600665, 0.14460393406198058, 1.6806259197138156, 0.7103534008091548, 1.648105083299207, 0.4429273166620205, 1.8102197716444564, 0.4349430944497563, 1.706945562459356, 0.43574555758549066, 0.9224371723380942, 2.3069383117761304, 0.8732731104007427, 0.8162382175220972, 0.7350096711552533, 1.7508526991365247, 2.3317834375132254, 2.3306072369385262, 0.7506654835916228, 2.326873962816549, 0.8639924043764011, 0.7833333332624928, 0.375711301560535, 1.1892116016082899, 0.27962320278890734, 1.6163126892675808, 2.3321387002153355, 2.3318102793123496, 0.7321392240849549, 1.6448283754930242, 1.6911508493202423, 1.7090487725757535, 0.2896935933552589, 2.3309011295076196, 0.41715344066783944, 0.8561139599712134, 2.3318704722606416, 2.3320787130492033, 2.331522719153979, 1.0638561684759065, 1.0606488010638022, 0.6453900709821944, 0.7071649313263728, 0.22678018574146955, 0.8108977515172028, 0.09564245810285069, 0.31710300956076887, 2.3258227218573486, 0.42189800562280294, 0.6220672742815255, 2.3279770684965126, 0.7720793051990931, 1.1120447009526189, 0.6815797615127855, 2.3231576401168925, 0.6821205401948913, 0.10924772403274186, 1.6900908576130922, 1.0951377505985291, 0.6491043203940898, 0.2563307493234704, 2.331418484341677], [0.6008500547393987, 1.2495487786002324, 0.33189591084714964, 0.5723762438180504, 1.6017922148008779, 1.6628156981090285, 0.7698883512561023, 0.8911958476917817, 1.8338658149137006, 1.4396312711869426, 1.37615242276961, 2.0087304949691567, 0.6219081273354155, 1.4671169189832138, 1.539020299073581, 0.6280304780186218, 0.8317688626934471, 0.8831093905637427, 0.7360970676575114, 0.43272926970814035, 0.44390539718257294, 1.532002666047369, 0.3895287957033336, 0.5352351841930666, 1.2479058374858119, 0.78831767549689, 1.9992141000146397, 0.3042944784793626, 1.5901542415300305, 0.26797172374784806, 1.4343452132727594, 0.3251088534092257, 0.45462725825865197, 0.6240787850336018, 0.8266156484416047, 0.4789115646841606, 0.6277450455500354, 1.0240682311247757, 1.2403445403724538, 1.486703862545977, 0.46412724993797916, 0.33986206899087434, 0.2788027880572381, 0.5209748302642229, 0.8234701022752335, 0.820851045126661, 1.1341083738008029, 0.13438320207061577, 0.3997404282805253, 0.43582375478693597, 0.9019702972915635, 1.3432957223540665, 2.3205906197505213, 0.5873684210529022, 1.892645295905335, 0.7725118484429928, 1.7841028855183538, 0.8619137505917625, 1.9406945931071973, 2.3313905454272494, 2.331174924565355, 0.9118541033464765, 0.9590466700814909, 0.8815900203995887, 0.0670672069408704, 0.5013774105712108, 0.7552085464359735, 0.5870967740610227, 0.8666428410705782, 0.5267878217145612, 1.8442551087127657, 0.6041578277471272, 2.3306915145309275, 0.8171832091135245, 2.3237946059358636, 2.331079579504117, 0.7363906300773801, 2.3312971314814956, 2.421976776545095, 1.4077441083660729, 2.135145338741104, 1.190403887428906, 0.5975641619583527, 0.5073880427575466, 2.0043845913762497, 1.4652849742323522, 0.5931632163070814, 2.3276807565927355, 0.5662286180137178, 0.6276527330497615, 1.293746043841473, 1.0927153317691465, 1.115694595658557, 2.3291746956458175, 0.5635046926152751, 0.6359806025994061, 0.6265565182416599, 1.4622258324699253, 0.6159841117661109, 0.6596771611567347, 1.015304217463782, 0.1721664275618341, 2.326201918892009, 1.8919319024741827, 1.082039911278421, 0.5144779976198904, 2.3283710948585634, 1.3715704052598459, 1.9615212526352708, 0.7650901488505902, 0.8348002837640363, 0.6567410403281925, 2.3272278516326503, 1.280665280854915, 1.4129388223368466, 1.4164002046568789, 0.9170027593496032, 2.324732436461187, 2.3255089808661396, 0.545318352072588, 0.39969566317184, 1.4256213763109147, 1.3638213815187479, 0.37108088758308977, 1.2714013925740562, 1.3334976804037049, 0.8030742312840276, 0.7495830444420517, 0.6097203697913509, 0.7965630527062705, 1.868516683191592, 2.320443269582717, 2.2952570123347362, 0.5452946620934012, 0.5998774497701191, 1.3722042238391017, 0.6204001103095115, 3.4164904876838995, 0.2342457033272644, 0.7135362012835232, 1.6990197178088804, 1.2857142861756221, 0.5966714362148523, 2.328572133413429, 0.3123123122944809, 0.5868392662502523, 1.4148261397157174, 2.0626039119040263, 2.332175277282321, 2.2856170440137844, 2.0779638807888574, 0.22721577142765553, 1.3537787711501204, 1.9270831411080023, 0.21024307115070978, 1.6614345157169974, 0.22248803826658367, 2.0716645092374977, 1.019672957470111, 0.38874210220300803, 0.8977094806676756, 1.376476821362995, 0.9470125940682808, 0.3924406916408138, 0.6690479122792397, 0.39344262296562965, 0.6308899491220319, 1.3015156591328128, 0.704183266913579, 0.6974036247137061, 0.9392359885334116, 0.4901238700657337, 0.7652781823855633, 1.4862759697839731, 0.6416938111226034, 0.9246657849734347, 1.4974920615231933, 0.6437131444084697, 2.312358325220273, 0.6250268708022535, 1.4515453130737523, 0.6577871158966944, 0.20772452301721087, 0.22056384741363338, 1.5631907709626036, 0.6000649421693887, 0.7591309562632679, 0.5512313385177486, 0.6805721716530502, 0.10787043820100878, 0.5812437961122219, 1.4297232492846192, 2.12982452939524, 0.5317693059166877, 0.6688377725592703, 0.7992919256363514, 0.7992274230250084, 1.4474374385888127, 0.6639990299310571, 0.6141386873496845, 1.080918780888687, 0.44497854086469046, 1.266723891278067, 2.1008666789797874, 0.8825089716305843, 0.27262153986576243, 0.30667297676619615, 0.895435885097112, 0.7996259934337594, 1.5881885608893196, 0.628872775188561, 0.6995027239019481, 1.2597530364325176, 0.2690937870606735, 0.7806138266003042, 0.4685682635937852, 1.057399908424481, 1.678188476460013, 0.8671580594249276, 1.335563210790304, 1.9522285085557278, 1.6979801220477084, 1.7832544413042635, 1.3545789886429445, 0.1728105188738601, 0.8019390869568341, 0.6128914878133545, 1.5477418937479464, 1.6069097116791553, 1.444837372885438, 2.230968414298175, 1.7321716713648092, 2.3190970554362527, 1.1906471313609246, 1.4281632721624904, 0.8040833716409073, 2.3313984295909296, 2.3309413120446987, 1.8982045792693896, 0.986856690379547, 0.2173590504341991, 0.23706377860187025, 0.6298670320747642, 0.2518334025106475, 1.7592546778804097, 1.386796384160333, 0.43167484231401554, 0.23424279874666193, 0.24587364826273883, 0.6103634495661471, 0.31525266574718186, 0.5263008469899052, 2.328310190094216, 1.5656724469615513, 0.3501492113315942, 1.473793959858465, 1.460373998497886, 1.2903537067567106, 2.286548950127587, 0.36984258491014715, 0.3761257823093384, 0.9714187916695463, 1.471095561374171, 0.9125022078053499, 0.8179535512613704, 0.09003058104404404, 0.7857963979780707, 2.3260853099677106, 2.331159472093895, 2.3315340574506185, 0.22232346243133158, 0.20676344717389186, 0.20707622491634844, 1.3844419901468394, 1.371222910356871, 0.9626936719996559, 1.3101078870032323, 0.24173452370214302, 1.4993043208087917, 0.6589692774166066, 0.8969186849063802, 0.8375934197341309, 0.4621688063315551, 0.5684386772596302, 0.6131251524129673, 0.11082890784018272, 1.447263727208479, 0.6832853946968409, 0.47872547119111514, 0.5305504124322722, 1.4284195760172622, 0.5667392396378893, 0.19345088164809407, 0.6710754819518471, 0.4664445501700839, 2.3294947907891217, 0.5015994881623685, 0.38356164381212465, 2.3276249022618285, 2.3143624837828183], [0.28571428572255547, 0.7612938515960966, 0.32049947970145715, 1.0135163757908459, 0.26761117672894197, 0.6143406469311297, 0.9692445677721088, 0.8709890828268811, 1.1247220538003446, 0.7194597913797431, 1.1035983584126192, 1.8915980184676426, 1.0805570213755498, 1.3686538343435375, 0.5819488099512685, 0.9869555605945333, 0.07621594518523891, 1.065566872231068, 0.5935078714416498, 0.853427430936663, 0.938869743564443, 2.331837370685638, 0.6915330422764854, 0.6029484843118382, 0.7758149704499921, 0.4605493862300069, 2.331124877917202, 0.6405997177561683, 0.0707688304922164, 1.2175610265059202, 0.4315225707463632, 2.3240035929010707, 0.44755932621905214, 2.313975771522501, 0.9060735672195833, 0.28536644755345897, 0.38155187025114107, 0.48959845185075934, 0.3877475703727953, 1.2017782272613033, 1.1598552412122969, 0.4989181621519275, 1.299946652586202, 0.4952436703879057, 0.16135583153457564, 1.01036552623443, 0.5680868838724041, 0.6235489221007683, 0.45989859155059776, 0.5393465254457185, 1.1342713093468306, 0.5414225026842813, 1.0001525096079298, 0.9409478308475411, 0.7692812602895079, 1.1891804417813172, 2.733402850179551, 0.9295443315408187, 2.5535980889925862, 1.239560439431537, 1.4577810930813846, 0.7946983844942974, 0.9895099057362051, 0.562746880135053, 1.788964181638001, 2.3311211856246175, 0.680408435922564, 0.9505281238009524, 1.4871636246347937, 0.6894832494336004, 0.7482678986333338, 0.9695897349352972, 0.9653817541187233, 0.6712095401017307, 0.7538461537922867, 1.0164073157781277, 0.5430374493773273, 0.9802780856750078, 0.3881739130641696, 2.3307730456135416, 0.34025519136707977, 0.7753505954310884, 0.7109100050943107, 1.1988118279374134, 0.9692284866697439, 0.5974429223708787, 0.3655244029088388, 1.129608715782216, 1.1267457179097125, 0.41564792178172294, 1.307492902015106, 0.08992131882694729, 0.24479068901457185, 2.3278595454813473, 0.5252960172848258, 1.3935969868952591, 0.6986522911697055, 1.1198174272842767, 1.2155804089773252, 1.3983957216233993, 0.986471029551051, 1.9873506681457862, 0.8822465141881537, 1.1126817738487575, 1.0532309004182305, 2.5893854758217656, 2.3252511095105017, 2.3309555580074974, 0.9695990145664906, 0.6804554960452123, 2.216752721461336, 1.2445550715363034, 2.326094143579419, 1.0804340793853366, 0.7506358418597726, 1.1966928023587529, 0.7254408058918239, 0.5920687043762944, 0.8991588822223224, 0.45969797991524686, 2.310496952018987, 0.5135677686526292, 1.0663519453359704, 0.7864950494151881, 0.5786963434055029, 0.9412327947006858, 1.5901460273301682, 0.5389908255600312, 2.330719860199934, 2.315827885055208, 1.0107007249259539, 0.8409947251574705, 0.8818897637005528, 0.9485451888835349, 0.4547420451595859, 0.9996401958024085, 1.2118451022701073, 0.6165508527644892, 0.3839220462508753, 0.43406875319416716, 0.8242685489119181, 1.1107105487113007, 0.6853020740047248, 0.4210526315911344, 0.5777450257866832, 0.4301360770398405, 2.330840145845832, 2.3297638997357617, 0.9111529983088569, 2.324498540701277, 0.08816964285985149, 0.8527181777005783, 2.331181174682175, 1.323660541128621, 1.0572221488550775, 2.1966759551771484, 0.2842590346781027, 1.2056074765024778, 1.3131716105965732, 0.8694045043391502, 0.7591644435192058, 1.147547138947756, 0.8552221675476755, 1.288263455657466, 0.9335508087475631, 0.5958795561629147, 0.9476990195475178, 0.6465018242588781, 1.636630424726227, 1.3442352079384596, 1.0617608409545454, 0.9803140022423091, 0.14139740405552045, 0.8328154469807715, 1.125262269499399, 2.2654101571221097, 1.1534888313691616, 0.6668293701621099, 1.2067381311553034, 0.4274582558804795, 0.8721191688129379, 1.0525506060365126, 2.3317454682054892, 2.3309177963794863, 1.7129012721380803, 1.1935202250091208, 0.6040992448347487, 1.180216092414115, 1.4902622726527686, 1.378456093469208, 0.6225813310512694, 0.47449392710866256, 1.0565031092102006, 2.331344029703673, 0.4571874390784417, 0.5233788724139773, 0.36405886915229124, 1.4080270383906017, 2.3035819081191997, 0.5629686600162024, 0.9781013431528921, 0.3404972608250778, 0.6305775214162717, 0.7851301525371698, 1.1608611219599592, 0.5348753162098273, 0.44565640823785363, 0.31159048107574133, 0.2233097698042536, 0.30958663150572996, 0.32769175367027825, 0.4592525259505382, 1.089396006405955, 0.644632097226625, 0.48161875187861786, 0.9899157141163963, 0.38332296199787136, 1.3692450457796346, 0.8805868034238327, 0.9869246118884019, 0.6132065038116169, 0.7939497717049041, 0.7501950381187852, 0.4848978641750111, 1.2684133075809745, 0.10094637223933006, 0.9899285596546558, 0.5938925940026887, 2.0702681135582934, 1.995298923071243, 0.37941081247744757, 0.5912930474780324, 0.6711230180156487, 0.9581940853798432, 0.6858351246604636, 2.3319645262272584, 0.3889479277690905, 2.308691389667806, 0.7937545660252217, 0.14344415390129325, 0.3452700338281505, 1.4423064230525091, 0.4356064549400872, 0.43522611356998925, 0.3995099805242978, 1.1841659448496773, 0.5873657603771592, 0.5296506905235322, 0.5870859937029704, 0.29749856786395046, 0.9921640847925802, 1.0719104986013215, 0.884668791993412, 0.6402164023434328, 0.8951432983253265, 0.4711398905691833, 0.7560030985816563, 0.6043366752717361, 0.3110206606363273, 0.7689057880604422, 0.513389626040382, 0.9826376061490608, 0.9690213598515669, 0.7249305380455423, 1.4244993354054667, 0.4146730461791785, 0.49062936789181055, 1.090965647978368, 0.33521216633119905, 0.5250690880438588, 0.7876597291258602, 0.749640851568768, 0.5308321691513365, 0.858741796020506, 0.48116024461143414, 0.9450392585994085, 0.723322061031948, 0.6268276529458291, 2.307710808643924, 0.3143355236437809, 0.7685701021357512, 0.9917929319155588, 1.131982537381995, 0.893576826104557, 0.30251688156308654, 0.6770508825268802, 0.3907779265262139, 1.0417037642983837, 1.0047905465866382, 1.2316784869185766, 1.1385819182736376, 0.43690080966265915, 1.0738051841347271, 1.1463790450097142, 1.163228558541549, 1.440360728870125, 0.501220504478655, 1.4164569165927132, 1.0389085765666042, 0.9693879918553584, 0.7334669338866254, 1.7481245584722405, 0.6329670329835821, 0.8686931995598226, 0.584184610271157, 0.24404111086772765, 0.3817689530782709, 1.546557542526559, 0.7493872143000884, 1.2414183478452605, 0.3527559054802212, 0.41616054926821666, 0.38073908176981697, 0.43057346747365427, 0.48800107247980595, 0.6158460383915816, 0.7594412090613095, 2.3086656591362718, 1.272658256626191, 1.5021834061732238, 0.18706346794886106, 1.2816852298402381, 1.8019944236109493, 0.39272596972403245, 1.1037910801498674, 1.0580523502130192, 0.3695884236585775, 0.489356725121007, 0.7784978883444063, 0.4723901652350683, 0.493112467286347, 0.8614211196002248, 0.6260138179431588, 1.1424376428851293, 1.0141840828294606, 0.9714420594051745, 1.0953502316141686, 0.7149955132477244, 0.5599200114131024, 1.1617890933245905, 0.29602122014497256, 0.08635520323405012, 1.000532416128222, 0.9725731100388656, 0.823518501309709, 0.4573570758888076, 0.7449328670928967, 0.29942310397939004, 0.1814595660810574, 0.8212346017163115, 1.047517001623757, 2.3247435623879835, 0.9565750902961, 0.7558313770714038, 2.329611152083201, 2.3232171055214423, 0.5664023567294689, 0.4934413043613665, 0.5756539013298082, 0.3540379646822446, 0.2498088197832467, 1.520892683449569, 0.9883698575470214, 0.5148423005359491, 0.26767916469485703, 1.0352803090964966, 0.28625919535574157, 0.08644508276174663, 0.5070384406996351, 0.5899814471614169, 0.4596509417588503, 1.671167996137712, 0.46373400034328965, 2.3302239497716326, 0.9308499466552226, 0.9568000736427946, 0.7183222403767205, 1.1573851118177918, 1.3631836410733589, 0.8475380386795649, 0.9576776361437603, 0.9768426026885284, 0.8075762909271259, 0.7434621187916081, 0.32705070348344156, 0.3864836325346209, 0.3202079271942032, 0.22821536362904382, 2.331707892915077, 0.9886376948141332, 1.3483864956836868, 0.8464986860835327, 0.9009309790856451, 0.23221185561194405, 0.9177893178930028, 0.6163928264519718, 0.5028698389068944, 2.3312958930608514, 2.3304838123228535, 2.3284090868875715]]
NW Gdpt Gbps measured per flow (DCTCP): [[2.3326337747434907, 2.3298444717419295, 2.3326591729107973, 2.4097920859056323, 2.332650848910456, 2.3318325973993534, 2.3325505497031043, 0.9415692819489737, 0.6181434600237989, 2.332574471195372], [3.9943701634141684, 0.794588821222862, 2.5866759686461767, 2.325349044042092, 2.3326337747434907, 2.332948144521609, 0.16233535067507038, 1.3451589060974907, 1.0709583026121126, 2.3321996477375344, 1.993121895440085, 2.3329092612909825, 2.3294068482792962, 2.3329606836193895, 2.8960573477540748, 2.336199962878775, 2.3320458802345656, 0.7007081625182892, 3.02759221707404, 0.6075122481925972, 2.1296419538060003, 2.331804014791979, 1.8413960681361408, 2.332314554785095, 0.1499898104986345, 1.2297520660671761, 1.2416994650106765, 1.0051240007256383, 1.2117392160809637, 0.12626522557664183, 2.1151016873480817, 2.332225461675868, 2.332794754910348, 2.333092036514107, 2.332438798172859, 2.325398844079605, 2.3301478740803203, 1.5887200873532732, 0.8321633695064137, 0.579551293034396, 2.2856451287664097, 2.333139415270346, 2.2928043112237666, 2.332989725477295, 2.3326766669671195, 1.0457385651909, 2.3322152024731695, 2.3232428113991497, 2.3032666111258986, 0.6527893420786789], [2.33267968795932, 1.0531239556408216, 1.6279977615093855, 0.873609706670453, 1.020814479414638, 1.547137568006358, 0.767123287666674, 2.057408596157253, 1.5266447211700336, 0.8553624138970196, 3.1236195211466353, 1.2779456190435574, 2.0522496379874937, 0.9536423837314622, 2.3340420927429544, 0.7837919564409633, 2.33235332120097, 1.7944017916868744, 0.48261178147864714, 2.3329303297759894, 1.9058365670638995, 2.074719570524916, 2.2125922503622797, 0.5542681485028232, 0.44775549175402835, 2.237197548093427, 0.4119302194626477, 0.3480717615717774, 2.3326337747434907, 1.8703844354927672, 0.16227758008285742, 1.5151680791282656, 2.2612566321617735, 1.069252077549666, 1.0394727713633518, 0.5296086133962887, 2.3324518739523517, 0.6084710742817153, 2.332725568860404, 2.3326337747434907, 2.3311020733658694, 2.3333554607138076, 1.9299887655907035, 2.332659172910013, 1.9417783287371897, 1.5746981321545213, 0.8754301445155399, 0.33601101676240924, 0.4032347402661604, 2.0356948676031217, 1.0928725704420508, 0.7961606468404777, 2.3321380871224524, 1.90558047546468, 1.9102425275789225, 0.25343476778717283, 2.0279352610170105, 2.07276417869229, 0.2571683699021402, 2.0028057229883394, 1.8599810785751596, 2.29989152627615, 0.5800810406440888, 2.3329510285986363, 1.9093146753529897, 2.328147564582177, 2.3281787211494605, 1.5906727589462006, 1.9780477075503644, 2.3322876999628828, 1.6031128401757475, 1.877775428723395, 1.382093316714902, 2.044392516575326, 2.3331496965174043, 2.333039935259502, 0.9027666169677188, 0.38480782346838666, 2.332473647056328, 1.8989164109277727, 2.3311324549565393, 2.3322088560159138, 1.8660105133669662, 1.1611799914955898, 2.3328455470387097, 2.1263196884966242, 2.3322609884725054, 2.333173139138199, 2.3327753929640083, 2.3320819448835004, 1.0853437096878542, 0.5119266054872593, 0.6132879045841504, 2.3320248340091827, 2.3322609884725054, 0.9781896259121085, 2.0126081672478886, 1.8972376313378447, 2.3328669393187575, 0.7751601774896318], [1.4668560137942142, 1.058185295014498, 1.2572161640414057, 0.9696200747148513, 0.827181618346664, 1.3975296194988591, 1.1067665831360842, 1.090981824970101, 0.37458193986056876, 0.5435269523757458, 0.7909029050760321, 0.3291428571571739, 0.12553121934173164, 1.0883288161947806, 0.24472750056148637, 0.6148746632761019, 1.6034766923410007, 0.2215573980707653, 1.0387364697761463, 1.0517475022790408, 1.096618258508852, 1.0583942870412757, 1.255203330513078, 0.7611986408106111, 1.3172644521310295, 1.6479463541757577, 2.331267250139425, 1.655644595632492, 1.0237588162397198, 2.0011054891480784, 1.1807353879093545, 1.7135167047721893, 1.0771940332103416, 0.9828490097722762, 0.2676224611785944, 0.28015564202624976, 1.0454400167377886, 0.2957575757507295, 0.5065751416933924, 0.5012720249305599, 1.6406825022910823, 1.467814871236351, 1.1143887859777115, 1.0954537457541171, 0.3493001155208101, 0.49925999006100985, 1.564638516922092, 0.370736297340872, 0.43071825822720666, 1.0410786736196262, 0.7054574393280072, 1.0360603513120799, 1.2070585229070019, 0.16063602077892494, 0.12406662837321099, 1.0340061761474562, 0.23429021166522415, 0.09674756479745, 1.948527386005906, 0.8639719628734744, 0.39178514982137796, 2.9066487580558964, 1.0720941998668472, 1.1070117856521438, 0.5988909425530515, 2.3301119185530044, 1.0322079937675517, 2.1567684989433173, 1.1060268013002783, 0.31930254734196306, 0.34240422724476705, 0.9433868974411601, 0.7172026122218664, 1.110598312471004, 0.21249385144589486, 0.1790326461681635, 1.0847120017433851, 0.24738104253201168, 0.4550082687390719, 0.16656460501001863, 1.7719769681709725, 1.0852798408742563, 1.898630136975018, 1.7113289269912777, 0.9751554401939185, 1.0836994496306354, 0.9044855149858002, 1.0907011256160972, 1.366031438357902, 0.3621916289906165, 1.6922368868305742, 1.2273870228572163, 0.03514721751044604, 1.0816586877217549, 0.7892573306927056, 0.184958520332146, 1.9280097525883986, 0.5223750652966561, 0.19555776151414608, 0.203967275575023, 0.742268041424456, 1.9653381253014293, 0.24252631585760862, 1.050879023231722, 1.0647830899816733, 2.3276369709772404, 1.5446666668944893, 0.7586206895890492, 1.0518980719347522, 0.8237126272567077, 0.4254670224426455, 0.24069087192320082, 1.1768987834927305, 0.8496357186734941, 1.5320164083869634, 0.6096644643031112, 0.19702462807488152, 1.2531779838766293, 0.23283440246601217, 0.40638934355876466, 2.5611047187113085, 1.1124484355109556, 1.5873391704096984, 0.9777589494126633, 1.135061531094269, 1.0883188563521715, 0.3914839529527135, 1.3555071430375298, 0.062071641016257624, 0.3613922488765337, 1.7937469587317199, 0.2182369285102822, 1.68248009304426, 0.7548153511703506, 0.3752787970167081, 2.1324497316722413, 0.9770136609273686, 0.029739776952392875, 1.0313768500440723, 0.028036901510675668, 1.2429735737727703, 0.9124087590497897, 1.6530285781168688, 0.9446022726286065, 1.9652347755063602, 0.8633796366646177, 1.6372870349635846, 0.3409571788844245, 0.7477649127839806, 2.2280330774486887, 1.1213686693646487, 1.1066015659166437, 0.3627932351323475, 1.5418942219139136, 1.717463049276486, 1.271826695684807, 0.16408863890408, 1.8799922060812833, 0.1580066848978023, 0.14670944247639514, 1.2988047808420184, 0.9449977148818177, 0.5919188384982856, 1.235775314427748, 2.2772246956339286, 1.7341339527065944, 1.067428899420305, 1.4839098552115224, 1.4788939388147504, 1.253172914549485, 0.15444588825359473, 2.185859373512712, 0.24948875253178668, 1.0819476536575168, 1.7178951480231273, 1.9769387666436204, 1.6214003785128233, 0.39839804977904514, 0.5420871686813765, 0.19890710383691446, 1.0581025062986185, 0.4934736841646176, 0.7084193622645946, 0.13602415381711125, 0.3554092966118783, 1.1124724976059406, 0.34725129449450326, 1.0480873355425322, 1.6823399318205605, 0.3335456926445709, 0.8894648941106633, 1.044639164767595, 0.8988542193578789, 0.20132072104355048, 0.026660430309580548, 1.407873233306292, 0.41665182016446634, 0.11968136778745253, 0.048310119799437966, 1.9523426309653131], [0.678182963811287, 0.9409005517681825, 0.5092402465810936, 0.5675721798978367, 2.0948544220174394, 0.9182480495232359, 0.6581310200795673, 0.5605223505835164, 1.2416179970512056, 1.1491498076367102, 1.4264781598502567, 0.6264319297664172, 0.10847935194163297, 1.1165458751802084, 0.9227478375571779, 0.10540184453220951, 0.6884923060982278, 0.6533118997156394, 0.1256992886185387, 0.10417079780934327, 0.08836310960684104, 0.9430142009616974, 0.05474210874807194, 0.07624761121617607, 1.1920054048564024, 0.6497531158342572, 1.0057189757576614, 0.046642843708979656, 2.329885630089569, 0.04855937881749309, 1.5196629795438734, 0.7907573811952767, 0.7618163892471417, 0.6884385837152944, 0.7119405796095777, 0.44221105534173194, 0.296746423602925, 0.6679616485266193, 0.5054347825697639, 1.0855013696008686, 0.4291021671946596, 0.18064516130600708, 0.1970015209901333, 0.3383058762426859, 0.6919964810719162, 0.6447235698475952, 0.5942211441012042, 0.029021652871657883, 0.13389848929281922, 0.19477739725171075, 0.5446082739304161, 0.4517453527975417, 0.607617577256263, 0.09466050298795985, 0.8556509561599466, 0.20659062103901824, 0.5632418419833548, 0.2129812349863551, 0.6376547127188577, 2.3298184722496478, 0.830602405380063, 0.7472212708963291, 0.6501526652437136, 0.6612445256724475, 0.15815486002570883, 1.1910994768936456, 0.6925515316845401, 1.126934984241749, 0.6627292005125534, 0.5375722544744704, 0.8639889453868981, 0.6756181817050386, 0.9250114470981874, 0.6113883181466123, 0.6882408673357796, 1.3380595630660992, 0.2499720012991235, 1.4864927455312311, 0.6842147371607883, 0.7030276734759356, 0.38486663039792357, 0.24406948511238813, 0.6878076888080117, 0.12122528786034492, 0.49067713444986893, 0.23680133976122575, 0.10351636348581542, 0.4552994165723289, 0.6690129707288289, 0.10601397588305078, 0.8526228949782092, 0.6642132794921874, 0.9787858303913559, 0.8555149870985388, 0.7836690452316549, 0.526812564479965, 0.6484412470100608, 0.9593604264793588, 0.6839557899299896, 0.6721633083523795, 0.2994275649422883, 0.05312084993479961, 0.6882471113514655, 0.4855623099992277, 0.25715791321293074, 0.6725042044817299, 0.6887323111876527, 1.207309159590325, 0.4990608457907523, 0.15672001284248108, 0.6782949174814954, 0.6364624668657424, 0.6078228413324681, 0.23356926188782395, 1.2852967250244405, 0.9410339129771002, 0.15829394305630703, 0.46269865356191736, 0.5839673022630899, 0.12150343814382573, 1.2236024844832716, 1.1677037831063481, 3.830531272102207, 0.8934850051023666, 1.0156242946880332, 1.2122918906904376, 0.6747420832156868, 0.6277168369325186, 0.6901445752154167, 0.5476025017192473, 0.7568580221984526, 0.6514443712168138, 0.628436306741813, 0.6659331772314658, 0.6652599063828935, 1.2889416578009942, 0.6818597456459022, 0.74328142454544, 0.04345515734825939, 0.13899534978164219, 0.8842937874947531, 0.21742089147350935, 0.6744445915528936, 0.5961402318355556, 0.06304940891049828, 0.09721229449439184, 1.3842306832925861, 1.3511362299183882, 1.0793784706115688, 0.6351086938979669, 0.8102226646541968, 0.6683046681368751, 0.9993101101269528, 0.813280979093092, 0.5306769300989176, 0.895058695720651, 0.4035436630387957, 0.696898376920714, 0.6285210382732929, 0.33601429847521724, 0.6887648332286519, 1.225297923562463, 0.6485391772080702, 0.23820370974556035, 0.4041666666657283, 0.19163093301730424, 0.4450625869152065, 0.9001687712569623, 0.36639243376155256, 0.7049350347317909, 0.62467009705636, 0.17819974437916986, 0.3198831121426978, 2.3184081886255905, 0.13735401778052084, 0.6499759798691651, 1.1253894241592106, 0.14367596484450756, 1.0961127955062517, 0.37499641741085366, 0.947668451895249, 0.7162145048552407, 0.5219831617965238, 0.4707964600778801, 2.3295831065514925, 0.9447852762670329, 0.6855299201573193, 0.5262516749493615, 0.5379934210607386, 0.08327675943675099, 0.5104028498857341, 1.3755359864987846, 1.3421629307609926, 0.19899041627856234, 0.6745508726973068, 0.6415774580439602, 0.6621066586208811, 1.0111393226949925, 0.39129658080727614, 0.1298654964537756, 0.24484799021062265, 0.08309823031602187, 0.39364785801608737, 0.5362926002628124, 0.1508105802055845, 0.05909789980467204, 0.06273446765121406, 0.17642021124763835, 0.19253022355314778, 0.900297520729356, 2.056034482856923, 0.6759815060521278, 0.46659810653996925, 0.6409048066036502, 0.6079311107959567, 0.4065353194953543, 0.6151015057201241, 0.8795095295298296, 0.7116624207975127, 1.0483458001962505, 0.6888456274822683, 0.7722931097512021, 0.834108879832384, 0.45775601917934183, 0.042945501224165114, 0.6772998041036236, 0.6811597673230944, 0.9068605541537251, 0.46016681046783153, 0.9778572196336944, 1.2238622012401208, 0.8508379369074638, 0.8915919077438095, 1.1587084522295497, 1.549444312860944, 0.6766305277200435, 1.162335625978522, 0.8174698473435832, 0.39243997957265975, 0.15292876248350218, 0.44766997709905404, 0.4046732571758585, 0.6874897434495723, 0.43209876539757786, 0.8473322302240972, 1.2884411893267569, 0.4780958951269918, 0.20308250226240637, 0.20483641535103608, 0.6802508225589357, 0.13895984469532757, 0.6642588600642217, 0.45287933396299923, 0.9072657284978499, 0.09959982214095657, 1.125290772915942, 0.3672189879265264, 0.9359130197731775, 1.4407815824647923, 0.06231677694853866, 0.06083800400127959, 0.2487400850192133, 1.0967608284041328, 0.6813438730551911, 0.6716697636819867, 0.014397496087585638, 0.1673876962432399, 1.227259149847804, 1.2236917833396117, 1.2794142558124149, 0.6874853253718776, 0.6071956628837856, 0.6108081309147764, 1.1808258618365095, 1.2009450802767616, 0.6567414194738173, 0.4907774570853171, 0.29924702456283864, 0.9111339562241104, 0.6747884841872297, 0.5769661855699175, 0.694059202070402, 0.2305177111500405, 0.35952081541828945, 0.6202027363058351, 0.02558908198993147, 0.9168631955563947, 0.4387441001471758, 0.11366886562085886, 0.12659142937681636, 1.1813243233400457, 0.1315656467473354, 0.03925310072238668, 0.4062353990539166, 0.11859022840300333, 1.1602336035561849, 0.11213135386971623, 0.06330772590664345, 0.9430744167156343, 0.5948116257711069], [0.7153846152520363, 0.533606921472039, 0.4978783591719419, 0.8460850278539976, 0.47819971871507144, 0.687073108992351, 0.8726271351153244, 0.5373898722479922, 0.9940151852798775, 0.1725051516063591, 0.7998275342082753, 0.6447356125266711, 0.7710665932469843, 0.6611275074001995, 0.10425968384221634, 0.17725540025365855, 0.017479970866598298, 0.7858696703494927, 0.5436844455363934, 0.5188413113432524, 0.5138619453670505, 0.9061953515300099, 0.2434274586138847, 0.07740563530223529, 0.5334500350386336, 0.05547537752032719, 0.9057430192393834, 0.4916798219834374, 0.008423399708863662, 0.6933353798264903, 0.044782637463678145, 0.3868619823842506, 0.04371742211404278, 0.5325013237056273, 0.12525276414611597, 0.0276030994610205, 0.03583284070810655, 0.04423705290281958, 0.0344168677587556, 0.3090459884705666, 0.6996069248647095, 1.5129293712256042, 0.688327929137716, 1.172151022202279, 0.5486422539667998, 0.7632504289603577, 0.563730570001697, 0.6622309197612308, 1.1082269888948666, 0.44766997709905404, 0.7125416904378983, 0.553765726875945, 0.5043747913765649, 0.8454273356939553, 0.3123667377748864, 0.7004875213093501, 0.8921157117485219, 0.5206090247654195, 0.9111442573723015, 0.31229235881798006, 0.6565951573697794, 0.5324933125930964, 0.9400267667174556, 0.5403988960237378, 0.32474226803477113, 2.3283526852183902, 0.4696814992939007, 0.8878174688921066, 0.21032370952341617, 0.5418458020855539, 0.10446137105731247, 0.8915600305783914, 0.5141850871231691, 0.10728021510805848, 0.11948669491197872, 0.7184900933281747, 0.5249644471739977, 0.8150555569129779, 0.05117740123475211, 0.8585807562097283, 1.0248681238478135, 0.5410084115903401, 1.9957657021827147, 0.664406401891982, 0.9388737295301871, 0.8071311804021156, 0.7567567564841837, 0.7577974514668663, 2.4688221704593882, 0.7976539590135377, 2.9011229799224956, 0.1316150259928762, 0.321657622125588, 0.8361124467321664, 0.6751210514147764, 1.7199302728095842, 0.44836533467978645, 0.7470803979188286, 0.3874615857475962, 0.4826392894427832, 0.9855785474795007, 0.51771167049131, 0.5452121681311543, 0.7603644640256251, 0.6941821240388657, 0.5230639018595239, 0.8443978941194272, 0.7517411314161897, 0.8883490722778781, 0.16642983003833023, 0.9067335897236418, 0.3394193101342389, 0.3972074655462368, 0.8269856367141951, 0.5264566437028244, 0.694812693493069, 0.1114407326164505, 0.09830565341662335, 0.4642441830533442, 0.07626484464144248, 0.411436676366891, 0.6126946910026407, 0.8274878695165326, 0.48703744581149705, 0.5147786734086724, 1.0493728315835167, 0.6548131327144826, 0.2085875957027653, 1.73825826974959, 0.5515043876086309, 0.2842718446719366, 0.20586607636946655, 0.22638735759050943, 0.5156158446860277, 0.08550682544423252, 1.0299859491198018, 0.2170365535289439, 0.11189238765001602, 0.11956604203094126, 0.11568044302750552, 0.5017484800186008, 0.8150178990724006, 0.13475859972743987, 0.055436888380244936, 0.09262759924303957, 0.05504353366021668, 0.6388524678866665, 0.7891487045291027, 0.3615412406759883, 0.4471938678004327, 0.010020612018471894, 0.5482925464537818, 0.6370095569162995, 0.6871469688118611, 0.19514892302360956, 0.5483536300282995, 0.029066378978799687, 0.1371876057418733, 0.18793281272999546, 0.549240437378956, 0.5240132562631326, 0.7067340800188949, 1.595107033368525, 2.594215601106026, 0.5582312702854796, 0.9721344440555952, 0.5067734384569988, 0.5241953673972697, 0.6531052095466374, 0.6796778855830014, 1.1018897330658406, 0.8566107401408676, 0.09026798306925977, 0.5495297634497069, 0.7622895153351893, 0.4639804194301785, 0.757779264626145, 0.547576028982847, 0.24678985280633592, 0.08425363855916013, 0.5236381132557617, 0.8359797857708923, 0.9083117165950175, 0.6605432274452785, 0.32308922653756966, 0.28653935724161084, 0.19648137937438195, 0.7072483193891131, 0.6589989784249268, 0.25611309743222693, 0.11281498035059664, 0.08360679126900442, 0.8290344255126805, 0.8370249958095162, 0.07658378802397503, 0.08187345735000469, 0.054647985583926584, 0.2735031512609324, 0.9874453647724705, 0.07284125681238728, 0.8685592078553068, 1.1545213308047368, 0.55813044253807, 0.5554792251435814, 0.7361219323276539, 1.1209290583195197, 0.8575712144278577, 0.45027214245007346, 0.2858800324591636, 0.2662632375169083, 0.3618290258077717, 0.4765290575350092, 0.8182440258451067, 0.5524505912468177, 0.3803797468485604, 0.4902510146638863, 0.18474919396624526, 0.671188317852856, 0.5475991060528614, 0.9938378114350248, 0.377759607541286, 0.6451762522932479, 0.22453649651355098, 0.3373620811852869, 0.6827958012627484, 0.01999118036095365, 0.4900960045692711, 0.11852889667382047, 0.614025154999269, 0.6152015765648443, 0.06846394251578994, 0.10118981429736994, 0.519566545330223, 0.4720678820578451, 0.500388449495804, 1.0798546725392275, 0.056179128533480324, 0.49728968352141845, 0.5572560602998957, 0.01899297655544236, 2.3294858346876093, 0.6513270886585898, 0.8887000848637009, 2.3239862821165644, 0.8931851135523213, 0.6554084079019372, 0.5509429077322544, 0.718160539844652, 0.555723408105006, 0.7785134289578233, 1.0129212038584228, 1.1308732433849604, 0.510032019765368, 0.5413312431588557, 0.3541793983854442, 0.5491931285902106, 0.17507773260019163, 0.14805506368200366, 0.5061155001599732, 0.18857172461786537, 0.09717338691243405, 0.2361296049633705, 0.8559341594523685, 0.4738319300154257, 0.6471270294199304, 0.13901619308920687, 0.5229120819904146, 0.7554841822875432, 0.11436035120964602, 0.17974187445490294, 0.5435556159451057, 0.3599084553462316, 0.16378301828732947, 0.4869541298673575, 0.09006467410065298, 0.671224260524762, 0.49462438097588485, 0.17477769254787878, 0.49734598964866933, 0.04438133106117182, 0.528221458376861, 0.8338569250362943, 0.7013626691443905, 1.916596318923692, 0.36049743970832826, 0.6866771983951928, 0.5514462029486544, 0.8182393850508531, 0.8300889626754568, 0.7283529925626532, 0.743915793428367, 0.5080233052347578, 0.7586279509082049, 0.24437510264760817, 0.6867096199648579, 0.6384081912649273, 0.12945936006449774, 0.6456643494122548, 0.8229768232858282, 0.9480171000538719, 0.11145369419000377, 0.6353239712643622, 0.14430303637274125, 0.17155057709297336, 0.5266331026867768, 0.06342170318203044, 0.08552149409863899, 0.38287882146805574, 0.25107091332218756, 0.6732015553211355, 0.05375100892169896, 0.06855005328358042, 0.05779364269891181, 0.10641733956653873, 0.07715624138752604, 0.044263208004889636, 0.2532164300009456, 0.5403372813068076, 0.6737060376869257, 0.260097276925976, 0.5513537703833391, 0.6661302425964994, 0.6301962555692754, 1.3030167928383654, 0.7563126366285319, 0.763227192178021, 0.6194215286063816, 0.38917310012737766, 0.478348740149448, 0.18194519909775128, 0.41027128970713, 0.5474536441002601, 0.5028350826298643, 0.7415218309609279, 0.5078905583849063, 0.9591318547058857, 0.7999247472990724, 0.5384786314679058, 0.15387030931460066, 0.6921595542072226, 0.07030807030930157, 0.013967699694193678, 0.8530166010248116, 0.45799461734803854, 0.2199653207790657, 0.0722035904490489, 0.5044793860195805, 0.046345500479661086, 0.02763852118915193, 0.5388224031989289, 0.8358576037481985, 0.6232386911420285, 0.14817317845828448, 0.5416633831267899, 0.8202860485256305, 0.46321004864089743, 0.5229003368234844, 0.5019169756530785, 0.06562904991390779, 0.039159171097565844, 0.7157202848015838, 0.6391923501712731, 0.8542819239026143, 1.083191022000546, 0.3818120274669029, 0.839339244257553, 0.2789380530824727, 0.05329735200399937, 0.417742340167208, 0.49343764146229824, 0.2796761644406562, 0.6351676704292736, 0.14002665482575677, 0.8546583264609589, 0.5056151575039727, 0.9205758908438115, 0.3316230396875986, 0.7159386541240955, 0.44927304681089647, 0.5043364109456756, 0.8832886048705307, 0.9179456205167449, 0.5208555607100698, 0.48393906544229154, 0.04897342635188361, 0.05829649981985908, 0.048259788079706836, 0.04498090614225528, 0.9700103021043852, 0.13081012383455728, 0.6695743690631983, 0.16186577201233115, 0.149796101372244, 0.03486036048757791, 0.2577626841594112, 0.5121062128313234, 0.07144924104879537, 0.7713645973025162, 2.32815246291417, 0.9002620940331559]]
NW Gdpt Gbps measured per flow (XPass): [[2.3080607298945113, 2.3295102117226536, 2.328758233299923, 1.1972052438061367, 2.314460610414073, 2.3126712939858693, 2.3201250027647493, 0.3184941176524603, 0.21890175570522397, 2.1758030174235246], [1.4400608907900712, 0.2841140528939143, 0.9345935728621213, 2.008201934412555, 2.3312197306669935, 2.185174495103361, 0.05803741886257116, 0.4673857216491471, 0.3739941244377132, 2.314415525104594, 0.6823652537862945, 2.322170804580274, 2.169586357681228, 2.304365272321968, 1.4187884107691913, 2.3255876834718534, 2.33124053044163, 0.24189397838341367, 1.3044675261957082, 0.28433121014973106, 0.38276596253620015, 2.3101830416044904, 1.0573313040909462, 2.3147248528037103, 0.09290583186071696, 0.4191549295730584, 0.14186065280540106, 0.44132469405394104, 0.12710349885860736, 0.06562054207830575, 0.9017618300954511, 2.3259652846245333, 2.300703550533874, 2.3141943211140115, 2.310419030934241, 2.048901939295087, 2.1042974561984096, 0.16749366664424817, 0.47097065463819304, 0.3184641445540218, 1.5247681073659096, 2.3330397256567523, 1.634959244315775, 2.31416695876934, 2.3212583200935564, 0.3917969847746018, 2.306136604265506, 2.313330811213347, 1.7366644075827424, 0.36142356628032857], [2.296135221742163, 0.39101848410464873, 0.4177141156079448, 0.3344084634216671, 0.4345704379382589, 0.6893401015166173, 0.5138288111933895, 2.163487899997237, 0.6553482561618542, 0.5958419007546669, 1.1192238958646796, 0.4393663983635232, 0.7292418773791924, 0.33523021209425913, 2.2835226635033927, 0.32822590858528694, 2.3298768496185, 1.09709365778256, 0.33826638481244475, 2.310112634124134, 1.8213200888516978, 2.1893258335624757, 2.2561715217758915, 0.3050494533454641, 0.3068866194790943, 2.2618933331143922, 0.26978715564643446, 0.22722242714495786, 2.309470537153651, 1.1541873316926199, 0.05818553017687347, 0.7234764452677497, 2.1682261615940193, 0.2689046359482995, 0.14561710398458416, 0.020456563522101467, 2.331029648247797, 0.054592640652179704, 2.3051285412951685, 2.308687251517314, 2.258832772637812, 2.3313630285482003, 1.945450979326449, 2.3305009993355026, 2.0852984715838416, 0.9405440940465731, 0.7331412103891339, 0.28086330937248305, 0.3815113720156901, 1.847880630445485, 0.3804153745174975, 0.2951310861688105, 1.9671261410161667, 1.6163366336674134, 1.6519026824709633, 0.02498321020852128, 1.614235392796875, 1.7636852886267782, 0.21634254235683384, 1.6335368355296602, 0.7194218278113818, 1.8977599814029933, 0.23751309813335345, 2.326022717940277, 1.0194188873901784, 2.2214649555989077, 2.157741900519377, 0.7847038706363869, 1.901486718320224, 2.1308389865912987, 0.6572137540299613, 0.7731150966390511, 0.6770656371404922, 1.5979100646300244, 2.313659437898778, 2.3057459591675813, 0.5939128464817937, 0.2595689192211712, 2.3059857294351946, 1.1213955187982367, 2.053513102219429, 2.3031029567248567, 1.2004820924223427, 0.4742034046592394, 2.3229833515815366, 0.9734588314658671, 2.3070902973557197, 2.333060718218183, 2.310116090516672, 2.211203840176443, 0.3927163506500899, 0.20426466550861008, 0.3291930198775103, 2.309913196258637, 2.3103613814898845, 0.660410467643655, 1.4725605032156226, 1.5118447289631038, 2.318829569393217, 0.6535904255864556], [1.6529236447727416, 1.0926827174340852, 0.4844889383405588, 1.4235155328330116, 0.4202160685367835, 0.6974462196106841, 0.8623433992238967, 0.7570919535694375, 0.005388524891312187, 0.04196642685847101, 1.2180353747574673, 0.028830752803211814, 0.01372899535204163, 1.0736168420102672, 0.02700865337006241, 0.5448370811877441, 1.7578068869540013, 0.009639916394605067, 1.0623550494984706, 0.7211835295836434, 0.8363631231303467, 1.0037431707568996, 0.4896327754283249, 0.3110718343678508, 1.534977156703873, 0.97993769474874, 1.9148226957955727, 1.7403803729040894, 1.234244236083145, 1.8361771554045938, 1.5876727768258199, 1.639031160118561, 1.3666000915754672, 1.3117403222361166, 0.2331566994997434, 0.24415975883497534, 1.3559102300785315, 0.2642837801226411, 0.13998294970176797, 0.009949634650186931, 0.6079841309595841, 1.5131017921196703, 0.7627238926493349, 1.613573050293692, 0.25437201907511625, 0.04357654961495718, 1.5621223251735794, 0.006823515149411038, 0.01992620734209619, 1.477638254923874, 0.06287595856646024, 0.8129246869979719, 1.6423088558198877, 0.2731369150562083, 0.2249999999796522, 0.8443404030634121, 0.511577424025294, 0.2121843034118675, 1.7908722337899743, 0.46840839296261105, 0.13123429024730984, 1.0776892429992821, 0.8710025193599304, 1.8403051435729871, 0.32063334978862373, 1.8915882854103896, 0.6574394463790865, 1.833874455013328, 0.9564024788135059, 0.2201352366652688, 0.031141120215342814, 0.08932479722899887, 0.0658012991888869, 0.9700990361034277, 0.02886607122942561, 0.203093721568349, 0.9943267310265297, 0.36363636368919855, 0.1550891386752143, 0.2468911681883423, 0.6047425652429433, 1.4796087781214398, 0.6923941551211021, 1.7015407557247149, 0.7985847507594046, 0.9196979701234324, 0.49906066192469406, 0.6559914425488428, 1.5263000379138276, 0.35753374682576494, 1.6851957726659816, 1.5424262368437527, 0.04163623082454351, 1.640534470611762, 0.1302651665059863, 0.2554230444166154, 1.7697607231977366, 0.1973927704890028, 0.01802564307857077, 0.31311827954705806, 0.28881112913901613, 1.7293385966332462, 0.09603201067366557, 0.5680077428956057, 0.8567308507924615, 1.8560419614903434, 1.578750132765232, 0.02516784060361733, 0.9973147181507446, 0.12671435614229323, 0.327970024245844, 0.19146107252193573, 1.3277920738562266, 0.5200681289248096, 1.5692187843565495, 0.20074650740915262, 0.2356811724258791, 1.4249272568288993, 0.287558685447483, 0.510529674543812, 0.9811320755799566, 1.0427102458803317, 1.5847281909108069, 0.3914850309434689, 1.5069170361191628, 1.1797908272809428, 0.19343696029469995, 1.3631911481131538, 0.03494212710265861, 0.033761112456584426, 1.6541444142318649, 0.029870698596464382, 1.5934751697285992, 0.11341899964114421, 0.011542146759620342, 1.7883793120682738, 1.122579229735902, 0.035390400355077865, 0.8888951930564154, 0.03854055968605258, 1.3334949826675226, 0.14608536863603977, 1.5449155233899097, 0.43066461592077315, 1.7298639367330748, 0.44197858872759466, 1.5704684037312986, 0.03356843139032007, 0.23702671312219561, 1.8103860029216148, 0.81232007933159, 0.8992771432294397, 0.019406779970076966, 1.5100376107033402, 1.6366839751714137, 1.441800529692471, 0.23866281118652893, 1.7088915622528502, 0.25005152160332383, 0.23116333083238372, 0.4707581227367492, 0.3297794410823742, 0.2721569888952015, 1.2761698076868837, 1.814542243249076, 1.581635217883801, 0.735572012681711, 1.4531174852672328, 1.5122024072857512, 1.3735848322687338, 0.12264150943428921, 1.8265814049955438, 0.03269608718942661, 0.7298191335076172, 1.5952922208222826, 1.772263193101211, 1.533995288421093, 0.48746537888705826, 0.685217635056072, 0.2558695346667293, 0.7993915921112709, 0.19539846613345455, 0.21467178783357233, 0.06771616169796013, 0.18841317148161837, 1.0939062839843186, 0.23322234555698107, 1.3613383256251217, 1.5953503680046746, 0.006574311908680321, 0.2658451020598323, 0.9143439753108884, 0.9777749548345657, 0.2459659834332357, 0.0016341391741905315, 1.537984790533471, 0.13807897818294773, 0.1744054360121931, 0.06961403508124299, 1.7580147323035866], [0.35860639477927414, 0.97057026345045, 0.2646744930742246, 0.2521643231301013, 1.1787738279137898, 1.01428291259475, 0.4316203396984739, 0.42437494058648495, 0.03978141016100606, 1.155341010834705, 1.319150844860449, 0.7217168073362913, 0.19445979006640463, 1.1628265184300994, 1.1429936418606497, 0.2173218280607352, 0.45221156773854937, 0.6302187190956842, 0.2858264624977476, 0.006890626605436297, 0.22631009427614, 1.0030325413985615, 0.18453906571963322, 0.25929582098577075, 1.2136994690083058, 0.47021424497975006, 1.1605909002916428, 0.18883248729375013, 1.5542410948465875, 0.2130934878298803, 1.3602312375499503, 0.31328671333331565, 0.11270215777962515, 0.49641669822118956, 0.5323376319421567, 0.24055452503709052, 0.008413526251003592, 0.589290587310223, 0.4068538096933696, 1.1147032994212815, 0.029509296173512976, 0.027935557747817717, 0.2560240963918785, 0.46872753419840274, 0.5506758462221496, 0.43375169710060807, 0.7533588644339649, 0.04156181507758148, 0.01350921631198308, 0.28960140025218994, 0.06709399053264303, 0.747475946378493, 0.6360437450996393, 0.007948887796746984, 0.9446291259325242, 0.02887702903220982, 0.831619844455623, 0.057741505598655506, 0.8733721328676146, 1.4730464074507983, 0.9818589957907146, 0.27339522697549296, 0.678766811029139, 0.744368654518237, 0.05880911542344501, 0.4440649018120557, 0.7724991537526766, 0.46175313964893105, 0.4098137736453117, 0.26878612717973766, 0.9604822957422595, 0.3693911849291401, 0.9798922130680985, 0.09399395334160411, 0.6234452306043464, 1.2924801048226366, 0.012335989918895039, 1.3511247808816333, 0.03200802446262708, 0.4442260270277936, 0.5376425855506229, 0.3271301010174856, 0.6136391307677095, 0.01190215913273718, 0.13924970518234853, 0.065594303407985, 0.006599281149754791, 0.7582566282363928, 0.35954641949715477, 0.23243629433115962, 1.027611420836386, 1.1646748342460218, 1.1050473400836205, 0.9024019676993648, 0.17439546523396804, 0.2202825123227906, 0.05511891974292361, 0.08318025855230379, 0.47169383375150625, 0.14656824770390925, 0.009863828398377678, 0.044085231446395194, 0.7386775463630391, 0.46843214512410586, 0.27038507708999776, 0.4441650953285381, 0.6105061208024131, 1.203322334625321, 0.7168083714065049, 0.006326050884959332, 0.5565001103459016, 1.0208242860376755, 1.005310653463751, 0.029175722683301774, 1.2386059000349332, 1.1022640327686952, 0.3472110592888487, 1.1100283213439353, 0.5218507615989236, 0.284842319421246, 0.4145731947781857, 1.2119639567480145, 1.4121730507780388, 0.3215083106270937, 1.1484077003893085, 1.1801052566029369, 0.6852507667767692, 0.2789789370886865, 0.4113407569314411, 0.31048069346665097, 0.06620702571840391, 0.8118803680587585, 0.7305785742858619, 0.38861931923577764, 0.31697740496141363, 1.215452953626293, 0.4352636461659596, 1.0611632271002052, 0.004210574491662128, 0.2191251107652822, 1.154036673224895, 0.027533757399174776, 0.7166112781076582, 0.666543972749573, 0.017239950269128338, 0.2162505962527471, 1.2764374614360265, 1.2783930234916385, 1.1488051935896473, 0.9967457095655408, 0.9088403043172645, 0.22151641013305023, 1.1118790199533246, 0.8090948641914275, 0.18660934641403204, 0.9884066567812352, 0.1779194898282836, 0.7906917799631757, 0.2938192443486672, 0.008773885763180342, 0.562072876720307, 1.181672982338659, 0.8897954594718529, 0.010317560996270682, 0.02868913066435703, 0.014509790750048268, 0.04348747832414199, 0.9087898400783239, 0.027836563542730362, 0.6908297469285012, 0.9263866895235167, 0.20336157798088783, 0.10942836673928168, 1.4090866268361948, 0.20158608341321943, 0.7027387075733168, 1.083543701242107, 0.03692307692312218, 1.094029791880002, 0.10441180577948524, 0.9566024174353974, 0.4036814336276669, 0.19067145053094856, 0.1694942253891287, 1.5175245777251978, 0.4377763739812971, 0.7871759909644986, 0.3162286801716598, 0.12246292370404582, 0.05405405405253495, 0.05094606556262581, 1.262064787943637, 1.2281166154557925, 0.014148170880801883, 0.4011281497231909, 0.7990096737300516, 0.5035453321053431, 1.045770805063051, 0.6851423209593436, 0.01940102015253458, 0.038048331950478, 0.005676567078550445, 0.19869487554581197, 0.19609378697866842, 0.3745943439834399, 0.15456643586545094, 0.17191749021148098, 0.494498899806865, 0.5774866635304068, 0.9343809980886119, 0.6910539659082331, 0.6753459098585182, 0.6708643232652589, 0.22664777935202818, 0.32620805804179204, 0.2493552427932447, 0.35116710770503995, 1.0518079892977659, 0.4510773792044411, 1.0303159124248582, 0.9197625358266667, 0.11814308340963259, 0.9832384451977585, 0.7973814261881688, 0.050480109738647756, 0.5460781316181982, 0.4755052184131691, 0.9382125174130902, 0.35152860014648546, 1.0080441115264338, 1.1673740855343255, 0.8759314279176776, 0.9264913982899249, 1.0855531594395975, 1.3304519531556211, 0.7635878703135298, 1.1271077686217075, 1.027240112318348, 0.1960097290493719, 0.4090312417636577, 0.18723540218552248, 0.016174802818298906, 0.49356247924550906, 0.04139374090252177, 0.8846633066244884, 1.193369649570318, 0.062464086530221986, 0.0287059042825092, 0.18800319140783078, 0.3689028608024527, 0.005926700658042147, 0.5809510070690577, 0.6804239734210367, 0.9294181733422725, 0.15897799858195502, 1.0839034204877254, 0.7403108274280116, 0.9900713832654384, 1.3267978817886898, 0.14545454544191752, 0.16516959378206336, 0.7609089081121456, 1.1378335507231143, 0.5234725944205402, 0.4981856849450622, 0.05248146035222013, 0.11776416539142374, 1.1655000053176932, 1.1724216271044787, 1.1937948031176144, 0.2505133470449856, 0.20306576561175035, 0.2020003279177025, 1.1388132702119085, 1.1407451618983342, 0.31501586530229053, 0.7090244431542565, 0.008515314779805008, 0.93148803622713, 0.4599752097427498, 0.18283753360566982, 0.42267939263214643, 0.03937630905284998, 0.01171093480510258, 0.39721151936131244, 0.002456160100686194, 0.9925009823901476, 0.5734593978662221, 0.16161616161355027, 0.20260975767404332, 1.172082823996681, 0.012048836240510502, 0.0014042410028625681, 0.06644758325057275, 0.25429776191990067, 1.1137853162046112, 0.2549096111243344, 0.16502578526979308, 0.9731606336033889, 0.6371427720240025], [0.27806154230170066, 0.33643726032965776, 0.28370754170753276, 0.8439363702896473, 0.26721681893515276, 0.055868105195157024, 0.8681405190121331, 0.529808066097464, 0.13147914032792404, 0.025748338551463006, 0.8629971664154749, 0.6953035054497265, 0.7820523120843065, 0.7135753213212916, 0.003802705319679931, 0.011520505415750525, 0.001570550794920643, 0.8410326699083275, 0.8675512417321681, 0.32261619184601964, 0.6713364179602601, 0.9392066790891176, 0.1584017265764054, 0.2764067127570188, 0.4639766958335441, 0.008209102936713168, 0.8747094630916518, 0.36155602744787924, 0.04026348900723707, 0.7677826369945879, 0.24419108094880612, 0.5207004340222742, 0.2621156477335146, 0.5849090334242887, 0.7334164243459796, 0.16364144093436617, 0.2253521126904776, 0.28817541110921363, 0.2248216833086119, 0.351977094340245, 0.7443204417044434, 0.509686646702081, 0.6915267457402576, 0.42889733845075817, 0.21091169262194026, 0.7853299383373151, 0.31397899114309563, 0.3797553585408721, 0.23201191437063584, 0.251017348470925, 0.7572261083917654, 0.2547693798412481, 0.4469717146558169, 0.8527970329365279, 0.22852685971516037, 0.6745983131312985, 0.040798115732920956, 0.5859085031084975, 0.8166539343325748, 0.017698559638507652, 0.7939582895957809, 0.48385475210569795, 0.8937940048376392, 0.26160431402961004, 0.03173095084100615, 1.186380864872645, 0.42330869475214783, 0.8705568525842963, 0.368372663146001, 0.22405833565477062, 0.013507105300258514, 0.8467114322814451, 0.3770197336021869, 0.010658010414605743, 0.01325587214845331, 0.7181685949149125, 0.3629060793558588, 0.7784275568595702, 0.17077276205552339, 0.8903249305253388, 0.3534762833479267, 0.48774775691010325, 0.7138710084495195, 0.7036346440801583, 0.9009879595713413, 0.3030492536102045, 0.2985942801508923, 0.8538177308609224, 1.0361037071907526, 0.32629558539320297, 1.2712433989184555, 0.058358662612599026, 0.15873402314064552, 0.8658970365070874, 0.34761961294014165, 1.0080599386357036, 0.009157004472538123, 0.7317491555827693, 0.01671297376409486, 0.04803343053263652, 0.9198325339046942, 0.06511777844333323, 0.3941822185623108, 0.7841925238099668, 0.6775922981086817, 0.019223640723228932, 0.8373811814023295, 0.8074228845500806, 0.853842823675367, 0.015695523988168918, 0.8691153075653832, 0.03620269891124303, 0.6949872989887202, 0.8074037419656243, 0.479602115124562, 0.7659313565006526, 0.013701743906316075, 0.1815506157695589, 0.3550569697792222, 0.18103181958353168, 0.4199948025858412, 0.27784824066420466, 0.8047717605504575, 0.3007255953622402, 0.35391346620915354, 0.0872304552308869, 0.6913048203058167, 0.1843679513594348, 1.133972735085474, 1.3991266022536264, 0.015941460865143475, 0.011652857612759778, 0.013496784654046435, 0.7438922735992662, 0.11808118081769853, 0.9774661723465587, 0.02796805753427456, 0.22416169038710873, 0.2420890936869847, 0.2575930577442527, 0.29746815375783503, 0.8019063248619296, 0.013785169023808844, 0.1687074829878505, 0.29839384943676384, 0.19163093301730424, 0.728759277489031, 0.7929637693999512, 0.34925300024403927, 0.4236677055412492, 0.045883548711568654, 0.5111166426682185, 0.6967391258930874, 0.8065440515316479, 0.14569029884872267, 0.267127606039438, 0.16986738167815896, 0.812017167364428, 0.17433496779591684, 0.3928807301550799, 0.367675903911809, 0.8246689817234704, 0.6421272929621467, 1.0846463907746644, 0.4389442099812448, 0.4148584038301433, 0.6358447681731576, 0.3312319785991453, 0.7802117972314142, 0.6824921377235096, 0.6031779887222135, 0.8348181123103573, 0.050448320033939835, 0.4030093975772117, 0.7580408022335642, 0.5786417647389414, 0.7941525533443227, 0.2275124644609831, 0.0171562624166949, 0.0017662995564312529, 0.28477386657849196, 0.8150729987696088, 0.8922197233019944, 0.7100843574242515, 0.45657087503926264, 0.1375317170224909, 0.013708738271498948, 0.7687035239024176, 0.7536128761151496, 0.48049344640653907, 0.22404162522799898, 0.1789586196344583, 0.8829594029951949, 0.7948843221306189, 0.012835536475032931, 0.211278545916564, 0.14888730499921166, 0.18911649549159062, 0.9796613667084317, 0.010405524025477125, 0.8317522153878807, 0.45842113790240463, 0.31001626940245197, 0.29645352771470096, 0.6901015344325493, 0.10195177956371212, 0.5058962264164429, 0.2709139624590629, 0.18366129994280933, 0.18429319372322603, 0.03959276018079791, 0.1233531472138843, 0.7660639030125383, 0.31570772833883864, 0.33678901653302856, 0.5365676363868581, 0.026480386888695213, 0.6360436547342115, 0.48480776085889365, 0.9340174528300464, 0.3728813559530558, 0.7371977475894079, 0.01646163801511599, 0.05113475960764373, 0.6553797415235468, 0.001402831967035957, 0.23801771545031114, 0.011137074214254729, 0.6421227002790216, 0.5825364246145659, 0.006298670937411218, 0.009646293729629165, 1.1517828087937239, 0.5818718888460608, 0.5966848910872781, 1.00403524781071, 0.1759721137083284, 0.47928248553853364, 0.6144402110532831, 0.06761753829504043, 0.7519051651036446, 0.6677010881795822, 0.34587087705347713, 0.9303828137969745, 0.43687943261900397, 0.6338771236129371, 0.2525300719093026, 0.026777830256491428, 0.24051998712528158, 0.07057837574483558, 0.9467215570375467, 1.0480030928514128, 0.36802140281743334, 0.7692206541996341, 0.027317911143314968, 0.021846211985901587, 0.1909233176765665, 0.026899128268831427, 0.3324905236636111, 0.22659362551704998, 0.007122488051071857, 0.32977932059021486, 0.800126200349846, 0.718353044290019, 0.6256990807682106, 0.2288876312455996, 0.5000049863529852, 0.7281858114624274, 0.008368778508794871, 0.3264204196784352, 0.2748433095380897, 0.059297520661356164, 0.028666573266758325, 0.43773242991632705, 0.012027167751228498, 0.6395503436660275, 0.2264968636448259, 0.0981916268965353, 0.34568994604585995, 0.13801224681920268, 0.26978481962314116, 0.7994653270875173, 0.6563782188108547, 0.8976751541946578, 0.18953846155081686, 0.018095466072706703, 0.06281951345487165, 0.8011944839786128, 0.7787866530082208, 0.5960672148425702, 0.7118071608532295, 0.5131489979659795, 0.7376116784319456, 0.28449429609761145, 0.6752020382777404, 0.6761671983476697, 0.008380695829061858, 0.6175359018447167, 0.788072101191164, 0.9141602386929566, 0.0038809163097911683, 0.6126617982645008, 0.262263234572988, 0.3421166306767604, 0.39861251969575273, 0.005710937520007678, 0.21027776052649216, 0.5129869302366581, 0.11016429204475352, 0.6181577351968458, 0.005003492697825605, 0.017308505439058458, 0.00695926272751631, 0.013234217640515642, 0.2218430034066501, 0.14448223290192422, 0.15945747250597037, 0.452753702082015, 0.68904095043474, 0.20823244552220027, 0.2064862146734226, 0.6641021351475799, 0.6400402265823826, 0.04278367115880667, 0.7438925340100967, 0.7555313886398662, 0.06941798941716293, 0.31068537906349786, 0.18603093694595688, 0.16563029960052092, 0.05837848996256603, 0.7956736599566824, 0.5450859870321407, 0.7327267859984194, 0.4201425015328313, 0.9181341172958019, 0.7587942735959216, 0.27961187742851656, 0.01011359737047582, 0.6960305932869982, 0.007688836374563976, 0.03216282429626395, 0.8105162361758403, 0.3280445248465906, 0.015087620335645275, 0.007639742315224122, 0.3293152397387595, 0.020081534048064852, 0.08673619704667099, 0.29740926754238484, 0.7904097307082085, 0.6360706080044987, 0.13106669157326442, 0.3045058685643426, 0.7663807148765513, 0.4579732215568992, 0.22154587926901864, 0.28569177627699616, 0.29209833679379493, 0.1775574582991897, 0.31400192243893094, 0.734612804356677, 0.8149863288150315, 0.022363927589238407, 0.2488784290544916, 0.7860103204943555, 0.2274006204567198, 0.04563835932974026, 0.08120176883719324, 0.0406859896688161, 0.058953900710077695, 0.6015978418739536, 0.01598377281957092, 0.8115208628187726, 0.174412793209985, 0.8710256579878629, 0.06099056352308745, 0.7095142095143442, 0.26400206545030674, 0.7971401161712655, 0.8442046462253919, 0.8751185423495059, 0.47701721168552, 0.3402970018974109, 0.1496871393032816, 0.17649186257271715, 0.1492790500451749, 0.14038450021373536, 0.9118734803606553, 0.49946739258628853, 0.6761803649835636, 0.6535776093906038, 0.13228376148987916, 0.14539446509144338, 0.28255647808544215, 0.21709080893424787, 0.31116457581092827, 0.7545397462356377, 1.1898091400452335, 0.8514784772561007]]
* SSIRD FCT: [[0.008292686999999077, 0.0009877290000002148, 0.005287689999999401, 5.2782999999223534e-05, 0.005352669000000532, 0.0065656409999999, 0.009315749999998957, 1.0674000000321371e-05, 1.086400000005483e-05, 0.000670793999999475], [8.259999999538081e-06, 7.526000000979138e-06, 7.461999999236468e-06, 0.0004596410000008433, 0.008292699999998376, 0.0008864710000011655, 7.700999999471492e-06, 7.322999998393698e-06, 7.240000000408031e-06, 0.006947637999999756, 7.726999999846385e-06, 0.006247711000000322, 0.0006132619999998923, 0.006722719999999072, 6.803999999860366e-06, 0.000672060999999502, 0.005542617999999777, 7.113000000558145e-06, 7.257000000038261e-06, 6.285000001327035e-06, 2.4601000001567286e-05, 0.006062591999999256, 5.782999998871219e-06, 0.008762623999999164, 5.4760000001152775e-06, 1.1276000000393083e-05, 1.7420000000711866e-05, 1.109599999971067e-05, 1.2225999999060377e-05, 9.315999999870428e-06, 1.0940999999320411e-05, 0.009945648000000418, 0.005908872000000898, 0.009122192000001306, 0.007846887999999552, 0.0005404089999991868, 0.0007457399999992731, 1.1738999999622024e-05, 1.1146000000294976e-05, 1.005500000061943e-05, 0.0001487660000005775, 0.006325963000000101, 0.0002046629999998828, 0.010655823000000453, 0.010485752000001014, 1.1926999999190002e-05, 0.0061757959999990675, 0.000771767999999895, 0.0002443789999997392, 8.796000001254356e-06], [0.005597717000000557, 7.790999999812698e-06, 5.778999999961343e-05, 7.024000000299679e-06, 6.7149999996019005e-06, 7.139999999239421e-06, 5.407999999818003e-06, 0.0009458420000001411, 3.0532999998555965e-05, 5.376000000723025e-06, 1.070999999974731e-05, 8.051000000008912e-06, 7.85399999969627e-06, 7.139000000933038e-06, 0.001622722000000465, 6.954999999919664e-06, 0.005987399000000337, 0.00017973900000001208, 4.8969999983938806e-06, 0.007752752000000029, 0.0010591899999994325, 0.001544109000001015, 0.0012536670000002914, 5.761000000603644e-06, 5.017000001217298e-06, 0.0012972250000000685, 4.059000000111723e-06, 3.605999999933829e-06, 0.00829267099999953, 0.00019404799999911404, 7.638000001364276e-06, 1.057099999890454e-05, 0.0013454429999999462, 2.032000000085077e-05, 1.125000000001819e-05, 5.583000000086713e-06, 0.008137955000000474, 7.214000000033138e-06, 0.005610073999999798, 0.008292652999999817, 0.002403289000000086, 0.0076728240000001335, 0.0012588559999997528, 0.005283712000000662, 0.0013176989999994504, 5.651299999875903e-05, 3.1509999995904536e-06, 2.9809999997354453e-06, 5.8269999989590815e-06, 0.0009035050000001377, 1.4477999998874225e-05, 1.4173999998590148e-05, 0.0018310519999999997, 0.0009389859999995309, 0.0012100430000003826, 6.511999998792817e-06, 0.001457348999998942, 0.0009888640000017546, 4.769000000237611e-06, 0.0008074520000000973, 1.1339000000276656e-05, 0.0015031279999995206, 1.023100000097088e-05, 0.011940863999999607, 0.0003975170000014572, 0.0017207930000004978, 0.0017207460000001618, 1.0246000000435629e-05, 0.0013993170000006216, 0.0018265650000000022, 1.0904999999894471e-05, 1.5099999998824387e-05, 1.3588999999925022e-05, 0.0009112309999999013, 0.0070608419999995675, 0.007675813000000531, 9.636999999784734e-06, 7.368000000340658e-06, 0.007915782999999621, 0.0006395300000008319, 0.0015214529999987292, 0.005285258000000681, 0.0006631800000000965, 1.0736000000122203e-05, 0.0108308579999985, 1.1092000001156066e-05, 0.00860568200000067, 0.005499304000000649, 0.007290624999999551, 0.0019392440000007838, 1.1293000000023312e-05, 1.0105999999510118e-05, 1.161900000035132e-05, 0.0087604859999999, 0.008598884999999612, 1.1779999999461666e-05, 0.0011752739999995043, 0.001084331999999577, 0.010065804999999983, 9.114999999226825e-06], [0.00729508600000095, 0.0027215110000007314, 8.672999999959075e-06, 0.000115007999999861, 6.09900000014818e-06, 7.8359999999833e-06, 0.0019270339999994945, 0.0017278740000001847, 3.656999998824517e-06, 5.459000000485048e-06, 0.002022837000000166, 3.099000000617025e-06, 2.5770000000591153e-06, 0.0015589959999999792, 3.2329999992697367e-06, 5.442000000854819e-06, 0.007995206000000366, 3.0099999985822024e-06, 0.0026298869999994423, 0.0013143540000015719, 0.0020568910000005047, 0.0028111360000000474, 7.322999998393698e-06, 6.880000000819564e-06, 0.006563756000000254, 6.855999998833795e-06, 0.010189358999999953, 0.01128174000000115, 0.0015258940000002497, 0.012179701000000875, 0.0070294250000007, 0.008449866000001194, 0.0014314829999992895, 0.0019400889999996451, 2.9739999991562627e-06, 3.015000000772261e-06, 0.0012446009999997898, 2.7210000013155877e-06, 1.822300000142718e-05, 2.7619999993788724e-06, 9.893999999732728e-06, 0.009922399999998888, 0.0018089599999999706, 0.005224356999999458, 4.262000000920807e-06, 5.2040000007025355e-06, 0.007832350999999349, 4.952999999474628e-06, 4.914999999883207e-06, 0.004910811000000237, 1.0422999999093463e-05, 0.0010202740000000432, 0.0059110869999994264, 8.556000000936592e-06, 7.966000000081408e-06, 0.0011358680000004284, 6.4720000008122724e-06, 6.026000001213561e-06, 0.009315853000000374, 7.166800000035778e-05, 7.633000000950574e-06, 1.179100000037181e-05, 0.0022126049999986463, 0.00233886600000055, 6.3610000005098755e-06, 0.010064317999999517, 8.036000000544163e-06, 0.009695475999999204, 0.0030581209999986925, 3.893000000587676e-06, 5.248999999096782e-06, 6.111999999447448e-06, 1.404399999849204e-05, 0.0013016480000000996, 3.4490000011544453e-06, 2.6910000006097334e-06, 0.0020862259999994137, 3.2699999987784167e-06, 1.0140000000546934e-05, 2.9110000010490467e-06, 7.705999999885194e-06, 0.00522120699999995, 7.3699999987297815e-06, 0.008446210000000676, 0.0002047619999991923, 0.0024904740000000203, 0.0001314850000007084, 0.001868939999999597, 0.009488861999999543, 8.097999998568639e-06, 0.008444615000000155, 0.007891857999998919, 6.401000000266777e-06, 0.0023529689999985948, 7.682000001452138e-06, 5.50000000032469e-06, 0.00931081299999903, 2.1244000000919527e-05, 4.915999999965948e-06, 5.029000000433825e-06, 1.1090999999296969e-05, 0.011742751999999967, 1.053199999923038e-05, 0.0013894879999991616, 0.00108081800000015, 0.012425336999999814, 0.010701583999999542, 1.1527999999927374e-05, 0.0012586250000001797, 7.770500000070513e-05, 9.929000000852284e-06, 6.46600000031583e-06, 0.0074765680000012935, 4.127600000103371e-05, 0.007678940999999995, 1.802800000128002e-05, 4.480999999501023e-06, 0.009032649999999975, 4.395999999573519e-06, 7.197000000402909e-06, 1.4662999999970339e-05, 0.0021105309999995825, 0.010898313000000215, 1.1573000000097977e-05, 0.006591815000000167, 0.002218651999999821, 9.034999999713023e-06, 0.009303284999999661, 7.744999999559354e-06, 8.284999999830234e-06, 0.008941154999998702, 5.725999999484088e-06, 0.00845993899999975, 6.922000000741946e-06, 6.1340000012677365e-06, 0.009702755999999368, 0.001729732999999456, 3.826000000373142e-06, 0.0013467919999996525, 3.762000000406829e-06, 0.008612733999999733, 2.2524000000245792e-05, 0.011516654000001125, 1.2010999999034766e-05, 0.011994632000000394, 1.300399999948354e-05, 0.011119660999998615, 7.765999999520545e-06, 2.2123999999124067e-05, 0.00992476300000078, 0.002891035999999403, 0.0019836660000009942, 7.23800000024255e-06, 0.01032339499999857, 0.008600362999999334, 0.006287133999999028, 4.507999999958656e-06, 0.00914315099999996, 4.2130000004192425e-06, 4.320000000390678e-06, 1.3883000001158052e-05, 0.00014953099999992503, 1.2101999999458712e-05, 0.008846609999999089, 0.009817519000000274, 0.008600264000000024, 0.0015138759999988594, 0.010507094999999467, 0.010136340000000743, 0.008264911000001263, 5.743999999197058e-06, 0.00970272300000019, 7.0189999998859776e-06, 0.0025569680000003814, 0.00860004199999942, 0.00950221099999915, 0.008140884000001236, 6.452000000933822e-06, 9.217000000560915e-06, 5.639999999473844e-06, 0.0017004350000000557, 1.0336000000776835e-05, 3.0465000000035047e-05, 8.949999999785518e-06, 8.173999999527837e-06, 0.0013472050000000735, 7.470999999981132e-06, 0.0015512019999999183, 0.008457883999998472, 6.103000000479142e-06, 0.00011972899999967979, 0.0014157580000002667, 0.0018686360000010893, 4.961000000136551e-06, 4.173999998968725e-06, 0.009737654000000262, 1.2813000001443697e-05, 3.7959999996672877e-06, 3.870000000461005e-06, 0.009313179999999477], [0.001474258000000006, 0.011726505000000387, 6.724999998652947e-06, 6.391600000021924e-05, 7.142000001181259e-06, 0.008391482000000394, 0.00034017399999974884, 5.008999998779018e-06, 6.259999999258525e-06, 0.012944798000001256, 0.016434290000001184, 0.0039182200000009715, 3.961999999191335e-06, 0.012319907000000185, 0.009178005000000766, 4.330999999524465e-06, 0.0021730459999993457, 0.0029535819999999546, 4.9450000005890615e-06, 7.283999998719537e-06, 6.596000000413937e-06, 0.00950620799999946, 5.7300000015914065e-06, 5.889000000536271e-06, 0.015491515000000788, 0.0024077399999988813, 0.007967934999999926, 7.335000001162939e-06, 0.01694666799999922, 9.195000000516984e-06, 0.016159986999999987, 7.5790000000353075e-06, 2.8893999999723974e-05, 0.0013738649999996966, 0.002259062000000256, 5.144999999373567e-06, 3.7339999998664553e-06, 0.0030597179999993784, 3.598999999354646e-06, 0.01171975699999983, 1.1944999998902972e-05, 7.249999999459078e-06, 9.755999998972698e-06, 1.001199999883795e-05, 0.002304957999999857, 0.0023889449999998646, 0.00013650900000072852, 3.810000000825653e-06, 6.164000000197234e-06, 8.352000000044768e-06, 3.7101000000205886e-05, 0.003366126999999608, 0.0016220249999996383, 3.7999999999982492e-06, 0.00659084299999968, 6.7519999991105806e-06, 0.003717529999999414, 6.88699999962239e-06, 0.004055583000001306, 0.01083048399999953, 0.005221748000000304, 2.631999999991308e-05, 0.00019871400000148753, 0.0028637620000004915, 7.156999998869651e-06, 7.259999998510125e-06, 0.0022240849999999313, 6.2000000013995304e-06, 0.0003021959999998103, 4.236999998852298e-06, 0.00684697900000053, 0.0014424840000000216, 0.006135041000000285, 2.0391999999702648e-05, 0.001207882999999299, 0.009314534000001373, 3.03100000031975e-06, 0.009821063000000407, 3.5310000008337283e-06, 0.001081958000000327, 2.6489999989109947e-06, 3.2929999989050884e-06, 0.0013663470000011557, 4.39899999982174e-06, 1.5964999999340534e-05, 3.859999999633601e-06, 4.153999999090274e-06, 0.002023384000001016, 0.0012401210000003715, 4.6650000005143966e-06, 0.009524707000000632, 0.00019870500000074287, 0.013707571999999502, 0.005355599999999683, 3.0793000000528536e-05, 3.773699999953806e-05, 4.96299999994676e-05, 4.924000000627871e-06, 0.0011681599999988634, 0.0004560170000011965, 2.679000001393206e-06, 2.7879999997537652e-06, 0.0012066330000006786, 2.7019999997435207e-06, 2.706000000074482e-06, 0.0007376019999991712, 0.0012972639999997426, 0.014355631999999119, 4.470000000367236e-06, 3.827000000455882e-06, 0.0019875699999989394, 0.001653632000000016, 0.001617398999998798, 4.3289999993589845e-06, 0.014753521999999464, 0.01034512699999901, 4.71100000076774e-06, 0.001905809000000147, 0.0014323229999995135, 6.674999999844999e-06, 7.886000000567606e-06, 0.013313953000000822, 8.353000000127508e-06, 6.985000000625519e-06, 0.012529172999999005, 0.01476549999999932, 0.002533056000000755, 5.3362999999251315e-05, 0.0013120900000007651, 3.95700000055399e-06, 3.0269999999887887e-06, 0.0016221279999992788, 0.0018531989999992504, 0.0006493370000004717, 0.0015193770000010431, 0.015191487999999254, 0.001715176999999457, 3.3109999986180583e-06, 3.142000000622147e-06, 3.8120000009911337e-06, 0.007916904000000002, 3.975999998573343e-06, 0.0010671870000003025, 0.0012971519999993575, 5.3280000003042005e-06, 4.635000001584899e-06, 0.015662633999999898, 0.010526945999998816, 0.007410407000000063, 0.0034435550000004866, 0.005858046000000172, 1.1971000001054222e-05, 0.011960157999999055, 0.006394406000000075, 1.114899999876684e-05, 0.008398458000000275, 1.0032000000492758e-05, 0.0045084519999996076, 0.0001349059999995461, 8.70500000083041e-06, 0.002550295000000702, 0.014569212999999692, 0.00023399900000065088, 7.460999999153728e-06, 8.119000000306187e-06, 6.5879999997520144e-06, 2.536100000050112e-05, 0.010852835999999755, 8.032000000213202e-06, 0.0018254680000016066, 0.0029884629999994416, 5.974000000463775e-06, 1.7164999999152997e-05, 0.016715243000000157, 4.911999999634986e-06, 0.0027303530000004628, 0.012318483999999685, 5.256999999758705e-06, 0.007737350999999393, 4.1867000000195276e-05, 0.010535987999999108, 0.0018657100000005755, 1.0745000000866867e-05, 9.648000000694879e-06, 0.01723898100000021, 9.23899999882849e-06, 0.005270943000001083, 7.837000000066041e-06, 3.8449999999912166e-05, 6.823000001432433e-06, 4.6342000000976213e-05, 0.0154994360000007, 0.010194698999999474, 5.11500000044407e-06, 0.002391407999999373, 0.003057306000000537, 0.002545248000000555, 0.011370108000001267, 1.6494000000477627e-05, 5.927000000127691e-06, 6.661000000462991e-06, 5.824999998793601e-06, 1.7474999999933516e-05, 4.338399999959108e-05, 6.4090000009287e-06, 8.598000000858974e-06, 8.452000001213378e-06, 8.281999999582013e-06, 1.0695000000282562e-05, 0.00878578800000085, 1.2136000000495528e-05, 0.0019745570000004875, 0.0035169560000003486, 1.0108000001451956e-05, 3.87079999999429e-05, 7.222000000695061e-06, 0.0001681710000003278, 0.008015176000000679, 0.003007913000001139, 0.012525053000000952, 0.004784276000000531, 6.237999999214594e-06, 0.0070811969999997615, 0.0032707550000008467, 4.259000000672586e-06, 0.0020690150000000074, 0.0012531679999998602, 0.009352194999999952, 1.9914000001008958e-05, 0.011025190999999879, 0.008989004000000023, 0.007531623000000209, 0.005943665000000209, 0.015941462000000683, 0.01643067599999881, 0.0021405839999992793, 0.008141317999999842, 0.005351540999999571, 1.2141999999215614e-05, 6.315000000256532e-06, 1.0784000000541027e-05, 1.3295999998774732e-05, 0.0015763199999998534, 1.445400000044117e-05, 0.007340504000000081, 0.015031640000000124, 1.2843000000373195e-05, 1.0518999999931111e-05, 1.0542000000057783e-05, 0.0017082149999989582, 8.627999999788472e-06, 0.0008876139999998145, 0.002022837000000166, 0.009188746999999609, 7.036999999598947e-06, 0.012516560999999982, 7.860999998499096e-06, 0.011565852000000376, 0.010013262999999384, 6.035000000181867e-06, 6.551000000243334e-06, 1.1686000000565855e-05, 0.011941037999999793, 0.0026779989999994314, 0.001955446000000194, 8.174999999610577e-06, 1.5658000000584593e-05, 0.008621430999999902, 0.008602664999999732, 0.008940818999999323, 1.3169999999007587e-05, 1.1917000000138955e-05, 1.1898999998649629e-05, 0.013963713999999072, 0.014359269999999924, 0.0002720450000008867, 0.0035949649999995614, 1.0192999999603103e-05, 0.009713528999999, 0.0017519359999997874, 7.46110000005018e-05, 0.002229454000000075, 7.322000000087314e-06, 9.556000000188192e-06, 0.0015295669999986217, 4.331000001300822e-06, 0.010186594000000326, 1.2515999999962446e-05, 5.146999999539048e-06, 5.9409999995097e-06, 0.013533804999999788, 5.971000000215554e-06, 5.954999998891708e-06, 5.700700000055292e-05, 8.404000000794554e-06, 0.008147970999999643, 7.81500000002211e-06, 6.424000000393448e-06, 0.006490575000000831, 0.0016263900000001996], [7.811999999773889e-06, 0.0015795320000009383, 7.688000000172224e-06, 0.019786739000000608, 1.0163999998979989e-05, 8.841999999731343e-06, 0.021507290000000623, 0.0038242499999991963, 9.893999999732728e-06, 3.257999999561889e-06, 0.016886339000000916, 0.006594491999999619, 0.016124838999999724, 0.009948782999998684, 4.454000000819747e-06, 4.522999999423405e-06, 5.9829999994320815e-06, 0.016485505000000344, 0.00102166799999992, 0.002297756000000817, 0.0027781660000005814, 0.009311506999999608, 2.3137000001227648e-05, 6.037000000347348e-06, 0.0014580590000008442, 6.844000001393624e-06, 0.009314352999998832, 0.0011989640000003021, 7.687000000089483e-06, 0.011961236999999514, 7.842000000479743e-06, 0.001830275999999742, 8.132999999688195e-06, 0.0006475849999993954, 1.168999999912046e-05, 8.213999999284738e-06, 8.260999999620822e-06, 8.268000000200004e-06, 8.12900000113359e-06, 4.746299999958126e-05, 0.012710799999998912, 7.856999999944492e-06, 0.010999595999999556, 6.83300000048348e-06, 0.0006869289999986705, 0.017105065000000863, 4.788000000033321e-06, 5.426999999613713e-06, 4.4374999999874376e-05, 4.346000000765571e-06, 0.013483073999999817, 0.0009790209999991362, 0.002911291999998511, 0.021312747999999715, 3.0469999998672392e-06, 0.012321797000000245, 2.877000000012231e-06, 0.0024629529999984356, 3.3489999999858355e-06, 2.7300000002838942e-06, 0.009040901999998852, 0.0015442839999995073, 0.022855847999998957, 0.0009154239999986657, 3.099000000617025e-06, 0.013170307999999409, 8.383199999961732e-05, 0.02238225199999988, 3.2330000010460935e-06, 0.0012435399999990437, 3.463999998842837e-06, 0.021942229000000424, 0.002701869999999218, 4.695999999526634e-06, 5.200000000371574e-06, 0.015231681000001274, 0.0006988100000011599, 0.01936252199999977, 5.7499999996935e-06, 0.00876333799999962, 7.994000000621782e-06, 0.0017813980000003227, 7.955999999254004e-06, 0.011497997999999399, 0.02333411400000074, 4.38000000002603e-05, 6.740999999976793e-06, 0.015052051000001399, 7.5900000009454516e-06, 6.543999999664152e-06, 8.101000000593217e-06, 5.338000001131604e-06, 5.326999998445103e-06, 0.008458311000000052, 5.57399999934205e-06, 6.371999999643663e-06, 3.709999999657043e-06, 0.014696609999999666, 2.5929999996066044e-06, 2.9920000006455894e-06, 0.024081729000000607, 2.8459999992236362e-06, 0.0023341050000009744, 0.01540609399999937, 0.013997584000000174, 2.863999998936606e-06, 0.008624524000000022, 0.0071764560000016075, 0.021942019000000812, 4.3030000007604485e-06, 0.009794921999999318, 1.9284000000396873e-05, 0.001866277000001304, 0.017892764000000838, 0.0019010230000002792, 0.012169819999998666, 3.5730000007561102e-06, 3.9589999989431135e-06, 0.00015051400000132276, 5.099000000896581e-06, 0.0016291109999997389, 7.123500000005833e-05, 0.0181290539999992, 0.0017561559999990095, 6.28999999996438e-06, 8.35500000029299e-06, 0.008121151000000992, 3.488000000828606e-06, 0.01234104899999977, 0.0006576999999996502, 2.8969999998906815e-06, 2.6539999993246965e-06, 2.7940000002502074e-06, 0.002661616999999339, 3.236999999600698e-06, 0.02485240599999905, 4.3900000008534334e-06, 4.74900000035916e-06, 8.210000000730133e-06, 7.7960000002264e-06, 0.0021398559999994404, 0.01708875099999929, 7.762999999272324e-06, 5.300999999846567e-06, 6.785000000064656e-06, 6.025999999437204e-06, 0.005222498000000186, 0.007758187000000305, 6.260199999985616e-05, 0.0017213760000007738, 7.167999999779795e-06, 0.0020684629999987436, 0.005221734000000922, 0.010802533999999753, 2.2700999998903626e-05, 0.0005045660000000396, 8.246000000156073e-06, 9.416000001039038e-06, 1.5540999999785754e-05, 0.002004111999999836, 0.0013456900000008432, 0.013327090000000652, 6.09900000014818e-06, 6.893000000118832e-06, 0.0027043669999997633, 5.679000000924361e-06, 0.0028551089999986345, 9.346299999890562e-05, 0.007890490000001193, 0.010637191999999018, 5.32700000022146e-06, 0.02083552000000033, 3.6209999993985775e-06, 0.0020667339999995704, 0.015233852999999797, 0.0016615339999983547, 0.014502091000000661, 0.000794901999999098, 2.6120000011786715e-06, 2.695000000940695e-06, 0.002276165999999691, 0.018706711000000098, 0.009311873999999776, 0.005913523000000254, 3.3019999996497518e-06, 1.0309000000319202e-05, 6.489000000442502e-06, 0.012800727000000123, 0.008843849999999875, 4.521000001034281e-06, 4.703000000105817e-06, 4.94000000017536e-06, 0.0182980550000007, 0.008445668999998546, 5.1269999996605975e-06, 5.197000000123353e-06, 5.1639999991692775e-06, 1.1835000000459672e-05, 0.010312604000001002, 5.200999998677958e-06, 0.02131254000000027, 1.6611000001276466e-05, 0.0010866610000004329, 0.0015952820000002532, 0.014176993000001303, 1.6602000000531802e-05, 1.540200000071934e-05, 1.1682000000234893e-05, 1.1033999999909838e-05, 7.958999999502225e-06, 1.1108000000703555e-05, 2.860300000051552e-05, 0.017745568999998795, 0.0011162459999987107, 9.982999999991193e-06, 0.003051281999999489, 6.42800000072441e-06, 0.010316003000001572, 0.0019074190000001323, 0.024368378000000135, 9.040999998433108e-06, 1.4015999999728024e-05, 6.4090000009287e-06, 3.436599999950829e-05, 0.011481696000000596, 5.389000000022293e-06, 0.00020632600000070056, 5.697999998943715e-06, 0.005879822000000701, 0.006251758999999524, 6.178000001355599e-06, 6.155999999535311e-06, 0.001144434000000416, 0.00022202599999943118, 0.00040100600000059217, 0.011185165000000552, 7.527999999368262e-06, 0.0011719990000003122, 0.0016302470000013614, 8.031000000130462e-06, 2.5718999999924108e-05, 0.00904527899999863, 9.605000000689756e-06, 2.6468999999806897e-05, 1.387700000066161e-05, 0.011498760000000274, 0.001057902999999527, 9.847999999479384e-06, 0.0008527950000001283, 2.0948000001297373e-05, 0.02463643300000129, 0.02513998699999931, 0.0023563439999989555, 0.0012243860000005213, 5.827000000735438e-06, 1.7914000000729402e-05, 3.872999998932869e-06, 4.288999999602083e-06, 0.00785697000000063, 4.733999999118055e-06, 4.145000000121968e-06, 5.414000000314445e-06, 0.021078329999999923, 1.5835999999325168e-05, 0.009442598999999774, 8.778000001541386e-06, 0.0006131390000003734, 0.01597099600000007, 9.402999999963413e-06, 1.013199999988501e-05, 0.0013509589999998184, 1.5313999998767258e-05, 1.0022000001441711e-05, 0.0024573439999997504, 7.032999999267986e-06, 0.015410509000000516, 0.0003447980000004236, 1.962900000052059e-05, 0.0011724969999988843, 7.457000000599123e-06, 0.001413023999999652, 0.02022013200000039, 0.01367652900000138, 1.2704000001306781e-05, 8.144999998904723e-06, 7.70400000149607e-06, 3.361499999954276e-05, 0.018558013000001594, 0.01959588500000109, 6.7680000004344265e-06, 0.014691960000000392, 0.006913496000001018, 0.016359027000000026, 3.89399999889406e-06, 0.012987666000000786, 0.009243951000000195, 4.915999999965948e-06, 0.009613028000000412, 0.018952350999999368, 0.02361883599999892, 3.991999999897189e-06, 0.007223499000000189, 6.824999999821557e-06, 6.382000000471066e-06, 0.0007461339999998984, 9.14600000001542e-06, 8.863999999775274e-06, 0.0030453389999998137, 1.5095000000187042e-05, 0.011659875999999514, 6.985000000625519e-06, 7.573999999621606e-06, 7.143999999570383e-06, 1.1630999999567848e-05, 7.459000000764604e-06, 4.001000000641852e-06, 2.7988999999450925e-05, 0.000948190999999099, 0.011304344999999216, 1.5342999999390372e-05, 1.3172000000949424e-05, 0.011156317999999388, 0.006922401000000633, 2.232599999985041e-05, 0.01578542199999866, 0.01673846100000098, 1.6862000000728017e-05, 8.55000000044015e-06, 5.138099999868473e-05, 4.962000000219291e-06, 1.1470000000457503e-05, 0.0019498569999996107, 1.331600000042954e-05, 0.014883024999999606, 0.002978267999999673, 0.023860404000000557, 0.017328389999999416, 0.0013116389999989764, 7.001000000173008e-06, 0.013163717999999491, 7.540000000361147e-06, 5.929000000293172e-06, 0.020414483000001482, 0.0001705990000004931, 1.0783000000458287e-05, 6.402000000349517e-06, 0.0003691929999991572, 7.107000000061703e-06, 8.111999999727004e-06, 0.001854671000000252, 0.01914449499999904, 0.005300607000000568, 1.4669000000466781e-05, 0.001436839000000134, 0.008298359999999505, 0.001433735999999186, 0.0008839369999993352, 0.0006614119999994728, 9.061000000087915e-06, 8.903000001225791e-06, 1.5691999999845052e-05, 0.008665737000001172, 0.020665697000000094, 1.7248000000691377e-05, 1.2641999999729592e-05, 0.019370777000000672, 1.1010999999783166e-05, 7.31099999917717e-06, 2.9552000000876433e-05, 1.2935999999186265e-05, 1.1574000000180718e-05, 0.00755613799999999, 6.796999999281184e-06, 0.00876540299999995, 0.0002380619999993172, 0.023160433000001035, 1.5925999999666374e-05, 0.013989645999998856, 9.076400000118667e-05, 0.002167661999999737, 0.022215157999999846, 0.022685234999999082, 0.0017669859999998039, 0.00031944600000066714, 7.5339999998647045e-06, 7.575999999787086e-06, 7.695000000751406e-06, 1.0271000000727781e-05, 0.010063734000000935, 8.536999999364525e-06, 0.010475583999999927, 1.2937999999351746e-05, 1.557500000082257e-05, 1.0611000000437798e-05, 3.986099999941928e-05, 0.0006598130000003977, 1.0802000000253997e-05, 0.007674499000000168, 0.013173910000000788, 0.009325217000000663]]
* DCTCP FCT: [[0.008287606999999753, 0.0009826509999992794, 0.0052826199999991275, 4.771199999886733e-05, 0.005347619000000137, 0.006558560000000213, 0.009308660000000302, 3.594000000717301e-06, 3.7919999993363263e-06, 0.0006637129999997882], [2.8419999988926747e-06, 2.809000001491313e-06, 2.866999999184827e-06, 0.0004576070000013033, 0.008287606999999753, 0.0008826840000004665, 2.808999999714956e-06, 2.706000000074482e-06, 2.7340000006148557e-06, 0.006942547999999604, 2.6169999998160165e-06, 0.006242650000000793, 0.0006125919999995233, 0.00671765799999946, 3.905999999886944e-06, 0.0006626829999998307, 0.005537547999999504, 2.6829999999478105e-06, 3.442999998881646e-06, 3.6740000002311035e-06, 2.2539000001486897e-05, 0.006057599999998331, 4.526999999754366e-06, 0.008757546000000005, 4.906999999221284e-06, 3.630000000143241e-06, 9.909000000973833e-06, 4.8790000004572676e-06, 1.0153999999928942e-05, 5.829000000900919e-06, 4.622000000509274e-06, 0.0099385759999997, 0.005908765000000926, 0.009118782999999908, 0.007828647000000188, 0.0005386190000002955, 0.0007386690000004137, 1.0071000000166919e-05, 6.267999999920448e-06, 5.838999999951966e-06, 0.0001487299999993752, 0.006318820000000613, 0.00020374700000047596, 0.010648766999999282, 0.01047868500000071, 4.001000000641852e-06, 0.006168627999999288, 0.0007685429999995108, 0.0002436469999995694, 6.00500000125237e-06], [0.005592737000000625, 2.9930000007283297e-06, 7.326299999910191e-05, 2.967000000353437e-06, 3.3150000007253766e-06, 3.510999999178921e-06, 5.110000000030368e-06, 0.0010639870000002105, 4.1921999999416926e-05, 6.09800000006544e-06, 2.8070000013258323e-06, 2.648000000604611e-06, 2.75599999888243e-06, 2.7180000010673666e-06, 0.001612677000000673, 3.3070000000634536e-06, 0.005982579000001209, 0.00012100300000028597, 5.635999999142882e-06, 0.007747656999999464, 0.0006182230000000288, 0.0011034859999998758, 0.0013159839999996592, 4.228999999966732e-06, 5.23500000149113e-06, 0.0013501319999988937, 7.108000000144443e-06, 7.078999999521329e-06, 0.008287606999999753, 0.0002330429999997108, 2.8099999997976965e-06, 3.658999998989998e-06, 0.0013856719999996159, 2.3104000000273572e-05, 1.4415000000767009e-05, 6.873000000240381e-06, 0.008137640999999363, 7.74400000125297e-06, 0.005592627000000405, 0.008287606999999753, 0.002397599000000028, 0.007667724999999237, 0.000704087000000797, 0.005282620000000904, 0.000734880999999632, 6.178199999951062e-05, 8.718000000129678e-06, 8.713999999798716e-06, 9.0269999990511e-06, 0.0010115739999996265, 3.703999999160601e-06, 3.9589999989431135e-06, 0.0018238920000008818, 0.0003509019999992091, 0.0006556780000011031, 8.807000000388143e-06, 0.0010031049999987829, 0.0011045270000007434, 1.0078999999052485e-05, 0.0009323800000000659, 4.227999999883991e-06, 0.0014482769999997203, 4.689000000723809e-06, 0.011933760999999876, 0.0004773650000000629, 0.001718677999999585, 0.0017186550000012346, 6.34699999935151e-06, 0.0008388190000001572, 0.001823775000000083, 4.626000000840236e-06, 4.728999998704353e-06, 6.343999999103289e-06, 0.0010322009999992332, 0.007053777999999511, 0.007668761999999774, 8.710999999550495e-06, 8.794000001088875e-06, 0.007908698999999686, 0.0004799789999996307, 0.00151893900000033, 0.005283640000000034, 0.0002503479999997893, 4.6779999998136645e-06, 0.010823728999998394, 5.399000000849696e-06, 0.008598601999999289, 0.005478767000001383, 0.007288711999999364, 0.001938913000000042, 3.854999999219899e-06, 4.360000000147579e-06, 7.04400000017813e-06, 0.008758634000001209, 0.008598601999999289, 8.849000000310525e-06, 0.0009585849999993457, 0.0006210249999991646, 0.010058733999999347, 1.0144999999184279e-05], [0.011591409000001107, 0.002309311999999508, 3.118000000412735e-06, 0.00014187000000021044, 4.0909999992067014e-06, 3.9669999996050365e-06, 0.0013320459999999201, 0.0011248950000002367, 6.577999998924611e-06, 6.696999999888931e-06, 0.005954956000000067, 7.874999999657462e-06, 9.177000000804014e-06, 0.001060775000000902, 9.577999998455766e-06, 9.65400000119132e-06, 0.011622081000000506, 1.1698999999865123e-05, 0.0022040469999993206, 0.000776308000000725, 0.0015130370000004945, 0.002308855999999082, 3.12299999905008e-06, 3.236999999600698e-06, 0.011610017999998945, 4.771999998709475e-06, 0.010190135000000211, 0.011676390000001646, 0.003458674000000883, 0.011073831000000922, 0.011276551999999995, 0.011490848000001108, 0.0030921819999996103, 0.004600609000000588, 9.206999999733512e-06, 9.251999999904115e-06, 0.0006882919999995352, 9.90000000022917e-06, 2.5931000001477855e-05, 1.0612999998826922e-05, 2.9890000003973682e-06, 0.011678638999999436, 0.0011611889999993963, 0.011112114999999534, 7.787000001258093e-06, 8.1080000011724e-06, 0.011670325000000759, 8.502000000021326e-06, 8.45099999935428e-06, 0.010999138000000741, 3.267099999959555e-05, 0.0004972219999999083, 0.011419442999999418, 1.9622000001717765e-05, 2.0892000000216626e-05, 0.0006959030000004418, 2.414100000081021e-05, 2.4228000000903194e-05, 0.011143245999999607, 0.00017919100000085564, 2.532000001664869e-06, 2.977999999487224e-06, 0.0017136329999996036, 0.001815258000000597, 4.328000001052601e-06, 0.010070626999999277, 5.154000000118231e-06, 0.010486098999999527, 0.0018618499999991656, 7.3409999998830244e-06, 7.569999999290644e-06, 8.089999999683073e-06, 2.4193999999866378e-05, 0.00271971599999965, 1.219800000029636e-05, 1.2467000001237238e-05, 0.0010643120000004558, 1.584600000015257e-05, 3.083900000078188e-05, 1.633000000111906e-05, 2.604999998823132e-06, 0.011216284999999715, 2.920000000017353e-06, 0.011505538000001536, 0.0002319219999993294, 0.0019472410000016538, 0.00015712800000144966, 0.0012257289999997312, 0.0114726730000001, 1.0822999998438831e-05, 0.011635345000000186, 0.011368449999999086, 1.2974000000554042e-05, 0.0018578059999985186, 1.4596000001532161e-05, 1.4705999999975461e-05, 0.011261830999998779, 4.594400000001997e-05, 1.6117999999565313e-05, 1.7846000000432127e-05, 4.558999998849345e-06, 0.011047931000000233, 4.749999998665544e-06, 0.0008924109999988161, 0.0005122169999989268, 0.009958167999998935, 0.011701388000000534, 9.048000000788647e-06, 0.0007301619999999787, 7.76970000000432e-05, 1.0492000001249835e-05, 1.0769000001076279e-05, 0.011569763000000677, 9.415800000134311e-05, 0.011678417999998914, 3.087600000029056e-05, 1.599800000029461e-05, 0.011621283000000204, 1.6836000000353124e-05, 1.771700000041676e-05, 4.344999998906474e-06, 0.0016050290000002576, 0.011621228999999289, 4.720999999818787e-06, 0.011261866999999981, 0.0017440329999995896, 6.294000000295341e-06, 0.011561748000000094, 7.733000000342827e-06, 8.1019999988996e-06, 0.011621384999999762, 1.1877000000382054e-05, 0.01170281899999992, 1.3810000000447076e-05, 1.3899000000705541e-05, 0.010605683999999727, 0.00409547599999982, 1.6139999999609245e-05, 0.003038035999999522, 1.9402999999584836e-05, 0.011645287000000337, 1.7536000001427965e-05, 0.011482352000001583, 5.6320000005882775e-06, 0.011048512000000343, 6.551000000243334e-06, 0.011592747999999986, 9.924999998744966e-06, 2.7292000000400662e-05, 0.0102762460000001, 0.002251412999999758, 0.0014631680000007918, 1.4664000000053079e-05, 0.011722427999998786, 0.011676632000000353, 0.011521097999999341, 2.062299999927575e-05, 0.011316514999998972, 2.3037000000059038e-05, 2.3065999998905795e-05, 4.016000000106601e-06, 0.00018817399999981888, 5.717000000515782e-06, 0.011570782999999807, 0.010054263000000674, 0.011564379999999375, 0.001038353000000214, 0.011646508000000111, 0.011591149000000911, 0.011271498000001046, 1.0773999999713624e-05, 0.010346542999998931, 1.173600000115016e-05, 0.0020232549999992244, 0.01167369499999893, 0.01120920099999978, 0.011706335000001289, 1.7229000000895667e-05, 1.8034000000000106e-05, 1.8299999998916405e-05, 0.0011364569999994245, 4.750000000441901e-06, 3.4871999998742353e-05, 6.293000000212601e-06, 7.2929999994642e-06, 0.0028165730000004885, 9.076999999635404e-06, 0.0009206790000000353, 0.01170379399999888, 1.412700000003042e-05, 0.00014969000000064625, 0.0009237179999992406, 0.004829632999999944, 1.680899999989549e-05, 1.7103999999434905e-05, 0.011689631999999506, 3.367800000120269e-05, 2.058799999993255e-05, 2.053400000079364e-05, 0.011121469999999078], [0.0013061490000012554, 0.015573207999999283, 4.382999998497894e-06, 6.445700000057286e-05, 5.461000000650529e-06, 0.015195772000000218, 0.0003979390000008465, 7.963999999915927e-06, 9.245999999407672e-06, 0.01621697700000091, 0.015854493000000858, 0.012564251000000581, 2.271399999997925e-05, 0.016188088999999906, 0.015307688000000041, 2.5806000000017093e-05, 0.0026252610000003784, 0.003992481999999242, 2.8958000001466644e-05, 3.0257999998895002e-05, 3.313600000076633e-05, 0.015443601999999501, 4.077300000027151e-05, 4.1338999999140924e-05, 0.016218007000000867, 0.002921208000000064, 0.015839025000000007, 4.785299999987558e-05, 0.011566153999998718, 5.0742000000880694e-05, 0.015252723999999773, 3.1160000002472543e-06, 1.7243000000277675e-05, 0.0012454269999988554, 0.002622938000000019, 5.571999999176569e-06, 7.898999999866874e-06, 0.004690928000000483, 8.832000000680296e-06, 0.01605139199999961, 1.2919999999638776e-05, 1.363999999881571e-05, 1.3806999998422498e-05, 1.541800000026683e-05, 0.002742881000001418, 0.0030415640000001076, 0.00026053600000075505, 1.764200000131666e-05, 1.8402000000250496e-05, 1.8688000000821603e-05, 6.144600000013156e-05, 0.010009409000000247, 0.006194777999999346, 2.3579000000495398e-05, 0.014578523999999149, 2.5248000000033244e-05, 0.011775502999999077, 2.7870999998569346e-05, 0.012343119000000513, 0.010837792000000235, 0.014655397000000292, 3.2119000000108144e-05, 0.0002931250000006713, 0.003818049000001267, 3.0349999988743548e-06, 3.0559999988355457e-06, 0.0024253039999990733, 3.2300000007978724e-06, 0.000395177999999774, 4.1519999989247935e-06, 0.014615437000001563, 0.0012899120000007258, 0.01545806600000077, 2.7256000000974723e-05, 0.0040783280000002975, 0.016227170000000513, 8.929000001600684e-06, 0.01540257499999953, 1.2499000000332217e-05, 0.002166514999998981, 1.4695999999148057e-05, 1.6060999998401826e-05, 0.0011870760000007863, 1.8411999999301543e-05, 6.521599999942396e-05, 2.38849999991686e-05, 2.3802999999489316e-05, 0.010344383999999707, 0.0010495940000012638, 2.761900000081141e-05, 0.014452523000000994, 0.00032689500000060434, 0.015624933999999868, 0.014580840999999012, 2.2142000000613393e-05, 4.555699999997387e-05, 4.795499999943331e-05, 7.5049999992415906e-06, 0.001052067999999906, 0.0004475460000001874, 9.084000000214587e-06, 9.035999999795763e-06, 0.0040782909999990125, 1.0528000000675775e-05, 1.138600000061274e-05, 0.0005642789999988906, 0.0043856110000000115, 0.016308797000000652, 1.7569000000605683e-05, 1.86830000004079e-05, 0.0024461689999988323, 0.0017063190000001782, 0.006192686000000336, 2.373599999927478e-05, 0.016218686000000204, 0.01557100099999964, 2.7291000000317922e-05, 0.009575337999999434, 0.005703881000000521, 2.9958000000718243e-05, 2.575999999976375e-06, 0.016254684000001518, 2.9739999991562627e-06, 2.901000000221643e-06, 0.01568454799999941, 0.016241765000000186, 0.0030148290000013844, 6.372300000023756e-05, 0.001159189000000893, 5.7560000001899425e-06, 7.473000000146612e-06, 0.005778015999998942, 0.006768494999999319, 0.0005317050000002155, 0.0013700510000003163, 0.016172821999999698, 0.0015605789999995068, 1.5218999999788707e-05, 1.6936999999828117e-05, 1.956900000088524e-05, 0.01521098099999918, 2.3511999998504507e-05, 0.0009441250000001844, 0.00506678100000002, 2.6392000000541316e-05, 2.798000000048262e-05, 0.01600882299999995, 0.016070119000000105, 0.016011407000000588, 0.012392600000000087, 0.01502402800000091, 4.070000001021867e-06, 0.016202585999998576, 0.015151654000000292, 4.41699999953471e-06, 0.015589466999999857, 5.5309999993369274e-06, 0.013402240999999648, 0.0002188630000006242, 1.0071000000166919e-05, 0.003323956000000905, 0.016366782000000413, 0.000341691000000921, 1.2291999999192171e-05, 1.3440000000031205e-05, 1.352600000004145e-05, 3.595000000089499e-05, 0.015691652999999306, 1.543700000006254e-05, 0.0018059650000008531, 0.004493367000000248, 1.6431000000594054e-05, 4.10649999995627e-05, 0.010715742000000361, 2.2947999999800572e-05, 0.003884242000001592, 0.016391510000000054, 2.3553000000120505e-05, 0.01632270700000049, 6.978200000062884e-05, 0.016137989999998936, 0.001713509000000002, 4.276000000302815e-06, 4.520000000951541e-06, 0.011567656000000426, 5.867999998798723e-06, 0.005836850999999754, 8.209000000647393e-06, 4.863999999926705e-05, 8.838000001176738e-06, 5.277400000025523e-05, 0.01611001400000056, 0.01617755900000084, 1.3668999999438824e-05, 0.0023711540000004305, 0.0038088619999996354, 0.0030723629999993562, 0.016276214000001232, 2.7988999999450925e-05, 2.8028999999207826e-05, 2.940599999945448e-05, 3.1191999999791165e-05, 5.623300000046072e-05, 0.0001699520000002508, 3.7503999999799476e-05, 3.966300000080025e-05, 4.131700000087335e-05, 4.2035999999967544e-05, 4.441899999996224e-05, 0.015498752000000948, 3.711999999822524e-06, 0.002043262999999129, 0.009495314999998783, 4.244000001207837e-06, 4.9703000000178577e-05, 8.324000001280751e-06, 0.0002890970000013482, 0.015293724000001063, 0.003665130999999988, 0.01595656699999992, 0.01355891600000092, 1.3714999999692168e-05, 0.015139001999999735, 0.009678728000000802, 1.713800000047172e-05, 0.0024497629999995496, 0.0011275709999996053, 0.015961421999998393, 6.95400000001456e-05, 0.016290320999999608, 0.01638598199999919, 0.015333195000000188, 0.015459916000001073, 0.016380873000001017, 0.015144582999999656, 0.0025437929999991837, 0.016329754999999224, 0.01525943500000082, 5.8729999999229676e-05, 4.075100000022758e-05, 5.235999999797514e-06, 7.788999999647217e-06, 0.0014441989999998128, 8.424000000673004e-06, 0.015240558000000348, 0.016179103999999, 1.1596000000224649e-05, 1.2133000000247307e-05, 1.2654000000722476e-05, 0.0015327169999999057, 1.9573999999522584e-05, 0.0007032680000005342, 0.01039966199999931, 0.015857061000000172, 2.473900000055096e-05, 0.016392946999999936, 3.126199999847756e-05, 0.01594596900000056, 0.015891247000000774, 3.581700000054866e-05, 4.050099999908241e-05, 4.563799999957041e-05, 0.016016626000000755, 0.0035865589999986014, 0.0023813249999999897, 5.112000000018213e-05, 7.350599999966789e-05, 0.01634062699999994, 0.016388263999999708, 0.01629325599999909, 4.258999998896229e-06, 4.058000000028983e-06, 4.033999999819571e-06, 0.016371551999998957, 0.016395220999999793, 0.00039878100000123595, 0.00959659399999957, 8.233999999163188e-06, 0.01598396800000046, 0.0017108650000015047, 0.00011598600000084502, 0.0026905140000010874, 1.4680000001376925e-05, 1.510899999956905e-05, 0.0015121119999985666, 1.875800000128436e-05, 0.016079484999998783, 1.94919999998433e-05, 2.1676999999442614e-05, 2.4898999999578564e-05, 0.016364643999999373, 2.572100000008959e-05, 2.934799999998461e-05, 9.417200000072512e-05, 3.305500000116979e-05, 0.01635933999999928, 3.4959000000611695e-05, 3.892099999980303e-05, 0.016019546000000773, 0.0063281479999997], [3.120000000578216e-06, 0.002253509000000875, 4.949000000920023e-06, 0.023702327000000523, 5.687999999892668e-06, 7.906000000446056e-06, 0.023888580999999576, 0.006198255999999347, 1.119500000079654e-05, 1.3587999999842282e-05, 0.023299693000000232, 0.019347663999999654, 0.022597020999999273, 0.020595784999999367, 2.4860999999987143e-05, 2.518400000006693e-05, 2.60870000001745e-05, 0.022352826000000547, 0.0011152939999998779, 0.0037795139999996508, 0.005075946999999914, 0.023960529000000008, 6.572800000093082e-05, 4.702499999886811e-05, 0.002120506000000688, 5.68180000009022e-05, 0.023972494999998872, 0.0015621060000015063, 6.458200000025727e-05, 0.021005038000000198, 7.556500000127642e-05, 0.010995053000000254, 8.326199999864059e-05, 0.0028140699999994467, 8.456499999986988e-05, 8.491799999887917e-05, 8.796399999866367e-05, 9.150700000049028e-05, 9.158300000144948e-05, 0.00018456799999988505, 0.021072816000000216, 2.5909999994411237e-06, 0.020773366000000237, 2.8869999990632778e-06, 0.00020202600000018833, 0.02264311600000113, 4.824999999542001e-06, 5.110000000030368e-06, 1.8414999999549764e-05, 5.235999999797514e-06, 0.02146325500000046, 0.0009571990000001307, 0.00577296099999991, 0.023720766000000282, 7.50399999915885e-06, 0.020918059999999628, 8.815000001050066e-06, 0.004397587999999786, 9.386000000333183e-06, 1.0835999999514456e-05, 0.02007272799999882, 0.00230470500000024, 0.024058982999999756, 0.0009532809999992509, 1.7072000000339926e-05, 0.013185967999998383, 0.00012144399999947098, 0.02396321400000012, 2.2860000001401204e-05, 0.0015823689999994173, 2.481299999956832e-05, 0.023862621999999334, 0.0050727570000006494, 2.9380999999162327e-05, 3.28070000001901e-05, 0.02154739800000094, 0.0007228680000004317, 0.023287561000000068, 4.36129999989987e-05, 0.023789669000001012, 2.6539999993246965e-06, 0.0025530249999992094, 2.8340000000071086e-06, 0.020746241999999526, 0.02408853000000022, 3.242100000022674e-05, 3.2560000011727652e-06, 0.02243729899999991, 3.464000000619194e-06, 3.4099999997039276e-06, 3.651000000104432e-06, 3.647000001549827e-06, 4.053999999698021e-06, 0.023549177000001364, 4.3370000000209075e-06, 5.163000000862894e-06, 5.781000000482095e-06, 0.022029115000000488, 8.134999999853676e-06, 8.668999999628113e-06, 0.024103536000000148, 1.0924999999772922e-05, 0.0037769809999996795, 0.0225445569999998, 0.02123749299999922, 1.417799999892111e-05, 0.023749685000000298, 0.022252341000001508, 0.02394887400000023, 1.7593000000815096e-05, 0.02394630599999914, 7.070899999916946e-05, 0.010929140000000004, 0.02337640600000057, 0.0027105290000015714, 0.020960376999999752, 2.3259000000663832e-05, 2.3843999999328958e-05, 0.00029151900000101705, 3.073499999928231e-05, 0.00914856700000044, 5.971000000037918e-05, 0.023362217999999046, 0.002835938000000482, 7.071000000635763e-06, 7.494000000107803e-06, 0.01972137599999968, 9.012999999669091e-06, 0.016547326999999612, 0.002761754999999866, 1.0299999999574538e-05, 1.0842000000010898e-05, 1.088399999993328e-05, 0.004896405000000215, 1.72149999997373e-05, 0.024120196999998456, 2.4511999999532463e-05, 2.616799999977104e-05, 2.636199999983546e-05, 2.9253000001006058e-05, 0.003515338999999784, 0.02328863700000028, 3.947799999970414e-05, 4.026200000062374e-05, 4.232000000037317e-05, 4.7089999998917165e-05, 0.019054177000001005, 0.022904104000000203, 0.00015776899999941918, 0.008947653999999972, 6.30699999994988e-05, 0.003216924999998483, 0.019109302000000383, 0.020809068000000153, 0.00012298299999891071, 0.0020212650000015486, 8.064300000043545e-05, 8.274800000052096e-05, 0.00010859200000012947, 0.0031723519999999894, 0.0019495690000006505, 0.02163963000000102, 3.2700000005547736e-06, 3.4229999990031956e-06, 0.004522613000000675, 3.4810000002494235e-06, 0.005339237999999469, 0.0001152700000002227, 0.01977294900000004, 0.02103774199999897, 5.13300000015704e-06, 0.023844379999999887, 5.672000000345179e-06, 0.003132147000000529, 0.02248762400000004, 0.008112531999998396, 0.022075029999999884, 0.0009680190000000977, 1.2771999999827699e-05, 1.3672999999769786e-05, 0.0037909540000011788, 0.023552913999999703, 0.023904700999999307, 0.020867576000000554, 1.750600000072211e-05, 4.294000000015785e-05, 1.9951000000517638e-05, 0.021361130999999034, 0.019999508999999804, 2.433300000070915e-05, 2.595399999982817e-05, 2.803599999978701e-05, 0.023318636000000836, 0.023523502999999835, 3.060699999934968e-05, 3.322199999900022e-05, 3.440199999893423e-05, 6.0927999999904614e-05, 0.024057967000000957, 4.019699999879833e-05, 0.02400046400000022, 4.899000000335718e-06, 0.0012277130000004632, 0.0022548169999989653, 0.02235705700000068, 7.921999999993545e-06, 8.003999999672828e-06, 8.084000000962988e-06, 8.619000000820165e-06, 9.254000000069595e-06, 1.0060000001033131e-05, 2.7565999999978885e-05, 0.02362614499999971, 0.0013025019999997056, 1.2639999999564111e-05, 0.006161153999999058, 1.333700000039073e-05, 0.02104496700000169, 0.0030672949999992483, 0.024198869999999317, 1.4675999999269607e-05, 1.7248000000691377e-05, 2.1413000000691795e-05, 4.939499999956354e-05, 0.021329270000000733, 2.721200000088686e-05, 0.0004167509999994934, 2.8549999999682996e-05, 0.01982460800000041, 0.020276489000000453, 3.423700000126928e-05, 3.597200000093892e-05, 0.0014782630000009789, 0.00045066400000060014, 0.000549620999999334, 0.024154553999998996, 5.211899999935099e-05, 0.005441061999999164, 0.002322121000000621, 6.065400000032639e-05, 3.811999999214777e-06, 0.020029972999999757, 4.708000000519519e-06, 4.956999999805589e-06, 6.207000000202356e-06, 0.0207755039999995, 0.001127841000000629, 7.262999998758346e-06, 0.0009009229999996649, 8.005000001531926e-06, 0.024131575000000183, 0.023829209999998824, 0.00408716299999945, 0.0014480450000000644, 1.4726999999936652e-05, 1.5367999999682525e-05, 1.6723999999967987e-05, 1.750700000080485e-05, 0.004828305000000199, 1.9302999998416226e-05, 2.189900000004741e-05, 2.2530000000742234e-05, 0.023863227999999737, 2.4227999999126837e-05, 0.020785680999999556, 2.6184000001094887e-05, 0.0005752860000001192, 0.023063100999999975, 2.7561999999647924e-05, 2.959799999935342e-05, 0.001957658000000251, 3.189699999950335e-05, 3.248199999994483e-05, 0.004333516999999176, 3.757300000017949e-05, 0.021696975000001117, 0.0005042209999999159, 7.039800000008256e-05, 0.00544044599999971, 5.281500000009487e-05, 0.0020559709999989906, 0.024049910000000452, 0.02207359000000153, 5.923000001573087e-06, 6.834999998872604e-06, 7.596000001441894e-06, 2.3820999999202286e-05, 0.02362627900000014, 0.023720060000000487, 1.144500000016535e-05, 0.022486415999999565, 0.00594561700000007, 0.023155498000001273, 1.8266999999738687e-05, 0.022000017999999955, 0.02085597299999975, 1.9032999999168965e-05, 0.021089037999999505, 0.02392504799999884, 0.024151268999998976, 2.6270999999411515e-05, 0.01987580599999994, 2.9937000000757052e-05, 3.2317000000503526e-05, 0.0008276729999998622, 3.519299999865666e-05, 3.9569000000128085e-05, 0.0123009990000007, 4.5055000001070766e-05, 0.02150141199999922, 4.5841000000379495e-05, 4.598099999952865e-05, 4.706400000031863e-05, 4.705999999998767e-05, 4.7177000000786506e-05, 5.566699999981495e-05, 8.394400000000246e-05, 0.004051276999998521, 0.02135436999999918, 8.861299999907146e-05, 4.469000000284495e-06, 0.021465603999999416, 0.019794037000000486, 6.729000000760266e-06, 0.0230378379999987, 0.023204319999999612, 1.0061000001115872e-05, 1.0751000001363309e-05, 8.362099999992267e-05, 1.2883000000130096e-05, 1.3786000000237664e-05, 0.00306810999999918, 1.657800000032239e-05, 0.022929773999999625, 0.005947170999998974, 0.024166645999999403, 0.023728052000000943, 0.0017416029999992588, 2.5475999999358123e-05, 0.022095286999999075, 3.174599999944405e-05, 3.6656000000689914e-05, 0.02394484700000099, 0.0003622750000005226, 4.037000000067792e-05, 4.055200000152581e-05, 0.0005451640000000424, 4.5915999999479595e-05, 5.32589999995281e-05, 0.0028267570000011233, 0.023992344999999915, 0.01977180200000106, 9.470000000000312e-05, 0.0020049499999998943, 0.023567330000000553, 0.007190862999999936, 0.0009574749999998744, 0.0006502430000008275, 7.947699999988345e-05, 8.049200000037615e-05, 5.477000000198018e-06, 0.020619233000001458, 0.023909380999999286, 8.198000001513606e-06, 8.86300000146889e-06, 0.023892823000000618, 1.1300000000602495e-05, 1.1857999998809987e-05, 3.5869000001298446e-05, 1.5466999998992037e-05, 1.9022000000035177e-05, 0.019880696999999614, 2.2509999999087427e-05, 0.02389885100000022, 0.00043827799999895944, 0.024071784000000207, 3.449699999968914e-05, 0.022615635999999384, 0.00027539600000103803, 0.0036427589999998844, 0.02408608000000001, 0.02414075899999979, 0.002739677000000995, 0.0004907559999995925, 5.0312999999135855e-05, 5.0226000000819226e-05, 5.105700000029856e-05, 5.2111000000465424e-05, 0.02419117400000026, 6.452100000053917e-05, 0.021095693999999554, 6.766099999921948e-05, 9.367400000037662e-05, 7.068200000048819e-05, 0.00014192899999976305, 0.0007941789999996729, 7.602600000033988e-05, 0.023194645000000236, 0.01318710199999984, 0.024118443000000767]]
* XPass FCT: [[0.008375841999999523, 0.0009827920000002877, 0.005291468999999438, 9.603700000049287e-05, 0.005389648000001301, 0.006612900000000366, 0.009358513000000457, 1.0624999999819806e-05, 1.070799999958183e-05, 0.0007115349999988752], [7.882999998543028e-06, 7.856000001638108e-06, 7.934999999292813e-06, 0.0005298750000015673, 0.008292634000000021, 0.0009423760000011328, 7.856999999944492e-06, 7.787999999564477e-06, 7.828999999404118e-06, 0.006995894999999308, 7.644000000084361e-06, 0.0062715180000001425, 0.0006577179999993632, 0.006801018999999187, 7.97300000066059e-06, 0.0006657069999995713, 0.00553946099999969, 7.772000000016988e-06, 7.990999998597204e-06, 7.850000001141666e-06, 0.00012540300000019045, 0.006114292999999549, 7.883999998625768e-06, 0.008824094999999588, 7.921999999993545e-06, 1.0650000000111959e-05, 8.673300000161532e-05, 1.111199999925816e-05, 9.680299999992314e-05, 1.1216000000757731e-05, 1.0840999999928158e-05, 0.00996532499999958, 0.005991183000000788, 0.009193247000000682, 0.007903258999998997, 0.0006113049999996178, 0.0008179489999999845, 9.55260000008451e-05, 1.107499999974948e-05, 1.0625999999902547e-05, 0.00022294799999933446, 0.006319089999999861, 0.0002857269999996248, 0.010735380999999933, 0.010530230000000529, 1.0678999998958716e-05, 0.006238384999999624, 0.0007718359999984159, 0.0003231389999989176, 1.084600000034186e-05], [0.005681749000000735, 8.060999999059959e-06, 0.00028553499999972587, 7.751000000055797e-06, 7.786999999481736e-06, 7.880000000071163e-06, 7.6289999988432555e-06, 0.0010118180000002752, 9.765799999961189e-05, 8.754000001331974e-06, 7.83399999981782e-06, 7.701999999554232e-06, 7.755999998693142e-06, 7.732000000260086e-06, 0.0016483550000003788, 7.896999999701393e-06, 0.005988937999999777, 0.00019791200000085496, 8.040999999181508e-06, 0.007824183000000318, 0.0006469110000004719, 0.0010457210000005546, 0.0012905649999996882, 7.684000001617619e-06, 7.638000001364276e-06, 0.001335390999999575, 1.0852999999144686e-05, 1.084400000017638e-05, 0.00837072900000102, 0.0003776509999990907, 7.837000000066041e-06, 7.662999999880071e-06, 0.0014451260000001298, 9.186900000024423e-05, 0.00010289999999990584, 0.00017793800000021065, 0.00814260599999983, 8.631200000053241e-05, 0.00565958199999983, 0.008373568999999748, 0.002474308000000036, 0.007674277999999646, 0.0006984909999996347, 0.00528751200000066, 0.0006843029999998862, 0.00010343800000001124, 1.0409999999794195e-05, 1.0424999999258944e-05, 9.540999998947086e-06, 0.001114387999999522, 1.0640999999367295e-05, 1.0679999999041456e-05, 0.0021623260000005473, 0.0004136959999989642, 0.0007582189999997269, 8.933999999882758e-05, 0.0012601829999994152, 0.0012980910000006673, 1.1981000000105269e-05, 0.001143149000000676, 1.0931000000269364e-05, 0.0017551640000004198, 1.1452000000744533e-05, 0.011969306999999318, 0.0008940779999999648, 0.0018012150000004112, 0.0018544089999998903, 1.2866000000499866e-05, 0.0008725930000004212, 0.0019961940000001732, 1.1283999999278649e-05, 1.1486000000004992e-05, 1.2949999998568273e-05, 0.0013206149999991368, 0.007113198999999071, 0.007759540000000342, 1.3240999999553082e-05, 1.3037000000437615e-05, 0.00799954299999861, 0.0008127729999998223, 0.0017242880000001293, 0.005350413000000387, 0.00038913700000087204, 1.1454999999216398e-05, 0.010869680999999076, 1.179300000053729e-05, 0.008692414000000426, 0.005479031000000134, 0.0073602049999994534, 0.0020449060000000685, 1.065400000044292e-05, 1.0926999999938403e-05, 1.312300000044786e-05, 0.008842475999999877, 0.008680106999999992, 1.310700000090037e-05, 0.0013101369999990453, 0.0007793339999988547, 0.010119625999999826, 1.2031999998995957e-05], [0.010286578000000546, 0.002236403999999581, 8.090999999765813e-06, 9.663400000015088e-05, 8.053000000174393e-06, 7.949000000451178e-06, 0.0017096020000000323, 0.0016209919999994327, 0.00045726799999989964, 8.673600000008719e-05, 0.0038667120000006605, 8.990399999930787e-05, 8.3910000000742e-05, 0.0010753110000010224, 8.678699999897788e-05, 1.0895000000843424e-05, 0.010601697000000243, 0.000268881999998527, 0.002155045999998606, 0.0011321390000009757, 0.0019838559999989513, 0.0024345669999998876, 8.005999999838309e-06, 7.920999999910805e-06, 0.009963317000000416, 8.02499999963402e-06, 0.012406333000001268, 0.011107889000001592, 0.002868838999999568, 0.012068499999999815, 0.008386251999999317, 0.012013048000000026, 0.002437347999999062, 0.0034471029999991742, 1.0567999998656319e-05, 1.06160000008515e-05, 0.0005306899999997228, 1.1079000000080441e-05, 9.383999999990067e-05, 0.0005346929999987537, 8.065999999473661e-06, 0.011329098999999232, 0.0016965720000001738, 0.007544007999999991, 1.0693000000117081e-05, 9.289400000156434e-05, 0.011689123000000023, 0.0004619320000003313, 0.00018267399999949419, 0.007749506999999767, 0.00036656300000004194, 0.0006337020000000138, 0.008393023, 1.1540000000920259e-05, 1.1520000001041808e-05, 0.0008522249999991516, 1.105599999995377e-05, 1.1047000000985463e-05, 0.01212421500000005, 0.0003305149999999202, 7.559000000156857e-06, 8.032000000213202e-06, 0.002109265999999721, 0.0010919450000006492, 8.084000000962988e-06, 0.012405282999999656, 8.091999999848554e-06, 0.012332407999998907, 0.0021531269999996994, 1.0647999999946478e-05, 8.323399999987657e-05, 8.544099999951982e-05, 0.000263702999999893, 0.0031136119999999323, 8.979400000086457e-05, 1.0989999999821976e-05, 0.0011610590000010745, 1.0779999998433709e-05, 9.047700000053283e-05, 1.1017000000279609e-05, 7.632999999174217e-06, 0.008227044999999933, 8.00699999992105e-06, 0.011571724000001282, 0.00028320100000023274, 0.0022944750000011283, 0.00028477500000079203, 0.002037989999999823, 0.01026798900000081, 1.0963999999447083e-05, 0.011683960000000937, 0.009046453999999926, 1.0952000000230555e-05, 0.0012249129999997166, 8.843500000033089e-05, 1.0649000000029218e-05, 0.012268844999999473, 0.00012158500000047923, 0.0001748619999997203, 1.1625000000847763e-05, 1.1716999999578093e-05, 0.012555621000000627, 1.1995999999570017e-05, 0.0016510619999987597, 0.0006366060000004836, 0.012488402999998982, 0.011448768000001053, 0.0002727290000006377, 0.0007701239999988729, 0.0005050730000011328, 1.3610999999968953e-05, 1.3538000001034334e-05, 0.010254949000000124, 0.00015382600000002356, 0.01140155100000051, 9.377000000121427e-05, 1.337399999989941e-05, 0.010220546999999414, 1.3631999999930144e-05, 1.4102999999821009e-05, 1.134199999874852e-05, 0.001712376000000404, 0.011640375999999009, 1.179100000037181e-05, 0.008482823999999667, 0.0016088139999990148, 1.2737999998790883e-05, 0.011496576999999064, 1.37369999997361e-05, 8.672699999934252e-05, 0.012602178999999936, 8.677399999967861e-05, 0.012356490000000164, 9.190699999983565e-05, 0.0004519090000005832, 0.012646135999998975, 0.0035644129999994334, 1.356299999955013e-05, 0.003525005000000192, 1.4115000000813893e-05, 0.010854772000000068, 0.0001095250000009429, 0.0122858860000008, 1.2352999998910263e-05, 0.01255180800000133, 1.2797000000119851e-05, 0.012085983999998717, 0.00010080899999920234, 8.610000000075502e-05, 0.012646925000000309, 0.0031079670000000448, 0.0018004950000012343, 0.0002741310000011765, 0.011969730999998873, 0.012252935999999437, 0.010162876000000765, 1.4179000000780206e-05, 0.012449566999999107, 1.4557000000081644e-05, 1.4638999999760927e-05, 1.1080000000163182e-05, 0.0005392210000003672, 1.2434000000283163e-05, 0.0112045339999991, 0.012617956999999791, 0.012679398999999592, 0.00150681099999872, 0.011893304000000882, 0.011335837000000737, 0.010283409999999549, 1.3567999999963831e-05, 0.012381647999999856, 8.955200000038133e-05, 0.0029994500000007918, 0.012570852999999715, 0.01250373199999899, 0.012373347000000479, 1.4080999999777077e-05, 1.4267000000955932e-05, 1.4225999999339933e-05, 0.0015042540000003157, 1.1996000001346374e-05, 0.0001150779999985474, 1.2640999999646851e-05, 1.375699999961455e-05, 0.0028643769999998625, 1.3514999999131305e-05, 0.0007088260000003288, 0.01234196599999926, 0.0007167290000005266, 0.0005008330000002559, 0.0010553489999995946, 0.004439811000001015, 1.375799999969729e-05, 0.00027904599999928337, 0.010700703999999561, 0.0001016230000008278, 1.4128000000113161e-05, 1.4250000001325702e-05, 0.012350817999999819], [0.0024701399999997875, 0.015097145000000367, 8.43299999964131e-06, 0.00014508000000112986, 9.705000000082009e-06, 0.013756997999999854, 0.0006067739999995325, 1.0518999999931111e-05, 0.0002885769999991794, 0.016130074000001215, 0.017144429000000017, 0.010905452000001148, 1.2671000000352706e-05, 0.015543800999999746, 0.01235801800000047, 1.2515999999962446e-05, 0.003996961000000354, 0.004138778999999815, 1.2735000000319019e-05, 0.00045743299999934095, 1.2938000001128103e-05, 0.014519505000000876, 1.2095000000655887e-05, 1.2156000000373979e-05, 0.015928120999999962, 0.0040365940000004485, 0.013725429000000844, 1.1820000000994924e-05, 0.01733824699999964, 1.156300000104693e-05, 0.017040484999998995, 7.864999998830058e-06, 0.00011655499999996266, 0.0017271779999994408, 0.003507879000000713, 1.0243000000187408e-05, 0.0002785989999996019, 0.005317172999999897, 1.0972000000109006e-05, 0.01563089299999909, 0.00018787299999978302, 8.820299999889869e-05, 1.0623999999737066e-05, 1.1127999998805649e-05, 0.003446789999999922, 0.004520945999999526, 0.00020550099999994131, 1.2319000001426161e-05, 0.00018239399999941952, 1.2569000000794972e-05, 0.0004987629999995136, 0.006049297000000564, 0.00591791999999991, 0.00028079400000002863, 0.013205317999998911, 0.00018062799999896129, 0.007975346000000272, 0.00010280299999898546, 0.009011792000000796, 0.017141406999998665, 0.012397715000000531, 8.778499999984035e-05, 0.0002807680000014301, 0.0033916850000004217, 8.161999998534952e-06, 8.196999999654508e-06, 0.002174303999998628, 7.883000000319385e-06, 0.0006390610000011065, 8.303999999625944e-06, 0.013147120000001067, 0.0023592550000000045, 0.014592307000000915, 0.00017728799999972011, 0.004502194999998821, 0.016799423000000147, 0.0001809340000011872, 0.016945744999999235, 0.0002671830000000597, 0.0034287049999992547, 1.0520000000013852e-05, 1.1982999998494392e-05, 0.0013305540000008165, 0.00018752899999974204, 0.00022980299999986187, 8.62270000006049e-05, 0.00037337399999870513, 0.006211343000000369, 0.0019529940000015955, 1.2597000001335346e-05, 0.011991451000000097, 0.00018642800000101545, 0.013839646000000982, 0.013823249999999732, 9.949800000086384e-05, 0.0001089509999996352, 0.0005641619999998682, 8.6558999999653e-05, 0.001525497999999459, 0.0020524500000007606, 0.00027575500000054376, 1.0888000000264242e-05, 0.003799860999999183, 1.0913000000556394e-05, 1.082900000071163e-05, 0.0008543669999987458, 0.0049475539999992435, 0.016362831000000355, 1.2232000001333176e-05, 0.00046284799999973814, 0.002981533999999897, 0.0010638540000016405, 0.003744171999999324, 0.00019002099999987365, 0.016830069999999253, 0.013293403000000481, 1.2442000000945086e-05, 0.003991336000000345, 0.00638282100000076, 1.2779000000406882e-05, 7.6030000002447196e-06, 0.015661073000000414, 8.066999999556401e-06, 8.0619999991427e-06, 0.01387103899999964, 0.0166847489999995, 0.0029685950000004624, 0.00014338000000080342, 0.001944878999999844, 1.0151999999763461e-05, 8.542899999852693e-05, 0.004636219999998303, 0.005822191000000032, 0.0009111229999998471, 0.0028754099999996896, 0.017150663000000677, 0.002444715999999403, 1.0659999999163006e-05, 0.00017479800000153034, 1.2413000000321972e-05, 0.011655587999999995, 0.00018566299999989155, 0.0008885710000008373, 0.0045316020000001345, 9.652000000137662e-05, 1.2578000001539635e-05, 0.01736074399999943, 0.016984541999999436, 0.01504377600000062, 0.007896345000000693, 0.013393781000001326, 1.2278999999892903e-05, 0.014562202999998775, 0.015230046000000996, 1.2560999998356692e-05, 0.014117153000000826, 1.254500000058556e-05, 0.011812441000000007, 0.00046817900000029056, 0.00038568999999988307, 0.004073180000000676, 0.016971010000000675, 0.0002490460000004191, 0.00028378799999906335, 0.00018934000000037088, 0.00017863799999950913, 0.0003679220000005756, 0.015542797000000164, 0.0002031860000002439, 0.0018428390000000405, 0.0030299139999989677, 1.439800000113678e-05, 0.00012004199999893217, 0.017630899000000255, 1.5635999998764305e-05, 0.0035926070000016352, 0.01702453899999945, 9.164999999988765e-05, 0.016353784999999732, 0.0002506230000012266, 0.015987273000000357, 0.0030401199999996464, 1.1706000000444305e-05, 1.2555000001412964e-05, 0.01775774599999913, 1.2663999999773523e-05, 0.005083153000001062, 1.3661000000553258e-05, 0.0002136809999999656, 1.3616000000382655e-05, 0.0005287159999998181, 0.017558452000001168, 0.01767985200000055, 0.00019225099999964357, 0.003987413999999134, 0.0030583859999993024, 0.004039818999999056, 0.015737214999999694, 1.5984999999218985e-05, 0.00018761900000008325, 0.00018923300000039944, 0.00045661399999907815, 0.00011140700000034087, 0.0004647979999994334, 1.5099000000518004e-05, 1.5165000000649798e-05, 1.5077000000474072e-05, 1.4996999999183913e-05, 1.4808999999615935e-05, 0.014933403000000567, 1.1044000000737242e-05, 0.002045186000000143, 0.006604161000000275, 1.2000999999983719e-05, 9.262799999909532e-05, 1.3571000000212052e-05, 0.0005063800000009167, 0.012788433000000765, 0.0057824580000005454, 0.01623579700000022, 0.01015479500000005, 8.965399999993906e-05, 0.012842841999999521, 0.005556307000000871, 1.4580000000208315e-05, 0.0030384370000007266, 0.0016152419999997392, 0.015428044000000085, 9.103100000018571e-05, 0.01580249100000053, 0.017178883999999783, 0.014893932999999748, 0.014877565000000814, 0.017484778000000034, 0.01763738100000012, 0.0022541059999987567, 0.016840142999999586, 0.01214334199999989, 0.00011758600000000285, 1.5236000001195293e-05, 1.2519000000210667e-05, 0.0001948709999997078, 0.0020116440000013114, 8.793599999989965e-05, 0.01459743600000074, 0.017468035999998577, 8.875500000016245e-05, 8.583600000022784e-05, 1.3787000000320404e-05, 0.0028263049999992518, 0.0004589399999996857, 0.0008041159999994107, 0.006921848999999369, 0.015479111999999517, 1.5498999999863372e-05, 0.01701888899999915, 1.5506999998748938e-05, 0.015073701000000383, 0.017256445999999315, 1.534500000133221e-05, 1.4917999999752851e-05, 1.4918999999835592e-05, 0.01543846900000112, 0.0046682100000001725, 0.0032105780000009077, 1.4024000000389947e-05, 0.00010447999999918522, 0.017206507000000926, 0.017104924999999938, 0.017461814999998992, 1.1687999998954979e-05, 1.2134000000330047e-05, 1.219800000029636e-05, 0.016975523999999353, 0.01726043699999913, 0.000831374000000551, 0.0066426369999987855, 0.000289361000000099, 0.01563469999999967, 0.002509857000001503, 0.0003660080000003063, 0.004417949000000476, 8.593999999995106e-05, 0.00046384000000010417, 0.0023609989999986425, 0.00019542700000130253, 0.014854078999999132, 1.491299999933915e-05, 1.524600000024634e-05, 1.5556999999333243e-05, 0.01649367399999946, 0.0002808569999999122, 0.0008203719999997361, 0.0005757319999997179, 1.5415000000018608e-05, 0.017041575000000364, 1.5378000000509928e-05, 1.4931000000828476e-05, 0.015524285999999776, 0.005907712000000842], [8.0269999997995e-06, 0.003574182000001258, 8.685000000951959e-06, 0.023762673000000234, 1.0179000000221095e-05, 9.72289999996434e-05, 0.024012039000000485, 0.006286956000000288, 8.463700000049812e-05, 9.103499999874032e-05, 0.021594202999999368, 0.017940551000000582, 0.022279594000000458, 0.01908199399999866, 0.0006816199999999384, 0.0003874829999990226, 0.0002903439999997204, 0.020886713000001222, 0.0006989420000014235, 0.006078331000001214, 0.0038852889999994034, 0.023118361999999948, 0.00010100900000153956, 1.3168999998924846e-05, 0.0024380190000012902, 0.0003839640000009581, 0.024823008000000257, 0.002124307000000769, 1.35110000005767e-05, 0.018968305999999657, 1.38580000008659e-05, 0.008168935000000488, 1.3886999999712657e-05, 0.0025619299999988243, 1.4441999999448285e-05, 1.4324000000343062e-05, 1.398699999910491e-05, 1.4047000000516618e-05, 1.4020000000058985e-05, 0.00016205599999885578, 0.01980690999999979, 7.691000000420445e-06, 0.020677274000000523, 7.88999999912221e-06, 0.0005255279999989426, 0.022006506000000314, 8.662999999131671e-06, 8.911000000111358e-06, 8.79610000001918e-05, 9.33799999991436e-06, 0.020196694000000903, 0.002080563999999896, 0.006514362999999079, 0.023515775999999988, 1.0256999999569416e-05, 0.02172083700000016, 0.00019275400000040577, 0.003907476999998494, 1.0471999999595027e-05, 0.0001912019999998904, 0.016599934999998567, 0.002536380999998755, 0.02530346799999883, 0.0019692029999998084, 0.00017471900000032292, 0.025878353999999604, 0.00013474799999890763, 0.024438334999999256, 1.305200000167872e-05, 0.0038266819999996926, 0.00019189899999894067, 0.025126576999999983, 0.006918301000000682, 0.0002957399999985455, 0.0002957180000002779, 0.02155704400000147, 0.0010456699999998875, 0.024383329999999148, 1.3069999999615334e-05, 0.022941458000000026, 7.69499999897505e-06, 0.0028318079999998247, 7.923000000076286e-06, 0.019589620999999724, 0.025101432000001367, 8.634900000004109e-05, 8.252000000652515e-06, 0.019914002000000153, 8.254000000817996e-06, 8.336000000497279e-06, 8.332000000166317e-06, 8.225000000194882e-06, 8.214999999367478e-06, 0.022739147000001125, 8.423000000590264e-06, 8.809000000553624e-06, 0.00028306199999938997, 0.02249065799999883, 0.00018859599999920817, 8.710600000050306e-05, 0.025826362000000103, 8.685799999952337e-05, 0.005224121999999554, 0.021859530000000404, 0.021757460999999978, 0.0003857749999998106, 0.023948691999999383, 0.020717768000000802, 0.024916716999999977, 0.00018655000000045163, 0.024982784000000535, 0.0006629339999992823, 0.006246352999999871, 0.023943351999999862, 0.002975333000000191, 0.019014152999998757, 0.0001891730000007641, 1.2910999998894113e-05, 0.00038116700000045967, 1.294800000017915e-05, 0.008962149000000252, 0.0001316689999999454, 0.02402165799999878, 0.004592918000000168, 1.028500000010979e-05, 9.015200000028756e-05, 0.018680350000000345, 1.0196999999934064e-05, 0.025365273000000244, 0.0010886220000010383, 0.0001836719999985803, 0.00019154099999951768, 0.00018256199999910905, 0.0033938569999989454, 1.2465999999378141e-05, 0.02541618799999945, 0.00019021700000010355, 1.3062000000729768e-05, 1.3020000000807386e-05, 1.3137000001606225e-05, 0.005929427999999959, 0.023669417999999, 0.0003859219999995389, 1.3230000000419295e-05, 1.3136999999829868e-05, 1.352600000004145e-05, 0.016703468999999416, 0.022793909000000667, 0.00016332000000041091, 0.009444515000000209, 1.3774000001021136e-05, 0.0034509069999995035, 0.017471113000000926, 0.01772858900000074, 0.00016473299999830715, 0.004149208000001181, 1.3799000001313289e-05, 1.3980000000302084e-05, 0.00011706199999927946, 0.0044348930000008835, 0.002778534000000832, 0.01854497300000091, 8.122999998860791e-06, 8.186999998827105e-06, 0.0057516740000007616, 8.156999999897607e-06, 0.004255415999999457, 0.0001824219999999599, 0.016551680000000957, 0.020950992999999585, 9.37699999958852e-06, 0.024466828999999635, 1.014899999951524e-05, 0.004270888000000639, 0.022613663999999645, 0.006504984999999408, 0.021063962999999575, 0.0023298239999984816, 0.0001837230000010237, 0.0006522110000002357, 0.006970752000000857, 0.02415705099999954, 0.02433584399999944, 0.019411687999999927, 1.238800000002982e-05, 8.946300000012286e-05, 0.0002859490000002296, 0.019653381999999553, 0.017488628999998923, 1.2970000000223081e-05, 1.3068999999532593e-05, 1.3098000000155707e-05, 0.0218944969999999, 0.02477059799999992, 0.0001826180000001898, 1.2873999999385433e-05, 1.2626999998488486e-05, 8.811499999872296e-05, 0.02424912200000051, 0.00028138899999952116, 0.025062541000000493, 1.2338000001221872e-05, 0.002210284000000229, 0.004224959000000084, 0.02384796900000019, 8.710000000000662e-05, 1.3567999999963831e-05, 1.34360000014766e-05, 1.3415999999821793e-05, 1.336999999956845e-05, 9.193600000045876e-05, 0.00010649100000037492, 0.02523543000000039, 0.0022792220000003027, 1.4275999999924238e-05, 0.005629321999998993, 9.305000000026098e-05, 0.022207809000001077, 0.0034645649999998085, 0.025748718000000892, 1.4867999999168546e-05, 1.5095000000187042e-05, 0.00029207300000066994, 0.0003258840000004426, 0.022221523000000687, 0.00038778699999930666, 0.000858121000000267, 0.0003038499999998834, 0.018957137000001012, 0.021413472999999072, 0.00037214200000157405, 0.00037734700000058297, 0.0006668410000010283, 0.00036562000000017747, 0.0004609200000000868, 0.02597857800000014, 1.6639000000040483e-05, 0.00564548899999906, 0.002106008000000159, 1.7037000000996727e-05, 1.181000000016752e-05, 0.01953877899999945, 1.2097000000821367e-05, 1.2381999999533377e-05, 1.2690000000148416e-05, 0.021481198000000035, 0.0024606019999993123, 0.00019478799999994578, 0.0020815899999995224, 8.82990000015127e-05, 0.025818979000000297, 0.025713488999999257, 0.005664300999999483, 0.001019046999999773, 0.00019093700000105684, 0.0003863370000001254, 1.5336000000587546e-05, 9.636000000057265e-05, 0.007349622999999639, 1.6063999998650047e-05, 0.00029877200000072435, 1.613200000072368e-05, 0.025527662999998313, 1.5980999998888024e-05, 0.02149751600000016, 1.590300000131606e-05, 0.0006016420000012346, 0.02392769499999936, 0.0003766380000005398, 1.6298000000247725e-05, 0.0038716460000003394, 0.00019359999999934985, 0.000185582000000295, 0.004820807999999843, 0.0002813630000009226, 0.022771524000001264, 0.001101119000001205, 0.00012530600000104641, 0.007827198999999396, 1.69840000001642e-05, 0.00402545999999937, 0.025084494999999762, 0.023586389000000096, 1.2646000000060553e-05, 1.2999999999152578e-05, 0.0002882490000004623, 0.00020910699999987514, 0.024128913000000196, 0.02528261100000151, 1.3985000000715786e-05, 0.023500746999999933, 0.005886228000001381, 0.023815252000000342, 1.5690999999762312e-05, 0.02237496800000116, 0.019691318999999652, 0.0002940089999992068, 0.022049632999999957, 0.02498471899999899, 0.025045735999999152, 0.000754460999999651, 0.02061100599999932, 1.6472000000433695e-05, 1.6204999999658298e-05, 0.0010934930000008336, 0.0003908289999987602, 1.609299999927316e-05, 0.009181115000000517, 0.00010268299999971475, 0.023416003999999546, 0.000492455999999919, 0.00018210700000054203, 0.0003908460000001668, 0.00037841299999996636, 1.6408000000467382e-05, 1.7054000000626957e-05, 0.00013330200000005732, 0.00483498200000021, 0.020879118999999946, 0.00011068399999913936, 1.1933000001462801e-05, 0.02153115800000016, 0.019489599999999996, 0.00020493800000132012, 0.023422479999998913, 0.023440678000000048, 8.977500000106886e-05, 1.3467000000488838e-05, 0.000215017999998679, 1.4152000000322573e-05, 9.688499999960243e-05, 0.0021109759999990985, 1.5293000000582424e-05, 0.023205003999999363, 0.007189256000000199, 0.025245766999999475, 0.02501423200000019, 0.003353991999999195, 0.0003875969999995732, 0.02197240199999939, 0.00029029099999888786, 1.5919000000863548e-05, 0.025200423000001138, 0.0005057850000014241, 0.0005885620000007918, 0.0003832590000012459, 0.0008351389999994296, 0.00010596799999973427, 1.6970999999088576e-05, 0.005121293000000193, 0.025371884000000122, 0.01937293100000126, 0.00010706000000126892, 0.003566460000000049, 0.025224998000000554, 0.007273088999999899, 0.0022598659999992776, 0.0011423780000008321, 1.7856999999565915e-05, 1.7752000001536317e-05, 1.2484000000867468e-05, 0.01794095600000034, 0.02506220199999909, 0.0003970679999998339, 1.3597000000586945e-05, 0.025513894000001258, 1.3860999999337764e-05, 1.3848000000038496e-05, 0.00018452800000012815, 0.00018758299999888095, 9.023999999868693e-05, 0.0209900619999992, 0.00019719999999878723, 0.025169225999999156, 0.0012705489999991215, 0.025441160999999823, 0.00018756999999958168, 0.0228204139999999, 0.0004686629999994807, 0.0023047089999987946, 0.025201188000000485, 0.025322173999999364, 0.00299145600000017, 0.0006979079999993587, 1.646099999952355e-05, 1.6589999999538918e-05, 1.6505999999694154e-05, 1.6696999999510354e-05, 0.02573349100000044, 1.6898000000153957e-05, 0.02088959800000012, 1.6756999999145705e-05, 0.00010607499999970571, 1.694700000065552e-05, 0.00012947499999960144, 0.0018734279999996772, 1.7457000000220546e-05, 0.023711843000000954, 0.02580378900000113, 0.025500257000000914]]
** SSIRD FCT sorted: [[(293, 1.086400000005483e-05), (423, 1.0674000000321371e-05), (14372, 5.2782999999223534e-05), (193520, 0.000670793999999475), (286178, 0.0009877290000002148), (1540319, 0.005287689999999401), (1559266, 0.005352669000000532), (1911683, 0.0065656409999999), (2416494, 0.008292686999999077), (2714115, 0.009315749999998957)], [(57, 7.700999999471492e-06), (92, 5.4760000001152775e-06), (92, 9.315999999870428e-06), (235, 7.113000000558145e-06), (279, 7.526000000979138e-06), (279, 6.285000001327035e-06), (366, 7.240000000408031e-06), (423, 1.005500000061943e-05), (455, 7.322999998393698e-06), (490, 8.796000001254356e-06), (523, 1.1926999999190002e-05), (558, 1.1276000000393083e-05), (613, 1.109599999971067e-05), (652, 7.726999999846385e-06), (652, 1.1146000000294976e-05), (927, 7.461999999236468e-06), (1042, 5.782999998871219e-06), (1222, 1.0940999999320411e-05), (1303, 7.257000000038261e-06), (1414, 6.803999999860366e-06), (1419, 8.259999999538081e-06), (1538, 1.7420000000711866e-05), (1538, 1.2225999999060377e-05), (2000, 1.1738999999622024e-05), (6000, 2.4601000001567286e-05), (42493, 0.0001487660000005775), (58394, 0.0002046629999998828), (70148, 0.0002443789999997392), (133012, 0.0004596410000008433), (156563, 0.0005404089999991868), (178372, 0.0006132619999998923), (193520, 0.000672060999999502), (215151, 0.0007457399999992731), (223189, 0.000771767999999895), (257407, 0.0008864710000011655), (1614227, 0.005542617999999777), (1722992, 0.005908872000000898), (1765642, 0.006062591999999256), (1798321, 0.0061757959999990675), (1820442, 0.006247711000000322), (1842836, 0.006325963000000101), (1959004, 0.006722719999999072), (2023926, 0.006947637999999756), (2282480, 0.007846887999999552), (2416494, 0.008292699999998376), (2553169, 0.008762623999999164), (2659370, 0.009122192000001306), (2897375, 0.009945648000000418), (3055423, 0.010485752000001014), (3105433, 0.010655823000000453)], [(57, 7.638000001364276e-06), (279, 6.511999998792817e-06), (279, 1.0105999999510118e-05), (293, 5.761000000603644e-06), (293, 5.017000001217298e-06), (308, 3.605999999933829e-06), (324, 7.024000000299679e-06), (324, 7.139000000933038e-06), (324, 6.954999999919664e-06), (324, 4.769000000237611e-06), (340, 4.8969999983938806e-06), (340, 1.023100000097088e-05), (366, 4.059000000111723e-06), (366, 2.9809999997354453e-06), (394, 7.790999999812698e-06), (394, 1.4173999998590148e-05), (423, 6.7149999996019005e-06), (423, 8.051000000008912e-06), (423, 7.368000000340658e-06), (455, 5.583000000086713e-06), (455, 5.8269999989590815e-06), (490, 5.407999999818003e-06), (506, 1.4477999998874225e-05), (523, 1.1293000000023312e-05), (540, 1.161900000035132e-05), (589, 7.214000000033138e-06), (652, 5.376000000723025e-06), (679, 7.139999999239421e-06), (679, 1.0736000000122203e-05), (693, 1.057099999890454e-05), (707, 7.85399999969627e-06), (927, 1.0904999999894471e-05), (954, 3.1509999995904536e-06), (983, 1.1339000000276656e-05), (983, 9.636999999784734e-06), (983, 9.114999999226825e-06), (1082, 1.1779999999461666e-05), (1096, 1.070999999974731e-05), (1096, 1.3588999999925022e-05), (1110, 1.5099999998824387e-05), (1262, 1.0246000000435629e-05), (1435, 1.1092000001156066e-05), (1873, 1.125000000001819e-05), (3088, 2.032000000085077e-05), (8000, 3.0532999998555965e-05), (12161, 5.651299999875903e-05), (14909, 5.778999999961343e-05), (27141, 0.00017973900000001208), (54485, 0.00019404799999911404), (58394, 0.0006631800000000965), (83584, 0.0009389859999995309), (113930, 0.0003975170000014572), (113930, 0.0006395300000008319), (147279, 0.0010591899999994325), (147279, 0.001084331999999577), (156563, 0.0012100430000003826), (169860, 0.0012588559999997528), (178372, 0.0013176989999994504), (207403, 0.0013993170000006216), (233422, 0.0008074520000000973), (241157, 0.0011752739999995043), (254279, 0.001457348999998942), (257407, 0.0009035050000001377), (263778, 0.0009112309999999013), (273632, 0.0009458420000001411), (286178, 0.001544109000001015), (286178, 0.0009888640000017546), (363967, 0.0012536670000002914), (377564, 0.0012972250000000685), (391670, 0.0013454429999999462), (416360, 0.0015031279999995206), (442606, 0.0015214529999987292), (470507, 0.001622722000000465), (500167, 0.0017207930000004978), (500167, 0.0017207460000001618), (531696, 0.0018310519999999997), (531696, 0.0018265650000000022), (565213, 0.0019392440000007838), (698631, 0.002403289000000086), (1540319, 0.005283712000000662), (1540319, 0.005285258000000681), (1597864, 0.005499304000000649), (1630758, 0.005597717000000557), (1630758, 0.005610073999999798), (1744186, 0.005987399000000337), (2057190, 0.0070608419999995675), (2125366, 0.007290624999999551), (2236441, 0.0076728240000001335), (2236441, 0.007675813000000531), (2259343, 0.007752752000000029), (2305854, 0.007915782999999621), (2372582, 0.008137955000000474), (2416494, 0.00829267099999953), (2416494, 0.008292652999999817), (2506773, 0.00860568200000067), (2506773, 0.008598884999999612), (2553169, 0.0087604859999999), (2933211, 0.010065804999999983), (3156261, 0.0108308579999985), (3480110, 0.011940863999999607)], [(57, 6.401000000266777e-06), (57, 4.173999998968725e-06), (60, 7.744999999559354e-06), (60, 3.826000000373142e-06), (68, 3.762000000406829e-06), (107, 8.949999999785518e-06), (124, 7.633000000950574e-06), (124, 3.870000000461005e-06), (144, 2.5770000000591153e-06), (144, 1.053199999923038e-05), (208, 5.743999999197058e-06), (279, 2.6910000006097334e-06), (293, 3.2329999992697367e-06), (293, 6.026000001213561e-06), (293, 3.893000000587676e-06), (293, 1.0336000000776835e-05), (308, 3.656999998824517e-06), (308, 6.880000000819564e-06), (308, 2.9739999991562627e-06), (308, 9.034999999713023e-06), (308, 3.7959999996672877e-06), (324, 3.099000000617025e-06), (324, 3.0099999985822024e-06), (324, 3.015000000772261e-06), (324, 7.966000000081408e-06), (324, 6.3610000005098755e-06), (324, 5.248999999096782e-06), (324, 3.4490000011544453e-06), (324, 6.46600000031583e-06), (324, 5.725999999484088e-06), (324, 8.173999999527837e-06), (340, 4.262000000920807e-06), (340, 2.9110000010490467e-06), (340, 5.50000000032469e-06), (366, 2.7210000013155877e-06), (366, 8.284999999830234e-06), (366, 7.0189999998859776e-06), (394, 4.952999999474628e-06), (394, 8.556000000936592e-06), (394, 4.915999999965948e-06), (394, 4.480999999501023e-06), (394, 7.470999999981132e-06), (423, 6.09900000014818e-06), (423, 1.1090999999296969e-05), (423, 7.765999999520545e-06), (423, 4.507999999958656e-06), (423, 4.320000000390678e-06), (423, 1.2101999999458712e-05), (423, 4.961000000136551e-06), (455, 5.459000000485048e-06), (455, 4.914999999883207e-06), (455, 5.029000000433825e-06), (455, 4.2130000004192425e-06), (455, 5.639999999473844e-06), (490, 8.672999999959075e-06), (490, 7.322999998393698e-06), (490, 3.2699999987784167e-06), (490, 8.097999998568639e-06), (490, 4.395999999573519e-06), (506, 5.2040000007025355e-06), (558, 9.929000000852284e-06), (577, 7.705999999885194e-06), (577, 1.1573000000097977e-05), (589, 6.103000000479142e-06), (613, 9.893999999732728e-06), (652, 6.1340000012677365e-06), (652, 1.3883000001158052e-05), (665, 2.7619999993788724e-06), (665, 8.036000000544163e-06), (665, 1.2010999999034766e-05), (665, 7.23800000024255e-06), (693, 7.8359999999833e-06), (693, 7.3699999987297815e-06), (707, 6.4720000008122724e-06), (707, 1.300399999948354e-05), (742, 5.442000000854819e-06), (858, 1.1527999999927374e-05), (858, 6.452000000933822e-06), (900, 7.197000000402909e-06), (954, 6.111999999447448e-06), (983, 6.855999998833795e-06), (1082, 1.179100000037181e-05), (1222, 9.217000000560915e-06), (1303, 6.922000000741946e-06), (1391, 1.4662999999970339e-05), (1440, 7.682000001452138e-06), (1642, 1.822300000142718e-05), (1754, 1.0140000000546934e-05), (1754, 1.2813000001443697e-05), (2000, 2.2524000000245792e-05), (2169, 1.404399999849204e-05), (2353, 1.802800000128002e-05), (2551, 2.2123999999124067e-05), (2881, 1.0422999999093463e-05), (3000, 2.1244000000919527e-05), (3088, 3.0465000000035047e-05), (8000, 7.770500000070513e-05), (10000, 4.127600000103371e-05), (16643, 0.00011972899999967979), (17195, 0.000115007999999861), (17765, 0.0001314850000007084), (19352, 7.166800000035778e-05), (22228, 0.00014953099999992503), (28270, 0.0002047619999991923), (64394, 0.0010202740000000432), (68175, 0.00108081800000015), (89946, 0.0012446009999997898), (89946, 0.0011358680000004284), (96007, 0.0012586250000001797), (102060, 0.0013143540000015719), (117227, 0.0013894879999991616), (120619, 0.0015512019999999183), (120619, 0.0014157580000002667), (138546, 0.0015138759999988594), (144309, 0.0015589959999999792), (144309, 0.0020862259999994137), (150311, 0.0017004350000000557), (153405, 0.0017278740000001847), (161752, 0.0018089599999999706), (167113, 0.001868939999999597), (184283, 0.0019270339999994945), (202393, 0.0019836660000009942), (207403, 0.0020568910000005047), (223189, 0.0021105309999995825), (229647, 0.0022126049999986463), (237258, 0.002218651999999821), (251189, 0.00233886600000055), (251189, 0.0023529689999985948), (257407, 0.0030581209999986925), (263778, 0.0024904740000000203), (273632, 0.0025569680000003814), (286178, 0.0026298869999994423), (305460, 0.0027215110000007314), (305460, 0.0028111360000000474), (315583, 0.002891035999999403), (377564, 0.0013016480000000996), (391670, 0.0013467919999996525), (391670, 0.0013472050000000735), (416360, 0.0014314829999992895), (442606, 0.0015258940000002497), (500167, 0.001729732999999456), (542642, 0.0018686360000010893), (565213, 0.0019400889999996451), (588724, 0.002022837000000166), (1431371, 0.004910811000000237), (1521601, 0.005224356999999458), (1521601, 0.00522120699999995), (1597864, 0.006591815000000167), (1664328, 0.0070294250000007), (1702055, 0.0074765680000012935), (1722992, 0.0059110869999994264), (1744186, 0.007891857999998919), (1765642, 0.008264911000001263), (1787361, 0.008846609999999089), (1809348, 0.008612733999999733), (1820442, 0.009032649999999975), (1831605, 0.006287133999999028), (1911683, 0.006563756000000254), (1959004, 0.009488861999999543), (1959004, 0.009303284999999661), (2057190, 0.009737654000000262), (2125366, 0.00729508600000095), (2142760, 0.009922399999998888), (2142760, 0.010136340000000743), (2160296, 0.010507094999999467), (2236441, 0.007678940999999995), (2259343, 0.010701583999999542), (2259343, 0.01032339499999857), (2282480, 0.007832350999999349), (2305854, 0.010898313000000215), (2329467, 0.007995206000000366), (2372582, 0.011516654000001125), (2372582, 0.011119660999998615), (2372582, 0.008140884000001236), (2416494, 0.01128174000000115), (2461220, 0.008449866000001194), (2461220, 0.008446210000000676), (2461220, 0.008444615000000155), (2461220, 0.00845993899999975), (2461220, 0.008457883999998472), (2506773, 0.008600362999999334), (2506773, 0.008600264000000024), (2506773, 0.00860004199999942), (2605728, 0.008941154999998702), (2659370, 0.00914315099999996), (2714115, 0.009315853000000374), (2714115, 0.00931081299999903), (2714115, 0.011742751999999967), (2714115, 0.011994632000000394), (2714115, 0.009313179999999477), (2769988, 0.012179701000000875), (2769988, 0.00950221099999915), (2827011, 0.009695475999999204), (2827011, 0.009702755999999368), (2827011, 0.00970272300000019), (2861977, 0.00992476300000078), (2861977, 0.009817519000000274), (2897375, 0.012425336999999814), (2933211, 0.010064317999999517), (2969491, 0.010189358999999953)], [(60, 7.156999998869651e-06), (60, 2.7879999997537652e-06), (60, 4.331000001300822e-06), (64, 3.810000000825653e-06), (92, 3.142000000622147e-06), (92, 6.823000001432433e-06), (92, 4.259000000672586e-06), (92, 8.174999999610577e-06), (144, 5.954999998891708e-06), (208, 5.3280000003042005e-06), (266, 9.648000000694879e-06), (279, 6.724999998652947e-06), (279, 5.7300000015914065e-06), (279, 7.335000001162939e-06), (279, 3.7999999999982492e-06), (279, 4.236999998852298e-06), (279, 3.03100000031975e-06), (279, 4.39899999982174e-06), (279, 1.0032000000492758e-05), (279, 1.0745000000866867e-05), (279, 6.035000000181867e-06), (293, 3.7339999998664553e-06), (293, 1.114899999876684e-05), (293, 8.598000000858974e-06), (293, 1.0784000000541027e-05), (308, 3.961999999191335e-06), (308, 9.195000000516984e-06), (308, 7.5790000000353075e-06), (308, 5.144999999373567e-06), (308, 7.249999999459078e-06), (308, 6.164000000197234e-06), (308, 4.153999999090274e-06), (308, 1.0518999999931111e-05), (308, 7.036999999598947e-06), (308, 6.551000000243334e-06), (308, 1.1917000000138955e-05), (308, 1.1898999998649629e-05), (308, 1.0192999999603103e-05), (308, 5.146999999539048e-06), (308, 6.424000000393448e-06), (324, 6.985000000625519e-06), (324, 6.5879999997520144e-06), (324, 5.824999998793601e-06), (324, 8.452000001213378e-06), (324, 1.0542000000057783e-05), (340, 4.330999999524465e-06), (340, 9.755999998972698e-06), (340, 2.679000001393206e-06), (340, 3.8120000009911337e-06), (340, 4.635000001584899e-06), (340, 1.1971000001054222e-05), (340, 5.11500000044407e-06), (340, 1.0108000001451956e-05), (340, 8.627999999788472e-06), (366, 6.596000000413937e-06), (366, 4.6650000005143966e-06), (366, 2.706000000074482e-06), (366, 3.827000000455882e-06), (366, 7.460999999153728e-06), (366, 5.974000000463775e-06), (366, 1.3169999999007587e-05), (394, 7.283999998719537e-06), (394, 5.889000000536271e-06), (394, 7.886000000567606e-06), (394, 3.95700000055399e-06), (394, 4.911999999634986e-06), (394, 1.3295999998774732e-05), (394, 5.9409999995097e-06), (423, 8.70500000083041e-06), (423, 5.256999999758705e-06), (423, 7.222000000695061e-06), (423, 7.322000000087314e-06), (423, 5.971000000215554e-06), (455, 4.9450000005890615e-06), (455, 8.352000000044768e-06), (455, 7.259999998510125e-06), (455, 6.2000000013995304e-06), (455, 6.674999999844999e-06), (455, 5.927000000127691e-06), (455, 1.445400000044117e-05), (490, 3.2929999989050884e-06), (490, 8.404000000794554e-06), (490, 7.81500000002211e-06), (540, 4.71100000076774e-06), (540, 7.837000000066041e-06), (558, 5.008999998779018e-06), (558, 3.598999999354646e-06), (639, 2.7019999997435207e-06), (639, 3.975999998573343e-06), (652, 1.001199999883795e-05), (652, 6.7519999991105806e-06), (679, 8.119000000306187e-06), (679, 9.556000000188192e-06), (693, 1.1944999998902972e-05), (693, 4.3289999993589845e-06), (693, 9.23899999882849e-06), (693, 1.2843000000373195e-05), (707, 2.6489999989109947e-06), (707, 3.859999999633601e-06), (707, 3.0269999999887887e-06), (707, 8.032000000213202e-06), (707, 6.4090000009287e-06), (742, 6.88699999962239e-06), (779, 6.315000000256532e-06), (900, 4.924000000627871e-06), (900, 6.661000000462991e-06), (927, 8.281999999582013e-06), (954, 1.2136000000495528e-05), (1069, 3.5310000008337283e-06), (1069, 1.0695000000282562e-05), (1069, 1.2515999999962446e-05), (1096, 4.470000000367236e-06), (1324, 6.237999999214594e-06), (1369, 1.6494000000477627e-05), (1414, 3.3109999986180583e-06), (1419, 1.1686000000565855e-05), (1424, 8.353000000127508e-06), (1430, 7.142000001181259e-06), (1435, 6.259999999258525e-06), (1435, 7.860999998499096e-06), (1538, 1.5658000000584593e-05), (1642, 2.8893999999723974e-05), (1642, 1.7164999999152997e-05), (2000, 2.536100000050112e-05), (2083, 2.0391999999702648e-05), (2169, 3.0793000000528536e-05), (2767, 1.7474999999933516e-05), (2881, 1.2141999999215614e-05), (3000, 2.631999999991308e-05), (3000, 3.773699999953806e-05), (3271, 4.1867000000195276e-05), (3271, 3.8449999999912166e-05), (3367, 4.6342000000976213e-05), (3777, 3.87079999999429e-05), (3887, 4.96299999994676e-05), (4000, 1.5964999999340534e-05), (4000, 1.9914000001008958e-05), (4183, 3.7101000000205886e-05), (4573, 6.391600000021924e-05), (4782, 5.700700000055292e-05), (5000, 5.3362999999251315e-05), (8365, 7.46110000005018e-05), (11393, 4.338399999959108e-05), (17195, 0.0001349059999995461), (19352, 0.00013650900000072852), (22228, 0.0001681710000003278), (23822, 0.00019871400000148753), (27141, 0.00019870500000074287), (27700, 0.00023399900000065088), (32737, 0.00034017399999974884), (32737, 0.0003021959999998103), (32737, 0.0002720450000008867), (37603, 0.0004560170000011965), (44260, 0.0006493370000004717), (47435, 0.0007376019999991712), (58394, 0.0008876139999998145), (79595, 0.0010671870000003025), (87774, 0.0012401210000003715), (89946, 0.0011681599999988634), (96007, 0.0012531679999998602), (100001, 0.0013120900000007651), (102060, 0.0013663470000011557), (107175, 0.0013738649999996966), (108936, 0.0014424840000000216), (110726, 0.001474258000000006), (113930, 0.0015193770000010431), (117227, 0.0015295669999986217), (124109, 0.0015763199999998534), (130329, 0.0017082149999989582), (133012, 0.001715176999999457), (135751, 0.001653632000000016), (144309, 0.0017519359999997874), (153405, 0.0018657100000005755), (159136, 0.0018254680000016066), (172651, 0.0019745570000004875), (190390, 0.001081958000000327), (199933, 0.002391407999999373), (199933, 0.001955446000000194), (207403, 0.0019875699999989394), (207403, 0.0020690150000000074), (209956, 0.0022240849999999313), (215151, 0.0021405839999992793), (225934, 0.0021730459999993457), (233422, 0.002259062000000256), (233422, 0.002229454000000075), (237258, 0.0024077399999988813), (237258, 0.002304957999999857), (245121, 0.0023889449999998646), (254279, 0.002533056000000755), (254279, 0.002545248000000555), (286178, 0.002550295000000702), (305460, 0.003057306000000537), (305460, 0.0026779989999994314), (315583, 0.0028637620000004915), (315583, 0.0027303530000004628), (326042, 0.0029535819999999546), (326042, 0.003007913000001139), (350859, 0.001207882999999299), (350859, 0.0012066330000006786), (350859, 0.0029884629999994416), (377564, 0.0012972639999997426), (377564, 0.0012971519999993575), (391670, 0.0030597179999993784), (416360, 0.0014323229999995135), (470507, 0.0016220249999996383), (470507, 0.001617398999998798), (470507, 0.0016221279999992788), (470507, 0.0016263900000001996), (500167, 0.005270943000001083), (531696, 0.0018531989999992504), (553812, 0.001905809000000147), (553812, 0.0035169560000003486), (553812, 0.0032707550000008467), (565213, 0.003366126999999608), (588724, 0.002023384000001016), (588724, 0.002022837000000166), (588724, 0.0035949649999995614), (829057, 0.003717529999999414), (983831, 0.0039182200000009715), (983831, 0.004055583000001306), (983831, 0.0034435550000004866), (1167500, 0.0045084519999996076), (1167500, 0.004784276000000531), (1521601, 0.005221748000000304), (1521601, 0.005858046000000172), (1540319, 0.009524707000000632), (1540319, 0.006394406000000075), (1559266, 0.00659084299999968), (1559266, 0.005355599999999683), (1559266, 0.005351540999999571), (1578447, 0.00684697900000053), (1578447, 0.0070811969999997615), (1614227, 0.007340504000000081), (1630758, 0.007531623000000209), (1681372, 0.007916904000000002), (1681372, 0.008015176000000679), (1722992, 0.005943665000000209), (1744186, 0.008391482000000394), (1744186, 0.008398458000000275), (1744186, 0.00878578800000085), (1765642, 0.009178005000000766), (1765642, 0.010852835999999755), (1787361, 0.006135041000000285), (1798321, 0.009188746999999609), (1809348, 0.009352194999999952), (1820442, 0.00950620799999946), (1820442, 0.009713528999999), (1831605, 0.011726505000000387), (1831605, 0.01034512699999901), (1842836, 0.010186594000000326), (1865505, 0.011565852000000376), (1888453, 0.006490575000000831), (1911683, 0.013707571999999502), (1911683, 0.010535987999999108), (1991201, 0.007967934999999926), (1991201, 0.012529172999999005), (1991201, 0.011025190999999879), (2023926, 0.011960157999999055), (2057190, 0.011370108000001267), (2091000, 0.012525053000000952), (2160296, 0.007410407000000063), (2177976, 0.01171975699999983), (2195801, 0.011941037999999793), (2236441, 0.007737350999999393), (2259343, 0.012319907000000185), (2305854, 0.012318483999999685), (2305854, 0.012516560999999982), (2329467, 0.012944798000001256), (2372582, 0.013313953000000822), (2372582, 0.015941462000000683), (2372582, 0.008141317999999842), (2372582, 0.008147970999999643), (2416494, 0.015491515000000788), (2416494, 0.013963713999999072), (2416494, 0.013533804999999788), (2461220, 0.014355631999999119), (2461220, 0.01476549999999932), (2461220, 0.014359269999999924), (2506773, 0.014569212999999692), (2506773, 0.008989004000000023), (2506773, 0.008621430999999902), (2506773, 0.008602664999999732), (2605728, 0.014753521999999464), (2605728, 0.015191487999999254), (2605728, 0.015031640000000124), (2605728, 0.008940818999999323), (2714115, 0.009314534000001373), (2714115, 0.010526945999998816), (2714115, 0.010194698999999474), (2769988, 0.015662633999999898), (2769988, 0.0154994360000007), (2827011, 0.016434290000001184), (2861977, 0.009821063000000407), (2861977, 0.010013262999999384), (2897375, 0.016159986999999987), (2933211, 0.01643067599999881), (3105433, 0.016715243000000157), (3156261, 0.01083048399999953), (3368477, 0.01694666799999922), (3368477, 0.01723898100000021)], [(57, 5.9829999994320815e-06), (60, 5.338000001131604e-06), (64, 3.6209999993985775e-06), (64, 5.929000000293172e-06), (68, 7.687000000089483e-06), (68, 5.389000000022293e-06), (79, 7.167999999779795e-06), (79, 7.31099999917717e-06), (144, 2.695000000940695e-06), (144, 8.031000000130462e-06), (163, 5.326999998445103e-06), (184, 3.236999999600698e-06), (184, 8.111999999727004e-06), (235, 3.488000000828606e-06), (235, 5.1639999991692775e-06), (266, 4.145000000121968e-06), (266, 7.107000000061703e-06), (279, 7.811999999773889e-06), (279, 5.7499999996935e-06), (279, 2.6539999993246965e-06), (279, 5.300999999846567e-06), (279, 9.14600000001542e-06), (279, 7.540000000361147e-06), (293, 3.257999999561889e-06), (293, 8.213999999284738e-06), (293, 4.346000000765571e-06), (293, 3.0469999998672392e-06), (293, 3.9589999989431135e-06), (293, 5.099000000896581e-06), (293, 8.246000000156073e-06), (293, 4.94000000017536e-06), (293, 5.1269999996605975e-06), (293, 6.178000001355599e-06), (293, 7.457000000599123e-06), (293, 4.962000000219291e-06), (293, 1.0271000000727781e-05), (308, 7.688000000172224e-06), (308, 6.740999999976793e-06), (308, 2.7940000002502074e-06), (308, 1.1033999999909838e-05), (308, 7.958999999502225e-06), (308, 6.42800000072441e-06), (308, 8.144999998904723e-06), (308, 4.915999999965948e-06), (308, 6.985000000625519e-06), (308, 4.001000000641852e-06), (308, 1.3172000000949424e-05), (308, 7.5339999998647045e-06), (308, 7.695000000751406e-06), (308, 1.0611000000437798e-05), (324, 4.454000000819747e-06), (324, 3.463999998842837e-06), (324, 3.709999999657043e-06), (324, 3.5730000007561102e-06), (324, 6.025999999437204e-06), (324, 4.288999999602083e-06), (340, 1.0163999998979989e-05), (340, 4.788000000033321e-06), (340, 7.994000000621782e-06), (340, 6.543999999664152e-06), (340, 5.197000000123353e-06), (340, 7.143999999570383e-06), (366, 5.57399999934205e-06), (366, 4.3030000007604485e-06), (366, 2.8969999998906815e-06), (366, 4.74900000035916e-06), (366, 4.703000000105817e-06), (366, 5.200999998677958e-06), (366, 7.527999999368262e-06), (366, 3.872999998932869e-06), (366, 3.991999999897189e-06), (366, 6.402000000349517e-06), (366, 7.575999999787086e-06), (394, 6.844000001393624e-06), (394, 8.260999999620822e-06), (394, 8.12900000113359e-06), (394, 4.695999999526634e-06), (394, 2.5929999996066044e-06), (394, 8.210000000730133e-06), (394, 2.6120000011786715e-06), (394, 9.402999999963413e-06), (394, 7.573999999621606e-06), (394, 8.903000001225791e-06), (394, 1.1010999999783166e-05), (394, 6.796999999281184e-06), (423, 7.842000000479743e-06), (423, 6.83300000048348e-06), (423, 5.426999999613713e-06), (423, 2.7300000002838942e-06), (423, 7.7960000002264e-06), (423, 5.679000000924361e-06), (423, 5.697999998943715e-06), (423, 7.032999999267986e-06), (423, 8.863999999775274e-06), (423, 1.2641999999729592e-05), (455, 6.037000000347348e-06), (455, 8.132999999688195e-06), (455, 6.28999999996438e-06), (455, 1.1682000000234893e-05), (455, 1.1108000000703555e-05), (455, 6.155999999535311e-06), (455, 4.733999999118055e-06), (455, 8.778000001541386e-06), (455, 7.459000000764604e-06), (490, 7.856999999944492e-06), (490, 5.200000000371574e-06), (490, 6.785000000064656e-06), (490, 6.489000000442502e-06), (490, 7.001000000173008e-06), (490, 1.5691999999845052e-05), (506, 8.268000000200004e-06), (523, 2.9920000006455894e-06), (523, 9.605000000689756e-06), (523, 8.55000000044015e-06), (540, 6.824999999821557e-06), (558, 4.522999999423405e-06), (558, 3.89399999889406e-06), (601, 3.2330000010460935e-06), (601, 9.982999999991193e-06), (601, 6.4090000009287e-06), (626, 1.1630999999567848e-05), (652, 6.09900000014818e-06), (652, 9.847999999479384e-06), (652, 5.827000000735438e-06), (652, 7.70400000149607e-06), (652, 9.061000000087915e-06), (665, 4.3900000008534334e-06), (665, 7.762999999272324e-06), (665, 5.414000000314445e-06), (665, 1.013199999988501e-05), (665, 1.0022000001441711e-05), (665, 1.1574000000180718e-05), (679, 8.841999999731343e-06), (679, 1.0802000000253997e-05), (693, 3.099000000617025e-06), (693, 9.040999998433108e-06), (693, 1.387700000066161e-05), (693, 6.382000000471066e-06), (707, 7.955999999254004e-06), (707, 2.8459999992236362e-06), (707, 5.32700000022146e-06), (707, 3.3019999996497518e-06), (707, 1.6611000001276466e-05), (707, 1.1470000000457503e-05), (779, 4.521000001034281e-06), (779, 2.0948000001297373e-05), (779, 1.6862000000728017e-05), (858, 1.540200000071934e-05), (927, 2.863999998936606e-06), (954, 1.2935999999186265e-05), (983, 2.877000000012231e-06), (983, 8.35500000029299e-06), (1042, 6.7680000004344265e-06), (1042, 1.331600000042954e-05), (1055, 1.7914000000729402e-05), (1055, 8.536999999364525e-06), (1069, 3.3489999999858355e-06), (1069, 7.5900000009454516e-06), (1096, 2.232599999985041e-05), (1110, 6.371999999643663e-06), (1110, 6.893000000118832e-06), (1110, 1.6602000000531802e-05), (1110, 2.5718999999924108e-05), (1110, 1.0783000000458287e-05), (1110, 1.7248000000691377e-05), (1324, 1.168999999912046e-05), (1324, 8.101000000593217e-06), (1369, 1.2937999999351746e-05), (1391, 9.893999999732728e-06), (1391, 1.4015999999728024e-05), (1414, 1.5095000000187042e-05), (1419, 9.416000001039038e-06), (1419, 1.2704000001306781e-05), (1430, 1.5925999999666374e-05), (1435, 1.5835999999325168e-05), (1435, 1.5313999998767258e-05), (1440, 2.6468999999806897e-05), (1538, 1.0309000000319202e-05), (1538, 1.962900000052059e-05), (1642, 2.860300000051552e-05), (1642, 3.361499999954276e-05), (1754, 1.4669000000466781e-05), (1754, 1.557500000082257e-05), (1873, 2.9552000000876433e-05), (2000, 2.3137000001227648e-05), (2083, 1.1835000000459672e-05), (2083, 3.436599999950829e-05), (2551, 4.4374999999874376e-05), (2551, 1.5540999999785754e-05), (2657, 2.7988999999450925e-05), (2881, 1.5342999999390372e-05), (3000, 1.9284000000396873e-05), (3000, 2.2700999998903626e-05), (3271, 4.38000000002603e-05), (4573, 7.123500000005833e-05), (4573, 3.986099999941928e-05), (5000, 5.138099999868473e-05), (7130, 4.746299999958126e-05), (7130, 8.383199999961732e-05), (7130, 6.260199999985616e-05), (7553, 9.346299999890562e-05), (13855, 0.0006869289999986705), (15466, 9.076400000118667e-05), (16917, 0.00015051400000132276), (20740, 0.0001705990000004931), (25531, 0.00020632600000070056), (26593, 0.00022202599999943118), (27700, 0.0002380619999993172), (29687, 0.00031944600000066714), (31175, 0.0003447980000004236), (34378, 0.00040100600000059217), (34378, 0.0003691929999991572), (37603, 0.0006131390000003734), (40796, 0.0006614119999994728), (47435, 0.0006988100000011599), (50838, 0.0006598130000003977), (54485, 0.0007461339999998984), (62583, 0.0008527950000001283), (62583, 0.0008839369999993352), (64394, 0.0009154239999986657), (66258, 0.0009790209999991362), (66258, 0.000794901999999098), (75796, 0.00102166799999992), (77672, 0.001057902999999527), (85653, 0.0010866610000004329), (89946, 0.0011162459999987107), (96007, 0.0011989640000003021), (96007, 0.001144434000000416), (97984, 0.0012243860000005213), (107175, 0.0012435399999990437), (117227, 0.0013116389999989764), (127700, 0.0013456900000008432), (133012, 0.0013509589999998184), (135751, 0.001413023999999652), (135751, 0.001436839000000134), (138546, 0.0005045660000000396), (141398, 0.0014580590000008442), (150311, 0.0015795320000009383), (153405, 0.0015442839999995073), (156563, 0.0015952820000002532), (161752, 0.0016302470000013614), (172651, 0.0017813980000003227), (172651, 0.0017561559999990095), (178372, 0.0019010230000002792), (178372, 0.0017669859999998039), (187312, 0.0006475849999993954), (190390, 0.0006576999999996502), (190390, 0.001854671000000252), (209956, 0.0019074190000001323), (209956, 0.0019498569999996107), (215151, 0.0020667339999995704), (217798, 0.002004111999999836), (220477, 0.0021398559999994404), (220477, 0.0020684629999987436), (229647, 0.002167661999999737), (245121, 0.002297756000000817), (248136, 0.002276165999999691), (257407, 0.0023341050000009744), (260573, 0.0023563439999989555), (263778, 0.0024573439999997504), (273632, 0.000948190999999099), (286178, 0.0024629529999984356), (305460, 0.00785697000000063), (315583, 0.002661616999999339), (315583, 0.0027043669999997633), (326042, 0.0027781660000005814), (326042, 0.002701869999999218), (338223, 0.0028551089999986345), (338223, 0.0011719990000003122), (338223, 0.0011724969999988843), (363967, 0.002911291999998511), (377564, 0.003051281999999489), (377564, 0.006913496000001018), (377564, 0.002978267999999673), (416360, 0.0038242499999991963), (416360, 0.001433735999999186), (470507, 0.0016291109999997389), (470507, 0.0016615339999983547), (500167, 0.0017213760000007738), (531696, 0.001830275999999742), (542642, 0.001866277000001304), (588724, 0.0030453389999998137), (1521601, 0.005222498000000186), (1521601, 0.005221734000000922), (1521601, 0.005879822000000701), (1540319, 0.005300607000000568), (1559266, 0.006594491999999619), (1559266, 0.006251758999999524), (1559266, 0.006922401000000633), (1578447, 0.007223499000000189), (1578447, 0.00755613799999999), (1614227, 0.008121151000000992), (1614227, 0.007890490000001193), (1630758, 0.00904527899999863), (1647457, 0.009040901999998852), (1647457, 0.008843849999999875), (1647457, 0.008665737000001172), (1664328, 0.009243951000000195), (1681372, 0.009442598999999774), (1702055, 0.009948782999998684), (1702055, 0.011498760000000274), (1702055, 0.009613028000000412), (1722992, 0.011497997999999399), (1722992, 0.005913523000000254), (1765642, 0.010316003000001572), (1765642, 0.010475583999999927), (1787361, 0.010999595999999556), (1787361, 0.010802533999999753), (1787361, 0.010637191999999018), (1787361, 0.011156317999999388), (1798321, 0.011304344999999216), (1809348, 0.011659875999999514), (1820442, 0.011961236999999514), (1820442, 0.012169819999998666), (1820442, 0.011481696000000596), (1820442, 0.015410509000000516), (1831605, 0.012321797000000245), (1842836, 0.012710799999998912), (1842836, 0.013997584000000174), (1888453, 0.012800727000000123), (1888453, 0.012987666000000786), (1911683, 0.013483073999999817), (1911683, 0.013327090000000652), (1911683, 0.013163717999999491), (1935199, 0.015231681000001274), (1935199, 0.01367652900000138), (2023926, 0.013989645999998856), (2057190, 0.014696609999999666), (2057190, 0.014176993000001303), (2091000, 0.0071764560000016075), (2091000, 0.014502091000000661), (2091000, 0.014691960000000392), (2125366, 0.015052051000001399), (2125366, 0.014883024999999606), (2142760, 0.01540609399999937), (2142760, 0.015233852999999797), (2160296, 0.017105065000000863), (2177976, 0.016124838999999724), (2177976, 0.01597099600000007), (2177976, 0.01578542199999866), (2195801, 0.016485505000000344), (2195801, 0.016359027000000026), (2213771, 0.01673846100000098), (2236441, 0.007674499000000168), (2259343, 0.007758187000000305), (2329467, 0.016886339000000916), (2372582, 0.01936252199999977), (2372582, 0.01708875099999929), (2372582, 0.017328389999999416), (2416494, 0.017892764000000838), (2416494, 0.0181290539999992), (2416494, 0.0182980550000007), (2416494, 0.017745568999998795), (2416494, 0.018558013000001594), (2416494, 0.008298359999999505), (2461220, 0.008458311000000052), (2461220, 0.018706711000000098), (2461220, 0.008445668999998546), (2461220, 0.01959588500000109), (2461220, 0.018952350999999368), (2506773, 0.019786739000000608), (2506773, 0.021312747999999715), (2506773, 0.008624524000000022), (2506773, 0.02022013200000039), (2506773, 0.01914449499999904), (2506773, 0.019370777000000672), (2553169, 0.00876333799999962), (2553169, 0.02083552000000033), (2553169, 0.021078329999999923), (2553169, 0.020414483000001482), (2553169, 0.020665697000000094), (2553169, 0.00876540299999995), (2605728, 0.021507290000000623), (2605728, 0.02131254000000027), (2659370, 0.02238225199999988), (2659370, 0.021942229000000424), (2659370, 0.021942019000000812), (2659370, 0.022215157999999846), (2714115, 0.009311506999999608), (2714115, 0.009314352999998832), (2714115, 0.009794921999999318), (2714115, 0.009311873999999776), (2714115, 0.009325217000000663), (2769988, 0.023160433000001035), (2769988, 0.022685234999999082), (2827011, 0.022855847999998957), (2827011, 0.02333411400000074), (2861977, 0.02361883599999892), (2897375, 0.023860404000000557), (2933211, 0.010063734000000935), (2969491, 0.024081729000000607), (2969491, 0.010312604000001002), (3006219, 0.024368378000000135), (3055423, 0.02463643300000129), (3105433, 0.02485240599999905), (3260426, 0.011185165000000552), (3368477, 0.02513998699999931), (3595441, 0.01234104899999977), (3837698, 0.013170307999999409), (3837698, 0.013173910000000788)]]
** DCTCP FCT sorted: [[(293, 3.7919999993363263e-06), (423, 3.594000000717301e-06), (14372, 4.771199999886733e-05), (193520, 0.0006637129999997882), (286178, 0.0009826509999992794), (1540319, 0.0052826199999991275), (1559266, 0.005347619000000137), (1911683, 0.006558560000000213), (2416494, 0.008287606999999753), (2714115, 0.009308660000000302)], [(57, 2.808999999714956e-06), (92, 4.906999999221284e-06), (92, 5.829000000900919e-06), (235, 2.6829999999478105e-06), (279, 2.809000001491313e-06), (279, 3.6740000002311035e-06), (366, 2.7340000006148557e-06), (423, 5.838999999951966e-06), (455, 2.706000000074482e-06), (490, 6.00500000125237e-06), (523, 4.001000000641852e-06), (558, 3.630000000143241e-06), (613, 4.8790000004572676e-06), (652, 2.6169999998160165e-06), (652, 6.267999999920448e-06), (927, 2.866999999184827e-06), (1042, 4.526999999754366e-06), (1222, 4.622000000509274e-06), (1303, 3.442999998881646e-06), (1414, 3.905999999886944e-06), (1419, 2.8419999988926747e-06), (1538, 9.909000000973833e-06), (1538, 1.0153999999928942e-05), (2000, 1.0071000000166919e-05), (6000, 2.2539000001486897e-05), (42493, 0.0001487299999993752), (58394, 0.00020374700000047596), (70148, 0.0002436469999995694), (133012, 0.0004576070000013033), (156563, 0.0005386190000002955), (178372, 0.0006125919999995233), (193520, 0.0006626829999998307), (215151, 0.0007386690000004137), (223189, 0.0007685429999995108), (257407, 0.0008826840000004665), (1614227, 0.005537547999999504), (1722992, 0.005908765000000926), (1765642, 0.006057599999998331), (1798321, 0.006168627999999288), (1820442, 0.006242650000000793), (1842836, 0.006318820000000613), (1959004, 0.00671765799999946), (2023926, 0.006942547999999604), (2282480, 0.007828647000000188), (2416494, 0.008287606999999753), (2553169, 0.008757546000000005), (2659370, 0.009118782999999908), (2897375, 0.0099385759999997), (3055423, 0.01047868500000071), (3105433, 0.010648766999999282)], [(57, 2.8099999997976965e-06), (279, 8.807000000388143e-06), (279, 4.360000000147579e-06), (293, 4.228999999966732e-06), (293, 5.23500000149113e-06), (308, 7.078999999521329e-06), (324, 2.967000000353437e-06), (324, 2.7180000010673666e-06), (324, 3.3070000000634536e-06), (324, 1.0078999999052485e-05), (340, 5.635999999142882e-06), (340, 4.689000000723809e-06), (366, 7.108000000144443e-06), (366, 8.713999999798716e-06), (394, 2.9930000007283297e-06), (394, 3.9589999989431135e-06), (423, 3.3150000007253766e-06), (423, 2.648000000604611e-06), (423, 8.794000001088875e-06), (455, 6.873000000240381e-06), (455, 9.0269999990511e-06), (490, 5.110000000030368e-06), (506, 3.703999999160601e-06), (523, 3.854999999219899e-06), (540, 7.04400000017813e-06), (589, 7.74400000125297e-06), (652, 6.09800000006544e-06), (679, 3.510999999178921e-06), (679, 4.6779999998136645e-06), (693, 3.658999998989998e-06), (707, 2.75599999888243e-06), (927, 4.626000000840236e-06), (954, 8.718000000129678e-06), (983, 4.227999999883991e-06), (983, 8.710999999550495e-06), (983, 1.0144999999184279e-05), (1082, 8.849000000310525e-06), (1096, 2.8070000013258323e-06), (1096, 6.343999999103289e-06), (1110, 4.728999998704353e-06), (1262, 6.34699999935151e-06), (1435, 5.399000000849696e-06), (1873, 1.4415000000767009e-05), (3088, 2.3104000000273572e-05), (8000, 4.1921999999416926e-05), (12161, 6.178199999951062e-05), (14909, 7.326299999910191e-05), (27141, 0.00012100300000028597), (54485, 0.0002330429999997108), (58394, 0.0002503479999997893), (83584, 0.0003509019999992091), (113930, 0.0004773650000000629), (113930, 0.0004799789999996307), (147279, 0.0006182230000000288), (147279, 0.0006210249999991646), (156563, 0.0006556780000011031), (169860, 0.000704087000000797), (178372, 0.000734880999999632), (207403, 0.0008388190000001572), (233422, 0.0009323800000000659), (241157, 0.0009585849999993457), (254279, 0.0010031049999987829), (257407, 0.0010115739999996265), (263778, 0.0010322009999992332), (273632, 0.0010639870000002105), (286178, 0.0011034859999998758), (286178, 0.0011045270000007434), (363967, 0.0013159839999996592), (377564, 0.0013501319999988937), (391670, 0.0013856719999996159), (416360, 0.0014482769999997203), (442606, 0.00151893900000033), (470507, 0.001612677000000673), (500167, 0.001718677999999585), (500167, 0.0017186550000012346), (531696, 0.0018238920000008818), (531696, 0.001823775000000083), (565213, 0.001938913000000042), (698631, 0.002397599000000028), (1540319, 0.005282620000000904), (1540319, 0.005283640000000034), (1597864, 0.005478767000001383), (1630758, 0.005592737000000625), (1630758, 0.005592627000000405), (1744186, 0.005982579000001209), (2057190, 0.007053777999999511), (2125366, 0.007288711999999364), (2236441, 0.007667724999999237), (2236441, 0.007668761999999774), (2259343, 0.007747656999999464), (2305854, 0.007908698999999686), (2372582, 0.008137640999999363), (2416494, 0.008287606999999753), (2416494, 0.008287606999999753), (2506773, 0.008598601999999289), (2506773, 0.008598601999999289), (2553169, 0.008758634000001209), (2933211, 0.010058733999999347), (3156261, 0.010823728999998394), (3480110, 0.011933760999999876)], [(57, 1.2974000000554042e-05), (57, 1.7103999999434905e-05), (60, 7.733000000342827e-06), (60, 1.6139999999609245e-05), (68, 1.9402999999584836e-05), (107, 6.293000000212601e-06), (124, 2.532000001664869e-06), (124, 2.053400000079364e-05), (144, 9.177000000804014e-06), (144, 4.749999998665544e-06), (208, 1.0773999999713624e-05), (279, 1.2467000001237238e-05), (293, 9.577999998455766e-06), (293, 2.4228000000903194e-05), (293, 7.3409999998830244e-06), (293, 4.750000000441901e-06), (308, 6.577999998924611e-06), (308, 3.236999999600698e-06), (308, 9.206999999733512e-06), (308, 6.294000000295341e-06), (308, 2.058799999993255e-05), (324, 7.874999999657462e-06), (324, 1.1698999999865123e-05), (324, 9.251999999904115e-06), (324, 2.0892000000216626e-05), (324, 4.328000001052601e-06), (324, 7.569999999290644e-06), (324, 1.219800000029636e-05), (324, 1.0769000001076279e-05), (324, 1.1877000000382054e-05), (324, 7.2929999994642e-06), (340, 7.787000001258093e-06), (340, 1.633000000111906e-05), (340, 1.4705999999975461e-05), (366, 9.90000000022917e-06), (366, 8.1019999988996e-06), (366, 1.173600000115016e-05), (394, 8.502000000021326e-06), (394, 1.9622000001717765e-05), (394, 1.6117999999565313e-05), (394, 1.599800000029461e-05), (394, 9.076999999635404e-06), (423, 4.0909999992067014e-06), (423, 4.558999998849345e-06), (423, 9.924999998744966e-06), (423, 2.062299999927575e-05), (423, 2.3065999998905795e-05), (423, 5.717000000515782e-06), (423, 1.680899999989549e-05), (455, 6.696999999888931e-06), (455, 8.45099999935428e-06), (455, 1.7846000000432127e-05), (455, 2.3037000000059038e-05), (455, 1.8299999998916405e-05), (490, 3.118000000412735e-06), (490, 3.12299999905008e-06), (490, 1.584600000015257e-05), (490, 1.0822999998438831e-05), (490, 1.6836000000353124e-05), (506, 8.1080000011724e-06), (558, 1.0492000001249835e-05), (577, 2.604999998823132e-06), (577, 4.720999999818787e-06), (589, 1.412700000003042e-05), (613, 2.9890000003973682e-06), (652, 1.3899000000705541e-05), (652, 4.016000000106601e-06), (665, 1.0612999998826922e-05), (665, 5.154000000118231e-06), (665, 5.6320000005882775e-06), (665, 1.4664000000053079e-05), (693, 3.9669999996050365e-06), (693, 2.920000000017353e-06), (707, 2.414100000081021e-05), (707, 6.551000000243334e-06), (742, 9.65400000119132e-06), (858, 9.048000000788647e-06), (858, 1.7229000000895667e-05), (900, 1.771700000041676e-05), (954, 8.089999999683073e-06), (983, 4.771999998709475e-06), (1082, 2.977999999487224e-06), (1222, 1.8034000000000106e-05), (1303, 1.3810000000447076e-05), (1391, 4.344999998906474e-06), (1440, 1.4596000001532161e-05), (1642, 2.5931000001477855e-05), (1754, 3.083900000078188e-05), (1754, 3.367800000120269e-05), (2000, 1.7536000001427965e-05), (2169, 2.4193999999866378e-05), (2353, 3.087600000029056e-05), (2551, 2.7292000000400662e-05), (2881, 3.267099999959555e-05), (3000, 4.594400000001997e-05), (3088, 3.4871999998742353e-05), (8000, 7.76970000000432e-05), (10000, 9.415800000134311e-05), (16643, 0.00014969000000064625), (17195, 0.00014187000000021044), (17765, 0.00015712800000144966), (19352, 0.00017919100000085564), (22228, 0.00018817399999981888), (28270, 0.0002319219999993294), (64394, 0.0004972219999999083), (68175, 0.0005122169999989268), (89946, 0.0006882919999995352), (89946, 0.0006959030000004418), (96007, 0.0007301619999999787), (102060, 0.000776308000000725), (117227, 0.0008924109999988161), (120619, 0.0009206790000000353), (120619, 0.0009237179999992406), (138546, 0.001038353000000214), (144309, 0.001060775000000902), (144309, 0.0010643120000004558), (150311, 0.0011364569999994245), (153405, 0.0011248950000002367), (161752, 0.0011611889999993963), (167113, 0.0012257289999997312), (184283, 0.0013320459999999201), (202393, 0.0014631680000007918), (207403, 0.0015130370000004945), (223189, 0.0016050290000002576), (229647, 0.0017136329999996036), (237258, 0.0017440329999995896), (251189, 0.001815258000000597), (251189, 0.0018578059999985186), (257407, 0.0018618499999991656), (263778, 0.0019472410000016538), (273632, 0.0020232549999992244), (286178, 0.0022040469999993206), (305460, 0.002309311999999508), (305460, 0.002308855999999082), (315583, 0.002251412999999758), (377564, 0.00271971599999965), (391670, 0.003038035999999522), (391670, 0.0028165730000004885), (416360, 0.0030921819999996103), (442606, 0.003458674000000883), (500167, 0.00409547599999982), (542642, 0.004829632999999944), (565213, 0.004600609000000588), (588724, 0.005954956000000067), (1431371, 0.010999138000000741), (1521601, 0.011112114999999534), (1521601, 0.011216284999999715), (1597864, 0.011261866999999981), (1664328, 0.011276551999999995), (1702055, 0.011569763000000677), (1722992, 0.011419442999999418), (1744186, 0.011368449999999086), (1765642, 0.011271498000001046), (1787361, 0.011570782999999807), (1809348, 0.011645287000000337), (1820442, 0.011621283000000204), (1831605, 0.011521097999999341), (1911683, 0.011610017999998945), (1959004, 0.0114726730000001), (1959004, 0.011561748000000094), (2057190, 0.011689631999999506), (2125366, 0.011591409000001107), (2142760, 0.011678638999999436), (2142760, 0.011591149000000911), (2160296, 0.011646508000000111), (2236441, 0.011678417999998914), (2259343, 0.011701388000000534), (2259343, 0.011722427999998786), (2282480, 0.011670325000000759), (2305854, 0.011621228999999289), (2329467, 0.011622081000000506), (2372582, 0.011482352000001583), (2372582, 0.011592747999999986), (2372582, 0.011706335000001289), (2416494, 0.011676390000001646), (2461220, 0.011490848000001108), (2461220, 0.011505538000001536), (2461220, 0.011635345000000186), (2461220, 0.01170281899999992), (2461220, 0.01170379399999888), (2506773, 0.011676632000000353), (2506773, 0.011564379999999375), (2506773, 0.01167369499999893), (2605728, 0.011621384999999762), (2659370, 0.011316514999998972), (2714115, 0.011143245999999607), (2714115, 0.011261830999998779), (2714115, 0.011047931000000233), (2714115, 0.011048512000000343), (2714115, 0.011121469999999078), (2769988, 0.011073831000000922), (2769988, 0.01120920099999978), (2827011, 0.010486098999999527), (2827011, 0.010605683999999727), (2827011, 0.010346542999998931), (2861977, 0.0102762460000001), (2861977, 0.010054263000000674), (2897375, 0.009958167999998935), (2933211, 0.010070626999999277), (2969491, 0.010190135000000211)], [(60, 3.0349999988743548e-06), (60, 9.035999999795763e-06), (60, 1.875800000128436e-05), (64, 1.764200000131666e-05), (92, 1.6936999999828117e-05), (92, 8.838000001176738e-06), (92, 1.713800000047172e-05), (92, 5.112000000018213e-05), (144, 2.934799999998461e-05), (208, 2.6392000000541316e-05), (266, 4.520000000951541e-06), (279, 4.382999998497894e-06), (279, 4.077300000027151e-05), (279, 4.785299999987558e-05), (279, 2.3579000000495398e-05), (279, 4.1519999989247935e-06), (279, 8.929000001600684e-06), (279, 1.8411999999301543e-05), (279, 5.5309999993369274e-06), (279, 4.276000000302815e-06), (279, 3.581700000054866e-05), (293, 7.898999999866874e-06), (293, 4.41699999953471e-06), (293, 3.966300000080025e-05), (293, 5.235999999797514e-06), (308, 2.271399999997925e-05), (308, 5.0742000000880694e-05), (308, 3.1160000002472543e-06), (308, 5.571999999176569e-06), (308, 1.363999999881571e-05), (308, 1.8402000000250496e-05), (308, 2.3802999999489316e-05), (308, 1.2133000000247307e-05), (308, 2.473900000055096e-05), (308, 4.050099999908241e-05), (308, 4.058000000028983e-06), (308, 4.033999999819571e-06), (308, 8.233999999163188e-06), (308, 2.1676999999442614e-05), (308, 3.892099999980303e-05), (324, 2.901000000221643e-06), (324, 1.352600000004145e-05), (324, 3.1191999999791165e-05), (324, 4.131700000087335e-05), (324, 1.2654000000722476e-05), (340, 2.5806000000017093e-05), (340, 1.3806999998422498e-05), (340, 9.084000000214587e-06), (340, 1.956900000088524e-05), (340, 2.798000000048262e-05), (340, 4.070000001021867e-06), (340, 1.3668999999438824e-05), (340, 4.244000001207837e-06), (340, 1.9573999999522584e-05), (366, 3.313600000076633e-05), (366, 2.761900000081141e-05), (366, 1.138600000061274e-05), (366, 1.86830000004079e-05), (366, 1.2291999999192171e-05), (366, 1.6431000000594054e-05), (366, 4.258999998896229e-06), (394, 3.0257999998895002e-05), (394, 4.1338999999140924e-05), (394, 2.575999999976375e-06), (394, 5.7560000001899425e-06), (394, 2.2947999999800572e-05), (394, 7.788999999647217e-06), (394, 2.4898999999578564e-05), (423, 1.0071000000166919e-05), (423, 2.3553000000120505e-05), (423, 8.324000001280751e-06), (423, 1.4680000001376925e-05), (423, 2.572100000008959e-05), (455, 2.8958000001466644e-05), (455, 1.8688000000821603e-05), (455, 3.0559999988355457e-06), (455, 3.2300000007978724e-06), (455, 2.9958000000718243e-05), (455, 2.8028999999207826e-05), (455, 8.424000000673004e-06), (490, 1.6060999998401826e-05), (490, 3.305500000116979e-05), (490, 3.4959000000611695e-05), (540, 2.7291000000317922e-05), (540, 8.209000000647393e-06), (558, 7.963999999915927e-06), (558, 8.832000000680296e-06), (639, 1.0528000000675775e-05), (639, 2.3511999998504507e-05), (652, 1.541800000026683e-05), (652, 2.5248000000033244e-05), (679, 1.3440000000031205e-05), (679, 1.510899999956905e-05), (693, 1.2919999999638776e-05), (693, 2.373599999927478e-05), (693, 5.867999998798723e-06), (693, 1.1596000000224649e-05), (707, 1.4695999999148057e-05), (707, 2.38849999991686e-05), (707, 7.473000000146612e-06), (707, 1.543700000006254e-05), (707, 3.7503999999799476e-05), (742, 2.7870999998569346e-05), (779, 4.075100000022758e-05), (900, 7.5049999992415906e-06), (900, 2.940599999945448e-05), (927, 4.2035999999967544e-05), (954, 3.711999999822524e-06), (1069, 1.2499000000332217e-05), (1069, 4.441899999996224e-05), (1069, 1.94919999998433e-05), (1096, 1.7569000000605683e-05), (1324, 1.3714999999692168e-05), (1369, 2.7988999999450925e-05), (1414, 1.5218999999788707e-05), (1419, 4.563799999957041e-05), (1424, 2.9739999991562627e-06), (1430, 5.461000000650529e-06), (1435, 9.245999999407672e-06), (1435, 3.126199999847756e-05), (1538, 7.350599999966789e-05), (1642, 1.7243000000277675e-05), (1642, 4.10649999995627e-05), (2000, 3.595000000089499e-05), (2083, 2.7256000000974723e-05), (2169, 2.2142000000613393e-05), (2767, 5.623300000046072e-05), (2881, 5.8729999999229676e-05), (3000, 3.2119000000108144e-05), (3000, 4.555699999997387e-05), (3271, 6.978200000062884e-05), (3271, 4.863999999926705e-05), (3367, 5.277400000025523e-05), (3777, 4.9703000000178577e-05), (3887, 4.795499999943331e-05), (4000, 6.521599999942396e-05), (4000, 6.95400000001456e-05), (4183, 6.144600000013156e-05), (4573, 6.445700000057286e-05), (4782, 9.417200000072512e-05), (5000, 6.372300000023756e-05), (8365, 0.00011598600000084502), (11393, 0.0001699520000002508), (17195, 0.0002188630000006242), (19352, 0.00026053600000075505), (22228, 0.0002890970000013482), (23822, 0.0002931250000006713), (27141, 0.00032689500000060434), (27700, 0.000341691000000921), (32737, 0.0003979390000008465), (32737, 0.000395177999999774), (32737, 0.00039878100000123595), (37603, 0.0004475460000001874), (44260, 0.0005317050000002155), (47435, 0.0005642789999988906), (58394, 0.0007032680000005342), (79595, 0.0009441250000001844), (87774, 0.0010495940000012638), (89946, 0.001052067999999906), (96007, 0.0011275709999996053), (100001, 0.001159189000000893), (102060, 0.0011870760000007863), (107175, 0.0012454269999988554), (108936, 0.0012899120000007258), (110726, 0.0013061490000012554), (113930, 0.0013700510000003163), (117227, 0.0015121119999985666), (124109, 0.0014441989999998128), (130329, 0.0015327169999999057), (133012, 0.0015605789999995068), (135751, 0.0017063190000001782), (144309, 0.0017108650000015047), (153405, 0.001713509000000002), (159136, 0.0018059650000008531), (172651, 0.002043262999999129), (190390, 0.002166514999998981), (199933, 0.0023711540000004305), (199933, 0.0023813249999999897), (207403, 0.0024461689999988323), (207403, 0.0024497629999995496), (209956, 0.0024253039999990733), (215151, 0.0025437929999991837), (225934, 0.0026252610000003784), (233422, 0.002622938000000019), (233422, 0.0026905140000010874), (237258, 0.002921208000000064), (237258, 0.002742881000001418), (245121, 0.0030415640000001076), (254279, 0.0030148290000013844), (254279, 0.0030723629999993562), (286178, 0.003323956000000905), (305460, 0.0038088619999996354), (305460, 0.0035865589999986014), (315583, 0.003818049000001267), (315583, 0.003884242000001592), (326042, 0.003992481999999242), (326042, 0.003665130999999988), (350859, 0.0040783280000002975), (350859, 0.0040782909999990125), (350859, 0.004493367000000248), (377564, 0.0043856110000000115), (377564, 0.00506678100000002), (391670, 0.004690928000000483), (416360, 0.005703881000000521), (470507, 0.006194777999999346), (470507, 0.006192686000000336), (470507, 0.005778015999998942), (470507, 0.0063281479999997), (500167, 0.005836850999999754), (531696, 0.006768494999999319), (553812, 0.009575337999999434), (553812, 0.009495314999998783), (553812, 0.009678728000000802), (565213, 0.010009409000000247), (588724, 0.010344383999999707), (588724, 0.01039966199999931), (588724, 0.00959659399999957), (829057, 0.011775502999999077), (983831, 0.012564251000000581), (983831, 0.012343119000000513), (983831, 0.012392600000000087), (1167500, 0.013402240999999648), (1167500, 0.01355891600000092), (1521601, 0.014655397000000292), (1521601, 0.01502402800000091), (1540319, 0.014452523000000994), (1540319, 0.015151654000000292), (1559266, 0.014578523999999149), (1559266, 0.014580840999999012), (1559266, 0.01525943500000082), (1578447, 0.014615437000001563), (1578447, 0.015139001999999735), (1614227, 0.015240558000000348), (1630758, 0.015333195000000188), (1681372, 0.01521098099999918), (1681372, 0.015293724000001063), (1722992, 0.015459916000001073), (1744186, 0.015195772000000218), (1744186, 0.015589466999999857), (1744186, 0.015498752000000948), (1765642, 0.015307688000000041), (1765642, 0.015691652999999306), (1787361, 0.01545806600000077), (1798321, 0.015857061000000172), (1809348, 0.015961421999998393), (1820442, 0.015443601999999501), (1820442, 0.01598396800000046), (1831605, 0.015573207999999283), (1831605, 0.01557100099999964), (1842836, 0.016079484999998783), (1865505, 0.01594596900000056), (1888453, 0.016019546000000773), (1911683, 0.015624933999999868), (1911683, 0.016137989999998936), (1991201, 0.015839025000000007), (1991201, 0.01568454799999941), (1991201, 0.016290320999999608), (2023926, 0.016202585999998576), (2057190, 0.016276214000001232), (2091000, 0.01595656699999992), (2160296, 0.016011407000000588), (2177976, 0.01605139199999961), (2195801, 0.016016626000000755), (2236441, 0.01632270700000049), (2259343, 0.016188088999999906), (2305854, 0.016391510000000054), (2305854, 0.016392946999999936), (2329467, 0.01621697700000091), (2372582, 0.016254684000001518), (2372582, 0.016380873000001017), (2372582, 0.016329754999999224), (2372582, 0.01635933999999928), (2416494, 0.016218007000000867), (2416494, 0.016371551999998957), (2416494, 0.016364643999999373), (2461220, 0.016308797000000652), (2461220, 0.016241765000000186), (2461220, 0.016395220999999793), (2506773, 0.016366782000000413), (2506773, 0.01638598199999919), (2506773, 0.01634062699999994), (2506773, 0.016388263999999708), (2605728, 0.016218686000000204), (2605728, 0.016172821999999698), (2605728, 0.016179103999999), (2605728, 0.01629325599999909), (2714115, 0.016227170000000513), (2714115, 0.016070119000000105), (2714115, 0.01617755900000084), (2769988, 0.01600882299999995), (2769988, 0.01611001400000056), (2827011, 0.015854493000000858), (2861977, 0.01540257499999953), (2861977, 0.015891247000000774), (2897375, 0.015252723999999773), (2933211, 0.015144582999999656), (3105433, 0.010715742000000361), (3156261, 0.010837792000000235), (3368477, 0.011566153999998718), (3368477, 0.011567656000000426)], [(57, 2.60870000001745e-05), (60, 3.647000001549827e-06), (64, 5.672000000345179e-06), (64, 3.6656000000689914e-05), (68, 6.458200000025727e-05), (68, 2.721200000088686e-05), (79, 6.30699999994988e-05), (79, 1.1857999998809987e-05), (144, 1.3672999999769786e-05), (144, 6.065400000032639e-05), (163, 4.053999999698021e-06), (184, 1.72149999997373e-05), (184, 5.32589999995281e-05), (235, 9.012999999669091e-06), (235, 3.440199999893423e-05), (266, 2.189900000004741e-05), (266, 4.5915999999479595e-05), (279, 3.120000000578216e-06), (279, 4.36129999989987e-05), (279, 1.0842000000010898e-05), (279, 4.026200000062374e-05), (279, 3.519299999865666e-05), (279, 3.174599999944405e-05), (293, 1.3587999999842282e-05), (293, 8.491799999887917e-05), (293, 5.235999999797514e-06), (293, 7.50399999915885e-06), (293, 2.3843999999328958e-05), (293, 3.073499999928231e-05), (293, 8.064300000043545e-05), (293, 2.803599999978701e-05), (293, 3.060699999934968e-05), (293, 3.423700000126928e-05), (293, 5.281500000009487e-05), (293, 1.2883000000130096e-05), (293, 5.2111000000465424e-05), (308, 4.949000000920023e-06), (308, 3.2560000011727652e-06), (308, 1.088399999993328e-05), (308, 8.619000000820165e-06), (308, 9.254000000069595e-06), (308, 1.333700000039073e-05), (308, 6.834999998872604e-06), (308, 1.9032999999168965e-05), (308, 4.5841000000379495e-05), (308, 5.566699999981495e-05), (308, 4.469000000284495e-06), (308, 5.0312999999135855e-05), (308, 5.105700000029856e-05), (308, 7.068200000048819e-05), (324, 2.4860999999987143e-05), (324, 2.481299999956832e-05), (324, 5.781000000482095e-06), (324, 2.3259000000663832e-05), (324, 4.7089999998917165e-05), (324, 1.750700000080485e-05), (340, 5.687999999892668e-06), (340, 4.824999999542001e-06), (340, 2.6539999993246965e-06), (340, 3.4099999997039276e-06), (340, 3.322199999900022e-05), (340, 4.706400000031863e-05), (366, 4.3370000000209075e-06), (366, 1.7593000000815096e-05), (366, 1.0299999999574538e-05), (366, 2.616799999977104e-05), (366, 2.595399999982817e-05), (366, 4.019699999879833e-05), (366, 5.211899999935099e-05), (366, 1.6723999999967987e-05), (366, 2.6270999999411515e-05), (366, 4.055200000152581e-05), (366, 5.0226000000819226e-05), (394, 5.68180000009022e-05), (394, 8.796399999866367e-05), (394, 9.158300000144948e-05), (394, 2.9380999999162327e-05), (394, 8.134999999853676e-06), (394, 2.636199999983546e-05), (394, 1.2771999999827699e-05), (394, 2.7561999999647924e-05), (394, 4.598099999952865e-05), (394, 8.049200000037615e-05), (394, 1.1300000000602495e-05), (394, 2.2509999999087427e-05), (423, 7.556500000127642e-05), (423, 2.8869999990632778e-06), (423, 5.110000000030368e-06), (423, 1.0835999999514456e-05), (423, 2.9253000001006058e-05), (423, 3.4810000002494235e-06), (423, 2.8549999999682996e-05), (423, 3.757300000017949e-05), (423, 3.9569000000128085e-05), (423, 8.86300000146889e-06), (455, 4.702499999886811e-05), (455, 8.326199999864059e-05), (455, 7.071000000635763e-06), (455, 8.084000000962988e-06), (455, 1.0060000001033131e-05), (455, 3.597200000093892e-05), (455, 1.9302999998416226e-05), (455, 2.6184000001094887e-05), (455, 4.7177000000786506e-05), (490, 2.5909999994411237e-06), (490, 3.28070000001901e-05), (490, 4.232000000037317e-05), (490, 1.9951000000517638e-05), (490, 2.5475999999358123e-05), (490, 5.477000000198018e-06), (506, 9.150700000049028e-05), (523, 8.668999999628113e-06), (523, 4.708000000519519e-06), (523, 1.0751000001363309e-05), (540, 2.9937000000757052e-05), (558, 2.518400000006693e-05), (558, 1.8266999999738687e-05), (601, 2.2860000001401204e-05), (601, 1.2639999999564111e-05), (601, 2.1413000000691795e-05), (626, 4.705999999998767e-05), (652, 3.2700000005547736e-06), (652, 7.262999998758346e-06), (652, 1.4726999999936652e-05), (652, 7.596000001441894e-06), (652, 7.947699999988345e-05), (665, 2.4511999999532463e-05), (665, 3.947799999970414e-05), (665, 2.2530000000742234e-05), (665, 2.959799999935342e-05), (665, 3.248199999994483e-05), (665, 1.9022000000035177e-05), (679, 7.906000000446056e-06), (679, 7.602600000033988e-05), (693, 1.7072000000339926e-05), (693, 1.4675999999269607e-05), (693, 6.207000000202356e-06), (693, 3.2317000000503526e-05), (707, 2.8340000000071086e-06), (707, 1.0924999999772922e-05), (707, 5.13300000015704e-06), (707, 1.750600000072211e-05), (707, 4.899000000335718e-06), (707, 1.3786000000237664e-05), (779, 2.433300000070915e-05), (779, 8.005000001531926e-06), (779, 1.0061000001115872e-05), (858, 8.003999999672828e-06), (927, 1.417799999892111e-05), (954, 1.5466999998992037e-05), (983, 8.815000001050066e-06), (983, 7.494000000107803e-06), (1042, 1.144500000016535e-05), (1042, 1.657800000032239e-05), (1055, 1.5367999999682525e-05), (1055, 6.452100000053917e-05), (1069, 9.386000000333183e-06), (1069, 3.464000000619194e-06), (1096, 6.729000000760266e-06), (1110, 5.163000000862894e-06), (1110, 3.4229999990031956e-06), (1110, 7.921999999993545e-06), (1110, 3.811999999214777e-06), (1110, 4.037000000067792e-05), (1110, 8.198000001513606e-06), (1324, 8.456499999986988e-05), (1324, 3.651000000104432e-06), (1369, 6.766099999921948e-05), (1391, 1.119500000079654e-05), (1391, 1.7248000000691377e-05), (1414, 4.5055000001070766e-05), (1419, 8.274800000052096e-05), (1419, 5.923000001573087e-06), (1430, 3.449699999968914e-05), (1435, 2.4227999999126837e-05), (1435, 3.189699999950335e-05), (1440, 4.956999999805589e-06), (1538, 4.294000000015785e-05), (1538, 7.039800000008256e-05), (1642, 2.7565999999978885e-05), (1642, 2.3820999999202286e-05), (1754, 9.470000000000312e-05), (1754, 9.367400000037662e-05), (1873, 3.5869000001298446e-05), (2000, 6.572800000093082e-05), (2083, 6.0927999999904614e-05), (2083, 4.939499999956354e-05), (2551, 1.8414999999549764e-05), (2551, 0.00010859200000012947), (2657, 8.394400000000246e-05), (2881, 8.861299999907146e-05), (3000, 7.070899999916946e-05), (3000, 0.00012298299999891071), (3271, 3.242100000022674e-05), (4573, 5.971000000037918e-05), (4573, 0.00014192899999976305), (5000, 8.362099999992267e-05), (7130, 0.00018456799999988505), (7130, 0.00012144399999947098), (7130, 0.00015776899999941918), (7553, 0.0001152700000002227), (13855, 0.00020202600000018833), (15466, 0.00027539600000103803), (16917, 0.00029151900000101705), (20740, 0.0003622750000005226), (25531, 0.0004167509999994934), (26593, 0.00045066400000060014), (27700, 0.00043827799999895944), (29687, 0.0004907559999995925), (31175, 0.0005042209999999159), (34378, 0.000549620999999334), (34378, 0.0005451640000000424), (37603, 0.0005752860000001192), (40796, 0.0006502430000008275), (47435, 0.0007228680000004317), (50838, 0.0007941789999996729), (54485, 0.0008276729999998622), (62583, 0.0009009229999996649), (62583, 0.0009574749999998744), (64394, 0.0009532809999992509), (66258, 0.0009571990000001307), (66258, 0.0009680190000000977), (75796, 0.0011152939999998779), (77672, 0.001127841000000629), (85653, 0.0012277130000004632), (89946, 0.0013025019999997056), (96007, 0.0015621060000015063), (96007, 0.0014782630000009789), (97984, 0.0014480450000000644), (107175, 0.0015823689999994173), (117227, 0.0017416029999992588), (127700, 0.0019495690000006505), (133012, 0.001957658000000251), (135751, 0.0020559709999989906), (135751, 0.0020049499999998943), (138546, 0.0020212650000015486), (141398, 0.002120506000000688), (150311, 0.002253509000000875), (153405, 0.00230470500000024), (156563, 0.0022548169999989653), (161752, 0.002322121000000621), (172651, 0.0025530249999992094), (172651, 0.002835938000000482), (178372, 0.0027105290000015714), (178372, 0.002739677000000995), (187312, 0.0028140699999994467), (190390, 0.002761754999999866), (190390, 0.0028267570000011233), (209956, 0.0030672949999992483), (209956, 0.00306810999999918), (215151, 0.003132147000000529), (217798, 0.0031723519999999894), (220477, 0.003515338999999784), (220477, 0.003216924999998483), (229647, 0.0036427589999998844), (245121, 0.0037795139999996508), (248136, 0.0037909540000011788), (257407, 0.0037769809999996795), (260573, 0.00408716299999945), (263778, 0.004333516999999176), (273632, 0.004051276999998521), (286178, 0.004397587999999786), (305460, 0.004828305000000199), (315583, 0.004896405000000215), (315583, 0.004522613000000675), (326042, 0.005075946999999914), (326042, 0.0050727570000006494), (338223, 0.005339237999999469), (338223, 0.005441061999999164), (338223, 0.00544044599999971), (363967, 0.00577296099999991), (377564, 0.006161153999999058), (377564, 0.00594561700000007), (377564, 0.005947170999998974), (416360, 0.006198255999999347), (416360, 0.007190862999999936), (470507, 0.00914856700000044), (470507, 0.008112531999998396), (500167, 0.008947653999999972), (531696, 0.010995053000000254), (542642, 0.010929140000000004), (588724, 0.0123009990000007), (1521601, 0.019054177000001005), (1521601, 0.019109302000000383), (1521601, 0.01982460800000041), (1540319, 0.01977180200000106), (1559266, 0.019347663999999654), (1559266, 0.020276489000000453), (1559266, 0.019794037000000486), (1578447, 0.01987580599999994), (1578447, 0.019880696999999614), (1614227, 0.01972137599999968), (1614227, 0.01977294900000004), (1630758, 0.020029972999999757), (1647457, 0.02007272799999882), (1647457, 0.019999508999999804), (1647457, 0.020619233000001458), (1664328, 0.02085597299999975), (1681372, 0.020785680999999556), (1702055, 0.020595784999999367), (1702055, 0.0207755039999995), (1702055, 0.021089037999999505), (1722992, 0.020746241999999526), (1722992, 0.020867576000000554), (1765642, 0.02104496700000169), (1765642, 0.021095693999999554), (1787361, 0.020773366000000237), (1787361, 0.020809068000000153), (1787361, 0.02103774199999897), (1787361, 0.021465603999999416), (1798321, 0.02135436999999918), (1809348, 0.02150141199999922), (1820442, 0.021005038000000198), (1820442, 0.020960376999999752), (1820442, 0.021329270000000733), (1820442, 0.021696975000001117), (1831605, 0.020918059999999628), (1842836, 0.021072816000000216), (1842836, 0.02123749299999922), (1888453, 0.021361130999999034), (1888453, 0.022000017999999955), (1911683, 0.02146325500000046), (1911683, 0.02163963000000102), (1911683, 0.022095286999999075), (1935199, 0.02154739800000094), (1935199, 0.02207359000000153), (2023926, 0.022615635999999384), (2057190, 0.022029115000000488), (2057190, 0.02235705700000068), (2091000, 0.022252341000001508), (2091000, 0.022075029999999884), (2091000, 0.022486415999999565), (2125366, 0.02243729899999991), (2125366, 0.022929773999999625), (2142760, 0.0225445569999998), (2142760, 0.02248762400000004), (2160296, 0.02264311600000113), (2177976, 0.022597020999999273), (2177976, 0.023063100999999975), (2177976, 0.0230378379999987), (2195801, 0.022352826000000547), (2195801, 0.023155498000001273), (2213771, 0.023204319999999612), (2236441, 0.023194645000000236), (2259343, 0.022904104000000203), (2329467, 0.023299693000000232), (2372582, 0.023287561000000068), (2372582, 0.02328863700000028), (2372582, 0.023728052000000943), (2416494, 0.02337640600000057), (2416494, 0.023362217999999046), (2416494, 0.023318636000000836), (2416494, 0.02362614499999971), (2416494, 0.02362627900000014), (2416494, 0.023567330000000553), (2461220, 0.023549177000001364), (2461220, 0.023552913999999703), (2461220, 0.023523502999999835), (2461220, 0.023720060000000487), (2461220, 0.02392504799999884), (2506773, 0.023702327000000523), (2506773, 0.023720766000000282), (2506773, 0.023749685000000298), (2506773, 0.024049910000000452), (2506773, 0.023992344999999915), (2506773, 0.023892823000000618), (2553169, 0.023789669000001012), (2553169, 0.023844379999999887), (2553169, 0.023863227999999737), (2553169, 0.02394484700000099), (2553169, 0.023909380999999286), (2553169, 0.02389885100000022), (2605728, 0.023888580999999576), (2605728, 0.02400046400000022), (2659370, 0.02396321400000012), (2659370, 0.023862621999999334), (2659370, 0.02394887400000023), (2659370, 0.02408608000000001), (2714115, 0.023960529000000008), (2714115, 0.023972494999998872), (2714115, 0.02394630599999914), (2714115, 0.023904700999999307), (2714115, 0.024118443000000767), (2769988, 0.024071784000000207), (2769988, 0.02414075899999979), (2827011, 0.024058982999999756), (2827011, 0.02408853000000022), (2861977, 0.024151268999998976), (2897375, 0.024166645999999403), (2933211, 0.02419117400000026), (2969491, 0.024103536000000148), (2969491, 0.024057967000000957), (3006219, 0.024198869999999317), (3055423, 0.024131575000000183), (3105433, 0.024120196999998456), (3260426, 0.024154553999998996), (3368477, 0.023829209999998824), (3595441, 0.016547326999999612), (3837698, 0.013185967999998383), (3837698, 0.01318710199999984)]]
** XPass FCT sorted: [[(293, 1.070799999958183e-05), (423, 1.0624999999819806e-05), (14372, 9.603700000049287e-05), (193520, 0.0007115349999988752), (286178, 0.0009827920000002877), (1540319, 0.005291468999999438), (1559266, 0.005389648000001301), (1911683, 0.006612900000000366), (2416494, 0.008375841999999523), (2714115, 0.009358513000000457)], [(57, 7.856999999944492e-06), (92, 7.921999999993545e-06), (92, 1.1216000000757731e-05), (235, 7.772000000016988e-06), (279, 7.856000001638108e-06), (279, 7.850000001141666e-06), (366, 7.828999999404118e-06), (423, 1.0625999999902547e-05), (455, 7.787999999564477e-06), (490, 1.084600000034186e-05), (523, 1.0678999998958716e-05), (558, 1.0650000000111959e-05), (613, 1.111199999925816e-05), (652, 7.644000000084361e-06), (652, 1.107499999974948e-05), (927, 7.934999999292813e-06), (1042, 7.883999998625768e-06), (1222, 1.0840999999928158e-05), (1303, 7.990999998597204e-06), (1414, 7.97300000066059e-06), (1419, 7.882999998543028e-06), (1538, 8.673300000161532e-05), (1538, 9.680299999992314e-05), (2000, 9.55260000008451e-05), (6000, 0.00012540300000019045), (42493, 0.00022294799999933446), (58394, 0.0002857269999996248), (70148, 0.0003231389999989176), (133012, 0.0005298750000015673), (156563, 0.0006113049999996178), (178372, 0.0006577179999993632), (193520, 0.0006657069999995713), (215151, 0.0008179489999999845), (223189, 0.0007718359999984159), (257407, 0.0009423760000011328), (1614227, 0.00553946099999969), (1722992, 0.005991183000000788), (1765642, 0.006114292999999549), (1798321, 0.006238384999999624), (1820442, 0.0062715180000001425), (1842836, 0.006319089999999861), (1959004, 0.006801018999999187), (2023926, 0.006995894999999308), (2282480, 0.007903258999998997), (2416494, 0.008292634000000021), (2553169, 0.008824094999999588), (2659370, 0.009193247000000682), (2897375, 0.00996532499999958), (3055423, 0.010530230000000529), (3105433, 0.010735380999999933)], [(57, 7.837000000066041e-06), (279, 8.933999999882758e-05), (279, 1.0926999999938403e-05), (293, 7.684000001617619e-06), (293, 7.638000001364276e-06), (308, 1.084400000017638e-05), (324, 7.751000000055797e-06), (324, 7.732000000260086e-06), (324, 7.896999999701393e-06), (324, 1.1981000000105269e-05), (340, 8.040999999181508e-06), (340, 1.1452000000744533e-05), (366, 1.0852999999144686e-05), (366, 1.0424999999258944e-05), (394, 8.060999999059959e-06), (394, 1.0679999999041456e-05), (423, 7.786999999481736e-06), (423, 7.701999999554232e-06), (423, 1.3037000000437615e-05), (455, 0.00017793800000021065), (455, 9.540999998947086e-06), (490, 7.6289999988432555e-06), (506, 1.0640999999367295e-05), (523, 1.065400000044292e-05), (540, 1.312300000044786e-05), (589, 8.631200000053241e-05), (652, 8.754000001331974e-06), (679, 7.880000000071163e-06), (679, 1.1454999999216398e-05), (693, 7.662999999880071e-06), (707, 7.755999998693142e-06), (927, 1.1283999999278649e-05), (954, 1.0409999999794195e-05), (983, 1.0931000000269364e-05), (983, 1.3240999999553082e-05), (983, 1.2031999998995957e-05), (1082, 1.310700000090037e-05), (1096, 7.83399999981782e-06), (1096, 1.2949999998568273e-05), (1110, 1.1486000000004992e-05), (1262, 1.2866000000499866e-05), (1435, 1.179300000053729e-05), (1873, 0.00010289999999990584), (3088, 9.186900000024423e-05), (8000, 9.765799999961189e-05), (12161, 0.00010343800000001124), (14909, 0.00028553499999972587), (27141, 0.00019791200000085496), (54485, 0.0003776509999990907), (58394, 0.00038913700000087204), (83584, 0.0004136959999989642), (113930, 0.0008940779999999648), (113930, 0.0008127729999998223), (147279, 0.0006469110000004719), (147279, 0.0007793339999988547), (156563, 0.0007582189999997269), (169860, 0.0006984909999996347), (178372, 0.0006843029999998862), (207403, 0.0008725930000004212), (233422, 0.001143149000000676), (241157, 0.0013101369999990453), (254279, 0.0012601829999994152), (257407, 0.001114387999999522), (263778, 0.0013206149999991368), (273632, 0.0010118180000002752), (286178, 0.0010457210000005546), (286178, 0.0012980910000006673), (363967, 0.0012905649999996882), (377564, 0.001335390999999575), (391670, 0.0014451260000001298), (416360, 0.0017551640000004198), (442606, 0.0017242880000001293), (470507, 0.0016483550000003788), (500167, 0.0018012150000004112), (500167, 0.0018544089999998903), (531696, 0.0021623260000005473), (531696, 0.0019961940000001732), (565213, 0.0020449060000000685), (698631, 0.002474308000000036), (1540319, 0.00528751200000066), (1540319, 0.005350413000000387), (1597864, 0.005479031000000134), (1630758, 0.005681749000000735), (1630758, 0.00565958199999983), (1744186, 0.005988937999999777), (2057190, 0.007113198999999071), (2125366, 0.0073602049999994534), (2236441, 0.007674277999999646), (2236441, 0.007759540000000342), (2259343, 0.007824183000000318), (2305854, 0.00799954299999861), (2372582, 0.00814260599999983), (2416494, 0.00837072900000102), (2416494, 0.008373568999999748), (2506773, 0.008692414000000426), (2506773, 0.008680106999999992), (2553169, 0.008842475999999877), (2933211, 0.010119625999999826), (3156261, 0.010869680999999076), (3480110, 0.011969306999999318)], [(57, 1.0952000000230555e-05), (57, 0.00027904599999928337), (60, 1.37369999997361e-05), (60, 1.356299999955013e-05), (68, 1.4115000000813893e-05), (107, 1.2640999999646851e-05), (124, 7.559000000156857e-06), (124, 1.4250000001325702e-05), (144, 8.3910000000742e-05), (144, 1.1995999999570017e-05), (208, 1.3567999999963831e-05), (279, 1.0989999999821976e-05), (293, 8.678699999897788e-05), (293, 1.1047000000985463e-05), (293, 1.0647999999946478e-05), (293, 1.1996000001346374e-05), (308, 0.00045726799999989964), (308, 7.920999999910805e-06), (308, 1.0567999998656319e-05), (308, 1.2737999998790883e-05), (308, 1.4128000000113161e-05), (324, 8.990399999930787e-05), (324, 0.000268881999998527), (324, 1.06160000008515e-05), (324, 1.1520000001041808e-05), (324, 8.084000000962988e-06), (324, 8.323399999987657e-05), (324, 8.979400000086457e-05), (324, 1.3538000001034334e-05), (324, 8.677399999967861e-05), (324, 1.375699999961455e-05), (340, 1.0693000000117081e-05), (340, 1.1017000000279609e-05), (340, 1.0649000000029218e-05), (366, 1.1079000000080441e-05), (366, 8.672699999934252e-05), (366, 8.955200000038133e-05), (394, 0.0004619320000003313), (394, 1.1540000000920259e-05), (394, 0.0001748619999997203), (394, 1.337399999989941e-05), (394, 1.3514999999131305e-05), (423, 8.053000000174393e-06), (423, 1.1716999999578093e-05), (423, 0.00010080899999920234), (423, 1.4179000000780206e-05), (423, 1.4638999999760927e-05), (423, 1.2434000000283163e-05), (423, 1.375799999969729e-05), (455, 8.673600000008719e-05), (455, 0.00018267399999949419), (455, 1.1625000000847763e-05), (455, 1.4557000000081644e-05), (455, 1.4225999999339933e-05), (490, 8.090999999765813e-06), (490, 8.005999999838309e-06), (490, 1.0779999998433709e-05), (490, 1.0963999999447083e-05), (490, 1.3631999999930144e-05), (506, 9.289400000156434e-05), (558, 1.3610999999968953e-05), (577, 7.632999999174217e-06), (577, 1.179100000037181e-05), (589, 0.0007167290000005266), (613, 8.065999999473661e-06), (652, 0.0004519090000005832), (652, 1.1080000000163182e-05), (665, 0.0005346929999987537), (665, 8.091999999848554e-06), (665, 1.2352999998910263e-05), (665, 0.0002741310000011765), (693, 7.949000000451178e-06), (693, 8.00699999992105e-06), (707, 1.105599999995377e-05), (707, 1.2797000000119851e-05), (742, 1.0895000000843424e-05), (858, 0.0002727290000006377), (858, 1.4080999999777077e-05), (900, 1.4102999999821009e-05), (954, 8.544099999951982e-05), (983, 8.02499999963402e-06), (1082, 8.032000000213202e-06), (1222, 1.4267000000955932e-05), (1303, 9.190699999983565e-05), (1391, 1.134199999874852e-05), (1440, 8.843500000033089e-05), (1642, 9.383999999990067e-05), (1754, 9.047700000053283e-05), (1754, 0.0001016230000008278), (2000, 0.0001095250000009429), (2169, 0.000263702999999893), (2353, 9.377000000121427e-05), (2551, 8.610000000075502e-05), (2881, 0.00036656300000004194), (3000, 0.00012158500000047923), (3088, 0.0001150779999985474), (8000, 0.0005050730000011328), (10000, 0.00015382600000002356), (16643, 0.0005008330000002559), (17195, 9.663400000015088e-05), (17765, 0.00028477500000079203), (19352, 0.0003305149999999202), (22228, 0.0005392210000003672), (28270, 0.00028320100000023274), (64394, 0.0006337020000000138), (68175, 0.0006366060000004836), (89946, 0.0005306899999997228), (89946, 0.0008522249999991516), (96007, 0.0007701239999988729), (102060, 0.0011321390000009757), (117227, 0.0016510619999987597), (120619, 0.0007088260000003288), (120619, 0.0010553489999995946), (138546, 0.00150681099999872), (144309, 0.0010753110000010224), (144309, 0.0011610590000010745), (150311, 0.0015042540000003157), (153405, 0.0016209919999994327), (161752, 0.0016965720000001738), (167113, 0.002037989999999823), (184283, 0.0017096020000000323), (202393, 0.0018004950000012343), (207403, 0.0019838559999989513), (223189, 0.001712376000000404), (229647, 0.002109265999999721), (237258, 0.0016088139999990148), (251189, 0.0010919450000006492), (251189, 0.0012249129999997166), (257407, 0.0021531269999996994), (263778, 0.0022944750000011283), (273632, 0.0029994500000007918), (286178, 0.002155045999998606), (305460, 0.002236403999999581), (305460, 0.0024345669999998876), (315583, 0.0031079670000000448), (377564, 0.0031136119999999323), (391670, 0.003525005000000192), (391670, 0.0028643769999998625), (416360, 0.002437347999999062), (442606, 0.002868838999999568), (500167, 0.0035644129999994334), (542642, 0.004439811000001015), (565213, 0.0034471029999991742), (588724, 0.0038667120000006605), (1431371, 0.007749506999999767), (1521601, 0.007544007999999991), (1521601, 0.008227044999999933), (1597864, 0.008482823999999667), (1664328, 0.008386251999999317), (1702055, 0.010254949000000124), (1722992, 0.008393023), (1744186, 0.009046453999999926), (1765642, 0.010283409999999549), (1787361, 0.0112045339999991), (1809348, 0.010854772000000068), (1820442, 0.010220546999999414), (1831605, 0.010162876000000765), (1911683, 0.009963317000000416), (1959004, 0.01026798900000081), (1959004, 0.011496576999999064), (2057190, 0.010700703999999561), (2125366, 0.010286578000000546), (2142760, 0.011329098999999232), (2142760, 0.011335837000000737), (2160296, 0.011893304000000882), (2236441, 0.01140155100000051), (2259343, 0.011448768000001053), (2259343, 0.011969730999998873), (2282480, 0.011689123000000023), (2305854, 0.011640375999999009), (2329467, 0.010601697000000243), (2372582, 0.0122858860000008), (2372582, 0.012085983999998717), (2372582, 0.012373347000000479), (2416494, 0.011107889000001592), (2461220, 0.012013048000000026), (2461220, 0.011571724000001282), (2461220, 0.011683960000000937), (2461220, 0.012356490000000164), (2461220, 0.01234196599999926), (2506773, 0.012252935999999437), (2506773, 0.012679398999999592), (2506773, 0.012570852999999715), (2605728, 0.012602178999999936), (2659370, 0.012449566999999107), (2714115, 0.01212421500000005), (2714115, 0.012268844999999473), (2714115, 0.012555621000000627), (2714115, 0.01255180800000133), (2714115, 0.012350817999999819), (2769988, 0.012068499999999815), (2769988, 0.01250373199999899), (2827011, 0.012332407999998907), (2827011, 0.012646135999998975), (2827011, 0.012381647999999856), (2861977, 0.012646925000000309), (2861977, 0.012617956999999791), (2897375, 0.012488402999998982), (2933211, 0.012405282999999656), (2969491, 0.012406333000001268)], [(60, 8.161999998534952e-06), (60, 1.0888000000264242e-05), (60, 0.00019542700000130253), (64, 1.2319000001426161e-05), (92, 0.00017479800000153034), (92, 1.3616000000382655e-05), (92, 1.4580000000208315e-05), (92, 1.4024000000389947e-05), (144, 0.0008203719999997361), (208, 9.652000000137662e-05), (266, 1.2555000001412964e-05), (279, 8.43299999964131e-06), (279, 1.2095000000655887e-05), (279, 1.1820000000994924e-05), (279, 0.00028079400000002863), (279, 8.303999999625944e-06), (279, 0.0001809340000011872), (279, 0.00018752899999974204), (279, 1.254500000058556e-05), (279, 1.1706000000444305e-05), (279, 1.534500000133221e-05), (293, 0.0002785989999996019), (293, 1.2560999998356692e-05), (293, 1.5165000000649798e-05), (293, 1.2519000000210667e-05), (308, 1.2671000000352706e-05), (308, 1.156300000104693e-05), (308, 7.864999998830058e-06), (308, 1.0243000000187408e-05), (308, 8.820299999889869e-05), (308, 0.00018239399999941952), (308, 0.00037337399999870513), (308, 8.583600000022784e-05), (308, 1.5498999999863372e-05), (308, 1.4917999999752851e-05), (308, 1.2134000000330047e-05), (308, 1.219800000029636e-05), (308, 0.000289361000000099), (308, 1.524600000024634e-05), (308, 1.4931000000828476e-05), (324, 8.0619999991427e-06), (324, 0.00017863799999950913), (324, 0.00045661399999907815), (324, 1.5077000000474072e-05), (324, 1.3787000000320404e-05), (340, 1.2515999999962446e-05), (340, 1.0623999999737066e-05), (340, 0.00027575500000054376), (340, 1.2413000000321972e-05), (340, 1.2578000001539635e-05), (340, 1.2278999999892903e-05), (340, 0.00019225099999964357), (340, 1.2000999999983719e-05), (340, 0.0004589399999996857), (366, 1.2938000001128103e-05), (366, 1.2597000001335346e-05), (366, 1.082900000071163e-05), (366, 0.00046284799999973814), (366, 0.00028378799999906335), (366, 1.439800000113678e-05), (366, 1.1687999998954979e-05), (394, 0.00045743299999934095), (394, 1.2156000000373979e-05), (394, 7.6030000002447196e-06), (394, 1.0151999999763461e-05), (394, 1.5635999998764305e-05), (394, 0.0001948709999997078), (394, 1.5556999999333243e-05), (423, 0.00038568999999988307), (423, 9.164999999988765e-05), (423, 1.3571000000212052e-05), (423, 8.593999999995106e-05), (423, 0.0002808569999999122), (455, 1.2735000000319019e-05), (455, 1.2569000000794972e-05), (455, 8.196999999654508e-06), (455, 7.883000000319385e-06), (455, 1.2779000000406882e-05), (455, 0.00018761900000008325), (455, 8.793599999989965e-05), (490, 1.1982999998494392e-05), (490, 1.5415000000018608e-05), (490, 1.5378000000509928e-05), (540, 1.2442000000945086e-05), (540, 1.3661000000553258e-05), (558, 1.0518999999931111e-05), (558, 1.0972000000109006e-05), (639, 1.0913000000556394e-05), (639, 0.00018566299999989155), (652, 1.1127999998805649e-05), (652, 0.00018062799999896129), (679, 0.00018934000000037088), (679, 0.00046384000000010417), (693, 0.00018787299999978302), (693, 0.00019002099999987365), (693, 1.2663999999773523e-05), (693, 8.875500000016245e-05), (707, 1.0520000000013852e-05), (707, 8.62270000006049e-05), (707, 8.542899999852693e-05), (707, 0.0002031860000002439), (707, 1.5099000000518004e-05), (742, 0.00010280299999898546), (779, 1.5236000001195293e-05), (900, 8.6558999999653e-05), (900, 0.00018923300000039944), (927, 1.4996999999183913e-05), (954, 1.1044000000737242e-05), (1069, 0.0002671830000000597), (1069, 1.4808999999615935e-05), (1069, 1.491299999933915e-05), (1096, 1.2232000001333176e-05), (1324, 8.965399999993906e-05), (1369, 1.5984999999218985e-05), (1414, 1.0659999999163006e-05), (1419, 1.4918999999835592e-05), (1424, 8.066999999556401e-06), (1430, 9.705000000082009e-06), (1435, 0.0002885769999991794), (1435, 1.5506999998748938e-05), (1538, 0.00010447999999918522), (1642, 0.00011655499999996266), (1642, 0.00012004199999893217), (2000, 0.0003679220000005756), (2083, 0.00017728799999972011), (2169, 9.949800000086384e-05), (2767, 0.00011140700000034087), (2881, 0.00011758600000000285), (3000, 8.778499999984035e-05), (3000, 0.0001089509999996352), (3271, 0.0002506230000012266), (3271, 0.0002136809999999656), (3367, 0.0005287159999998181), (3777, 9.262799999909532e-05), (3887, 0.0005641619999998682), (4000, 0.00022980299999986187), (4000, 9.103100000018571e-05), (4183, 0.0004987629999995136), (4573, 0.00014508000000112986), (4782, 0.0005757319999997179), (5000, 0.00014338000000080342), (8365, 0.0003660080000003063), (11393, 0.0004647979999994334), (17195, 0.00046817900000029056), (19352, 0.00020550099999994131), (22228, 0.0005063800000009167), (23822, 0.0002807680000014301), (27141, 0.00018642800000101545), (27700, 0.0002490460000004191), (32737, 0.0006067739999995325), (32737, 0.0006390610000011065), (32737, 0.000831374000000551), (37603, 0.0020524500000007606), (44260, 0.0009111229999998471), (47435, 0.0008543669999987458), (58394, 0.0008041159999994107), (79595, 0.0008885710000008373), (87774, 0.0019529940000015955), (89946, 0.001525497999999459), (96007, 0.0016152419999997392), (100001, 0.001944878999999844), (102060, 0.0013305540000008165), (107175, 0.0017271779999994408), (108936, 0.0023592550000000045), (110726, 0.0024701399999997875), (113930, 0.0028754099999996896), (117227, 0.0023609989999986425), (124109, 0.0020116440000013114), (130329, 0.0028263049999992518), (133012, 0.002444715999999403), (135751, 0.0010638540000016405), (144309, 0.002509857000001503), (153405, 0.0030401199999996464), (159136, 0.0018428390000000405), (172651, 0.002045186000000143), (190390, 0.0034287049999992547), (199933, 0.003987413999999134), (199933, 0.0032105780000009077), (207403, 0.002981533999999897), (207403, 0.0030384370000007266), (209956, 0.002174303999998628), (215151, 0.0022541059999987567), (225934, 0.003996961000000354), (233422, 0.003507879000000713), (233422, 0.004417949000000476), (237258, 0.0040365940000004485), (237258, 0.003446789999999922), (245121, 0.004520945999999526), (254279, 0.0029685950000004624), (254279, 0.004039818999999056), (286178, 0.004073180000000676), (305460, 0.0030583859999993024), (305460, 0.0046682100000001725), (315583, 0.0033916850000004217), (315583, 0.0035926070000016352), (326042, 0.004138778999999815), (326042, 0.0057824580000005454), (350859, 0.004502194999998821), (350859, 0.003799860999999183), (350859, 0.0030299139999989677), (377564, 0.0049475539999992435), (377564, 0.0045316020000001345), (391670, 0.005317172999999897), (416360, 0.00638282100000076), (470507, 0.00591791999999991), (470507, 0.003744171999999324), (470507, 0.004636219999998303), (470507, 0.005907712000000842), (500167, 0.005083153000001062), (531696, 0.005822191000000032), (553812, 0.003991336000000345), (553812, 0.006604161000000275), (553812, 0.005556307000000871), (565213, 0.006049297000000564), (588724, 0.006211343000000369), (588724, 0.006921848999999369), (588724, 0.0066426369999987855), (829057, 0.007975346000000272), (983831, 0.010905452000001148), (983831, 0.009011792000000796), (983831, 0.007896345000000693), (1167500, 0.011812441000000007), (1167500, 0.01015479500000005), (1521601, 0.012397715000000531), (1521601, 0.013393781000001326), (1540319, 0.011991451000000097), (1540319, 0.015230046000000996), (1559266, 0.013205317999998911), (1559266, 0.013823249999999732), (1559266, 0.01214334199999989), (1578447, 0.013147120000001067), (1578447, 0.012842841999999521), (1614227, 0.01459743600000074), (1630758, 0.014893932999999748), (1681372, 0.011655587999999995), (1681372, 0.012788433000000765), (1722992, 0.014877565000000814), (1744186, 0.013756997999999854), (1744186, 0.014117153000000826), (1744186, 0.014933403000000567), (1765642, 0.01235801800000047), (1765642, 0.015542797000000164), (1787361, 0.014592307000000915), (1798321, 0.015479111999999517), (1809348, 0.015428044000000085), (1820442, 0.014519505000000876), (1820442, 0.01563469999999967), (1831605, 0.015097145000000367), (1831605, 0.013293403000000481), (1842836, 0.014854078999999132), (1865505, 0.015073701000000383), (1888453, 0.015524285999999776), (1911683, 0.013839646000000982), (1911683, 0.015987273000000357), (1991201, 0.013725429000000844), (1991201, 0.01387103899999964), (1991201, 0.01580249100000053), (2023926, 0.014562202999998775), (2057190, 0.015737214999999694), (2091000, 0.01623579700000022), (2160296, 0.01504377600000062), (2177976, 0.01563089299999909), (2195801, 0.01543846900000112), (2236441, 0.016353784999999732), (2259343, 0.015543800999999746), (2305854, 0.01702453899999945), (2305854, 0.01701888899999915), (2329467, 0.016130074000001215), (2372582, 0.015661073000000414), (2372582, 0.017484778000000034), (2372582, 0.016840142999999586), (2372582, 0.017041575000000364), (2416494, 0.015928120999999962), (2416494, 0.016975523999999353), (2416494, 0.01649367399999946), (2461220, 0.016362831000000355), (2461220, 0.0166847489999995), (2461220, 0.01726043699999913), (2506773, 0.016971010000000675), (2506773, 0.017178883999999783), (2506773, 0.017206507000000926), (2506773, 0.017104924999999938), (2605728, 0.016830069999999253), (2605728, 0.017150663000000677), (2605728, 0.017468035999998577), (2605728, 0.017461814999998992), (2714115, 0.016799423000000147), (2714115, 0.016984541999999436), (2714115, 0.01767985200000055), (2769988, 0.01736074399999943), (2769988, 0.017558452000001168), (2827011, 0.017144429000000017), (2861977, 0.016945744999999235), (2861977, 0.017256445999999315), (2897375, 0.017040484999998995), (2933211, 0.01763738100000012), (3105433, 0.017630899000000255), (3156261, 0.017141406999998665), (3368477, 0.01733824699999964), (3368477, 0.01775774599999913)], [(57, 0.0002903439999997204), (60, 8.225000000194882e-06), (64, 1.014899999951524e-05), (64, 1.5919000000863548e-05), (68, 1.35110000005767e-05), (68, 0.00038778699999930666), (79, 1.3774000001021136e-05), (79, 1.3848000000038496e-05), (144, 0.0006522110000002357), (144, 1.7037000000996727e-05), (163, 8.214999999367478e-06), (184, 1.2465999999378141e-05), (184, 1.6970999999088576e-05), (235, 1.0196999999934064e-05), (235, 1.2626999998488486e-05), (266, 0.00029877200000072435), (266, 0.00010596799999973427), (279, 8.0269999997995e-06), (279, 1.3069999999615334e-05), (279, 0.00019154099999951768), (279, 1.3230000000419295e-05), (279, 0.0003908289999987602), (279, 0.00029029099999888786), (293, 9.103499999874032e-05), (293, 1.4324000000343062e-05), (293, 9.33799999991436e-06), (293, 1.0256999999569416e-05), (293, 1.2910999998894113e-05), (293, 1.294800000017915e-05), (293, 1.3799000001313289e-05), (293, 1.3098000000155707e-05), (293, 0.0001826180000001898), (293, 0.00037214200000157405), (293, 1.69840000001642e-05), (293, 1.4152000000322573e-05), (293, 1.6696999999510354e-05), (308, 8.685000000951959e-06), (308, 8.252000000652515e-06), (308, 0.00018256199999910905), (308, 1.3415999999821793e-05), (308, 1.336999999956845e-05), (308, 9.305000000026098e-05), (308, 1.2999999999152578e-05), (308, 0.0002940089999992068), (308, 0.000492455999999919), (308, 1.7054000000626957e-05), (308, 1.1933000001462801e-05), (308, 1.646099999952355e-05), (308, 1.6505999999694154e-05), (308, 1.694700000065552e-05), (324, 0.0006816199999999384), (324, 0.00019189899999894067), (324, 0.00028306199999938997), (324, 0.0001891730000007641), (324, 1.352600000004145e-05), (324, 9.636000000057265e-05), (340, 1.0179000000221095e-05), (340, 8.662999999131671e-06), (340, 7.69499999897505e-06), (340, 8.336000000497279e-06), (340, 1.2873999999385433e-05), (340, 0.0003908460000001668), (366, 8.423000000590264e-06), (366, 0.00018655000000045163), (366, 0.0001836719999985803), (366, 1.3062000000729768e-05), (366, 1.3068999999532593e-05), (366, 0.00028138899999952116), (366, 1.6639000000040483e-05), (366, 1.5336000000587546e-05), (366, 0.000754460999999651), (366, 0.0003832590000012459), (366, 1.6589999999538918e-05), (394, 0.0003839640000009581), (394, 1.398699999910491e-05), (394, 1.4020000000058985e-05), (394, 0.0002957399999985455), (394, 0.00018859599999920817), (394, 1.3020000000807386e-05), (394, 0.0001837230000010237), (394, 0.0003766380000005398), (394, 0.00018210700000054203), (394, 1.7752000001536317e-05), (394, 1.3860999999337764e-05), (394, 0.00019719999999878723), (423, 1.38580000008659e-05), (423, 7.88999999912221e-06), (423, 8.911000000111358e-06), (423, 0.0001912019999998904), (423, 1.3137000001606225e-05), (423, 8.156999999897607e-06), (423, 0.0003038499999998834), (423, 0.0002813630000009226), (423, 1.609299999927316e-05), (423, 1.3597000000586945e-05), (455, 1.3168999998924846e-05), (455, 1.3886999999712657e-05), (455, 1.028500000010979e-05), (455, 1.34360000014766e-05), (455, 9.193600000045876e-05), (455, 0.00037734700000058297), (455, 1.6063999998650047e-05), (455, 1.590300000131606e-05), (455, 1.6408000000467382e-05), (490, 7.691000000420445e-06), (490, 0.0002957180000002779), (490, 1.3136999999829868e-05), (490, 0.0002859490000002296), (490, 0.0003875969999995732), (490, 1.2484000000867468e-05), (506, 1.4047000000516618e-05), (523, 8.710600000050306e-05), (523, 1.2097000000821367e-05), (523, 1.3467000000488838e-05), (540, 1.6472000000433695e-05), (558, 0.0003874829999990226), (558, 1.5690999999762312e-05), (601, 1.305200000167872e-05), (601, 1.4275999999924238e-05), (601, 0.00029207300000066994), (626, 0.00037841299999996636), (652, 8.122999998860791e-06), (652, 0.00019478799999994578), (652, 0.00019093700000105684), (652, 0.0002882490000004623), (652, 1.7856999999565915e-05), (665, 0.00019021700000010355), (665, 0.0003859219999995389), (665, 1.613200000072368e-05), (665, 1.6298000000247725e-05), (665, 0.000185582000000295), (665, 9.023999999868693e-05), (679, 9.72289999996434e-05), (679, 1.7457000000220546e-05), (693, 0.00017471900000032292), (693, 1.4867999999168546e-05), (693, 1.2690000000148416e-05), (693, 1.6204999999658298e-05), (707, 7.923000000076286e-06), (707, 8.685799999952337e-05), (707, 9.37699999958852e-06), (707, 1.238800000002982e-05), (707, 1.2338000001221872e-05), (707, 9.688499999960243e-05), (779, 1.2970000000223081e-05), (779, 8.82990000015127e-05), (779, 8.977500000106886e-05), (858, 1.3567999999963831e-05), (927, 0.0003857749999998106), (954, 0.00018758299999888095), (983, 0.00019275400000040577), (983, 9.015200000028756e-05), (1042, 1.3985000000715786e-05), (1042, 1.5293000000582424e-05), (1055, 0.0003863370000001254), (1055, 1.6898000000153957e-05), (1069, 1.0471999999595027e-05), (1069, 8.254000000817996e-06), (1096, 0.00020493800000132012), (1110, 8.809000000553624e-06), (1110, 8.186999998827105e-06), (1110, 8.710000000000662e-05), (1110, 1.181000000016752e-05), (1110, 0.0005885620000007918), (1110, 0.0003970679999998339), (1324, 1.4441999999448285e-05), (1324, 8.332000000166317e-06), (1369, 1.6756999999145705e-05), (1391, 8.463700000049812e-05), (1391, 1.5095000000187042e-05), (1414, 0.00010268299999971475), (1419, 1.3980000000302084e-05), (1419, 1.2646000000060553e-05), (1430, 0.00018756999999958168), (1435, 1.5980999998888024e-05), (1435, 0.00019359999999934985), (1440, 1.2381999999533377e-05), (1538, 8.946300000012286e-05), (1538, 0.00012530600000104641), (1642, 0.00010649100000037492), (1642, 0.00020910699999987514), (1754, 0.00010706000000126892), (1754, 0.00010607499999970571), (1873, 0.00018452800000012815), (2000, 0.00010100900000153956), (2083, 8.811499999872296e-05), (2083, 0.0003258840000004426), (2551, 8.79610000001918e-05), (2551, 0.00011706199999927946), (2657, 0.00013330200000005732), (2881, 0.00011068399999913936), (3000, 0.0006629339999992823), (3000, 0.00016473299999830715), (3271, 8.634900000004109e-05), (4573, 0.0001316689999999454), (4573, 0.00012947499999960144), (5000, 0.000215017999998679), (7130, 0.00016205599999885578), (7130, 0.00013474799999890763), (7130, 0.00016332000000041091), (7553, 0.0001824219999999599), (13855, 0.0005255279999989426), (15466, 0.0004686629999994807), (16917, 0.00038116700000045967), (20740, 0.0005057850000014241), (25531, 0.000858121000000267), (26593, 0.00036562000000017747), (27700, 0.0012705489999991215), (29687, 0.0006979079999993587), (31175, 0.001101119000001205), (34378, 0.0004609200000000868), (34378, 0.0008351389999994296), (37603, 0.0006016420000012346), (40796, 0.0011423780000008321), (47435, 0.0010456699999998875), (50838, 0.0018734279999996772), (54485, 0.0010934930000008336), (62583, 0.0020815899999995224), (62583, 0.0022598659999992776), (64394, 0.0019692029999998084), (66258, 0.002080563999999896), (66258, 0.0023298239999984816), (75796, 0.0006989420000014235), (77672, 0.0024606019999993123), (85653, 0.002210284000000229), (89946, 0.0022792220000003027), (96007, 0.002124307000000769), (96007, 0.0006668410000010283), (97984, 0.001019046999999773), (107175, 0.0038266819999996926), (117227, 0.003353991999999195), (127700, 0.002778534000000832), (133012, 0.0038716460000003394), (135751, 0.00402545999999937), (135751, 0.003566460000000049), (138546, 0.004149208000001181), (141398, 0.0024380190000012902), (150311, 0.003574182000001258), (153405, 0.002536380999998755), (156563, 0.004224959000000084), (161752, 0.002106008000000159), (172651, 0.0028318079999998247), (172651, 0.004592918000000168), (178372, 0.002975333000000191), (178372, 0.00299145600000017), (187312, 0.0025619299999988243), (190390, 0.0010886220000010383), (190390, 0.005121293000000193), (209956, 0.0034645649999998085), (209956, 0.0021109759999990985), (215151, 0.004270888000000639), (217798, 0.0044348930000008835), (220477, 0.005929427999999959), (220477, 0.0034509069999995035), (229647, 0.0023047089999987946), (245121, 0.006078331000001214), (248136, 0.006970752000000857), (257407, 0.005224121999999554), (260573, 0.005664300999999483), (263778, 0.004820807999999843), (273632, 0.00483498200000021), (286178, 0.003907476999998494), (305460, 0.007349622999999639), (315583, 0.0033938569999989454), (315583, 0.0057516740000007616), (326042, 0.0038852889999994034), (326042, 0.006918301000000682), (338223, 0.004255415999999457), (338223, 0.00564548899999906), (338223, 0.007827198999999396), (363967, 0.006514362999999079), (377564, 0.005629321999998993), (377564, 0.005886228000001381), (377564, 0.007189256000000199), (416360, 0.006286956000000288), (416360, 0.007273088999999899), (470507, 0.008962149000000252), (470507, 0.006504984999999408), (500167, 0.009444515000000209), (531696, 0.008168935000000488), (542642, 0.006246352999999871), (588724, 0.009181115000000517), (1521601, 0.016703468999999416), (1521601, 0.017471113000000926), (1521601, 0.018957137000001012), (1540319, 0.01937293100000126), (1559266, 0.017940551000000582), (1559266, 0.021413472999999072), (1559266, 0.019489599999999996), (1578447, 0.02061100599999932), (1578447, 0.0209900619999992), (1614227, 0.018680350000000345), (1614227, 0.016551680000000957), (1630758, 0.01953877899999945), (1647457, 0.016599934999998567), (1647457, 0.017488628999998923), (1647457, 0.01794095600000034), (1664328, 0.019691318999999652), (1681372, 0.02149751600000016), (1702055, 0.01908199399999866), (1702055, 0.021481198000000035), (1702055, 0.022049632999999957), (1722992, 0.019589620999999724), (1722992, 0.019411687999999927), (1765642, 0.022207809000001077), (1765642, 0.02088959800000012), (1787361, 0.020677274000000523), (1787361, 0.01772858900000074), (1787361, 0.020950992999999585), (1787361, 0.02153115800000016), (1798321, 0.020879118999999946), (1809348, 0.023416003999999546), (1820442, 0.018968305999999657), (1820442, 0.019014152999998757), (1820442, 0.022221523000000687), (1820442, 0.022771524000001264), (1831605, 0.02172083700000016), (1842836, 0.01980690999999979), (1842836, 0.021757460999999978), (1888453, 0.019653381999999553), (1888453, 0.02237496800000116), (1911683, 0.020196694000000903), (1911683, 0.01854497300000091), (1911683, 0.02197240199999939), (1935199, 0.02155704400000147), (1935199, 0.023586389000000096), (2023926, 0.0228204139999999), (2057190, 0.02249065799999883), (2057190, 0.02384796900000019), (2091000, 0.020717768000000802), (2091000, 0.021063962999999575), (2091000, 0.023500746999999933), (2125366, 0.019914002000000153), (2125366, 0.023205003999999363), (2142760, 0.021859530000000404), (2142760, 0.022613663999999645), (2160296, 0.022006506000000314), (2177976, 0.022279594000000458), (2177976, 0.02392769499999936), (2177976, 0.023422479999998913), (2195801, 0.020886713000001222), (2195801, 0.023815252000000342), (2213771, 0.023440678000000048), (2236441, 0.023711843000000954), (2259343, 0.022793909000000667), (2329467, 0.021594202999999368), (2372582, 0.024383329999999148), (2372582, 0.023669417999999), (2372582, 0.02501423200000019), (2416494, 0.023943351999999862), (2416494, 0.02402165799999878), (2416494, 0.0218944969999999), (2416494, 0.02523543000000039), (2416494, 0.024128913000000196), (2416494, 0.025224998000000554), (2461220, 0.022739147000001125), (2461220, 0.02415705099999954), (2461220, 0.02477059799999992), (2461220, 0.02528261100000151), (2461220, 0.02498471899999899), (2506773, 0.023762673000000234), (2506773, 0.023515775999999988), (2506773, 0.023948691999999383), (2506773, 0.025084494999999762), (2506773, 0.025371884000000122), (2506773, 0.025513894000001258), (2553169, 0.022941458000000026), (2553169, 0.024466828999999635), (2553169, 0.025527662999998313), (2553169, 0.025200423000001138), (2553169, 0.02506220199999909), (2553169, 0.025169225999999156), (2605728, 0.024012039000000485), (2605728, 0.025062541000000493), (2659370, 0.024438334999999256), (2659370, 0.025126576999999983), (2659370, 0.024916716999999977), (2659370, 0.025201188000000485), (2714115, 0.023118361999999948), (2714115, 0.024823008000000257), (2714115, 0.024982784000000535), (2714115, 0.02433584399999944), (2714115, 0.025500257000000914), (2769988, 0.025441160999999823), (2769988, 0.025322173999999364), (2827011, 0.02530346799999883), (2827011, 0.025101432000001367), (2861977, 0.025045735999999152), (2897375, 0.025245766999999475), (2933211, 0.02573349100000044), (2969491, 0.025826362000000103), (2969491, 0.02424912200000051), (3006219, 0.025748718000000892), (3055423, 0.025818979000000297), (3105433, 0.02541618799999945), (3260426, 0.02597857800000014), (3368477, 0.025713488999999257), (3595441, 0.025365273000000244), (3837698, 0.025878353999999604), (3837698, 0.02580378900000113)]]
==========
scripts/r2p2/post-process/saved_experiment_outputs/FE_incast_12host_10to1_12host_fbCacheFollowerDist_load_fullsweep_5000ns_1to40flo_fromjson_sideloaded/FE_incast_12host_fullsweep_10to1_12host_fbCacheFollowerDist_load_fullsweep_5000ns_1to40flo_fromjson_2025-08-22T_18-30-29Z.log
scripts/r2p2/post-process/saved_experiment_outputs/FE_incast_12host_10to1_12host_fbCacheFollowerDist_load_fullsweep_5000ns_1to40flo_fromjson_sideloaded/FE_incast_12host_fullsweep_dctcp_xpass_10to1_12host_fbCacheFollowerDist_load_fullsweep_5000ns_1to40flo_fromjson_dctcp_xpass_2025-08-24T_11-16-52Z.log
scripts/r2p2/post-process/saved_experiment_outputs/FE_incast_12host_10to1_12host_fbCacheFollowerDist_load_fullsweep_5000ns_1to40flo_fromjson_sideloaded/ssird_FE_incast_10to1_12host_fbCacheFollowerDist_load_fullsweep_5000ns_fromjson_sideloaded_2025-08-22T_18-30-29Z.txt
scripts/r2p2/post-process/saved_experiment_outputs/FE_incast_12host_fullsweep__12host_fbCacheFollowerDist_load_fullsweep_5000ns_1to40flo_fromjson_dctcp61-49/FE_incast_12host_fullsweep_10to1_12host_fbCacheFollowerDist_load_fullsweep_5000ns_1to40flo_fromjson_dctcp61-49_2025-08-29T_08-09-47Z.log
----------
FE_incast_12host_10to1_12host_fbCacheFollowerDist_loadtest_5000ns_1to40flo_2025-08-20T_22-41-02Z.json
