placeholder: fbCacheFollower full loadsweep v3 srpt experiments
----------
FE_incast_12host_10to1_12host_fbCacheFollowerDist_loadtest_5000ns_1to40flo_2025-08-27T_13-42-30Z.json
==========
ssird_app_trace files:
/data/dh1723/SIRD-Simulator/scripts/r2p2/coord/results/SSIRD-FE_incast_12host_fullsweep_v3__12host_fbCacheFollowerDist_load_fullsweep_5000ns_1to40flo_fromjson_ssird__1flo-2Gbps-1458B-5000ns-2025-08-28T_00-58-44Z/data/SSIRD/60/applications_trace.str
/data/dh1723/SIRD-Simulator/scripts/r2p2/coord/results/SSIRD-FE_incast_12host_fullsweep_v3__12host_fbCacheFollowerDist_load_fullsweep_5000ns_1to40flo_fromjson_ssird__5flo-2Gbps-1458B-5000ns-2025-08-28T_00-58-44Z/data/SSIRD/60/applications_trace.str
/data/dh1723/SIRD-Simulator/scripts/r2p2/coord/results/SSIRD-FE_incast_12host_fullsweep_v3__12host_fbCacheFollowerDist_load_fullsweep_5000ns_1to40flo_fromjson_ssird__10flo-2Gbps-1458B-5000ns-2025-08-28T_00-58-44Z/data/SSIRD/60/applications_trace.str
/data/dh1723/SIRD-Simulator/scripts/r2p2/coord/results/SSIRD-FE_incast_12host_fullsweep_v3__12host_fbCacheFollowerDist_load_fullsweep_5000ns_1to40flo_fromjson_ssird__14flo-2Gbps-1458B-5000ns-2025-08-28T_00-58-44Z/data/SSIRD/60/applications_trace.str
/data/dh1723/SIRD-Simulator/scripts/r2p2/coord/results/SSIRD-FE_incast_12host_fullsweep_v3__12host_fbCacheFollowerDist_load_fullsweep_5000ns_1to40flo_fromjson_ssird__17flo-2Gbps-1458B-5000ns-2025-08-28T_00-58-44Z/data/SSIRD/60/applications_trace.str
/data/dh1723/SIRD-Simulator/scripts/r2p2/coord/results/SSIRD-FE_incast_12host_fullsweep_v3__12host_fbCacheFollowerDist_load_fullsweep_5000ns_1to40flo_fromjson_ssird__20flo-2Gbps-1458B-5000ns-2025-08-28T_00-58-44Z/data/SSIRD/60/applications_trace.str
dctcp_app_trace files:
xpass_app_trace files:
##########

Flowspecs loaded from saved json file: FE_incast_12host_10to1_12host_fbCacheFollowerDist_loadtest_5000ns_1to40flo_2025-08-27T_13-42-30Z.json
Workload name: Facebook_CacheFollowerDist_IntraCluster.txt
Protos tested: ['SSIRD']
Topo Yaml File: 12-hosts-dumbbell.yaml
Src-Dst pairs list: [(1, 0), (2, 0), (3, 0), (4, 0), (5, 0), (6, 0), (7, 0), (8, 0), (9, 0), (10, 0)]
Num Flows: [1, 5, 10, 14, 17, 20, 25, 30, 40]
Byteload Size (B): [1458, 1458, 1458, 1458, 1458, 1458, 1458, 1458, 1458]
Flow size distr workload: Facebook_CacheFollowerDist_IntraCluster.txt
Target Mean Byteload Interval (ns): [5000, 5000, 5000, 5000, 5000, 5000, 5000, 5000, 5000]
Target Flow Rate (Gbps): 2.3328
Num Byteloads: [1752, 2, 1, 181, 1, 2, 1, 2, 1, 1900, 1519, 171, 1, 1, 52, 1752, 106, 286, 1, 1, 1057, 801, 1900, 2062, 1, 1628, 1, 2, 1, 1628, 4, 1226, 1900, 1154, 1, 2096, 1182, 1900, 241, 1, 224, 1057, 1720, 1, 1, 8, 1, 1, 161, 1, 1, 2, 1, 2, 1, 1, 1, 4, 28, 1519, 38, 1344, 1280, 1, 1, 11, 2548, 1788, 115, 1, 1, 1, 1900, 1, 1, 1, 1, 1, 1, 108, 1752, 1257, 1628, 5, 66, 1, 1658, 1689, 1296, 1, 2, 1, 1, 1057, 1, 4, 1, 1, 1, 1, 1, 1, 1, 1470, 1788, 158, 373, 121, 1, 1, 73, 1, 1, 396, 380, 1, 1, 1507, 86, 38, 1, 1044, 1534, 26, 1, 1939, 1, 1988, 1658, 106, 1, 1, 2, 1988, 1, 1598, 1, 224, 1, 3, 2387, 1, 1168, 1, 1257, 1234, 106, 1, 1411, 1752, 1044, 259, 1411, 1, 1, 1168, 1, 1328, 1470, 1582, 1, 1824, 1598, 1, 1, 1280, 1, 1312, 1, 2, 19, 190, 1, 1, 1658, 1, 373, 1, 1, 1, 1, 1, 232, 1, 83, 1, 1658, 1, 2, 1, 50, 1, 173, 1070, 110, 217, 1, 38, 2, 181, 1, 1658, 1, 1, 1, 1, 1, 1, 1507, 1, 1, 1752, 1900, 1, 1241, 1494, 1, 1, 1, 1083, 1689, 1344, 1, 269, 1, 1, 8, 2062, 55, 1, 1519, 1, 197, 31, 1566, 1, 1, 1, 1550, 1, 1, 801, 1689, 72, 1, 2, 1598, 2, 1939, 1, 1, 1, 1689, 1, 1, 14, 175, 1142, 1, 1752, 1, 1, 1628, 1507, 99, 1, 1550, 20, 1, 1, 2237, 569, 1, 1, 344, 998, 1788, 1344, 1, 171, 1, 2012, 9, 1788, 2387, 1598, 10, 104, 1, 88, 104, 1, 1, 51, 6, 19, 1, 1788, 396, 65, 1, 1, 1, 1, 1, 1280, 1900, 1, 1, 1, 25, 8, 1, 1720, 1862, 123, 1, 179, 125, 323, 250, 1154, 1, 951, 2130, 2, 3, 1, 2165, 1, 1, 1, 1312, 1, 4, 9, 1, 1, 1, 1788, 2, 1, 1, 1, 171, 1, 184, 1, 203, 1, 2201, 404, 1, 1, 388, 1, 1, 1, 1, 1862, 1226, 1689, 1824, 139, 2130, 1, 1212, 1, 2467, 1, 1, 1119, 1, 1, 135, 1044, 1988, 138, 998, 1, 1, 1752, 1, 1, 3, 1, 1, 145, 1, 1, 1435, 1, 2012, 1689, 1, 9, 47, 1, 1, 1, 1824, 1963, 1, 141, 1, 1, 2, 1, 1, 1, 1494, 1, 1, 17, 125, 1, 1, 269, 1689, 1, 108, 1328, 1264, 1344, 1534, 1, 1, 148, 1988, 102, 7, 1, 1, 1, 1, 184, 1, 171, 1, 111, 380, 396, 64, 1, 1628, 1988, 1096, 1, 1312, 121, 1, 1628, 1, 1, 1, 982, 1312, 1, 1119, 1752, 1044, 181, 1, 1280, 259, 1, 1, 1389, 269, 1015, 1470, 1, 1, 1, 197, 1, 1, 2062, 175, 1, 1900, 1, 2, 6, 139, 1788, 269, 1, 1, 188, 1296, 1, 380, 1752, 250, 1, 197, 83, 1, 269, 1, 1, 1, 1566, 1, 1, 2, 1, 72, 79, 2, 79, 2, 1435, 1752, 1, 1, 1824, 1389, 3, 41, 1550, 12, 1, 1, 966, 163, 15, 1234, 1083, 15, 1, 1, 1, 1, 1, 1, 1389, 17, 59, 1280, 1, 1, 269, 1862, 1, 1550, 1, 2, 2, 1, 1, 1, 951, 1658, 1, 197, 1, 1, 139, 1, 1, 1, 210, 1, 269, 1, 1752, 9, 1328, 152, 1, 1, 1, 26, 1752, 269, 1, 1628, 1628, 163, 1, 88, 1, 1, 1, 161, 1, 5, 1, 323, 1142, 1, 1, 1264, 1, 1, 1389, 1939, 38, 1, 1, 1280, 1788, 113, 1, 1, 181, 1, 55, 1296, 1, 1939, 1031, 1, 1, 3, 203, 1788, 1234, 6, 1, 1389, 404, 1470, 1, 1, 1344, 286, 286, 1, 1, 1168, 1, 2062, 2062, 1, 2, 1824, 1824, 1, 1658, 72, 1108, 217, 1494, 304, 1, 1057, 1, 1, 21, 241, 304, 197, 1083, 4, 145, 1, 1312, 1628, 1, 1, 1, 1519, 259, 2062, 1, 1, 1, 125, 1257, 1720, 1507, 1, 1197, 1, 1, 197, 1, 1, 139, 1, 1, 110, 175, 197, 141, 344, 1, 1, 1226, 2311, 1, 1, 1566, 1, 210, 1, 1, 2, 41, 1, 1, 404, 1, 1, 2, 1, 1, 4, 1083, 1, 1, 1, 1264, 1900, 1, 1534, 139, 1182, 9, 1, 1070, 380, 1963, 190, 1057, 1, 1, 3, 1, 138, 166, 1, 1, 1, 1, 1, 2, 1, 184, 2, 5, 1788, 1, 1, 1, 104, 1280, 1, 1212, 12, 286, 1249, 1, 1, 1366, 1, 203, 1, 181, 1, 2, 135, 12, 1, 181, 1, 1582, 1, 1, 1, 1, 18, 1411, 2012, 1963, 1, 1628, 1, 2, 1939, 1, 152, 2165, 1824, 1, 146, 1, 1, 1, 43, 1470, 1, 1788, 3, 1, 1, 232, 1720, 1, 1, 1, 1, 1, 1, 259, 1, 1, 1, 5, 1, 1, 1507, 2012, 111, 1598, 1, 1519, 1752, 1, 1, 86, 1212, 5, 1507, 1, 1264, 1, 1824, 1, 1096, 1, 1900, 1, 1470, 1658, 1, 1168, 104, 2, 155, 197, 18, 1, 1142, 18, 1, 569, 1550, 1, 1, 675, 1, 1689, 1119, 1, 250, 1366, 1, 154, 1, 1, 1, 951, 1, 1142, 152, 1, 1154, 2, 2, 1582, 569, 3, 1, 133, 1, 6, 102, 259, 155, 2130, 1, 129, 1550, 1, 1, 1, 111, 1, 1507, 1257, 1939, 51, 1, 1, 1, 1, 1, 1, 1296, 1411, 2, 197, 1264, 1689, 1824, 1142, 1, 1, 569, 35, 1720, 241, 1, 1, 152, 1, 6, 203, 1344, 304, 1108, 1, 1900, 102, 1, 1824, 1658, 16, 1, 1, 373, 6, 1, 1582, 1, 1862, 1, 1, 1689, 2, 2, 259, 1, 1, 1, 26, 2, 1182, 113, 1628, 1182, 1689, 1, 1, 1628, 1, 190, 1, 1, 1, 1, 1389, 1, 1, 14, 1, 171, 388, 1, 1, 1, 92, 1900, 1, 1, 1519, 1988, 1, 1507, 3, 1, 1788, 269, 1, 1824, 1988, 1, 1, 4, 154, 1, 5, 1241, 1689, 1015, 1, 1, 5, 1130, 1312, 1, 1, 1083, 1, 1752, 38, 2, 2165, 1862, 1, 1, 119, 1241, 1, 1689, 38, 35, 3, 175, 1, 106, 1963, 145, 801, 801, 1, 404, 2, 4, 1, 1, 1083, 1, 4, 1328, 1, 17, 1720, 250, 2, 1, 1, 1197, 2, 1, 404, 3, 396, 1, 1, 1, 1, 1, 28, 1, 1, 45, 1, 1, 1389, 404, 1, 1108, 1, 1, 1, 179, 1, 1, 1, 1, 1328, 1, 1963, 388, 1, 1988, 1550, 1, 1, 1, 1824, 1, 1, 1689, 1, 1, 1, 4, 1519, 1, 20, 1, 1788, 1, 1, 217, 3, 1, 1, 188, 1824, 1, 1963, 1, 2, 1, 66, 131, 19, 1, 1, 1, 1, 1788, 1, 6, 1, 1, 1, 1, 1, 1, 96, 161, 373, 1, 1689, 30, 1, 146, 1939, 1, 224, 3, 1, 16, 1, 1862, 2165, 1900, 1752, 1, 102, 323, 1, 119, 1, 1752, 1, 10, 1658, 1, 127, 1, 1900, 1182, 1720, 131, 1, 1, 217, 1689, 2, 79, 380, 1, 1296, 210, 1, 1197, 1752, 388, 1, 1280, 1939, 1234, 179, 1582, 1108, 1, 1, 1, 1241, 166, 1, 3, 1598, 1, 1130, 1, 1154, 1482, 1720, 119, 1, 1328, 1862, 2, 56, 3, 145, 181, 2237, 1, 50, 1752, 1, 171, 1507, 1212, 1, 1, 404, 1234, 72, 11, 50, 1566, 1154, 365, 4, 86, 131, 1, 1, 4, 1, 31, 3, 1, 1, 2, 184, 1720, 1, 2467, 1070, 1, 1, 380, 1, 1, 99, 1, 1234, 1628, 1197, 2130, 1720, 1, 1, 1, 1, 388, 1, 1, 3, 1, 1494, 1658, 2, 1, 1689, 1, 1, 1566, 2, 1, 1689, 1, 1, 344, 1824, 58, 1, 125, 1, 1, 1, 1, 1, 203, 1, 2062, 1, 1197, 1, 1628, 97, 1, 1628, 197, 1, 1, 1824, 18, 2, 179, 1720, 1, 1, 1, 1, 43, 1083, 1, 1, 27, 1534, 1720, 1, 2, 1, 1, 1988, 1, 2467, 1, 1, 111, 1988, 1, 1, 1, 1, 129, 1197, 1752, 1, 224, 1154, 2, 2311, 1, 1, 1658, 1, 1, 1, 1, 1, 1, 1, 4, 1296, 2311, 1, 1, 1628, 480, 1900, 1, 1389, 203, 2237, 1, 1900, 1628, 1366, 1, 1, 1482, 1, 1, 1, 1, 1, 1, 1, 1658, 1, 1482, 115, 982, 269, 1344, 5, 1494, 1658, 1, 127, 1, 1, 1566, 1566, 3, 1044, 1, 1494, 1, 155, 1, 1788, 125, 1628, 1598, 1519, 1, 1, 1, 1234, 83, 1900, 1, 2, 1, 1519, 1519, 1, 1, 1, 190, 1, 1, 1628, 373, 1, 1, 1083, 171, 404, 1130, 1900, 1, 1, 1, 177, 1, 396, 250, 1, 69, 1582, 1, 1507, 184, 1, 35, 801, 1, 1, 1, 2062, 1, 217, 1, 1, 1, 158, 1, 148, 1, 119, 1197, 1, 1519, 2, 1507, 241, 1862, 1, 94, 121, 2062, 1, 1, 1, 1, 11, 1, 1, 2, 1, 1689, 1, 188, 1988, 20, 184, 146, 1628, 138, 166, 1, 1, 1, 1234, 1, 1963, 1, 177, 1, 1788, 404, 1824, 1, 1, 1280, 1, 1, 1470, 2062, 1, 259, 1, 1130, 250, 1, 1566, 1, 1, 171, 3, 129, 1, 1, 33, 1, 1, 1, 38, 1752, 1, 163, 12, 203, 1, 1939, 1, 1, 5, 1458, 1, 1, 4, 49, 1, 1, 179, 1, 24, 173, 1, 1411, 1182, 1, 1, 1142, 1344, 56, 569, 1, 269, 1988, 10, 1482, 1, 1, 1, 1, 152, 1, 1, 1, 26, 47, 1, 1824, 344, 1, 8, 179, 1, 1, 1, 1, 1482, 2096, 2, 1, 1197, 1963, 1, 7, 186, 1482, 1, 1083, 1, 250, 1, 1, 1, 1988, 2467, 1, 3, 155, 1, 3, 1, 1752, 1519, 43, 1, 1, 1096, 1, 1458, 1, 1862, 179, 1, 1, 3]
Flow Start Times (us): [{(1, 0): [0.139], (2, 0): [0.863], (3, 0): [0.102], (4, 0): [2.781], (5, 0): [0.1], (6, 0): [1.563], (7, 0): [0.246], (8, 0): [0.347], (9, 0): [0.703], (10, 0): [0.891]}, {(1, 0): [0.05, 0.126, 0.391, 0.855, 1.059], (2, 0): [1.275, 1.278, 2.252, 2.366, 2.672], (3, 0): [0.395, 1.231, 1.599, 1.881, 2.209], (4, 0): [0.392, 2.321, 2.41, 2.467, 3.56], (5, 0): [0.204, 0.297, 1.037, 1.784, 2.445], (6, 0): [1.259, 2.093, 2.523, 2.62, 3.135], (7, 0): [0.021, 0.804, 1.014, 1.572, 1.67], (8, 0): [0.003, 0.383, 0.915, 1.05, 3.29], (9, 0): [0.073, 0.475, 0.815, 0.863, 0.901], (10, 0): [0.341, 0.586, 0.817, 0.824, 1.116]}, {(1, 0): [0.09, 0.17, 0.183, 0.336, 0.383, 0.707, 1.206, 1.868, 2.057, 2.305], (2, 0): [0.512, 0.985, 1.139, 2.022, 2.184, 2.254, 2.848, 3.9, 4.69, 4.889], (3, 0): [0.027, 0.913, 1.915, 2.143, 2.795, 3.0, 3.257, 3.384, 3.59, 3.897], (4, 0): [0.301, 0.393, 0.456, 0.593, 1.277, 1.356, 1.365, 1.416, 2.674, 2.993], (5, 0): [0.247, 0.703, 1.475, 1.571, 1.577, 1.812, 1.818, 2.305, 4.373, 4.932], (6, 0): [0.11, 0.16, 0.549, 2.016, 2.454, 3.01, 3.045, 3.364, 4.697, 5.302], (7, 0): [0.281, 0.551, 1.11, 2.49, 3.42, 4.507, 4.522, 4.803, 5.541, 6.614], (8, 0): [0.573, 0.745, 0.841, 1.064, 1.313, 2.321, 2.643, 2.657, 2.957, 2.977], (9, 0): [1.877, 2.36, 2.585, 2.817, 3.076, 3.16, 3.478, 3.696, 3.82, 3.847], (10, 0): [0.115, 0.5, 0.616, 0.866, 1.082, 1.438, 2.102, 2.135, 2.515, 2.998]}, {(1, 0): [1.358, 1.566, 1.615, 3.131, 3.312, 6.483, 6.711, 6.892, 7.298, 7.809, 9.026, 9.28, 9.708, 9.754], (2, 0): [0.159, 0.662, 1.508, 1.563, 2.201, 2.578, 2.912, 3.21, 4.841, 5.184, 5.205, 6.031, 6.229, 6.518], (3, 0): [0.043, 0.105, 0.481, 1.26, 1.535, 2.168, 2.535, 2.554, 2.612, 2.835, 3.714, 5.783, 5.992, 6.463], (4, 0): [0.38, 0.386, 0.646, 1.159, 1.581, 1.645, 2.582, 3.362, 3.396, 3.613, 4.356, 5.383, 6.49, 6.617], (5, 0): [0.134, 1.167, 1.799, 2.1, 2.303, 2.332, 2.666, 2.905, 3.033, 3.403, 3.572, 4.559, 5.518, 6.093], (6, 0): [0.577, 2.283, 2.595, 2.846, 3.58, 4.295, 4.514, 4.568, 4.575, 4.762, 4.853, 5.255, 5.498, 5.851], (7, 0): [0.936, 1.302, 1.309, 2.303, 3.017, 3.157, 3.656, 4.895, 4.964, 5.324, 5.359, 5.482, 5.579, 5.626], (8, 0): [0.359, 0.39, 1.023, 1.334, 1.461, 1.482, 1.999, 2.54, 3.438, 3.452, 3.828, 5.497, 5.686, 5.926], (9, 0): [0.64, 1.011, 1.093, 2.082, 2.588, 3.054, 5.007, 5.096, 6.392, 6.514, 6.619, 7.936, 8.119, 8.222], (10, 0): [0.165, 0.523, 0.926, 0.954, 1.381, 2.409, 3.526, 3.87, 4.374, 6.232, 7.196, 7.547, 8.194, 8.524]}, {(1, 0): [0.316, 1.525, 1.705, 2.832, 3.428, 3.507, 4.164, 4.937, 6.84, 7.001, 7.507, 8.346, 9.019, 9.842, 10.375, 10.76, 10.941], (2, 0): [0.284, 0.313, 0.717, 1.718, 2.927, 2.952, 3.543, 3.757, 3.801, 3.925, 3.939, 4.043, 6.292, 6.909, 7.039, 8.581, 8.68], (3, 0): [0.253, 0.655, 1.786, 1.845, 2.609, 3.175, 3.341, 5.255, 6.125, 6.655, 7.053, 7.938, 9.554, 9.603, 10.479, 11.156, 12.182], (4, 0): [0.375, 0.401, 0.913, 2.82, 3.588, 4.108, 4.126, 4.959, 5.213, 5.276, 5.731, 5.861, 6.318, 6.403, 6.522, 6.82, 7.171], (5, 0): [0.283, 1.782, 2.166, 2.512, 3.125, 3.376, 4.105, 4.254, 5.788, 6.335, 9.204, 9.951, 10.008, 11.283, 12.533, 12.537, 12.841], (6, 0): [0.102, 0.112, 0.882, 1.38, 1.917, 2.006, 2.021, 2.218, 2.661, 3.028, 3.931, 4.164, 6.556, 7.093, 7.537, 9.443, 9.607], (7, 0): [0.263, 1.063, 1.114, 1.124, 1.198, 1.634, 3.467, 3.763, 3.792, 3.964, 4.571, 4.714, 4.876, 4.968, 5.579, 5.855, 5.859], (8, 0): [0.069, 0.269, 0.865, 1.277, 1.286, 2.815, 3.26, 3.681, 4.262, 4.33, 4.569, 4.748, 4.911, 4.926, 5.105, 5.711, 6.24], (9, 0): [0.772, 1.284, 1.502, 1.566, 1.841, 2.437, 2.857, 3.598, 3.837, 3.986, 4.425, 6.354, 7.407, 7.808, 8.188, 8.605, 8.8], (10, 0): [0.239, 0.244, 0.402, 1.622, 3.112, 3.14, 4.254, 4.528, 4.933, 5.187, 5.903, 6.298, 7.531, 9.808, 9.889, 9.929, 10.037]}, {(1, 0): [0.7, 0.902, 1.326, 1.422, 2.901, 3.942, 5.439, 5.549, 6.115, 7.362, 7.632, 8.316, 8.48, 9.675, 10.727, 10.931, 11.013, 11.866, 12.017, 12.49], (2, 0): [0.606, 0.935, 1.212, 2.614, 2.698, 2.93, 6.677, 6.917, 6.971, 7.096, 7.548, 7.747, 7.753, 7.789, 7.796, 7.984, 9.879, 10.619, 10.73, 11.201], (3, 0): [0.136, 0.681, 1.5, 1.526, 1.732, 2.375, 3.209, 3.654, 3.657, 5.394, 5.851, 6.214, 6.447, 6.557, 8.275, 8.424, 8.689, 8.751, 9.825, 10.631], (4, 0): [1.098, 1.204, 2.101, 3.131, 3.347, 5.933, 6.113, 7.019, 7.4, 7.4, 7.697, 8.177, 8.333, 8.412, 8.476, 8.732, 8.8, 8.948, 8.959, 9.01], (5, 0): [0.024, 0.268, 0.903, 1.259, 3.439, 4.052, 5.558, 6.749, 6.896, 7.057, 7.129, 7.842, 8.232, 8.391, 8.871, 9.282, 9.822, 10.165, 10.695, 10.92], (6, 0): [0.536, 0.612, 1.152, 1.731, 2.118, 2.228, 2.787, 3.092, 3.306, 4.051, 4.421, 4.599, 4.765, 4.909, 6.703, 8.056, 8.297, 8.674, 9.253, 9.353], (7, 0): [0.259, 0.637, 0.806, 0.949, 1.079, 1.338, 2.025, 3.015, 3.069, 3.131, 3.207, 4.881, 5.037, 5.17, 5.847, 5.887, 6.089, 8.195, 8.235, 9.266], (8, 0): [1.331, 2.237, 2.265, 2.672, 3.017, 3.202, 3.508, 4.432, 5.253, 5.582, 6.02, 6.148, 7.018, 7.677, 9.606, 9.818, 9.951, 9.952, 11.054, 11.812], (9, 0): [0.658, 0.944, 1.115, 1.4, 3.035, 4.059, 4.121, 6.124, 6.676, 8.393, 8.738, 9.139, 9.277, 9.3, 9.536, 9.915, 10.276, 10.77, 11.22, 11.972], (10, 0): [0.124, 0.521, 0.985, 1.67, 2.474, 2.99, 3.849, 3.852, 4.041, 4.678, 5.343, 5.484, 5.65, 7.298, 8.525, 9.023, 9.482, 10.519, 10.677, 11.01]}, {(1, 0): [0.012, 0.848, 1.122, 1.323, 4.089, 4.215, 4.286, 4.324, 5.06, 5.605, 6.502, 6.893, 7.101, 8.484, 9.186, 9.428, 10.357, 10.485, 10.542, 10.701, 11.104, 11.375, 11.985, 12.125, 13.819], (2, 0): [0.67, 1.269, 1.815, 2.075, 3.122, 4.095, 4.93, 4.985, 6.758, 7.439, 9.101, 9.86, 10.675, 11.616, 12.351, 12.601, 13.01, 14.04, 15.346, 15.869, 15.955, 16.357, 16.609, 16.87, 17.31], (3, 0): [0.872, 1.382, 1.455, 2.366, 2.427, 2.653, 3.058, 3.367, 4.029, 4.305, 4.763, 5.222, 6.096, 6.402, 7.431, 7.448, 8.092, 8.596, 8.697, 10.709, 10.71, 11.226, 12.325, 13.17, 13.294], (4, 0): [0.054, 0.262, 0.83, 2.166, 3.538, 3.543, 4.424, 4.69, 5.67, 5.95, 6.533, 6.659, 7.971, 8.333, 8.469, 9.288, 9.901, 10.07, 10.73, 10.737, 12.48, 12.601, 12.683, 13.275, 14.26], (5, 0): [0.228, 0.344, 0.823, 1.21, 1.359, 1.546, 1.722, 1.794, 1.863, 2.156, 2.379, 4.341, 5.494, 7.592, 8.532, 8.9, 9.172, 9.513, 10.72, 10.903, 11.164, 13.604, 13.876, 14.326, 14.66], (6, 0): [0.843, 1.14, 1.331, 1.485, 1.552, 2.52, 3.444, 3.86, 3.904, 4.584, 4.794, 5.397, 6.234, 6.273, 7.025, 7.05, 7.226, 7.409, 7.581, 7.592, 7.788, 8.105, 8.349, 8.474, 8.725], (7, 0): [0.265, 0.299, 0.651, 1.304, 1.553, 2.977, 3.356, 3.515, 4.872, 6.254, 6.705, 7.288, 7.684, 7.726, 8.023, 8.733, 9.014, 9.714, 9.86, 10.263, 10.477, 11.563, 11.581, 11.999, 15.25], (8, 0): [0.296, 1.081, 1.342, 1.654, 2.81, 3.641, 3.936, 4.1, 4.572, 6.787, 7.491, 7.85, 7.9, 8.061, 8.295, 8.693, 9.331, 10.609, 10.61, 10.982, 12.468, 13.887, 14.397, 14.478, 15.698], (9, 0): [0.064, 0.079, 0.505, 0.733, 0.82, 1.444, 2.108, 2.234, 2.347, 2.444, 3.565, 3.683, 3.697, 3.938, 4.192, 4.367, 5.704, 5.82, 6.673, 7.788, 8.139, 8.393, 10.914, 11.032, 11.074], (10, 0): [0.137, 0.435, 0.88, 1.642, 2.312, 2.698, 2.788, 2.913, 3.005, 3.014, 4.523, 4.555, 5.445, 5.466, 5.868, 6.593, 6.782, 6.812, 7.6, 7.669, 8.32, 9.044, 9.07, 11.218, 11.48]}, {(1, 0): [0.189, 2.086, 2.826, 3.038, 3.433, 4.06, 6.254, 6.879, 7.309, 8.076, 9.106, 10.235, 10.396, 11.127, 11.855, 12.152, 14.444, 14.592, 15.312, 15.925, 18.354, 18.392, 19.001, 19.161, 19.553, 20.197, 20.537, 21.02, 21.995, 22.058], (2, 0): [0.107, 0.971, 1.311, 1.579, 1.594, 1.634, 2.172, 2.372, 3.313, 3.58, 4.214, 4.437, 5.121, 5.916, 6.947, 6.973, 7.039, 7.682, 8.129, 8.241, 8.378, 9.15, 9.613, 9.731, 10.196, 10.553, 10.816, 11.229, 11.547, 12.406], (3, 0): [0.606, 0.623, 0.72, 0.911, 1.538, 1.538, 1.544, 1.577, 2.286, 2.676, 3.323, 4.896, 5.048, 5.285, 5.479, 7.249, 7.932, 8.544, 8.599, 8.829, 9.183, 9.279, 9.53, 9.729, 10.127, 10.138, 10.717, 11.888, 12.474, 12.701], (4, 0): [0.256, 0.348, 0.896, 1.091, 3.525, 3.948, 5.107, 5.678, 7.316, 7.664, 8.111, 9.507, 10.11, 10.738, 11.028, 11.154, 11.209, 12.72, 13.115, 13.719, 14.386, 14.931, 16.452, 16.847, 16.892, 17.229, 17.263, 17.411, 17.434, 18.138], (5, 0): [0.017, 0.327, 0.873, 1.209, 1.427, 1.926, 3.263, 4.261, 4.3, 4.303, 4.441, 4.725, 5.048, 5.75, 5.791, 6.147, 6.419, 7.034, 7.831, 8.644, 8.725, 9.769, 10.149, 10.455, 10.885, 11.244, 11.919, 12.566, 13.223, 14.387], (6, 0): [1.138, 1.412, 1.727, 1.781, 2.526, 3.54, 3.69, 4.126, 4.31, 4.482, 5.368, 6.438, 6.474, 7.515, 7.88, 7.913, 8.307, 8.34, 8.574, 8.648, 9.222, 10.037, 10.262, 11.286, 11.79, 12.064, 12.432, 12.689, 12.885, 13.233], (7, 0): [0.365, 0.934, 1.303, 1.414, 1.836, 2.094, 2.806, 3.03, 3.101, 3.443, 3.481, 4.446, 4.503, 4.895, 5.717, 5.961, 6.038, 6.511, 6.925, 7.863, 7.9, 8.679, 9.499, 9.775, 10.678, 10.981, 11.987, 12.966, 13.101, 13.228], (8, 0): [1.469, 2.873, 3.108, 3.773, 3.845, 3.86, 4.325, 5.02, 5.129, 5.23, 6.519, 7.187, 7.52, 8.078, 8.258, 8.448, 8.679, 8.984, 10.127, 10.834, 11.882, 12.896, 13.042, 13.396, 13.6, 14.484, 14.724, 15.597, 16.986, 17.19], (9, 0): [0.041, 0.282, 1.354, 1.363, 1.737, 1.829, 2.46, 2.831, 3.14, 3.207, 3.625, 3.888, 3.936, 4.568, 4.906, 5.634, 5.71, 6.486, 6.604, 6.659, 8.203, 8.667, 8.703, 9.553, 9.666, 9.732, 10.102, 11.417, 11.792, 12.006], (10, 0): [0.012, 4.001, 4.629, 4.832, 6.707, 6.803, 7.124, 8.093, 8.664, 9.65, 10.986, 11.018, 11.785, 11.953, 12.05, 12.919, 13.233, 13.473, 15.661, 16.658, 17.422, 17.583, 18.287, 18.578, 18.993, 18.994, 19.739, 19.8, 20.178, 20.324]}, {(1, 0): [0.281, 0.548, 1.093, 1.305, 1.937, 2.308, 2.953, 3.452, 3.714, 3.786, 4.126, 4.236, 4.42, 4.905, 4.942, 6.158, 6.984, 7.329, 7.553, 9.719, 10.523, 10.627, 11.185, 11.253, 11.419, 12.786, 12.872, 13.227, 13.525, 13.923, 13.977, 14.48, 15.12, 15.129, 15.135, 15.223, 17.409, 17.721, 19.564, 20.494], (2, 0): [0.133, 0.938, 1.735, 3.721, 4.292, 4.943, 5.771, 6.671, 7.223, 7.339, 7.638, 7.723, 8.404, 10.993, 11.055, 11.661, 12.679, 15.924, 16.337, 16.946, 17.059, 17.244, 17.461, 17.846, 17.882, 17.907, 18.98, 19.128, 19.227, 19.332, 20.101, 20.155, 22.175, 22.648, 23.436, 23.79, 24.91, 24.983, 25.185, 26.722], (3, 0): [0.628, 0.802, 1.03, 1.145, 1.276, 3.919, 4.561, 5.428, 5.522, 5.555, 6.701, 7.074, 8.127, 8.277, 8.672, 8.943, 9.482, 9.55, 10.267, 10.313, 10.887, 10.961, 11.064, 13.165, 13.309, 13.572, 14.017, 14.153, 14.207, 14.356, 14.417, 14.734, 15.702, 16.163, 16.929, 18.372, 21.095, 21.349, 22.386, 22.438], (4, 0): [0.136, 0.257, 0.544, 0.948, 1.109, 1.505, 3.308, 4.204, 4.327, 4.404, 4.418, 4.703, 4.748, 5.159, 5.58, 6.024, 6.837, 7.222, 8.143, 9.202, 9.244, 9.369, 10.061, 10.084, 10.74, 10.767, 11.191, 11.527, 11.542, 12.198, 13.521, 13.539, 13.581, 14.05, 15.091, 16.585, 17.299, 18.099, 18.125, 18.88], (5, 0): [0.52, 2.992, 4.598, 4.718, 4.789, 4.827, 5.136, 5.45, 5.611, 5.929, 6.046, 7.343, 7.346, 7.612, 7.707, 8.076, 8.544, 9.79, 10.013, 10.272, 10.77, 11.039, 11.274, 11.432, 11.47, 12.44, 12.568, 12.912, 13.897, 13.979, 14.229, 14.378, 15.026, 15.776, 15.821, 16.047, 17.181, 17.8, 18.129, 18.713], (6, 0): [0.514, 0.592, 0.626, 1.149, 1.498, 1.729, 1.968, 2.018, 3.038, 3.633, 3.721, 3.735, 4.114, 5.019, 5.141, 6.55, 6.97, 7.367, 7.565, 8.538, 8.843, 9.765, 10.59, 10.876, 11.149, 11.645, 11.676, 12.289, 13.982, 14.457, 14.493, 14.829, 15.333, 15.617, 15.634, 15.834, 16.598, 16.776, 17.714, 17.757], (7, 0): [0.099, 0.271, 2.518, 3.212, 3.306, 4.188, 4.932, 5.842, 6.524, 6.653, 6.778, 6.894, 7.525, 8.129, 9.825, 9.956, 10.379, 10.489, 10.878, 10.883, 12.121, 12.316, 13.056, 13.503, 13.58, 14.528, 14.625, 14.84, 14.842, 15.147, 15.202, 16.018, 16.273, 16.357, 16.988, 17.211, 17.214, 17.455, 18.515, 18.598], (8, 0): [0.299, 0.43, 0.921, 0.984, 1.193, 2.255, 2.812, 3.301, 4.02, 4.216, 4.23, 5.218, 6.244, 6.528, 6.669, 6.786, 8.913, 11.28, 11.648, 11.85, 12.065, 12.815, 13.323, 13.537, 13.796, 14.354, 15.395, 15.665, 16.553, 16.855, 17.072, 17.188, 17.328, 17.78, 18.469, 18.817, 19.169, 19.375, 20.6, 20.664], (9, 0): [0.23, 0.434, 0.577, 0.709, 1.371, 2.432, 2.659, 4.183, 4.699, 7.006, 7.243, 7.413, 8.309, 8.321, 8.778, 9.429, 10.59, 10.621, 10.789, 11.795, 11.918, 12.555, 12.863, 13.172, 13.59, 13.84, 14.354, 15.149, 15.711, 15.752, 16.577, 16.969, 17.255, 17.262, 17.554, 17.781, 18.539, 19.246, 20.629, 20.809], (10, 0): [0.678, 0.981, 1.184, 1.653, 2.574, 2.683, 3.024, 4.103, 4.646, 4.666, 4.709, 5.057, 6.06, 6.112, 7.049, 7.233, 7.941, 7.993, 9.663, 10.11, 10.552, 10.728, 10.782, 11.304, 11.583, 11.985, 12.327, 13.472, 13.617, 14.281, 14.282, 14.308, 14.357, 14.923, 15.537, 15.741, 15.753, 17.103, 17.219, 17.855]}]
Flow Rate (Gbps): [2.3328, 2.3328, 2.3328, 2.3328, 2.3328, 2.3328, 2.3328, 2.3328, 2.3328, 2.3328, 2.3328, 2.3328, 2.3328, 2.3328, 2.3328, 2.3328, 2.3328, 2.3328, 2.3328, 2.3328, 2.3328, 2.3328, 2.3328, 2.3328, 2.3328, 2.3328, 2.3328, 2.3328, 2.3328, 2.3328, 2.3328, 2.3328, 2.3328, 2.3328, 2.3328, 2.3328, 2.3328, 2.3328, 2.3328, 2.3328, 2.3328, 2.3328, 2.3328, 2.3328, 2.3328, 2.3328, 2.3328, 2.3328, 2.3328, 2.3328, 2.3328, 2.3328, 2.3328, 2.3328, 2.3328, 2.3328, 2.3328, 2.3328, 2.3328, 2.3328, 2.3328, 2.3328, 2.3328, 2.3328, 2.3328, 2.3328, 2.3328, 2.3328, 2.3328, 2.3328, 2.3328, 2.3328, 2.3328, 2.3328, 2.3328, 2.3328, 2.3328, 2.3328, 2.3328, 2.3328, 2.3328, 2.3328, 2.3328, 2.3328, 2.3328, 2.3328, 2.3328, 2.3328, 2.3328, 2.3328, 2.3328, 2.3328, 2.3328, 2.3328, 2.3328, 2.3328, 2.3328, 2.3328, 2.3328, 2.3328, 2.3328, 2.3328, 2.3328, 2.3328, 2.3328, 2.3328, 2.3328, 2.3328, 2.3328, 2.3328, 2.3328, 2.3328, 2.3328, 2.3328, 2.3328, 2.3328, 2.3328, 2.3328, 2.3328, 2.3328, 2.3328, 2.3328, 2.3328, 2.3328, 2.3328, 2.3328, 2.3328, 2.3328, 2.3328, 2.3328, 2.3328, 2.3328, 2.3328, 2.3328, 2.3328, 2.3328, 2.3328, 2.3328, 2.3328, 2.3328, 2.3328, 2.3328, 2.3328, 2.3328, 2.3328, 2.3328, 2.3328, 2.3328, 2.3328, 2.3328, 2.3328, 2.3328, 2.3328, 2.3328, 2.3328, 2.3328, 2.3328, 2.3328, 2.3328, 2.3328, 2.3328, 2.3328, 2.3328, 2.3328, 2.3328, 2.3328, 2.3328, 2.3328, 2.3328, 2.3328, 2.3328, 2.3328, 2.3328, 2.3328, 2.3328, 2.3328, 2.3328, 2.3328, 2.3328, 2.3328, 2.3328, 2.3328, 2.3328, 2.3328, 2.3328, 2.3328, 2.3328, 2.3328, 2.3328, 2.3328, 2.3328, 2.3328, 2.3328, 2.3328, 2.3328, 2.3328, 2.3328, 2.3328, 2.3328, 2.3328, 2.3328, 2.3328, 2.3328, 2.3328, 2.3328, 2.3328, 2.3328, 2.3328, 2.3328, 2.3328, 2.3328, 2.3328, 2.3328, 2.3328, 2.3328, 2.3328, 2.3328, 2.3328, 2.3328, 2.3328, 2.3328, 2.3328, 2.3328, 2.3328, 2.3328, 2.3328, 2.3328, 2.3328, 2.3328, 2.3328, 2.3328, 2.3328, 2.3328, 2.3328, 2.3328, 2.3328, 2.3328, 2.3328, 2.3328, 2.3328, 2.3328, 2.3328, 2.3328, 2.3328, 2.3328, 2.3328, 2.3328, 2.3328, 2.3328, 2.3328, 2.3328, 2.3328, 2.3328, 2.3328, 2.3328, 2.3328, 2.3328, 2.3328, 2.3328, 2.3328, 2.3328, 2.3328, 2.3328, 2.3328, 2.3328, 2.3328, 2.3328, 2.3328, 2.3328, 2.3328, 2.3328, 2.3328, 2.3328, 2.3328, 2.3328, 2.3328, 2.3328, 2.3328, 2.3328, 2.3328, 2.3328, 2.3328, 2.3328, 2.3328, 2.3328, 2.3328, 2.3328, 2.3328, 2.3328, 2.3328, 2.3328, 2.3328, 2.3328, 2.3328, 2.3328, 2.3328, 2.3328, 2.3328, 2.3328, 2.3328, 2.3328, 2.3328, 2.3328, 2.3328, 2.3328, 2.3328, 2.3328, 2.3328, 2.3328, 2.3328, 2.3328, 2.3328, 2.3328, 2.3328, 2.3328, 2.3328, 2.3328, 2.3328, 2.3328, 2.3328, 2.3328, 2.3328, 2.3328, 2.3328, 2.3328, 2.3328, 2.3328, 2.3328, 2.3328, 2.3328, 2.3328, 2.3328, 2.3328, 2.3328, 2.3328, 2.3328, 2.3328, 2.3328, 2.3328, 2.3328, 2.3328, 2.3328, 2.3328, 2.3328, 2.3328, 2.3328, 2.3328, 2.3328, 2.3328, 2.3328, 2.3328, 2.3328, 2.3328, 2.3328, 2.3328, 2.3328, 2.3328, 2.3328, 2.3328, 2.3328, 2.3328, 2.3328, 2.3328, 2.3328, 2.3328, 2.3328, 2.3328, 2.3328, 2.3328, 2.3328, 2.3328, 2.3328, 2.3328, 2.3328, 2.3328, 2.3328, 2.3328, 2.3328, 2.3328, 2.3328, 2.3328, 2.3328, 2.3328, 2.3328, 2.3328, 2.3328, 2.3328, 2.3328, 2.3328, 2.3328, 2.3328, 2.3328, 2.3328, 2.3328, 2.3328, 2.3328, 2.3328, 2.3328, 2.3328, 2.3328, 2.3328, 2.3328, 2.3328, 2.3328, 2.3328, 2.3328, 2.3328, 2.3328, 2.3328, 2.3328, 2.3328, 2.3328, 2.3328, 2.3328, 2.3328, 2.3328, 2.3328, 2.3328, 2.3328, 2.3328, 2.3328, 2.3328, 2.3328, 2.3328, 2.3328, 2.3328, 2.3328, 2.3328, 2.3328, 2.3328, 2.3328, 2.3328, 2.3328, 2.3328, 2.3328, 2.3328, 2.3328, 2.3328, 2.3328, 2.3328, 2.3328, 2.3328, 2.3328, 2.3328, 2.3328, 2.3328, 2.3328, 2.3328, 2.3328, 2.3328, 2.3328, 2.3328, 2.3328, 2.3328, 2.3328, 2.3328, 2.3328, 2.3328, 2.3328, 2.3328, 2.3328, 2.3328, 2.3328, 2.3328, 2.3328, 2.3328, 2.3328, 2.3328, 2.3328, 2.3328, 2.3328, 2.3328, 2.3328, 2.3328, 2.3328, 2.3328, 2.3328, 2.3328, 2.3328, 2.3328, 2.3328, 2.3328, 2.3328, 2.3328, 2.3328, 2.3328, 2.3328, 2.3328, 2.3328, 2.3328, 2.3328, 2.3328, 2.3328, 2.3328, 2.3328, 2.3328, 2.3328, 2.3328, 2.3328, 2.3328, 2.3328, 2.3328, 2.3328, 2.3328, 2.3328, 2.3328, 2.3328, 2.3328, 2.3328, 2.3328, 2.3328, 2.3328, 2.3328, 2.3328, 2.3328, 2.3328, 2.3328, 2.3328, 2.3328, 2.3328, 2.3328, 2.3328, 2.3328, 2.3328, 2.3328, 2.3328, 2.3328, 2.3328, 2.3328, 2.3328, 2.3328, 2.3328, 2.3328, 2.3328, 2.3328, 2.3328, 2.3328, 2.3328, 2.3328, 2.3328, 2.3328, 2.3328, 2.3328, 2.3328, 2.3328, 2.3328, 2.3328, 2.3328, 2.3328, 2.3328, 2.3328, 2.3328, 2.3328, 2.3328, 2.3328, 2.3328, 2.3328, 2.3328, 2.3328, 2.3328, 2.3328, 2.3328, 2.3328, 2.3328, 2.3328, 2.3328, 2.3328, 2.3328, 2.3328, 2.3328, 2.3328, 2.3328, 2.3328, 2.3328, 2.3328, 2.3328, 2.3328, 2.3328, 2.3328, 2.3328, 2.3328, 2.3328, 2.3328, 2.3328, 2.3328, 2.3328, 2.3328, 2.3328, 2.3328, 2.3328, 2.3328, 2.3328, 2.3328, 2.3328, 2.3328, 2.3328, 2.3328, 2.3328, 2.3328, 2.3328, 2.3328, 2.3328, 2.3328, 2.3328, 2.3328, 2.3328, 2.3328, 2.3328, 2.3328, 2.3328, 2.3328, 2.3328, 2.3328, 2.3328, 2.3328, 2.3328, 2.3328, 2.3328, 2.3328, 2.3328, 2.3328, 2.3328, 2.3328, 2.3328, 2.3328, 2.3328, 2.3328, 2.3328, 2.3328, 2.3328, 2.3328, 2.3328, 2.3328, 2.3328, 2.3328, 2.3328, 2.3328, 2.3328, 2.3328, 2.3328, 2.3328, 2.3328, 2.3328, 2.3328, 2.3328, 2.3328, 2.3328, 2.3328, 2.3328, 2.3328, 2.3328, 2.3328, 2.3328, 2.3328, 2.3328, 2.3328, 2.3328, 2.3328, 2.3328, 2.3328, 2.3328, 2.3328, 2.3328, 2.3328, 2.3328, 2.3328, 2.3328, 2.3328, 2.3328, 2.3328, 2.3328, 2.3328, 2.3328, 2.3328, 2.3328, 2.3328, 2.3328, 2.3328, 2.3328, 2.3328, 2.3328, 2.3328, 2.3328, 2.3328, 2.3328, 2.3328, 2.3328, 2.3328, 2.3328, 2.3328, 2.3328, 2.3328, 2.3328, 2.3328, 2.3328, 2.3328, 2.3328, 2.3328, 2.3328, 2.3328, 2.3328, 2.3328, 2.3328, 2.3328, 2.3328, 2.3328, 2.3328, 2.3328, 2.3328, 2.3328, 2.3328, 2.3328, 2.3328, 2.3328, 2.3328, 2.3328, 2.3328, 2.3328, 2.3328, 2.3328, 2.3328, 2.3328, 2.3328, 2.3328, 2.3328, 2.3328, 2.3328, 2.3328, 2.3328, 2.3328, 2.3328, 2.3328, 2.3328, 2.3328, 2.3328, 2.3328, 2.3328, 2.3328, 2.3328, 2.3328, 2.3328, 2.3328, 2.3328, 2.3328, 2.3328, 2.3328, 2.3328, 2.3328, 2.3328, 2.3328, 2.3328, 2.3328, 2.3328, 2.3328, 2.3328, 2.3328, 2.3328, 2.3328, 2.3328, 2.3328, 2.3328, 2.3328, 2.3328, 2.3328, 2.3328, 2.3328, 2.3328, 2.3328, 2.3328, 2.3328, 2.3328, 2.3328, 2.3328, 2.3328, 2.3328, 2.3328, 2.3328, 2.3328, 2.3328, 2.3328, 2.3328, 2.3328, 2.3328, 2.3328, 2.3328, 2.3328, 2.3328, 2.3328, 2.3328, 2.3328, 2.3328, 2.3328, 2.3328, 2.3328, 2.3328, 2.3328, 2.3328, 2.3328, 2.3328, 2.3328, 2.3328, 2.3328, 2.3328, 2.3328, 2.3328, 2.3328, 2.3328, 2.3328, 2.3328, 2.3328, 2.3328, 2.3328, 2.3328, 2.3328, 2.3328, 2.3328, 2.3328, 2.3328, 2.3328, 2.3328, 2.3328, 2.3328, 2.3328, 2.3328, 2.3328, 2.3328, 2.3328, 2.3328, 2.3328, 2.3328, 2.3328, 2.3328, 2.3328, 2.3328, 2.3328, 2.3328, 2.3328, 2.3328, 2.3328, 2.3328, 2.3328, 2.3328, 2.3328, 2.3328, 2.3328, 2.3328, 2.3328, 2.3328, 2.3328, 2.3328, 2.3328, 2.3328, 2.3328, 2.3328, 2.3328, 2.3328, 2.3328, 2.3328, 2.3328, 2.3328, 2.3328, 2.3328, 2.3328, 2.3328, 2.3328, 2.3328, 2.3328, 2.3328, 2.3328, 2.3328, 2.3328, 2.3328, 2.3328, 2.3328, 2.3328, 2.3328, 2.3328, 2.3328, 2.3328, 2.3328, 2.3328, 2.3328, 2.3328, 2.3328, 2.3328, 2.3328, 2.3328, 2.3328, 2.3328, 2.3328, 2.3328, 2.3328, 2.3328, 2.3328, 2.3328, 2.3328, 2.3328, 2.3328, 2.3328, 2.3328, 2.3328, 2.3328, 2.3328, 2.3328, 2.3328, 2.3328, 2.3328, 2.3328, 2.3328, 2.3328, 2.3328, 2.3328, 2.3328, 2.3328, 2.3328, 2.3328, 2.3328, 2.3328, 2.3328, 2.3328, 2.3328, 2.3328, 2.3328, 2.3328, 2.3328, 2.3328, 2.3328, 2.3328, 2.3328, 2.3328, 2.3328, 2.3328, 2.3328, 2.3328, 2.3328, 2.3328, 2.3328, 2.3328, 2.3328, 2.3328, 2.3328, 2.3328, 2.3328, 2.3328, 2.3328, 2.3328, 2.3328, 2.3328, 2.3328, 2.3328, 2.3328, 2.3328, 2.3328, 2.3328, 2.3328, 2.3328, 2.3328, 2.3328, 2.3328, 2.3328, 2.3328, 2.3328, 2.3328, 2.3328, 2.3328, 2.3328, 2.3328, 2.3328, 2.3328, 2.3328, 2.3328, 2.3328, 2.3328, 2.3328, 2.3328, 2.3328, 2.3328, 2.3328, 2.3328, 2.3328, 2.3328, 2.3328, 2.3328, 2.3328, 2.3328, 2.3328, 2.3328, 2.3328, 2.3328, 2.3328, 2.3328, 2.3328, 2.3328, 2.3328, 2.3328, 2.3328, 2.3328, 2.3328, 2.3328, 2.3328, 2.3328, 2.3328, 2.3328, 2.3328, 2.3328, 2.3328, 2.3328, 2.3328, 2.3328, 2.3328, 2.3328, 2.3328, 2.3328, 2.3328, 2.3328, 2.3328, 2.3328, 2.3328, 2.3328, 2.3328, 2.3328, 2.3328, 2.3328, 2.3328, 2.3328, 2.3328, 2.3328, 2.3328, 2.3328, 2.3328, 2.3328, 2.3328, 2.3328, 2.3328, 2.3328, 2.3328, 2.3328, 2.3328, 2.3328, 2.3328, 2.3328, 2.3328, 2.3328, 2.3328, 2.3328, 2.3328, 2.3328, 2.3328, 2.3328, 2.3328, 2.3328, 2.3328, 2.3328, 2.3328, 2.3328, 2.3328, 2.3328, 2.3328, 2.3328, 2.3328, 2.3328, 2.3328, 2.3328, 2.3328, 2.3328, 2.3328, 2.3328, 2.3328, 2.3328, 2.3328, 2.3328, 2.3328, 2.3328, 2.3328, 2.3328, 2.3328, 2.3328, 2.3328, 2.3328, 2.3328, 2.3328, 2.3328, 2.3328, 2.3328, 2.3328, 2.3328, 2.3328, 2.3328, 2.3328, 2.3328, 2.3328, 2.3328, 2.3328, 2.3328, 2.3328, 2.3328, 2.3328, 2.3328, 2.3328, 2.3328, 2.3328, 2.3328, 2.3328, 2.3328, 2.3328, 2.3328, 2.3328, 2.3328, 2.3328, 2.3328, 2.3328, 2.3328, 2.3328, 2.3328, 2.3328, 2.3328, 2.3328, 2.3328, 2.3328, 2.3328, 2.3328, 2.3328, 2.3328, 2.3328, 2.3328, 2.3328, 2.3328, 2.3328, 2.3328, 2.3328, 2.3328, 2.3328, 2.3328, 2.3328, 2.3328, 2.3328, 2.3328, 2.3328, 2.3328, 2.3328, 2.3328, 2.3328, 2.3328, 2.3328, 2.3328, 2.3328, 2.3328, 2.3328, 2.3328, 2.3328, 2.3328, 2.3328, 2.3328, 2.3328, 2.3328, 2.3328, 2.3328, 2.3328, 2.3328, 2.3328, 2.3328, 2.3328, 2.3328, 2.3328, 2.3328, 2.3328, 2.3328, 2.3328, 2.3328, 2.3328, 2.3328, 2.3328, 2.3328, 2.3328, 2.3328, 2.3328, 2.3328, 2.3328, 2.3328, 2.3328, 2.3328, 2.3328, 2.3328, 2.3328, 2.3328, 2.3328, 2.3328, 2.3328, 2.3328, 2.3328, 2.3328, 2.3328, 2.3328, 2.3328, 2.3328, 2.3328, 2.3328, 2.3328, 2.3328, 2.3328, 2.3328, 2.3328, 2.3328, 2.3328, 2.3328, 2.3328, 2.3328, 2.3328, 2.3328, 2.3328, 2.3328, 2.3328, 2.3328, 2.3328, 2.3328, 2.3328, 2.3328, 2.3328, 2.3328, 2.3328, 2.3328, 2.3328, 2.3328, 2.3328, 2.3328, 2.3328, 2.3328, 2.3328, 2.3328, 2.3328, 2.3328, 2.3328, 2.3328, 2.3328, 2.3328, 2.3328, 2.3328, 2.3328, 2.3328, 2.3328, 2.3328, 2.3328, 2.3328, 2.3328, 2.3328, 2.3328, 2.3328, 2.3328, 2.3328, 2.3328, 2.3328, 2.3328, 2.3328, 2.3328, 2.3328, 2.3328, 2.3328, 2.3328, 2.3328, 2.3328, 2.3328, 2.3328, 2.3328, 2.3328, 2.3328, 2.3328, 2.3328, 2.3328, 2.3328, 2.3328, 2.3328, 2.3328, 2.3328, 2.3328, 2.3328, 2.3328, 2.3328, 2.3328, 2.3328, 2.3328, 2.3328, 2.3328, 2.3328, 2.3328, 2.3328, 2.3328, 2.3328, 2.3328, 2.3328, 2.3328, 2.3328, 2.3328, 2.3328, 2.3328, 2.3328, 2.3328, 2.3328, 2.3328, 2.3328, 2.3328, 2.3328, 2.3328, 2.3328, 2.3328, 2.3328, 2.3328, 2.3328, 2.3328, 2.3328, 2.3328, 2.3328, 2.3328, 2.3328, 2.3328, 2.3328, 2.3328, 2.3328, 2.3328, 2.3328, 2.3328, 2.3328, 2.3328, 2.3328, 2.3328, 2.3328, 2.3328, 2.3328, 2.3328, 2.3328, 2.3328, 2.3328, 2.3328, 2.3328, 2.3328, 2.3328, 2.3328, 2.3328, 2.3328, 2.3328, 2.3328, 2.3328, 2.3328, 2.3328, 2.3328, 2.3328, 2.3328, 2.3328, 2.3328, 2.3328, 2.3328, 2.3328, 2.3328, 2.3328, 2.3328, 2.3328, 2.3328, 2.3328, 2.3328, 2.3328, 2.3328, 2.3328, 2.3328, 2.3328, 2.3328, 2.3328, 2.3328, 2.3328, 2.3328, 2.3328, 2.3328, 2.3328, 2.3328, 2.3328, 2.3328, 2.3328, 2.3328, 2.3328, 2.3328, 2.3328, 2.3328, 2.3328, 2.3328, 2.3328, 2.3328, 2.3328, 2.3328, 2.3328, 2.3328, 2.3328, 2.3328, 2.3328, 2.3328, 2.3328, 2.3328, 2.3328, 2.3328, 2.3328, 2.3328, 2.3328, 2.3328, 2.3328, 2.3328, 2.3328, 2.3328, 2.3328, 2.3328, 2.3328, 2.3328, 2.3328, 2.3328, 2.3328, 2.3328, 2.3328, 2.3328, 2.3328, 2.3328, 2.3328, 2.3328, 2.3328, 2.3328, 2.3328, 2.3328, 2.3328, 2.3328, 2.3328, 2.3328, 2.3328, 2.3328, 2.3328, 2.3328, 2.3328, 2.3328, 2.3328, 2.3328, 2.3328, 2.3328, 2.3328, 2.3328, 2.3328, 2.3328, 2.3328, 2.3328, 2.3328, 2.3328, 2.3328, 2.3328, 2.3328, 2.3328, 2.3328, 2.3328, 2.3328, 2.3328, 2.3328, 2.3328, 2.3328, 2.3328, 2.3328, 2.3328, 2.3328, 2.3328, 2.3328, 2.3328, 2.3328, 2.3328, 2.3328, 2.3328, 2.3328, 2.3328, 2.3328, 2.3328, 2.3328, 2.3328, 2.3328, 2.3328, 2.3328, 2.3328, 2.3328, 2.3328, 2.3328, 2.3328, 2.3328, 2.3328, 2.3328, 2.3328, 2.3328, 2.3328, 2.3328, 2.3328, 2.3328, 2.3328, 2.3328, 2.3328, 2.3328, 2.3328, 2.3328, 2.3328, 2.3328, 2.3328, 2.3328, 2.3328, 2.3328, 2.3328, 2.3328, 2.3328, 2.3328, 2.3328, 2.3328, 2.3328, 2.3328, 2.3328, 2.3328, 2.3328, 2.3328, 2.3328, 2.3328, 2.3328, 2.3328, 2.3328, 2.3328, 2.3328, 2.3328, 2.3328, 2.3328, 2.3328, 2.3328, 2.3328, 2.3328, 2.3328, 2.3328, 2.3328, 2.3328, 2.3328, 2.3328, 2.3328, 2.3328, 2.3328, 2.3328, 2.3328, 2.3328, 2.3328, 2.3328, 2.3328, 2.3328, 2.3328, 2.3328, 2.3328, 2.3328, 2.3328, 2.3328, 2.3328, 2.3328, 2.3328, 2.3328, 2.3328, 2.3328, 2.3328, 2.3328, 2.3328, 2.3328, 2.3328, 2.3328, 2.3328, 2.3328, 2.3328, 2.3328, 2.3328, 2.3328, 2.3328, 2.3328, 2.3328, 2.3328, 2.3328, 2.3328, 2.3328, 2.3328, 2.3328, 2.3328, 2.3328, 2.3328, 2.3328, 2.3328, 2.3328, 2.3328, 2.3328, 2.3328, 2.3328, 2.3328, 2.3328, 2.3328, 2.3328, 2.3328, 2.3328, 2.3328, 2.3328, 2.3328, 2.3328, 2.3328, 2.3328, 2.3328, 2.3328, 2.3328, 2.3328, 2.3328, 2.3328, 2.3328, 2.3328, 2.3328, 2.3328, 2.3328, 2.3328, 2.3328, 2.3328, 2.3328, 2.3328, 2.3328, 2.3328, 2.3328, 2.3328, 2.3328, 2.3328]
Flow Size (B): [2553169, 2083, 366, 263778, 279, 2881, 1414, 2657, 490, 2769988, 2213771, 248136, 293, 144, 75796, 2553169, 153405, 416360, 693, 423, 1540319, 1167500, 2769988, 3006219, 394, 2372582, 279, 2657, 324, 2372582, 5578, 1787361, 2769988, 1681372, 577, 3055423, 1722992, 2769988, 350859, 293, 326042, 1540319, 2506773, 394, 340, 10674, 324, 366, 233422, 577, 308, 2551, 293, 2657, 340, 107, 423, 5378, 40796, 2213771, 54485, 1959004, 1865505, 1424, 324, 15466, 3714595, 2605728, 167113, 293, 293, 423, 2769988, 423, 455, 693, 235, 423, 279, 156563, 2553169, 1831605, 2372582, 6732, 96007, 308, 2416494, 2461220, 1888453, 279, 1538, 324, 900, 1540319, 1440, 5378, 1096, 1055, 340, 308, 308, 279, 57, 2142760, 2605728, 229647, 542642, 175489, 455, 279, 105442, 279, 64, 576849, 553812, 1435, 293, 2195801, 124109, 54485, 279, 1521601, 2236441, 37603, 184, 2827011, 1082, 2897375, 2416494, 153405, 308, 340, 1538, 2897375, 279, 2329467, 308, 326042, 293, 3567, 3480110, 523, 1702055, 308, 1831605, 1798321, 153405, 308, 2057190, 2553169, 1521601, 377564, 2057190, 1324, 366, 1702055, 57, 1935199, 2142760, 2305854, 279, 2659370, 2329467, 308, 279, 1865505, 324, 1911683, 60, 2000, 26593, 276998, 455, 490, 2416494, 1414, 542642, 366, 340, 394, 1069, 679, 338223, 423, 120619, 340, 2416494, 665, 2767, 490, 72178, 540, 251189, 1559266, 159136, 315583, 57, 54485, 1754, 263778, 394, 2416494, 340, 366, 308, 1055, 144, 92, 2195801, 60, 1110, 2553169, 2769988, 423, 1809348, 2177976, 1419, 308, 1440, 1578447, 2461220, 1959004, 490, 391670, 324, 490, 10674, 3006219, 79595, 394, 2213771, 308, 286178, 44260, 2282480, 693, 613, 366, 2259343, 107, 1424, 1167500, 2461220, 103737, 279, 1642, 2329467, 2353, 2827011, 455, 144, 324, 2461220, 92, 124, 19352, 254279, 1664328, 324, 2553169, 293, 679, 2372582, 2195801, 144309, 1346, 2259343, 28270, 124, 1069, 3260426, 829057, 340, 340, 500167, 1454896, 2605728, 1959004, 540, 248136, 983, 2933211, 12980, 2605728, 3480110, 2329467, 14372, 150311, 742, 127700, 150311, 324, 308, 73965, 8747, 27141, 208, 2605728, 576849, 94071, 324, 1391, 1391, 1419, 144, 1865505, 2769988, 490, 577, 817, 36101, 11393, 423, 2506773, 2714115, 178372, 366, 260573, 181304, 470507, 363967, 1681372, 60, 1385457, 3105433, 1642, 4183, 340, 3156261, 308, 293, 394, 1911683, 235, 5785, 12980, 340, 639, 124, 2605728, 2657, 455, 279, 293, 248136, 366, 267023, 340, 295662, 1096, 3207921, 588724, 490, 324, 565213, 394, 366, 1435, 455, 2714115, 1787361, 2461220, 2659370, 202393, 3105433, 1435, 1765642, 601, 3595441, 92, 626, 1630758, 779, 366, 196700, 1521601, 2897375, 199933, 1454896, 1435, 779, 2553169, 340, 490, 3466, 293, 626, 209956, 293, 540, 2091000, 293, 2933211, 2461220, 279, 12161, 68175, 57, 455, 1110, 2659370, 2861977, 665, 204882, 490, 293, 2767, 293, 1369, 652, 2177976, 57, 540, 23822, 181304, 324, 423, 391670, 2461220, 1012, 156563, 1935199, 1842836, 1959004, 2236441, 490, 92, 215151, 2897375, 147279, 10000, 308, 927, 423, 366, 267023, 455, 248136, 53, 161752, 553812, 576849, 92173, 324, 2372582, 2897375, 1597864, 308, 1911683, 175489, 423, 2372582, 652, 366, 293, 1431371, 1911683, 423, 1630758, 2553169, 1521601, 263778, 679, 1865505, 377564, 490, 423, 2023926, 391670, 1478807, 2142760, 293, 455, 184, 286178, 293, 124, 3006219, 254279, 1069, 2769988, 423, 2000, 7553, 202393, 2605728, 391670, 652, 279, 273632, 1888453, 308, 553812, 2553169, 363967, 64, 286178, 120619, 92, 391670, 626, 324, 60, 2282480, 927, 858, 2169, 293, 103737, 113930, 2169, 113930, 2000, 2091000, 2553169, 279, 858, 2659370, 2023926, 4373, 58394, 2259343, 17195, 394, 490, 1408227, 237258, 20740, 1798321, 1578447, 20740, 279, 107, 308, 394, 693, 279, 2023926, 23822, 85653, 1865505, 340, 107, 391670, 2714115, 1055, 2259343, 613, 1538, 2169, 490, 523, 293, 1385457, 2416494, 308, 286178, 455, 540, 202393, 639, 742, 490, 305460, 1042, 391670, 92, 2553169, 12161, 1935199, 220477, 279, 1082, 490, 37603, 2553169, 391670, 626, 2372582, 2372582, 237258, 1055, 127700, 1069, 340, 1012, 233422, 394, 7130, 490, 470507, 1664328, 1096, 523, 1842836, 324, 293, 2023926, 2827011, 54485, 626, 490, 1865505, 2605728, 164411, 1042, 340, 263778, 57, 79595, 1888453, 1369, 2827011, 1503111, 1391, 92, 3466, 295662, 2605728, 1798321, 7553, 589, 2023926, 588724, 2142760, 394, 308, 1959004, 416360, 416360, 308, 366, 1702055, 693, 3006219, 3006219, 79, 1538, 2659370, 2659370, 423, 2416494, 103737, 1614227, 315583, 2177976, 442606, 779, 1540319, 665, 279, 29687, 350859, 442606, 286178, 1578447, 5186, 209956, 679, 1911683, 2372582, 324, 540, 490, 2213771, 377564, 3006219, 490, 124, 57, 181304, 1831605, 2506773, 2195801, 1055, 1744186, 523, 540, 286178, 1346, 1012, 202393, 340, 707, 159136, 254279, 286178, 204882, 500167, 626, 53, 1787361, 3368477, 455, 455, 2282480, 293, 305460, 60, 340, 2353, 58394, 340, 279, 588724, 60, 1055, 1754, 589, 235, 5578, 1578447, 1069, 1110, 340, 1842836, 2769988, 1440, 2236441, 202393, 1722992, 12980, 57, 1559266, 553812, 2861977, 276998, 1540319, 308, 558, 3887, 308, 199933, 241157, 57, 308, 366, 455, 558, 2657, 490, 267023, 2767, 7130, 2605728, 324, 1346, 817, 150311, 1865505, 279, 1765642, 16044, 416360, 1820442, 324, 490, 1991201, 340, 295662, 1069, 263778, 455, 1642, 196700, 16917, 308, 263778, 340, 2305854, 340, 340, 707, 366, 26057, 2057190, 2933211, 2861977, 423, 2372582, 324, 1873, 2827011, 68, 220477, 3156261, 2659370, 279, 212537, 665, 1430, 340, 62583, 2142760, 68, 2605728, 3000, 1110, 455, 338223, 2506773, 506, 423, 490, 293, 394, 577, 377564, 679, 1069, 423, 6355, 324, 665, 2195801, 2933211, 161752, 2329467, 394, 2213771, 2553169, 279, 293, 124109, 1765642, 6355, 2195801, 707, 1842836, 279, 2659370, 523, 1597864, 57, 2769988, 665, 2142760, 2416494, 64, 1702055, 150311, 2083, 225934, 286178, 25531, 64, 1664328, 26057, 235, 829057, 2259343, 423, 652, 983831, 423, 2461220, 1630758, 540, 363967, 1991201, 652, 223189, 340, 1110, 340, 1385457, 144, 1664328, 220477, 60, 1681372, 2000, 2083, 2305854, 829057, 3271, 293, 193520, 423, 8000, 147279, 377564, 225934, 3105433, 1069, 187312, 2259343, 68, 639, 665, 161752, 293, 2195801, 1831605, 2827011, 73965, 601, 1369, 490, 455, 1440, 279, 1888453, 2057190, 2259, 286178, 1842836, 2461220, 2659370, 1664328, 340, 324, 829057, 50838, 2506773, 350859, 506, 1414, 220477, 423, 8000, 295662, 1959004, 442606, 1614227, 57, 2769988, 147279, 324, 2659370, 2416494, 22228, 279, 1012, 542642, 7553, 340, 2305854, 340, 2714115, 53, 523, 2461220, 2169, 2353, 377564, 423, 455, 64, 37603, 1538, 1722992, 164411, 2372582, 1722992, 2461220, 324, 394, 2372582, 308, 276998, 394, 324, 523, 279, 2023926, 92, 184, 19352, 652, 248136, 565213, 455, 455, 626, 133012, 2769988, 124, 279, 2213771, 2897375, 340, 2195801, 3088, 455, 2605728, 391670, 394, 2659370, 2897375, 1042, 1012, 4782, 223189, 1069, 7130, 1809348, 2461220, 1478807, 626, 1222, 6000, 1647457, 1911683, 927, 779, 1578447, 601, 2553169, 54485, 2169, 3156261, 2714115, 817, 652, 172651, 1809348, 79, 2461220, 54485, 50838, 3777, 254279, 308, 153405, 2861977, 209956, 1167500, 1167500, 1369, 588724, 2657, 5186, 954, 1096, 1578447, 64, 4782, 1935199, 53, 23822, 2506773, 363967, 2000, 1096, 92, 1744186, 2000, 1055, 588724, 3178, 576849, 455, 455, 779, 144, 68, 40796, 1430, 1414, 64394, 293, 1096, 2023926, 588724, 1082, 1614227, 707, 324, 394, 260573, 490, 53, 1430, 490, 1935199, 523, 2861977, 565213, 279, 2897375, 2259343, 279, 540, 184, 2659370, 394, 107, 2461220, 455, 293, 1324, 5785, 2213771, 652, 28270, 523, 2605728, 652, 394, 315583, 4183, 665, 293, 273632, 2659370, 589, 2861977, 266, 2000, 423, 96007, 190390, 27700, 308, 366, 324, 1110, 2605728, 60, 7553, 665, 308, 652, 394, 665, 279, 138546, 233422, 542642, 455, 2461220, 42493, 293, 212537, 2827011, 293, 326042, 3367, 324, 22228, 208, 2714115, 3156261, 2769988, 2553169, 279, 147279, 470507, 324, 172651, 308, 2553169, 1430, 13855, 2416494, 1391, 184283, 455, 2769988, 1722992, 2506773, 190390, 79, 279, 315583, 2461220, 1873, 113930, 553812, 1430, 1888453, 305460, 308, 1744186, 2553169, 565213, 1419, 1865505, 2827011, 1798321, 260573, 2305854, 1614227, 366, 1069, 506, 1809348, 241157, 340, 3567, 2329467, 92, 1647457, 626, 1681372, 2160296, 2506773, 172651, 324, 1935199, 2714115, 1873, 81565, 3466, 209956, 263778, 3260426, 455, 72178, 2553169, 639, 248136, 2195801, 1765642, 455, 540, 588724, 1798321, 103737, 15466, 72178, 2282480, 1681372, 531696, 5000, 124109, 190390, 490, 340, 4782, 455, 44260, 3670, 366, 394, 2353, 267023, 2506773, 366, 3595441, 1559266, 340, 665, 553812, 455, 1146, 144309, 490, 1798321, 2372582, 1744186, 3105433, 2506773, 1430, 293, 394, 490, 565213, 293, 626, 4183, 679, 2177976, 2416494, 2767, 57, 2461220, 293, 455, 2282480, 2259, 423, 2461220, 144, 293, 500167, 2659370, 83584, 954, 181304, 279, 279, 1055, 423, 423, 295662, 490, 3006219, 279, 1744186, 1096, 2372582, 141398, 707, 2372582, 286178, 665, 490, 2659370, 25531, 1754, 260573, 2506773, 279, 455, 423, 423, 62583, 1578447, 423, 308, 39167, 2236441, 2506773, 779, 2000, 490, 340, 2897375, 60, 3595441, 1082, 324, 161752, 2897375, 652, 394, 490, 340, 187312, 1744186, 2553169, 1369, 326042, 1681372, 2083, 3368477, 423, 308, 2416494, 523, 57, 340, 1146, 293, 423, 652, 4573, 1888453, 3368477, 707, 366, 2372582, 698631, 2769988, 626, 2023926, 295662, 3260426, 324, 2769988, 2372582, 1991201, 455, 340, 2160296, 490, 1055, 394, 1096, 1346, 279, 279, 2416494, 279, 2160296, 167113, 1431371, 391670, 1959004, 7130, 2177976, 2416494, 1069, 184283, 626, 394, 2282480, 2282480, 3670, 1521601, 324, 2177976, 423, 225934, 293, 2605728, 181304, 2372582, 2329467, 2213771, 1430, 293, 1430, 1798321, 120619, 2769988, 293, 2657, 1324, 2213771, 2213771, 340, 558, 394, 276998, 626, 293, 2372582, 542642, 707, 540, 1578447, 248136, 588724, 1647457, 2769988, 340, 1184, 324, 257407, 366, 576849, 363967, 983, 100001, 2305854, 1430, 2195801, 267023, 1055, 50838, 1167500, 366, 601, 707, 3006219, 558, 315583, 506, 324, 279, 229647, 1042, 215151, 1419, 172651, 1744186, 308, 2213771, 1754, 2195801, 350859, 2714115, 1435, 135751, 175489, 3006219, 266, 1222, 679, 308, 14909, 340, 423, 2551, 324, 2461220, 558, 273632, 2897375, 28270, 267023, 212537, 2372582, 199933, 241157, 490, 490, 340, 1798321, 779, 2861977, 68, 257407, 394, 2605728, 588724, 2659370, 455, 92, 1865505, 1424, 707, 2142760, 3006219, 423, 377564, 308, 1647457, 363967, 60, 2282480, 308, 340, 248136, 3887, 187312, 324, 340, 47435, 1069, 293, 144, 54485, 2553169, 1096, 237258, 16917, 295662, 490, 2827011, 324, 983, 6000, 2125366, 423, 858, 5578, 70148, 324, 817, 260573, 1096, 34378, 251189, 652, 2057190, 1722992, 1324, 540, 1664328, 1959004, 81565, 829057, 652, 391670, 2897375, 14372, 2160296, 423, 324, 1419, 208, 220477, 394, 779, 1082, 37603, 68175, 366, 2659370, 500167, 423, 10674, 260573, 366, 279, 394, 308, 2160296, 3055423, 2551, 490, 1744186, 2861977, 506, 9146, 270307, 2160296, 679, 1578447, 1146, 363967, 340, 340, 589, 2897375, 3595441, 455, 4373, 225934, 324, 3000, 324, 2553169, 2213771, 62583, 423, 1435, 1597864, 558, 2125366, 858, 2714115, 260573, 279, 523, 4373]
Flow Send Durations (us): [8755.139, 5.863, 0.102, 902.781, 0.1, 6.563, 0.246, 5.347, 0.703, 9495.891, 7590.05, 850.126, 0.391, 0.855, 256.059, 8756.275, 526.278, 1427.252, 2.366, 2.672, 5280.395, 4001.231, 9496.599, 10306.881, 2.209, 8135.392, 2.321, 7.41, 2.467, 8138.56, 15.204, 6125.297, 9496.037, 5766.784, 2.445, 10476.259, 5907.093, 9497.523, 1202.62, 3.135, 1115.021, 5280.804, 8596.014, 1.572, 1.67, 35.003, 0.383, 0.915, 801.05, 3.29, 0.073, 5.475, 0.815, 5.863, 0.901, 0.341, 0.586, 15.817, 135.824, 7591.116, 185.09, 6715.17, 6395.183, 0.336, 0.383, 50.707, 12736.206, 8936.868, 572.057, 2.305, 0.512, 0.985, 9496.139, 2.022, 2.184, 2.254, 2.848, 3.9, 4.69, 539.889, 8755.027, 6280.913, 8136.915, 22.143, 327.795, 3.0, 8288.257, 8443.384, 6478.59, 3.897, 5.301, 0.393, 0.456, 5280.593, 1.277, 16.356, 1.365, 1.416, 2.674, 2.993, 0.247, 0.703, 1.475, 7346.571, 8936.577, 786.812, 1861.818, 602.305, 4.373, 4.932, 360.11, 0.16, 0.549, 1977.016, 1897.454, 3.01, 3.045, 7533.364, 429.697, 190.302, 0.281, 5215.551, 7666.11, 127.49, 3.42, 9694.507, 4.522, 9939.803, 8290.541, 531.614, 0.573, 0.745, 5.841, 9936.064, 1.313, 7987.321, 2.643, 1117.657, 2.957, 12.977, 11931.877, 2.36, 5837.585, 2.817, 6283.076, 6168.16, 528.478, 3.696, 7053.82, 8758.847, 5215.115, 1290.5, 7050.616, 0.866, 1.082, 5836.438, 2.102, 6637.135, 7347.515, 7907.998, 1.358, 9116.566, 7986.615, 3.131, 3.312, 6401.483, 6.711, 6561.892, 7.298, 12.809, 99.026, 954.28, 9.708, 9.754, 8285.159, 0.662, 1861.508, 1.563, 2.201, 2.578, 2.912, 3.21, 1159.841, 5.184, 415.205, 6.031, 8291.229, 6.518, 5.043, 0.105, 245.481, 1.26, 861.535, 5347.168, 547.535, 1082.554, 2.612, 187.835, 8.714, 905.783, 5.992, 8291.463, 0.38, 0.386, 0.646, 1.159, 1.581, 1.645, 7532.582, 3.362, 3.396, 8758.613, 9499.356, 5.383, 6206.49, 7471.617, 0.134, 1.167, 1.799, 5412.1, 8442.303, 6717.332, 2.666, 1342.905, 3.033, 3.403, 38.572, 10309.559, 275.518, 6.093, 7590.577, 2.283, 982.595, 152.846, 7828.58, 4.295, 4.514, 4.568, 7749.575, 4.762, 4.853, 4005.255, 8445.498, 360.851, 0.936, 6.302, 7986.309, 7.303, 9693.017, 3.157, 3.656, 4.895, 8444.964, 5.324, 5.359, 70.482, 875.579, 5710.626, 0.359, 8755.39, 1.023, 1.334, 8136.461, 7531.482, 491.999, 2.54, 7748.438, 98.452, 3.828, 5.497, 11185.686, 2845.926, 0.64, 1.011, 1716.093, 4987.082, 8937.588, 6718.054, 5.007, 855.096, 6.392, 10061.514, 46.619, 8942.936, 11938.119, 7993.222, 45.165, 515.523, 0.926, 435.954, 516.381, 2.409, 3.526, 253.87, 29.374, 96.232, 7.196, 8942.547, 1983.194, 328.524, 0.316, 1.525, 1.705, 2.832, 3.428, 6398.507, 9499.164, 4.937, 6.84, 7.001, 127.507, 43.346, 9.019, 8604.842, 9315.375, 620.76, 10.941, 890.284, 620.313, 1610.717, 1246.718, 5767.927, 2.952, 4753.543, 10648.757, 8.801, 13.925, 3.939, 10824.043, 6.292, 6.909, 7.039, 6563.581, 8.68, 15.253, 40.655, 1.786, 1.845, 2.609, 8938.175, 8.341, 5.255, 6.125, 6.655, 857.053, 7.938, 924.554, 9.603, 1020.479, 11.156, 11012.182, 2015.375, 0.401, 0.913, 1937.82, 3.588, 4.108, 4.126, 4.959, 9310.213, 6130.276, 8445.731, 9120.861, 696.318, 10651.403, 6.522, 6061.82, 7.171, 12330.283, 1.782, 2.166, 5592.512, 3.125, 3.376, 674.105, 5219.254, 9940.788, 691.335, 4994.204, 9.951, 10.008, 8766.283, 12.533, 12.537, 22.841, 0.102, 0.112, 720.882, 1.38, 1.917, 7172.006, 2.021, 10057.218, 8442.661, 3.028, 43.931, 234.164, 6.556, 7.093, 7.537, 9124.443, 9819.607, 0.263, 701.063, 1.114, 1.124, 6.198, 1.634, 3.467, 3.763, 7468.792, 3.964, 4.571, 84.714, 624.876, 4.968, 5.579, 1345.855, 8445.859, 0.069, 535.269, 6635.865, 6316.277, 6716.286, 7667.815, 3.26, 3.681, 739.262, 9939.33, 509.569, 34.748, 4.911, 4.926, 5.105, 5.711, 921.24, 0.772, 851.284, 1.502, 551.566, 1896.841, 1977.437, 317.857, 3.598, 8138.837, 9938.986, 5479.425, 6.354, 6562.407, 607.808, 8.188, 8143.605, 8.8, 0.239, 0.244, 4905.402, 6556.622, 3.112, 5593.14, 8759.254, 5219.528, 904.933, 5.187, 6400.903, 1296.298, 7.531, 9.808, 6949.889, 1349.929, 5080.037, 7345.7, 0.902, 1.326, 1.422, 982.901, 3.942, 5.439, 10310.549, 876.115, 7.362, 9502.632, 8.316, 13.48, 34.675, 700.727, 8945.931, 1351.013, 11.866, 12.017, 947.49, 6475.606, 0.935, 1896.212, 8757.614, 1247.698, 2.93, 986.677, 416.917, 6.971, 1347.096, 7.548, 7.747, 7.753, 7832.789, 7.796, 7.984, 14.879, 10.619, 365.73, 401.201, 5.136, 390.681, 6.5, 7171.526, 8756.732, 2.375, 3.209, 9118.654, 6943.657, 15.394, 205.851, 7751.214, 61.447, 6.557, 8.275, 4833.424, 818.689, 78.751, 6174.825, 5420.631, 71.098, 1.204, 2.101, 3.131, 3.347, 5.933, 6.113, 6947.019, 87.4, 297.4, 6402.697, 8.177, 8.333, 1348.412, 9313.476, 8.732, 7753.8, 8.948, 13.959, 14.01, 0.024, 0.268, 0.903, 4751.259, 8288.439, 4.052, 985.558, 6.749, 6.896, 697.057, 7.129, 7.842, 8.232, 1053.391, 8.871, 1349.282, 9.822, 8765.165, 50.695, 6645.92, 755.536, 0.612, 1.152, 1.731, 127.118, 8757.228, 1342.787, 3.092, 8138.306, 8139.051, 814.421, 4.599, 439.765, 4.909, 6.703, 8.056, 808.297, 8.674, 29.253, 9.353, 1610.259, 5705.637, 0.806, 0.949, 6316.079, 1.338, 2.025, 6943.015, 9693.069, 188.131, 3.207, 4.881, 6400.037, 8940.17, 565.847, 5.887, 6.089, 908.195, 8.235, 279.266, 6476.331, 2.237, 9692.265, 5152.672, 3.017, 3.202, 13.508, 1014.432, 8940.253, 6170.582, 31.02, 6.148, 6947.018, 2022.677, 7354.606, 9.818, 9.951, 6724.952, 1436.054, 1436.812, 0.658, 0.944, 5836.115, 1.4, 10308.035, 10309.059, 4.121, 11.124, 9121.676, 9123.393, 8.738, 8294.139, 364.277, 5544.3, 1089.536, 7474.915, 1525.276, 10.77, 5291.22, 11.972, 0.124, 100.521, 1200.985, 1516.67, 982.474, 5412.99, 18.849, 723.852, 4.041, 6559.678, 8140.343, 5.484, 5.65, 7.298, 7598.525, 1299.023, 10314.482, 10.519, 10.677, 11.01, 620.012, 6280.848, 8596.122, 7531.323, 4.089, 5984.215, 4.286, 4.324, 985.06, 5.605, 6.502, 696.893, 7.101, 8.484, 554.186, 879.428, 990.357, 710.485, 1725.542, 10.701, 11.104, 6136.375, 11561.985, 12.125, 13.819, 7825.67, 1.269, 1046.815, 2.075, 3.122, 9.095, 204.93, 4.985, 6.758, 2022.439, 9.101, 9.86, 15.675, 11.616, 12.351, 27.601, 5423.01, 14.04, 15.346, 15.869, 6330.955, 9511.357, 16.609, 7681.87, 707.31, 5905.872, 41.382, 1.455, 5347.366, 1897.427, 9812.653, 948.058, 5283.367, 4.029, 4.305, 14.763, 5.222, 691.096, 831.402, 7.431, 7.448, 8.092, 8.596, 8.697, 15.709, 10.71, 926.226, 17.325, 33.17, 8948.294, 0.054, 0.262, 0.83, 517.166, 6398.538, 3.543, 6059.424, 59.69, 1430.67, 6245.95, 6.533, 6.659, 6832.971, 8.333, 1018.469, 9.288, 909.901, 10.07, 15.73, 680.737, 67.48, 12.601, 912.683, 13.275, 7919.26, 0.228, 0.344, 0.823, 1.21, 86.359, 7051.546, 10056.722, 9811.794, 1.863, 8137.156, 2.379, 9.341, 9695.494, 7.592, 763.532, 10828.9, 9124.172, 9.513, 735.72, 10.903, 11.164, 13.604, 223.876, 7359.326, 14.66, 8935.843, 11.14, 1.331, 1.485, 1156.552, 8597.52, 3.444, 3.86, 3.904, 4.584, 4.794, 5.397, 1296.234, 6.273, 7.025, 7.05, 27.226, 7.409, 7.581, 7537.592, 10062.788, 558.105, 7993.349, 8.474, 7598.725, 8755.265, 0.299, 0.651, 426.304, 6056.553, 22.977, 7533.356, 3.515, 6319.872, 6.254, 9121.705, 7.288, 5482.684, 7.726, 9503.023, 8.733, 7354.014, 8294.714, 9.86, 5845.263, 525.477, 16.563, 781.581, 991.999, 100.25, 0.296, 5706.081, 86.342, 1.654, 2842.81, 7748.641, 3.936, 4.1, 3374.572, 6.787, 8447.491, 5597.85, 7.9, 1253.061, 6833.295, 8.693, 774.331, 10.609, 10.61, 10.982, 4762.468, 13.887, 5719.397, 769.478, 15.698, 5765.064, 5.079, 5.505, 7905.733, 2840.82, 11.444, 2.108, 662.234, 2.347, 27.444, 508.565, 1293.683, 773.697, 10648.938, 4.192, 644.367, 7750.704, 5.82, 6.673, 7.788, 558.139, 8.393, 7540.914, 6291.032, 9701.074, 250.137, 0.435, 0.88, 1.642, 2.312, 2.698, 2.788, 6477.913, 7053.005, 8.014, 984.523, 6319.555, 8445.445, 9120.466, 5710.868, 6.593, 6.782, 2846.812, 177.6, 8602.669, 1208.32, 9.044, 9.07, 766.218, 11.48, 25.189, 1012.086, 6717.826, 1518.038, 5538.433, 4.06, 9501.254, 511.879, 7.309, 9123.076, 8294.106, 85.235, 10.396, 11.127, 1871.855, 37.152, 14.444, 7919.592, 15.312, 9320.925, 18.354, 18.392, 8459.001, 24.161, 24.553, 1310.197, 20.537, 21.02, 21.995, 147.058, 5.107, 5905.971, 561.311, 8136.579, 5906.594, 8441.634, 2.172, 2.372, 8138.313, 3.58, 949.214, 4.437, 5.121, 5.916, 6.947, 6946.973, 7.039, 7.682, 73.129, 8.241, 858.378, 1944.15, 9.613, 9.731, 10.196, 465.553, 9505.816, 11.229, 11.547, 7602.406, 9935.606, 0.623, 7530.72, 10.911, 1.538, 8936.538, 1341.544, 1.577, 9117.286, 9937.676, 3.323, 4.896, 20.048, 770.285, 5.479, 27.249, 6207.932, 8448.544, 5078.599, 8.829, 9.183, 29.279, 5654.53, 6564.729, 10.127, 10.138, 5420.717, 11.888, 8767.474, 197.701, 5.256, 10820.348, 9305.896, 1.091, 3.525, 593.948, 6205.107, 5.678, 8447.316, 192.664, 178.111, 19.507, 880.11, 10.738, 536.028, 9821.154, 731.209, 4012.72, 4013.115, 13.719, 2029.386, 19.931, 31.452, 16.847, 16.892, 5427.229, 17.263, 32.411, 6652.434, 18.138, 80.017, 8595.327, 1245.873, 6.209, 1.427, 1.926, 5983.263, 9.261, 4.3, 2019.303, 14.441, 1979.725, 5.048, 5.75, 5.791, 6.147, 6.419, 142.034, 7.831, 8.644, 228.725, 9.769, 10.149, 6950.455, 2025.885, 11.244, 5546.919, 12.566, 13.223, 14.387, 891.138, 1.412, 1.727, 1.781, 2.526, 6638.54, 3.69, 9814.126, 1939.31, 4.482, 9940.368, 7751.438, 6.474, 7.515, 7.88, 9122.913, 8.307, 8.34, 8448.574, 8.648, 9.222, 10.037, 25.262, 7601.286, 11.79, 107.064, 12.432, 8947.689, 12.885, 13.233, 1080.365, 10.934, 1.303, 1.414, 936.836, 9117.094, 2.806, 9813.03, 3.101, 8.443, 3.481, 329.446, 654.503, 94.895, 5.717, 5.961, 6.038, 6.511, 8941.925, 7.863, 32.9, 8.679, 9.499, 9.775, 10.678, 10.981, 11.987, 487.966, 813.101, 1873.228, 1.469, 8442.873, 148.108, 3.773, 728.845, 9693.86, 4.325, 1120.02, 15.129, 5.23, 81.519, 7.187, 9312.52, 10828.078, 9503.258, 8763.448, 8.679, 513.984, 1620.127, 10.834, 601.882, 12.896, 8768.042, 13.396, 58.6, 8299.484, 14.724, 645.597, 16.986, 9512.19, 5905.041, 8595.282, 651.354, 1.363, 1.737, 1081.829, 8442.46, 7.831, 393.14, 1898.207, 3.625, 6478.888, 1048.936, 4.568, 5984.906, 8760.634, 1940.71, 6.486, 6401.604, 9696.659, 6173.203, 898.667, 7913.703, 5544.553, 9.666, 9.732, 10.102, 6211.417, 836.792, 12.006, 10.012, 7989.001, 4.629, 5649.832, 6.707, 5771.803, 7412.124, 8603.093, 598.664, 9.65, 6645.986, 9316.018, 16.785, 286.953, 22.05, 732.919, 913.233, 11193.473, 15.661, 261.658, 8772.422, 17.583, 868.287, 7548.578, 6073.993, 18.994, 19.739, 2034.8, 6185.178, 375.324, 50.281, 245.548, 7826.093, 5766.305, 1821.937, 17.308, 427.953, 653.452, 3.714, 3.786, 19.126, 4.236, 154.42, 14.905, 4.942, 6.158, 11.984, 922.329, 8602.553, 9.719, 12340.523, 5355.627, 11.185, 11.253, 1906.419, 12.786, 12.872, 503.227, 13.525, 6178.923, 8148.977, 5994.48, 10660.12, 8610.129, 15.135, 15.223, 17.409, 17.721, 1954.564, 20.494, 0.133, 10.938, 1.735, 7468.721, 8289.292, 9.943, 5.771, 8446.671, 7.223, 7.339, 7832.638, 12.723, 8.404, 8450.993, 11.055, 11.661, 1727.679, 9130.924, 301.337, 16.946, 637.059, 17.244, 17.461, 17.846, 17.882, 17.907, 1028.98, 19.128, 10324.227, 19.332, 6000.101, 20.155, 8157.175, 502.648, 23.436, 8158.79, 1004.91, 24.983, 25.185, 9141.722, 85.628, 5.802, 891.03, 8596.145, 1.276, 3.919, 4.561, 5.428, 215.522, 5415.555, 6.701, 7.074, 138.127, 7673.277, 8603.672, 8.943, 14.482, 9.55, 10.267, 9945.313, 10.887, 12340.961, 11.064, 13.165, 563.309, 9948.572, 14.017, 14.153, 14.207, 14.356, 654.417, 5994.734, 8770.702, 16.163, 1131.929, 5783.372, 26.095, 11571.349, 22.386, 22.438, 8285.136, 0.257, 0.544, 0.948, 1.109, 1.505, 3.308, 4.204, 19.327, 6479.404, 11554.418, 4.703, 4.748, 8140.159, 2400.58, 9501.024, 6.837, 6947.222, 1018.143, 11189.202, 9.244, 9504.369, 8145.061, 6835.084, 10.74, 10.767, 7416.191, 11.527, 11.542, 12.198, 13.521, 13.539, 13.581, 14.05, 8300.091, 16.585, 7422.299, 588.099, 4923.125, 1358.88, 6715.52, 22.992, 7469.598, 8289.718, 4.789, 634.827, 5.136, 5.45, 7830.611, 7830.929, 16.046, 5222.343, 7.346, 7472.612, 7.707, 778.076, 8.544, 8944.79, 630.013, 8145.272, 7995.77, 7601.039, 11.274, 11.432, 11.47, 6177.44, 422.568, 9507.912, 13.897, 18.979, 14.229, 7604.378, 7605.026, 15.776, 15.821, 16.047, 962.181, 17.8, 18.129, 8153.713, 1860.514, 0.592, 0.626, 5411.149, 851.498, 2016.729, 5646.968, 9497.018, 3.038, 3.633, 3.721, 883.735, 4.114, 1980.019, 1250.141, 6.55, 346.97, 7912.367, 7.565, 7538.538, 923.843, 9.765, 180.59, 4010.876, 11.149, 11.645, 11.676, 10317.289, 13.982, 1094.457, 14.493, 14.829, 15.333, 800.617, 15.634, 750.834, 16.598, 606.776, 5997.714, 17.757, 7590.099, 5.271, 7532.518, 1203.212, 9308.306, 4.188, 469.932, 605.842, 10311.524, 6.653, 6.778, 6.894, 7.525, 58.129, 9.825, 9.956, 15.379, 10.489, 8450.878, 10.883, 947.121, 9947.316, 108.056, 928.503, 738.58, 8149.528, 699.625, 839.84, 14.842, 15.147, 15.202, 6181.018, 16.273, 9826.357, 16.988, 897.211, 17.214, 8952.455, 2033.515, 9133.598, 0.299, 0.43, 6395.921, 0.984, 1.193, 7347.255, 10307.812, 3.301, 1294.02, 4.216, 5649.23, 1250.218, 6.244, 7831.528, 6.669, 6.786, 858.913, 21.28, 651.648, 11.85, 12.065, 172.815, 13.323, 13.537, 13.796, 199.354, 8770.395, 15.665, 826.553, 71.855, 1027.072, 17.188, 9707.328, 17.78, 18.469, 38.817, 7304.169, 19.375, 20.6, 35.664, 240.23, 0.434, 0.577, 890.709, 1.371, 117.432, 862.659, 4.183, 7054.699, 5912.006, 7.243, 7.413, 5713.309, 6723.321, 283.778, 2849.429, 10.59, 1350.621, 9945.789, 56.795, 7416.918, 12.555, 12.863, 13.172, 13.59, 768.84, 14.354, 15.149, 15.711, 140.752, 246.577, 16.969, 9132.255, 1732.262, 17.554, 52.781, 908.539, 19.246, 20.629, 20.809, 0.678, 7405.981, 10476.184, 6.653, 2.574, 5982.683, 9813.024, 4.103, 34.646, 929.666, 7409.709, 5.057, 5416.06, 6.112, 1252.049, 7.233, 7.941, 7.993, 9944.663, 12340.11, 10.552, 20.728, 780.782, 11.304, 21.583, 11.985, 8767.327, 7603.472, 223.617, 14.281, 14.282, 5489.308, 14.357, 7299.923, 15.537, 9320.741, 905.753, 17.103, 17.219, 27.855]
Flow Min Byteload Size (B): [211, 625, 366, 1338, 279, 1423, 1414, 1199, 490, 1246, 527, 276, 293, 144, 1438, 211, 315, 830, 693, 423, 671, 1100, 1246, 1281, 394, 416, 279, 1199, 324, 416, 1204, 1311, 1246, 298, 577, 913, 1094, 1246, 939, 293, 908, 671, 471, 394, 340, 468, 324, 366, 142, 577, 308, 1093, 293, 1199, 340, 107, 423, 1004, 1430, 527, 539, 910, 723, 1424, 324, 886, 1069, 282, 901, 293, 293, 423, 1246, 423, 455, 693, 235, 423, 279, 557, 211, 357, 416, 900, 1237, 308, 588, 116, 343, 279, 80, 324, 900, 671, 1440, 1004, 1096, 1055, 340, 308, 308, 279, 57, 958, 282, 741, 266, 529, 455, 279, 466, 279, 64, 939, 1230, 1435, 293, 53, 179, 539, 279, 907, 1327, 1153, 184, 1407, 1082, 329, 588, 315, 308, 340, 80, 329, 279, 1041, 308, 908, 293, 651, 1322, 523, 569, 308, 357, 607, 315, 308, 1410, 211, 907, 1400, 1410, 1324, 366, 569, 57, 433, 958, 756, 279, 1436, 1041, 308, 279, 723, 324, 245, 60, 542, 349, 1436, 455, 490, 588, 1414, 266, 366, 340, 394, 1069, 679, 1425, 423, 1063, 340, 588, 665, 1309, 490, 736, 540, 413, 664, 214, 655, 57, 539, 296, 1338, 394, 588, 340, 366, 308, 1055, 144, 92, 53, 60, 1110, 211, 1246, 423, 1428, 1182, 1419, 308, 1440, 891, 116, 910, 490, 926, 324, 490, 468, 1281, 863, 394, 527, 308, 410, 520, 710, 693, 613, 366, 901, 107, 1424, 1100, 116, 219, 279, 184, 1041, 895, 1407, 455, 144, 324, 116, 92, 124, 398, 587, 750, 324, 211, 293, 679, 416, 53, 1425, 1346, 901, 568, 124, 1069, 338, 913, 340, 340, 73, 1270, 282, 910, 540, 276, 983, 1173, 1316, 282, 1322, 1041, 1250, 137, 742, 854, 137, 324, 308, 1065, 1457, 897, 208, 282, 939, 759, 324, 1391, 1391, 1419, 144, 723, 1246, 490, 577, 817, 1109, 1187, 423, 471, 777, 496, 366, 1049, 512, 1031, 925, 298, 60, 357, 1351, 184, 1267, 340, 1149, 308, 293, 394, 245, 235, 1411, 1316, 340, 639, 124, 282, 1199, 455, 279, 293, 276, 366, 209, 340, 1146, 1096, 321, 1150, 490, 324, 967, 394, 366, 1435, 455, 777, 1311, 116, 1436, 1189, 1351, 1435, 4, 601, 13, 92, 626, 714, 779, 366, 1328, 907, 329, 187, 1270, 1435, 779, 211, 340, 490, 550, 293, 626, 4, 293, 540, 228, 293, 1173, 116, 279, 497, 1107, 57, 455, 1110, 1436, 1381, 665, 762, 490, 293, 1309, 293, 1369, 652, 1182, 57, 540, 494, 512, 324, 423, 926, 116, 1012, 557, 433, 1382, 910, 1327, 490, 92, 825, 329, 21, 1252, 308, 927, 423, 366, 209, 455, 276, 53, 1372, 1230, 939, 319, 324, 416, 329, 1354, 308, 245, 529, 423, 416, 652, 366, 293, 1073, 245, 423, 714, 211, 907, 1338, 679, 723, 1400, 490, 423, 222, 926, 395, 958, 293, 455, 184, 410, 293, 124, 1281, 587, 1069, 1246, 423, 542, 263, 1189, 282, 926, 652, 279, 986, 343, 308, 1230, 211, 925, 64, 410, 1063, 92, 926, 626, 324, 60, 710, 927, 858, 711, 293, 219, 206, 711, 206, 542, 228, 211, 279, 858, 1436, 222, 1457, 74, 901, 1157, 394, 490, 1257, 1062, 328, 607, 891, 328, 279, 107, 308, 394, 693, 279, 222, 494, 1089, 723, 340, 107, 926, 777, 1055, 901, 613, 80, 711, 490, 523, 293, 357, 588, 308, 410, 455, 540, 1189, 639, 742, 490, 738, 1042, 926, 92, 211, 497, 433, 319, 279, 1082, 490, 1153, 211, 926, 626, 416, 416, 1062, 1055, 854, 1069, 340, 1012, 142, 394, 1298, 490, 1031, 750, 1096, 523, 1382, 324, 293, 222, 1407, 539, 626, 490, 723, 282, 1115, 1042, 340, 1338, 57, 863, 343, 1369, 1407, 1371, 1391, 92, 550, 1146, 282, 607, 263, 589, 222, 1150, 958, 394, 308, 910, 830, 830, 308, 366, 569, 693, 1281, 1281, 79, 80, 1436, 1436, 423, 588, 219, 221, 655, 1182, 832, 779, 671, 665, 279, 527, 939, 832, 410, 891, 812, 4, 679, 245, 416, 324, 540, 490, 527, 1400, 1281, 490, 124, 57, 512, 357, 471, 53, 1055, 418, 523, 540, 410, 1346, 1012, 1189, 340, 707, 214, 587, 410, 762, 73, 626, 53, 1311, 497, 455, 455, 710, 293, 738, 60, 340, 895, 74, 340, 279, 1150, 60, 1055, 296, 589, 235, 1204, 891, 1069, 1110, 340, 1382, 1246, 1440, 1327, 1189, 1094, 1316, 57, 664, 1230, 1381, 1436, 671, 308, 558, 971, 308, 187, 587, 57, 308, 366, 455, 558, 1199, 490, 209, 1309, 1298, 282, 324, 1346, 817, 137, 723, 279, 4, 6, 830, 858, 324, 490, 1031, 340, 1146, 1069, 1338, 455, 184, 1328, 879, 308, 1338, 340, 756, 340, 340, 707, 366, 1271, 1410, 1173, 1381, 423, 416, 324, 415, 1407, 68, 319, 1149, 1436, 279, 1127, 665, 1430, 340, 1347, 958, 68, 282, 84, 1110, 455, 1425, 471, 506, 423, 490, 293, 394, 577, 1400, 679, 1069, 423, 523, 324, 665, 53, 1173, 1372, 1041, 394, 527, 211, 279, 293, 179, 4, 523, 53, 707, 1382, 279, 1436, 523, 1354, 57, 1246, 665, 958, 588, 64, 569, 137, 625, 1402, 410, 745, 64, 750, 1271, 235, 913, 901, 423, 652, 1139, 423, 116, 714, 540, 925, 1031, 652, 115, 340, 1110, 340, 357, 144, 750, 319, 60, 298, 542, 625, 756, 913, 355, 293, 1064, 423, 710, 21, 1400, 1402, 1351, 1069, 688, 901, 68, 639, 665, 1372, 293, 53, 357, 1407, 1065, 601, 1369, 490, 455, 1440, 279, 343, 1410, 801, 410, 1382, 116, 1436, 750, 340, 324, 913, 1266, 471, 939, 506, 1414, 319, 423, 710, 1146, 910, 832, 221, 57, 1246, 21, 324, 1436, 588, 358, 279, 1012, 266, 263, 340, 756, 340, 777, 53, 523, 116, 711, 895, 1400, 423, 455, 64, 1153, 80, 1094, 1115, 416, 1094, 116, 324, 394, 416, 308, 1436, 394, 324, 523, 279, 222, 92, 184, 398, 652, 276, 967, 455, 455, 626, 334, 1246, 124, 279, 527, 329, 340, 53, 172, 455, 282, 926, 394, 1436, 329, 1042, 1012, 408, 115, 1069, 1298, 1428, 116, 395, 626, 1222, 168, 1375, 245, 927, 779, 891, 601, 211, 539, 711, 1149, 777, 817, 652, 607, 1428, 79, 116, 539, 1266, 861, 587, 308, 315, 1381, 4, 1100, 1100, 1369, 1150, 1199, 812, 954, 1096, 891, 64, 408, 433, 53, 494, 471, 925, 542, 1096, 92, 418, 542, 1055, 1150, 262, 939, 455, 455, 779, 144, 68, 1430, 1430, 1414, 242, 293, 1096, 222, 1150, 1082, 221, 707, 324, 394, 1049, 490, 53, 1430, 490, 433, 523, 1381, 967, 279, 329, 901, 279, 540, 184, 1436, 394, 107, 116, 455, 293, 1324, 1411, 527, 652, 568, 523, 282, 652, 394, 655, 1267, 665, 293, 986, 1436, 589, 1381, 266, 542, 423, 1237, 850, 1456, 308, 366, 324, 1110, 282, 60, 263, 665, 308, 652, 394, 665, 279, 36, 142, 266, 455, 116, 211, 293, 1127, 1407, 293, 908, 451, 324, 358, 208, 777, 1149, 1246, 211, 279, 21, 1031, 324, 607, 308, 211, 1430, 733, 588, 1391, 575, 455, 1246, 1094, 471, 850, 79, 279, 655, 116, 415, 206, 1230, 1430, 343, 738, 308, 418, 211, 967, 1419, 723, 1407, 607, 1049, 756, 221, 366, 1069, 506, 1428, 587, 340, 651, 1041, 92, 1375, 626, 298, 998, 471, 607, 324, 433, 777, 415, 1375, 550, 4, 1338, 338, 455, 736, 211, 639, 276, 53, 4, 455, 540, 1150, 607, 219, 886, 736, 710, 298, 984, 626, 179, 850, 490, 340, 408, 455, 520, 754, 366, 394, 895, 209, 471, 366, 13, 664, 340, 665, 1230, 455, 1146, 1425, 490, 607, 416, 418, 1351, 471, 1430, 293, 394, 490, 967, 293, 626, 1267, 679, 1182, 588, 1309, 57, 116, 293, 455, 710, 801, 423, 116, 144, 293, 73, 1436, 478, 954, 512, 279, 279, 1055, 423, 423, 1146, 490, 1281, 279, 418, 1096, 416, 1430, 707, 416, 410, 665, 490, 1436, 745, 296, 1049, 471, 279, 455, 423, 423, 1347, 891, 423, 308, 1259, 1327, 471, 779, 542, 490, 340, 329, 60, 13, 1082, 324, 1372, 329, 652, 394, 490, 340, 688, 418, 211, 1369, 908, 298, 625, 497, 423, 308, 588, 523, 57, 340, 1146, 293, 423, 652, 199, 343, 497, 707, 366, 416, 249, 1246, 626, 222, 1146, 338, 324, 1246, 416, 1031, 455, 340, 998, 490, 1055, 394, 1096, 1346, 279, 279, 588, 279, 998, 901, 1073, 926, 910, 1298, 1182, 588, 1069, 575, 626, 394, 710, 710, 754, 907, 324, 1182, 423, 1402, 293, 282, 512, 416, 1041, 527, 1430, 293, 1430, 607, 1063, 1246, 293, 1199, 1324, 527, 527, 340, 558, 394, 1436, 626, 293, 416, 266, 707, 540, 891, 276, 1150, 1375, 1246, 340, 1184, 324, 799, 366, 939, 925, 983, 857, 756, 1430, 53, 209, 1055, 1266, 1100, 366, 601, 707, 1281, 558, 655, 506, 324, 279, 741, 1042, 825, 1419, 607, 418, 308, 527, 296, 53, 939, 777, 1435, 157, 529, 1281, 266, 1222, 679, 308, 329, 340, 423, 1093, 324, 116, 558, 986, 329, 568, 209, 1127, 416, 187, 587, 490, 490, 340, 607, 779, 1381, 68, 799, 394, 282, 1150, 1436, 455, 92, 723, 1424, 707, 958, 1281, 423, 1400, 308, 1375, 925, 60, 710, 308, 340, 276, 971, 688, 324, 340, 779, 1069, 293, 144, 539, 211, 1096, 1062, 879, 1146, 490, 1407, 324, 983, 168, 1060, 423, 858, 1204, 164, 324, 817, 1049, 1096, 844, 413, 652, 1410, 1094, 1324, 540, 750, 910, 1375, 913, 652, 926, 329, 1250, 998, 423, 324, 1419, 208, 319, 394, 779, 1082, 1153, 1107, 366, 1436, 73, 423, 468, 1049, 366, 279, 394, 308, 998, 913, 1093, 490, 418, 1381, 506, 398, 577, 998, 679, 891, 1146, 925, 340, 340, 589, 329, 13, 455, 1457, 1402, 324, 84, 324, 211, 527, 1347, 423, 1435, 1354, 558, 1060, 858, 777, 1049, 279, 523, 1457]
Flow Max Byteload Size (B): [1458, 1458, 366, 1458, 279, 1458, 1414, 1458, 490, 1458, 1458, 1458, 293, 144, 1458, 1458, 1458, 1458, 693, 423, 1458, 1458, 1458, 1458, 394, 1458, 279, 1458, 324, 1458, 1458, 1458, 1458, 1458, 577, 1458, 1458, 1458, 1458, 293, 1458, 1458, 1458, 394, 340, 1458, 324, 366, 1458, 577, 308, 1458, 293, 1458, 340, 107, 423, 1458, 1458, 1458, 1458, 1458, 1458, 1424, 324, 1458, 1458, 1458, 1458, 293, 293, 423, 1458, 423, 455, 693, 235, 423, 279, 1458, 1458, 1458, 1458, 1458, 1458, 308, 1458, 1458, 1458, 279, 1458, 324, 900, 1458, 1440, 1458, 1096, 1055, 340, 308, 308, 279, 57, 1458, 1458, 1458, 1458, 1458, 455, 279, 1458, 279, 64, 1458, 1458, 1435, 293, 1458, 1458, 1458, 279, 1458, 1458, 1458, 184, 1458, 1082, 1458, 1458, 1458, 308, 340, 1458, 1458, 279, 1458, 308, 1458, 293, 1458, 1458, 523, 1458, 308, 1458, 1458, 1458, 308, 1458, 1458, 1458, 1458, 1458, 1324, 366, 1458, 57, 1458, 1458, 1458, 279, 1458, 1458, 308, 279, 1458, 324, 1458, 60, 1458, 1458, 1458, 455, 490, 1458, 1414, 1458, 366, 340, 394, 1069, 679, 1458, 423, 1458, 340, 1458, 665, 1458, 490, 1458, 540, 1458, 1458, 1458, 1458, 57, 1458, 1458, 1458, 394, 1458, 340, 366, 308, 1055, 144, 92, 1458, 60, 1110, 1458, 1458, 423, 1458, 1458, 1419, 308, 1440, 1458, 1458, 1458, 490, 1458, 324, 490, 1458, 1458, 1458, 394, 1458, 308, 1458, 1458, 1458, 693, 613, 366, 1458, 107, 1424, 1458, 1458, 1458, 279, 1458, 1458, 1458, 1458, 455, 144, 324, 1458, 92, 124, 1458, 1458, 1458, 324, 1458, 293, 679, 1458, 1458, 1458, 1346, 1458, 1458, 124, 1069, 1458, 1458, 340, 340, 1458, 1458, 1458, 1458, 540, 1458, 983, 1458, 1458, 1458, 1458, 1458, 1458, 1458, 742, 1458, 1458, 324, 308, 1458, 1458, 1458, 208, 1458, 1458, 1458, 324, 1391, 1391, 1419, 144, 1458, 1458, 490, 577, 817, 1458, 1458, 423, 1458, 1458, 1458, 366, 1458, 1458, 1458, 1458, 1458, 60, 1458, 1458, 1458, 1458, 340, 1458, 308, 293, 394, 1458, 235, 1458, 1458, 340, 639, 124, 1458, 1458, 455, 279, 293, 1458, 366, 1458, 340, 1458, 1096, 1458, 1458, 490, 324, 1458, 394, 366, 1435, 455, 1458, 1458, 1458, 1458, 1458, 1458, 1435, 1458, 601, 1458, 92, 626, 1458, 779, 366, 1458, 1458, 1458, 1458, 1458, 1435, 779, 1458, 340, 490, 1458, 293, 626, 1458, 293, 540, 1458, 293, 1458, 1458, 279, 1458, 1458, 57, 455, 1110, 1458, 1458, 665, 1458, 490, 293, 1458, 293, 1369, 652, 1458, 57, 540, 1458, 1458, 324, 423, 1458, 1458, 1012, 1458, 1458, 1458, 1458, 1458, 490, 92, 1458, 1458, 1458, 1458, 308, 927, 423, 366, 1458, 455, 1458, 53, 1458, 1458, 1458, 1458, 324, 1458, 1458, 1458, 308, 1458, 1458, 423, 1458, 652, 366, 293, 1458, 1458, 423, 1458, 1458, 1458, 1458, 679, 1458, 1458, 490, 423, 1458, 1458, 1458, 1458, 293, 455, 184, 1458, 293, 124, 1458, 1458, 1069, 1458, 423, 1458, 1458, 1458, 1458, 1458, 652, 279, 1458, 1458, 308, 1458, 1458, 1458, 64, 1458, 1458, 92, 1458, 626, 324, 60, 1458, 927, 858, 1458, 293, 1458, 1458, 1458, 1458, 1458, 1458, 1458, 279, 858, 1458, 1458, 1458, 1458, 1458, 1458, 394, 490, 1458, 1458, 1458, 1458, 1458, 1458, 279, 107, 308, 394, 693, 279, 1458, 1458, 1458, 1458, 340, 107, 1458, 1458, 1055, 1458, 613, 1458, 1458, 490, 523, 293, 1458, 1458, 308, 1458, 455, 540, 1458, 639, 742, 490, 1458, 1042, 1458, 92, 1458, 1458, 1458, 1458, 279, 1082, 490, 1458, 1458, 1458, 626, 1458, 1458, 1458, 1055, 1458, 1069, 340, 1012, 1458, 394, 1458, 490, 1458, 1458, 1096, 523, 1458, 324, 293, 1458, 1458, 1458, 626, 490, 1458, 1458, 1458, 1042, 340, 1458, 57, 1458, 1458, 1369, 1458, 1458, 1391, 92, 1458, 1458, 1458, 1458, 1458, 589, 1458, 1458, 1458, 394, 308, 1458, 1458, 1458, 308, 366, 1458, 693, 1458, 1458, 79, 1458, 1458, 1458, 423, 1458, 1458, 1458, 1458, 1458, 1458, 779, 1458, 665, 279, 1458, 1458, 1458, 1458, 1458, 1458, 1458, 679, 1458, 1458, 324, 540, 490, 1458, 1458, 1458, 490, 124, 57, 1458, 1458, 1458, 1458, 1055, 1458, 523, 540, 1458, 1346, 1012, 1458, 340, 707, 1458, 1458, 1458, 1458, 1458, 626, 53, 1458, 1458, 455, 455, 1458, 293, 1458, 60, 340, 1458, 1458, 340, 279, 1458, 60, 1055, 1458, 589, 235, 1458, 1458, 1069, 1110, 340, 1458, 1458, 1440, 1458, 1458, 1458, 1458, 57, 1458, 1458, 1458, 1458, 1458, 308, 558, 1458, 308, 1458, 1458, 57, 308, 366, 455, 558, 1458, 490, 1458, 1458, 1458, 1458, 324, 1346, 817, 1458, 1458, 279, 1458, 1458, 1458, 1458, 324, 490, 1458, 340, 1458, 1069, 1458, 455, 1458, 1458, 1458, 308, 1458, 340, 1458, 340, 340, 707, 366, 1458, 1458, 1458, 1458, 423, 1458, 324, 1458, 1458, 68, 1458, 1458, 1458, 279, 1458, 665, 1430, 340, 1458, 1458, 68, 1458, 1458, 1110, 455, 1458, 1458, 506, 423, 490, 293, 394, 577, 1458, 679, 1069, 423, 1458, 324, 665, 1458, 1458, 1458, 1458, 394, 1458, 1458, 279, 293, 1458, 1458, 1458, 1458, 707, 1458, 279, 1458, 523, 1458, 57, 1458, 665, 1458, 1458, 64, 1458, 1458, 1458, 1458, 1458, 1458, 64, 1458, 1458, 235, 1458, 1458, 423, 652, 1458, 423, 1458, 1458, 540, 1458, 1458, 652, 1458, 340, 1110, 340, 1458, 144, 1458, 1458, 60, 1458, 1458, 1458, 1458, 1458, 1458, 293, 1458, 423, 1458, 1458, 1458, 1458, 1458, 1069, 1458, 1458, 68, 639, 665, 1458, 293, 1458, 1458, 1458, 1458, 601, 1369, 490, 455, 1440, 279, 1458, 1458, 1458, 1458, 1458, 1458, 1458, 1458, 340, 324, 1458, 1458, 1458, 1458, 506, 1414, 1458, 423, 1458, 1458, 1458, 1458, 1458, 57, 1458, 1458, 324, 1458, 1458, 1458, 279, 1012, 1458, 1458, 340, 1458, 340, 1458, 53, 523, 1458, 1458, 1458, 1458, 423, 455, 64, 1458, 1458, 1458, 1458, 1458, 1458, 1458, 324, 394, 1458, 308, 1458, 394, 324, 523, 279, 1458, 92, 184, 1458, 652, 1458, 1458, 455, 455, 626, 1458, 1458, 124, 279, 1458, 1458, 340, 1458, 1458, 455, 1458, 1458, 394, 1458, 1458, 1042, 1012, 1458, 1458, 1069, 1458, 1458, 1458, 1458, 626, 1222, 1458, 1458, 1458, 927, 779, 1458, 601, 1458, 1458, 1458, 1458, 1458, 817, 652, 1458, 1458, 79, 1458, 1458, 1458, 1458, 1458, 308, 1458, 1458, 1458, 1458, 1458, 1369, 1458, 1458, 1458, 954, 1096, 1458, 64, 1458, 1458, 53, 1458, 1458, 1458, 1458, 1096, 92, 1458, 1458, 1055, 1458, 1458, 1458, 455, 455, 779, 144, 68, 1458, 1430, 1414, 1458, 293, 1096, 1458, 1458, 1082, 1458, 707, 324, 394, 1458, 490, 53, 1430, 490, 1458, 523, 1458, 1458, 279, 1458, 1458, 279, 540, 184, 1458, 394, 107, 1458, 455, 293, 1324, 1458, 1458, 652, 1458, 523, 1458, 652, 394, 1458, 1458, 665, 293, 1458, 1458, 589, 1458, 266, 1458, 423, 1458, 1458, 1458, 308, 366, 324, 1110, 1458, 60, 1458, 665, 308, 652, 394, 665, 279, 1458, 1458, 1458, 455, 1458, 1458, 293, 1458, 1458, 293, 1458, 1458, 324, 1458, 208, 1458, 1458, 1458, 1458, 279, 1458, 1458, 324, 1458, 308, 1458, 1430, 1458, 1458, 1391, 1458, 455, 1458, 1458, 1458, 1458, 79, 279, 1458, 1458, 1458, 1458, 1458, 1430, 1458, 1458, 308, 1458, 1458, 1458, 1419, 1458, 1458, 1458, 1458, 1458, 1458, 366, 1069, 506, 1458, 1458, 340, 1458, 1458, 92, 1458, 626, 1458, 1458, 1458, 1458, 324, 1458, 1458, 1458, 1458, 1458, 1458, 1458, 1458, 455, 1458, 1458, 639, 1458, 1458, 1458, 455, 540, 1458, 1458, 1458, 1458, 1458, 1458, 1458, 1458, 1458, 1458, 1458, 490, 340, 1458, 455, 1458, 1458, 366, 394, 1458, 1458, 1458, 366, 1458, 1458, 340, 665, 1458, 455, 1146, 1458, 490, 1458, 1458, 1458, 1458, 1458, 1430, 293, 394, 490, 1458, 293, 626, 1458, 679, 1458, 1458, 1458, 57, 1458, 293, 455, 1458, 1458, 423, 1458, 144, 293, 1458, 1458, 1458, 954, 1458, 279, 279, 1055, 423, 423, 1458, 490, 1458, 279, 1458, 1096, 1458, 1458, 707, 1458, 1458, 665, 490, 1458, 1458, 1458, 1458, 1458, 279, 455, 423, 423, 1458, 1458, 423, 308, 1458, 1458, 1458, 779, 1458, 490, 340, 1458, 60, 1458, 1082, 324, 1458, 1458, 652, 394, 490, 340, 1458, 1458, 1458, 1369, 1458, 1458, 1458, 1458, 423, 308, 1458, 523, 57, 340, 1146, 293, 423, 652, 1458, 1458, 1458, 707, 366, 1458, 1458, 1458, 626, 1458, 1458, 1458, 324, 1458, 1458, 1458, 455, 340, 1458, 490, 1055, 394, 1096, 1346, 279, 279, 1458, 279, 1458, 1458, 1458, 1458, 1458, 1458, 1458, 1458, 1069, 1458, 626, 394, 1458, 1458, 1458, 1458, 324, 1458, 423, 1458, 293, 1458, 1458, 1458, 1458, 1458, 1430, 293, 1430, 1458, 1458, 1458, 293, 1458, 1324, 1458, 1458, 340, 558, 394, 1458, 626, 293, 1458, 1458, 707, 540, 1458, 1458, 1458, 1458, 1458, 340, 1184, 324, 1458, 366, 1458, 1458, 983, 1458, 1458, 1430, 1458, 1458, 1055, 1458, 1458, 366, 601, 707, 1458, 558, 1458, 506, 324, 279, 1458, 1042, 1458, 1419, 1458, 1458, 308, 1458, 1458, 1458, 1458, 1458, 1435, 1458, 1458, 1458, 266, 1222, 679, 308, 1458, 340, 423, 1458, 324, 1458, 558, 1458, 1458, 1458, 1458, 1458, 1458, 1458, 1458, 490, 490, 340, 1458, 779, 1458, 68, 1458, 394, 1458, 1458, 1458, 455, 92, 1458, 1424, 707, 1458, 1458, 423, 1458, 308, 1458, 1458, 60, 1458, 308, 340, 1458, 1458, 1458, 324, 340, 1458, 1069, 293, 144, 1458, 1458, 1096, 1458, 1458, 1458, 490, 1458, 324, 983, 1458, 1458, 423, 858, 1458, 1458, 324, 817, 1458, 1096, 1458, 1458, 652, 1458, 1458, 1324, 540, 1458, 1458, 1458, 1458, 652, 1458, 1458, 1458, 1458, 423, 324, 1419, 208, 1458, 394, 779, 1082, 1458, 1458, 366, 1458, 1458, 423, 1458, 1458, 366, 279, 394, 308, 1458, 1458, 1458, 490, 1458, 1458, 506, 1458, 1458, 1458, 679, 1458, 1146, 1458, 340, 340, 589, 1458, 1458, 455, 1458, 1458, 324, 1458, 324, 1458, 1458, 1458, 423, 1435, 1458, 558, 1458, 858, 1458, 1458, 279, 523, 1458]
Flow Min Interval (us): [0.008, 5.0, [], 0.04, [], 5.0, [], 5.0, [], 0.012, 0.016, 0.15, [], [], 0.254, 0.008, 0.128, 0.027, [], [], 0.007, 0.011, 0.012, 0.008, [], 0.006, [], 5.0, [], 0.006, 0.593, 0.012, 0.012, 0.008, [], 0.009, 0.013, 0.012, 0.014, [], 0.019, 0.007, 0.012, [], [], 1.348, [], [], 0.022, [], [], 5.0, [], 5.0, [], [], [], 0.593, 0.225, 0.016, 0.179, 0.01, 0.01, [], [], 0.77, 0.001, 0.01, 0.036, [], [], [], 0.012, [], [], [], [], [], [], 0.237, 0.008, 0.013, 0.006, 1.221, 0.045, [], 0.008, 0.011, 0.005, [], 5.0, [], [], 0.007, [], 0.593, [], [], [], [], [], [], [], 0.012, 0.01, 0.069, 0.032, 0.222, [], [], 0.24, [], [], 0.041, 0.023, [], [], 0.013, 0.117, 0.179, [], 0.012, 0.008, 0.101, [], 0.005, [], 0.009, 0.008, 0.128, [], [], 5.0, 0.009, [], 0.003, [], 0.019, [], 4.149, 0.01, [], 0.016, [], 0.013, 0.003, 0.128, [], 0.003, 0.008, 0.012, 0.045, 0.003, [], [], 0.016, [], 0.007, 0.012, 0.004, [], 0.007, 0.003, [], [], 0.01, [], 0.019, [], 5.0, 0.22, 0.071, [], [], 0.008, [], 0.032, [], [], [], [], [], 0.04, [], 0.249, [], 0.008, [], 5.0, [], 0.459, [], 0.067, 0.006, 0.018, 0.012, [], 0.179, 5.0, 0.04, [], 0.008, [], [], [], [], [], [], 0.013, [], [], 0.008, 0.012, [], 0.006, 0.01, [], [], [], 0.022, 0.011, 0.01, [], 0.179, [], [], 1.348, 0.008, 0.221, [], 0.016, [], 0.021, 0.236, 0.004, [], [], [], 0.016, [], [], 0.011, 0.011, 0.235, [], 5.0, 0.003, 5.0, 0.005, [], [], [], 0.011, [], [], 0.092, 0.091, 0.014, [], 0.008, [], [], 0.006, 0.013, 0.07, [], 0.016, 0.145, [], [], 0.01, 0.014, [], [], 0.02, 0.016, 0.01, 0.01, [], 0.15, [], 0.008, 0.188, 0.01, 0.01, 0.003, 1.053, 0.198, [], 0.205, 0.198, [], [], 0.207, 0.776, 0.22, [], 0.01, 0.041, 0.482, [], [], [], [], [], 0.01, 0.012, [], [], [], 0.138, 1.348, [], 0.012, 0.008, 0.165, [], 0.012, 0.107, 0.046, 0.107, 0.008, [], 0.022, 0.007, 5.0, 4.149, [], 0.01, [], [], [], 0.019, [], 0.593, 0.188, [], [], [], 0.01, 5.0, [], [], [], 0.15, [], 0.087, [], 0.043, [], 0.007, 0.018, [], [], 0.026, [], [], [], [], 0.008, 0.012, 0.011, 0.007, 0.029, 0.007, [], 0.012, [], 0.006, [], [], 0.004, [], [], 0.126, 0.012, 0.009, 0.056, 0.016, [], [], 0.008, [], [], 4.149, [], [], 0.063, [], [], 0.016, [], 0.008, 0.011, [], 0.188, 0.256, [], [], [], 0.007, 0.001, [], 0.086, [], [], 5.0, [], [], [], 0.01, [], [], 0.752, 0.107, [], [], 0.179, 0.011, [], 0.237, 0.007, 0.005, 0.01, 0.008, [], [], 0.021, 0.009, 0.212, 0.774, [], [], [], [], 0.087, [], 0.15, [], 0.144, 0.023, 0.041, 0.499, [], 0.006, 0.009, 0.018, [], 0.019, 0.222, [], 0.006, [], [], [], 0.01, 0.019, [], 0.004, 0.008, 0.012, 0.04, [], 0.01, 0.045, [], [], 0.021, 0.179, 0.013, 0.012, [], [], [], 0.021, [], [], 0.008, 0.091, [], 0.012, [], 5.0, 0.776, 0.029, 0.01, 0.179, [], [], 0.017, 0.005, [], 0.023, 0.008, 0.107, [], 0.021, 0.249, [], 0.179, [], [], [], 0.004, [], [], 5.0, [], 0.235, 0.274, 5.0, 0.274, 5.0, 0.016, 0.008, [], [], 0.007, 0.021, 4.149, 0.246, 0.016, 0.611, [], [], 0.026, 0.151, 0.197, 0.003, 0.022, 0.197, [], [], [], [], [], [], 0.021, 0.752, 0.167, 0.01, [], [], 0.179, 0.008, [], 0.016, [], 5.0, 5.0, [], [], [], 0.022, 0.008, [], 0.021, [], [], 0.029, [], [], [], 0.052, [], 0.179, [], 0.008, 0.188, 0.007, 0.018, [], [], [], 0.101, 0.008, 0.179, [], 0.006, 0.006, 0.151, [], 0.205, [], [], [], 0.022, [], 1.221, [], 0.046, 0.014, [], [], 0.005, [], [], 0.021, 0.005, 0.179, [], [], 0.01, 0.01, 0.104, [], [], 0.04, [], 0.221, 0.005, [], 0.005, 0.022, [], [], 4.149, 0.043, 0.01, 0.003, 0.776, [], 0.021, 0.018, 0.012, [], [], 0.01, 0.027, 0.027, [], [], 0.016, [], 0.008, 0.008, [], 5.0, 0.007, 0.007, [], 0.008, 0.235, 0.018, 0.012, 0.01, 0.02, [], 0.007, [], [], 0.25, 0.014, 0.02, 0.021, 0.022, 0.593, 0.063, [], 0.019, 0.006, [], [], [], 0.016, 0.045, 0.008, [], [], [], 0.107, 0.013, 0.012, 0.013, [], 0.012, [], [], 0.021, [], [], 0.029, [], [], 0.018, 0.091, 0.021, 0.086, 0.02, [], [], 0.012, 0.009, [], [], 0.004, [], 0.052, [], [], 5.0, 0.246, [], [], 0.018, [], [], 5.0, [], [], 0.593, 0.022, [], [], [], 0.005, 0.012, [], 0.008, 0.029, 0.013, 0.188, [], 0.006, 0.023, 0.001, 0.071, 0.007, [], [], 4.149, [], 0.056, 0.029, [], [], [], [], [], 5.0, [], 0.087, 5.0, 1.221, 0.01, [], [], [], 0.198, 0.01, [], 0.012, 0.611, 0.027, 0.013, [], [], 0.014, [], 0.043, [], 0.04, [], 5.0, 0.126, 0.611, [], 0.04, [], 0.004, [], [], [], [], 0.221, 0.003, 0.008, 0.001, [], 0.006, [], 5.0, 0.005, [], 0.018, 0.01, 0.007, [], 0.167, [], [], [], 0.347, 0.012, [], 0.01, 4.149, [], [], 0.04, 0.012, [], [], [], [], [], [], 0.045, [], [], [], 1.221, [], [], 0.013, 0.008, 0.144, 0.003, [], 0.016, 0.008, [], [], 0.117, 0.012, 1.221, 0.013, [], 0.005, [], 0.007, [], 0.018, [], 0.012, [], 0.012, 0.008, [], 0.016, 0.198, 5.0, 0.096, 0.021, 0.221, [], 0.014, 0.221, [], 0.014, 0.016, [], [], 0.027, [], 0.011, 0.004, [], 0.107, 0.014, [], 0.057, [], [], [], 0.022, [], 0.014, 0.018, [], 0.008, 5.0, 5.0, 0.004, 0.014, 4.149, [], 0.059, [], 0.776, 0.212, 0.045, 0.096, 0.007, [], 0.142, 0.016, [], [], [], 0.144, [], 0.013, 0.013, 0.005, 0.207, [], [], [], [], [], [], 0.005, 0.003, 5.0, 0.021, 0.005, 0.011, 0.007, 0.014, [], [], 0.014, 0.235, 0.012, 0.014, [], [], 0.018, [], 0.776, 0.043, 0.01, 0.02, 0.018, [], 0.012, 0.212, [], 0.007, 0.008, 0.915, [], [], 0.032, 0.776, [], 0.004, [], 0.008, [], [], 0.011, 5.0, 5.0, 0.045, [], [], [], 0.101, 5.0, 0.013, 0.104, 0.006, 0.013, 0.011, [], [], 0.006, [], 0.071, [], [], [], [], 0.021, [], [], 0.092, [], 0.15, 0.026, [], [], [], 0.11, 0.012, [], [], 0.016, 0.009, [], 0.013, 4.149, [], 0.01, 0.179, [], 0.007, 0.009, [], [], 0.593, 0.057, [], 1.221, 0.006, 0.011, 0.013, [], [], 1.221, 0.014, 0.019, [], [], 0.022, [], 0.008, 0.179, 5.0, 0.01, 0.008, [], [], 0.09, 0.006, [], 0.011, 0.179, 0.235, 4.149, 0.091, [], 0.128, 0.001, 0.063, 0.011, 0.011, [], 0.018, 5.0, 0.593, [], [], 0.022, [], 0.593, 0.007, [], 0.752, 0.012, 0.107, 5.0, [], [], 0.012, 5.0, [], 0.018, 4.149, 0.041, [], [], [], [], [], 0.225, [], [], 0.244, [], [], 0.021, 0.018, [], 0.018, [], [], [], 0.012, [], [], [], [], 0.007, [], 0.001, 0.026, [], 0.009, 0.016, [], [], [], 0.007, [], [], 0.011, [], [], [], 0.593, 0.016, [], 0.145, [], 0.01, [], [], 0.012, 4.149, [], [], 0.017, 0.007, [], 0.001, [], 5.0, [], 0.045, 0.156, 0.22, [], [], [], [], 0.01, [], 0.776, [], [], [], [], [], [], 0.211, 0.022, 0.032, [], 0.011, 0.229, [], 0.167, 0.005, [], 0.019, 4.149, [], 0.915, [], 0.008, 0.01, 0.012, 0.008, [], 0.212, 0.046, [], 0.09, [], 0.008, [], 1.053, 0.008, [], 0.033, [], 0.012, 0.013, 0.012, 0.156, [], [], 0.012, 0.011, 5.0, 0.274, 0.023, [], 0.005, 0.052, [], 0.012, 0.008, 0.026, [], 0.01, 0.005, 0.003, 0.012, 0.004, 0.018, [], [], [], 0.006, 0.029, [], 4.149, 0.003, [], 0.014, [], 0.008, 0.004, 0.012, 0.09, [], 0.007, 0.008, 5.0, 0.24, 4.149, 0.063, 0.04, 0.01, [], 0.459, 0.008, [], 0.15, 0.013, 0.012, [], [], 0.018, 0.003, 0.235, 0.77, 0.459, 0.004, 0.008, 0.017, 0.593, 0.117, 0.156, [], [], 0.593, [], 0.236, 4.149, [], [], 5.0, 0.087, 0.012, [], 0.006, 0.006, [], [], 0.023, [], [], 0.07, [], 0.003, 0.006, 0.012, 0.007, 0.012, [], [], [], [], 0.026, [], [], 4.149, [], 0.01, 0.008, 5.0, [], 0.011, [], [], 0.004, 5.0, [], 0.011, [], [], 0.02, 0.007, 0.248, [], 0.107, [], [], [], [], [], 0.043, [], 0.008, [], 0.012, [], 0.006, 0.082, [], 0.006, 0.021, [], [], 0.007, 0.221, 5.0, 0.012, 0.012, [], [], [], [], 0.347, 0.022, [], [], 0.061, 0.008, 0.012, [], 5.0, [], [], 0.009, [], 0.006, [], [], 0.144, 0.009, [], [], [], [], 0.142, 0.012, 0.008, [], 0.019, 0.008, 5.0, 0.009, [], [], 0.008, [], [], [], [], [], [], [], 0.593, 0.005, 0.009, [], [], 0.006, 0.015, 0.012, [], 0.021, 0.043, 0.01, [], 0.012, 0.006, 0.014, [], [], 0.004, [], [], [], [], [], [], [], 0.008, [], 0.004, 0.036, 0.01, 0.179, 0.01, 1.221, 0.01, 0.008, [], 0.033, [], [], 0.004, 0.004, 4.149, 0.012, [], 0.01, [], 0.096, [], 0.01, 0.107, 0.006, 0.003, 0.016, [], [], [], 0.003, 0.249, 0.012, [], 5.0, [], 0.016, 0.016, [], [], [], 0.071, [], [], 0.006, 0.032, [], [], 0.022, 0.15, 0.018, 0.014, 0.012, [], [], [], 0.012, [], 0.041, 0.107, [], 0.232, 0.004, [], 0.013, 0.087, [], 0.235, 0.011, [], [], [], 0.008, [], 0.012, [], [], [], 0.069, [], 0.021, [], 0.09, 0.012, [], 0.016, 5.0, 0.013, 0.014, 0.008, [], 0.423, 0.222, 0.008, [], [], [], [], 0.77, [], [], 5.0, [], 0.011, [], 0.017, 0.009, 0.145, 0.087, 0.167, 0.006, 0.056, 0.029, [], [], [], 0.003, [], 0.001, [], 0.012, [], 0.01, 0.018, 0.007, [], [], 0.01, [], [], 0.012, 0.008, [], 0.045, [], 0.014, 0.107, [], 0.004, [], [], 0.15, 4.149, 0.142, [], [], 0.4, [], [], [], 0.179, 0.008, [], 0.151, 0.611, 0.043, [], 0.005, [], [], 1.221, 0.004, [], [], 0.593, 0.184, [], [], 0.012, [], 0.529, 0.067, [], 0.003, 0.013, [], [], 0.014, 0.01, 0.24, 0.014, [], 0.179, 0.009, 1.053, 0.004, [], [], [], [], 0.018, [], [], [], 0.101, 0.256, [], 0.007, 0.02, [], 1.348, 0.012, [], [], [], [], 0.004, 0.009, 5.0, [], 0.012, 0.001, [], 0.774, 0.037, 0.004, [], 0.022, [], 0.107, [], [], [], 0.009, 0.006, [], 4.149, 0.096, [], 4.149, [], 0.008, 0.016, 0.347, [], [], 0.018, [], 0.004, [], 0.008, 0.012, [], [], 4.149]
Flow Max Interval (us): [10.0, 5.0, [], 9.974, [], 5.0, [], 5.0, [], 9.999, 10.0, 9.974, [], [], 9.789, 10.0, 9.977, 9.965, [], [], 9.999, 9.992, 9.999, 10.0, [], 9.999, [], 5.0, [], 9.999, 9.239, 9.999, 9.999, 10.0, [], 9.999, 10.0, 9.999, 9.972, [], 9.968, 9.999, 10.0, [], [], 9.009, [], [], 9.969, [], [], 5.0, [], 5.0, [], [], [], 9.239, 9.81, 10.0, 9.809, 9.999, 9.999, [], [], 9.082, 9.999, 10.0, 9.978, [], [], [], 9.999, [], [], [], [], [], [], 9.951, 10.0, 10.0, 9.999, 9.131, 9.853, [], 9.999, 10.0, 9.999, [], 5.0, [], [], 9.999, [], 9.239, [], [], [], [], [], [], [], 10.0, 10.0, 9.98, 9.887, 9.966, [], [], 9.955, [], [], 9.988, 9.95, [], [], 10.0, 9.741, 9.809, [], 10.0, 9.999, 9.88, [], 9.999, [], 9.999, 9.999, 9.977, [], [], 5.0, 9.999, [], 10.0, [], 9.968, [], 5.851, 10.0, [], 9.999, [], 10.0, 10.0, 9.977, [], 10.0, 10.0, 10.0, 9.951, 10.0, [], [], 9.999, [], 10.0, 10.0, 10.0, [], 10.0, 10.0, [], [], 9.999, [], 9.999, [], 5.0, 8.814, 9.96, [], [], 9.999, [], 9.887, [], [], [], [], [], 9.985, [], 9.977, [], 9.999, [], 5.0, [], 9.808, [], 9.961, 9.985, 9.988, 9.981, [], 9.809, 5.0, 9.974, [], 9.999, [], [], [], [], [], [], 10.0, [], [], 10.0, 9.999, [], 10.0, 9.999, [], [], [], 10.0, 10.0, 9.999, [], 9.964, [], [], 9.009, 10.0, 9.732, [], 10.0, [], 9.971, 9.444, 10.0, [], [], [], 10.0, [], [], 9.992, 10.0, 9.966, [], 5.0, 10.0, 5.0, 9.999, [], [], [], 10.0, [], [], 8.969, 9.965, 10.0, [], 10.0, [], [], 9.999, 10.0, 9.94, [], 10.0, 9.005, [], [], 10.0, 9.958, [], [], 9.965, 10.0, 10.0, 9.999, [], 9.974, [], 9.999, 9.061, 10.0, 10.0, 10.0, 9.203, 9.935, [], 9.966, 9.935, [], [], 9.985, 9.098, 8.814, [], 10.0, 9.988, 9.964, [], [], [], [], [], 9.999, 9.999, [], [], [], 9.202, 9.009, [], 10.0, 9.999, 9.967, [], 9.965, 9.963, 9.982, 9.983, 10.0, [], 10.0, 9.999, 5.0, 5.851, [], 9.999, [], [], [], 9.999, [], 9.239, 9.061, [], [], [], 10.0, 5.0, [], [], [], 9.974, [], 9.951, [], 9.968, [], 10.0, 9.964, [], [], 9.976, [], [], [], [], 9.999, 9.999, 10.0, 10.0, 9.976, 9.999, [], 10.0, [], 9.999, [], [], 10.0, [], [], 9.96, 10.0, 9.999, 9.969, 10.0, [], [], 10.0, [], [], 5.851, [], [], 9.959, [], [], 10.0, [], 9.999, 10.0, [], 9.061, 9.986, [], [], [], 10.0, 9.999, [], 9.958, [], [], 5.0, [], [], [], 9.999, [], [], 9.786, 9.963, [], [], 9.964, 10.0, [], 9.951, 10.0, 10.0, 9.999, 9.999, [], [], 9.981, 9.999, 9.974, 8.406, [], [], [], [], 9.951, [], 9.974, [], 9.943, 9.95, 9.988, 9.969, [], 9.999, 9.999, 10.0, [], 9.999, 9.966, [], 9.999, [], [], [], 9.994, 9.999, [], 10.0, 10.0, 10.0, 9.974, [], 9.999, 9.951, [], [], 10.0, 9.964, 9.999, 10.0, [], [], [], 9.971, [], [], 10.0, 9.965, [], 9.999, [], 5.0, 9.098, 9.976, 10.0, 9.964, [], [], 9.968, 9.999, [], 9.95, 10.0, 9.983, [], 9.971, 9.977, [], 9.964, [], [], [], 10.0, [], [], 5.0, [], 9.966, 9.942, 5.0, 9.942, 5.0, 10.0, 10.0, [], [], 10.0, 10.0, 5.851, 9.751, 10.0, 9.793, [], [], 10.0, 9.959, 8.935, 10.0, 10.0, 8.935, [], [], [], [], [], [], 10.0, 9.786, 9.843, 9.999, [], [], 9.964, 9.999, [], 10.0, [], 5.0, 5.0, [], [], [], 10.0, 9.999, [], 9.971, [], [], 9.976, [], [], [], 9.743, [], 9.964, [], 10.0, 9.061, 10.0, 9.974, [], [], [], 9.88, 10.0, 9.964, [], 9.999, 9.999, 9.959, [], 9.966, [], [], [], 9.969, [], 9.131, [], 9.982, 10.0, [], [], 10.0, [], [], 10.0, 9.999, 9.809, [], [], 9.999, 10.0, 9.96, [], [], 9.974, [], 9.732, 9.999, [], 9.999, 9.999, [], [], 5.851, 9.968, 10.0, 10.0, 9.098, [], 10.0, 9.964, 10.0, [], [], 9.999, 9.965, 9.965, [], [], 9.999, [], 10.0, 10.0, [], 5.0, 10.0, 10.0, [], 9.999, 9.966, 9.989, 9.981, 9.999, 9.983, [], 9.999, [], [], 9.492, 9.972, 9.983, 9.971, 10.0, 9.239, 9.959, [], 9.999, 9.999, [], [], [], 10.0, 9.951, 10.0, [], [], [], 9.963, 10.0, 10.0, 10.0, [], 9.999, [], [], 9.971, [], [], 9.976, [], [], 9.988, 9.965, 9.971, 9.958, 9.965, [], [], 9.999, 10.0, [], [], 10.0, [], 9.743, [], [], 5.0, 9.751, [], [], 9.964, [], [], 5.0, [], [], 9.239, 10.0, [], [], [], 10.0, 9.999, [], 9.999, 9.976, 10.0, 9.061, [], 9.985, 9.95, 9.999, 9.96, 9.999, [], [], 5.851, [], 9.969, 9.982, [], [], [], [], [], 5.0, [], 9.951, 5.0, 9.131, 10.0, [], [], [], 9.935, 9.999, [], 10.0, 9.793, 9.965, 10.0, [], [], 9.999, [], 9.968, [], 9.974, [], 5.0, 9.96, 9.793, [], 9.974, [], 10.0, [], [], [], [], 9.002, 10.0, 9.999, 9.999, [], 9.999, [], 5.0, 9.999, [], 9.974, 9.999, 10.0, [], 9.969, [], [], [], 9.764, 10.0, [], 10.0, 5.851, [], [], 9.985, 10.0, [], [], [], [], [], [], 9.951, [], [], [], 9.131, [], [], 10.0, 9.999, 9.943, 10.0, [], 10.0, 10.0, [], [], 9.741, 10.0, 9.131, 10.0, [], 10.0, [], 10.0, [], 10.0, [], 9.999, [], 10.0, 9.999, [], 9.999, 9.935, 5.0, 9.957, 9.971, 9.002, [], 10.0, 9.002, [], 9.958, 10.0, [], [], 9.999, [], 10.0, 10.0, [], 9.983, 9.999, [], 9.983, [], [], [], 10.0, [], 10.0, 9.974, [], 10.0, 5.0, 5.0, 10.0, 9.958, 5.851, [], 9.964, [], 9.098, 9.974, 9.951, 9.957, 9.999, [], 9.956, 10.0, [], [], [], 9.943, [], 10.0, 10.0, 9.999, 9.985, [], [], [], [], [], [], 9.999, 10.0, 5.0, 9.971, 10.0, 10.0, 10.0, 10.0, [], [], 9.958, 9.209, 10.0, 9.972, [], [], 9.974, [], 9.098, 9.968, 9.999, 9.983, 9.989, [], 9.999, 9.974, [], 10.0, 9.999, 9.764, [], [], 9.887, 9.098, [], 10.0, [], 9.999, [], [], 10.0, 5.0, 5.0, 9.951, [], [], [], 9.88, 5.0, 10.0, 9.96, 9.999, 10.0, 10.0, [], [], 9.999, [], 9.96, [], [], [], [], 10.0, [], [], 8.969, [], 9.974, 9.976, [], [], [], 9.938, 9.999, [], [], 10.0, 9.999, [], 10.0, 5.851, [], 10.0, 9.964, [], 10.0, 9.999, [], [], 9.239, 9.983, [], 9.131, 10.0, 10.0, 9.999, [], [], 9.131, 10.0, 9.999, [], [], 10.0, [], 10.0, 9.809, 5.0, 9.999, 9.999, [], [], 9.936, 10.0, [], 10.0, 9.809, 9.209, 5.851, 9.965, [], 9.977, 9.999, 9.959, 9.992, 9.992, [], 9.964, 5.0, 9.239, [], [], 10.0, [], 9.239, 10.0, [], 9.786, 10.0, 9.983, 5.0, [], [], 9.999, 5.0, [], 9.964, 5.851, 9.988, [], [], [], [], [], 9.81, [], [], 9.75, [], [], 10.0, 9.964, [], 9.989, [], [], [], 9.965, [], [], [], [], 10.0, [], 9.999, 9.976, [], 9.999, 10.0, [], [], [], 10.0, [], [], 10.0, [], [], [], 9.239, 10.0, [], 9.005, [], 10.0, [], [], 9.981, 5.851, [], [], 9.968, 10.0, [], 9.999, [], 5.0, [], 9.853, 9.955, 8.814, [], [], [], [], 10.0, [], 9.098, [], [], [], [], [], [], 9.988, 9.969, 9.887, [], 10.0, 9.805, [], 9.969, 9.999, [], 9.968, 5.851, [], 9.764, [], 9.999, 9.999, 9.999, 10.0, [], 9.974, 9.982, [], 9.936, [], 10.0, [], 9.203, 9.999, [], 9.967, [], 9.999, 10.0, 10.0, 9.955, [], [], 9.981, 10.0, 5.0, 9.942, 9.95, [], 9.999, 9.743, [], 9.999, 10.0, 9.976, [], 9.999, 9.999, 10.0, 9.965, 10.0, 9.989, [], [], [], 10.0, 9.982, [], 5.851, 10.0, [], 10.0, [], 10.0, 9.999, 10.0, 9.936, [], 10.0, 9.999, 5.0, 9.97, 5.851, 9.959, 9.974, 10.0, [], 9.808, 10.0, [], 9.974, 10.0, 10.0, [], [], 9.964, 10.0, 9.966, 9.082, 9.808, 10.0, 10.0, 9.969, 9.239, 9.741, 9.955, [], [], 9.239, [], 9.444, 5.851, [], [], 5.0, 9.951, 10.0, [], 9.999, 9.985, [], [], 9.95, [], [], 9.94, [], 10.0, 9.999, 9.999, 9.999, 10.0, [], [], [], [], 9.976, [], [], 5.851, [], 9.999, 9.999, 5.0, [], 10.0, [], [], 10.0, 5.0, [], 10.0, [], [], 9.965, 10.0, 9.792, [], 9.963, [], [], [], [], [], 9.968, [], 10.0, [], 9.999, [], 9.999, 9.95, [], 9.999, 9.971, [], [], 10.0, 9.002, 5.0, 9.965, 10.0, [], [], [], [], 9.764, 10.0, [], [], 9.553, 9.999, 10.0, [], 5.0, [], [], 9.999, [], 9.999, [], [], 9.943, 9.999, [], [], [], [], 9.956, 9.999, 10.0, [], 9.968, 10.0, 5.0, 10.0, [], [], 9.999, [], [], [], [], [], [], [], 9.239, 9.999, 10.0, [], [], 9.999, 9.984, 9.999, [], 10.0, 9.968, 10.0, [], 9.999, 9.999, 9.999, [], [], 9.999, [], [], [], [], [], [], [], 9.999, [], 9.999, 9.978, 9.994, 9.964, 9.999, 9.131, 9.999, 9.999, [], 9.967, [], [], 10.0, 10.0, 5.851, 10.0, [], 9.999, [], 9.957, [], 10.0, 9.963, 9.999, 10.0, 10.0, [], [], [], 10.0, 9.977, 9.999, [], 5.0, [], 10.0, 10.0, [], [], [], 9.96, [], [], 9.999, 9.887, [], [], 10.0, 9.974, 9.964, 10.0, 9.999, [], [], [], 9.975, [], 9.988, 9.983, [], 9.892, 10.0, [], 10.0, 9.951, [], 9.209, 9.992, [], [], [], 10.0, [], 9.981, [], [], [], 9.98, [], 9.981, [], 9.936, 9.999, [], 10.0, 5.0, 10.0, 9.972, 9.999, [], 9.959, 9.966, 10.0, [], [], [], [], 9.082, [], [], 5.0, [], 10.0, [], 9.968, 9.999, 9.005, 9.951, 9.969, 9.999, 9.969, 9.982, [], [], [], 10.0, [], 9.999, [], 9.975, [], 10.0, 9.964, 10.0, [], [], 9.999, [], [], 10.0, 10.0, [], 9.951, [], 10.0, 9.983, [], 10.0, [], [], 9.974, 5.851, 9.956, [], [], 9.843, [], [], [], 9.809, 10.0, [], 9.959, 9.793, 9.968, [], 9.999, [], [], 9.131, 10.0, [], [], 9.239, 9.984, [], [], 9.965, [], 9.804, 9.961, [], 10.0, 10.0, [], [], 10.0, 9.999, 9.97, 9.958, [], 9.964, 9.999, 9.203, 9.999, [], [], [], [], 9.974, [], [], [], 9.88, 9.986, [], 10.0, 9.965, [], 9.009, 9.965, [], [], [], [], 9.999, 9.999, 5.0, [], 9.999, 9.999, [], 8.406, 9.983, 9.999, [], 10.0, [], 9.983, [], [], [], 9.999, 9.999, [], 5.851, 9.957, [], 5.851, [], 10.0, 10.0, 9.764, [], [], 10.0, [], 10.0, [], 9.999, 9.965, [], [], 5.851]

##### POST PROCESS SIDELOADED RESULTS #####
=====
** Num Flows: 1, Target Flow Rate (Gbps): 2.3328
Processing SIRD results exp_id 0:: 1flo-2.3328Gbps_target
SSIRD FCT (ms): [0.00876263700000024, 1.2693000000396637e-05, 7.690999998644088e-06, 0.0009078609999999543, 7.656999999383629e-06, 1.5870999998668367e-05, 1.0889000000346982e-05, 1.5798999999816488e-05, 1.0685999999537898e-05, 0.009505797999999288]
App Gdpt (overall): 4.714391039146113 Gbps
App Gdpt (per flow): [2.332799999999805, 2.332800000088315, None, 2.332800000000833, None, 2.332800000088315, None, 2.332800000088315, None, 2.332800000000156]
Network Gdpt (overall): 4.710084763315702
Network Gdpt (per flow): [2.330959504541777, 1.312849602101889, 0.38070471986948407, 2.3243910686769302, 0.29149797573196695, 1.4522084305925154, 1.0388465423491176, 1.345401607712317, 0.3668351113765221, 2.3311987063055266]
=====
** Num Flows: 5, Target Flow Rate (Gbps): 2.3328
Processing SIRD results exp_id 1:: 5flo-2.3328Gbps_target
SSIRD FCT (ms): [0.007597636999999935, 0.0008536409999990724, 7.349000000544947e-06, 6.8309999985416425e-06, 0.0002591640000009221, 0.008762669999999417, 0.0005318499999997783, 0.0014286259999991557, 6.793000000726579e-06, 6.403000000432257e-06, 0.005284770999999466, 0.00400576000000008, 0.009499778000000347, 0.010312801999999621, 6.162000000031753e-06, 0.008145869999999888, 5.967999999967333e-06, 1.4580000000208315e-05, 5.853999999416715e-06, 0.008139491999999748, 1.9399999999336615e-05, 0.006128250999999807, 0.009502789000000789, 0.005768392000000233, 5.5939999992205e-06, 0.010485745999998741, 0.0059305700000003014, 0.00950072400000046, 0.0012042189999998953, 9.760000001080016e-06, 0.0011323160000014099, 0.005286036999999411, 0.00860574000000014, 9.560000000519153e-06, 9.423999999924604e-06, 4.594900000043367e-05, 1.0559999999770753e-05, 1.0062999999504996e-05, 0.0008107749999997083, 7.74100000100475e-06, 1.1235000000553441e-05, 1.2780000000489622e-05, 1.0246000000435629e-05, 1.62499999998289e-05, 1.044100000058279e-05, 1.0935999998906709e-05, 1.0795999999757555e-05, 2.099800000010532e-05, 0.00014087899999992715, 0.0076006980000009605]
App Gdpt (overall): 30.48753829612277 Gbps
App Gdpt (per flow): [2.332799999999868, 2.332800000000562, None, None, 2.3327999999908116, 2.332799999999805, 2.33280000000149, 2.332800000001075, None, None, 2.332799999999629, 2.3328000000002573, 2.332800000000156, 2.3328000000002493, None, 2.3327999999996805, None, 2.332800000088315, None, 2.3328000000001903, 2.332800000088315, 2.3328000000003626, 2.332800000000156, 2.3327999999999025, None, 2.3328000000000966, 2.3327999999998927, 2.332800000000156, 2.3327999999985307, None, 2.332799999999119, 2.332800000000414, 2.3328000000000855, None, None, 2.332799999969918, None, None, 2.3328000000002573, None, None, 2.332800000088315, None, 2.332800000088315, None, None, None, 2.332799999812056, 2.3327999999962286, 2.332799999999868]
Network Gdpt (overall): 30.456994286833467
Network Gdpt (per flow): [2.3310100232480377, 2.3254365711138023, 0.3189549598348328, 0.1686429512876507, 2.339707675440426, 2.3309507262057525, 2.3074927141120836, 2.3315269356724353, 0.8161342557643183, 0.5285022645278075, 2.3317097372811886, 2.3316424348937064, 2.332675984638714, 2.332028870524314, 0.5115222330385845, 2.3300956190069644, 0.37399463807175226, 1.4578875171259467, 0.4427741715507796, 2.3319214516090914, 2.300206185645666, 2.333273881895577, 2.3319368661135336, 2.331841525333136, 0.8251698249272827, 2.331105865047936, 2.3242177396100714, 2.3324437169208294, 2.3308650669024855, 0.24016393439965364, 2.303540707714766, 2.3311512953846854, 2.3303265030084197, 0.3297071129528067, 0.28862478777820044, 1.8584082351997666, 0.24545454545987405, 0.2909669084909102, 2.303198791280777, 0.5963053868235193, 0.21931464173374476, 1.5968701094849873, 0.22877220377711696, 1.3080615384753114, 0.26051144524932257, 0.07827359181470152, 0.31344942572026624, 2.048957043517678, 2.3166547178796613, 2.3300712645072545]
=====
** Num Flows: 10, Target Flow Rate (Gbps): 2.3328
Processing SIRD results exp_id 2:: 10flo-2.3328Gbps_target
SSIRD FCT (ms): [0.0001905090000011711, 0.0067358249999998066, 0.006404923999999923, 7.775000000265209e-06, 7.4359999988615755e-06, 6.038300000099639e-05, 0.012742777999999788, 0.008942640000000779, 0.001260078999999692, 5.475000000032537e-06, 9.249999999738634e-06, 8.946999999537297e-06, 0.009502785000000458, 8.030000000047721e-06, 8.98899999945968e-06, 9.015000001610929e-06, 5.404999999569782e-06, 6.192999999043991e-06, 4.0249999990749075e-06, 0.0005436869999986271, 0.008762696999999875, 0.0062829210000003854, 0.008148057999999736, 2.4354999998976723e-05, 0.0009815110000008787, 4.718999999653306e-06, 0.008288316999999878, 0.008442794999998782, 0.006477731000000375, 3.7870000006989812e-06, 9.156000000842823e-06, 7.794000000060919e-06, 8.216999999532959e-06, 0.005287910999999923, 8.00699999992105e-06, 2.3148000000361435e-05, 7.743999999476614e-06, 7.3970000009637715e-06, 5.5469999988844165e-06, 5.162000000780154e-06, 1.0603999999858615e-05, 7.761999999189584e-06, 6.393999999687594e-06, 0.007352781999999891, 0.008942638000000613, 0.0008561389999997004, 0.0018711729999996152, 0.0006067190000003109, 6.531000000364884e-06, 4.218999999139328e-06, 0.0010243020000011427, 1.1046999999209106e-05, 1.0227999998946302e-05, 0.001989127999999951, 0.0019091759999998459, 1.1010999999783166e-05, 9.788999999926773e-06, 0.0075407109999989785, 0.001107849999998578, 0.00019442700000027457, 1.2164000001035902e-05, 0.005219167999999996, 0.007669073999998943, 0.0001589900000009692, 7.540000000361147e-06, 0.009696062000001504, 8.015999998889356e-06, 0.009945795000000146, 0.00829595999999988, 0.0005312790000004952, 1.0971000000026265e-05, 1.0999999998873022e-05, 1.349300000086373e-05, 0.00994580599999928, 9.985000000156674e-06, 0.007995941000000784, 9.068000000667098e-06, 0.0011384689999989206, 8.555999999160235e-06, 2.1714999999034035e-05, 0.01194085200000039, 1.0714000000078272e-05, 0.005839289000000747, 1.0048000000040247e-05, 0.006284562999999466, 0.006169128999999884, 0.0012029930000014843, 9.200000000930686e-06, 0.00705987500000127, 0.008762875000000392, 0.005218870000000209, 0.0012962840000003695, 0.007055322999999447, 1.1133999999302091e-05, 9.857000000224048e-06, 0.005838695000001337, 8.708999999385014e-06, 0.006638836000000481, 0.007355884000000756, 0.007915762999999743]
App Gdpt (overall): 50.925389161062675 Gbps
App Gdpt (per flow): [2.332799999998717, 2.3328000000000677, 2.332800000000188, None, None, 2.3327999999225595, 2.3327999999998075, 2.3327999999997324, 2.332800000001075, None, None, None, 2.33279999999972, None, None, None, None, None, None, 2.3328000000031133, 2.332799999999805, 2.332799999999894, 2.3327999999996805, 2.332800000088315, 2.332799999999062, None, 2.3328000000002853, 2.332799999999938, 2.332799999999997, None, 2.3327999992595374, None, None, 2.332800000000414, None, 2.332799999812056, None, None, None, None, None, None, None, 2.3327999999997386, 2.332800000000196, 2.3327999999985742, 2.3328000000014266, 2.3327999999985307, None, None, 2.3327999999962286, None, None, 2.332800000000191, 2.3327999999986577, None, None, 2.332800000000264, 2.332800000000562, 2.332799999998717, None, 2.332800000000113, 2.332800000000193, 2.332799999988861, None, 2.332799999999792, None, 2.3328000000003066, 2.3327999999997853, 2.3327999999935973, None, None, 2.332800000088315, 2.3327999999998896, None, 2.3328000000000917, None, 2.3328000000028353, None, 2.332800000088315, 2.3328000000000877, None, 2.3328000000002524, None, 2.332799999999894, 2.332799999999589, 2.3327999999935973, None, 2.3327999999995592, 2.332799999999805, 2.332800000000113, 2.33279999999837, 2.332800000000147, None, None, 2.3327999999995424, None, 2.3328000000002533, 2.3327999999997386, 2.332800000000247]
Network Gdpt (overall): 50.89497900848366
Network Gdpt (per flow): [2.2879758961378234, 2.326668522415658, 2.3300885381310037, 1.4652090031654552, 0.3485745024740218, 2.049053541525899, 2.332047219217073, 2.3310592845063858, 1.060968399600602, 0.42812785387873425, 0.2534054054125656, 0.3782273387923334, 2.3319378476940114, 0.42141967621169235, 0.40493937036586913, 0.6149750414874453, 0.34782608698420747, 0.5464233813212314, 0.5545341616181355, 2.3037225462502557, 2.330943543979701, 2.332170020918471, 2.3294699178627125, 2.2112913160444574, 0.7825240878597514, 0.522144522182883, 2.332433954927193, 2.332137639253688, 2.332240100738843, 0.5893847371502591, 1.3438182611257534, 0.33256351039001036, 0.87623220158321, 2.3303251510852165, 1.4387411015503422, 1.8586486953226293, 1.1322314050352007, 1.1410031092199993, 0.49035514702488414, 0.47733436645246147, 0.23236514523131394, 0.2875547539594227, 0.07131685955931809, 2.331373349570306, 2.331059805842367, 2.1458851892048405, 2.32000782396972, 2.313941050138995, 0.5573419077930846, 0.529035316533616, 0.8235227501255089, 0.20204580430522284, 0.05005866250026855, 2.320007561102208, 2.3206325660915277, 1.0425937698870285, 0.23945244662555262, 2.3295426651415734, 0.8962151915884592, 2.241869699164131, 0.1834922722632292, 2.3323272981440737, 2.332945020481282, 1.8920938423684899, 0.19522546418163064, 2.332502411803523, 1.079840319510893, 2.330532652241441, 2.3302851026283014, 2.3099727261925582, 0.22459210646195435, 0.247272727298061, 0.9118802341371364, 2.3305300746869264, 0.22353530295092416, 2.330649513296581, 0.2717247463408396, 2.29109093001432, 0.2739597943232891, 1.3141146673391384, 2.3315656202755957, 0.3905170804526259, 2.3318660884909552, 0.24522292993532352, 2.331560682898914, 2.332025801373301, 1.0201555620011802, 0.26782608692942805, 2.331134758051246, 2.330896195597802, 2.3324604751602385, 2.3301313601025235, 2.332638775007365, 0.9513202802823726, 0.2970477832944554, 2.3321033210326765, 0.0523596279747618, 2.3319738580677214, 2.3303902019115905, 2.3303921555004363]
=====
** Num Flows: 14, Target Flow Rate (Gbps): 2.3328
Processing SIRD results exp_id 3:: 14flo-2.3328Gbps_target
SSIRD FCT (ms): [7.694000000668666e-06, 0.009122859000001426, 0.00799597700000021, 6.999000000007527e-06, 6.782999999899175e-06, 0.006404740000000686, 3.45299999970905e-06, 0.0065628860000011, 2.7410000011940383e-06, 1.0492999999556218e-05, 0.0002628419999997078, 0.0009522390000000769, 2.8289999995934068e-06, 4.853000000082375e-06, 0.008287677000000215, 1.2713999998581471e-05, 0.001868333000000888, 6.48299999994606e-06, 5.795999999946844e-06, 5.5190000001204e-06, 7.918999999745324e-06, 5.288000000547299e-06, 0.0011611689999995178, 3.247000000428102e-06, 0.0011830140000004263, 2.5979999982439494e-06, 0.008292677000000026, 3.5030000002933548e-06, 2.2706000001093685e-05, 7.65899999954911e-06, 0.0009374720000003833, 6.560999999294381e-06, 0.0017185160000003918, 0.0053598230000009295, 0.0005511490000014163, 0.0015042069999999796, 5.0529999988668806e-06, 0.0006902020000012499, 9.24900000143225e-06, 0.0009062079999999639, 2.6040000005167485e-06, 0.008292657000000148, 8.42899999931035e-06, 8.466000000595386e-06, 7.738000000756529e-06, 1.0173000001501009e-05, 6.572000000204525e-06, 6.490999998831626e-06, 0.007538831999999829, 4.746000000110939e-06, 8.268000000200004e-06, 0.00876285400000043, 0.009502829999998852, 3.5599999996804854e-06, 0.006206641000000346, 0.007474284000000608, 1.0299999999574538e-05, 6.697999999971671e-06, 8.783000000178731e-06, 0.005419028999998687, 0.008443322999999836, 0.0067219239999989355, 5.29000000071278e-06, 0.0013497820000001326, 4.864000000992519e-06, 6.071999999690547e-06, 4.691700000059029e-05, 0.01031286299999934, 0.0010354920000015255, 2.7969999987220717e-06, 0.00760208200000001, 9.237000000439366e-06, 0.0019362319999984834, 0.0005967459999993707, 0.007838970999999972, 9.681999999955337e-06, 8.923999999410626e-06, 6.993999999593825e-06, 0.007752082999999743, 6.720000000015602e-06, 1.0376000000533736e-05, 0.00400644700000008, 0.00845069600000059, 0.001133971999999872, 1.3495999999335595e-05, 1.570899999947528e-05, 0.00800053400000067, 1.6664000000332635e-05, 0.009701027000000195, 1.2154000000208498e-05, 1.0361999999375371e-05, 1.0373000000285515e-05, 0.008447089000000574, 6.44600000043738e-06, 8.64099999908774e-06, 0.00011310400000041909, 0.0018410219999989152, 0.005712345000000951, 1.0875999999271357e-05, 0.008760584000000904, 1.0180000000303835e-05, 1.009300000021085e-05, 0.008161109000001332, 0.0075357199999999125, 0.0013174600000009917, 1.117600000100083e-05, 0.007753019000000805, 0.00017033099999963497, 7.345000000213986e-06, 6.847999999948229e-06, 0.011190650999999718, 0.002863786000000701, 1.0819999999966967e-05, 1.0923000001383798e-05, 0.0023327539999993263, 0.004991974000001065, 0.00895123399999953, 0.0067215479999998, 8.90100000106031e-06, 0.0016183309999995288, 7.85399999969627e-06, 0.010060610000000025, 0.00010433399999953963, 0.008940321999999057, 0.011940842999999646, 0.007992753000001684, 0.00011321399999886239, 0.0014307549999994507, 1.081100000099866e-05, 0.001308012999999164, 0.0013644020000000978, 8.747000000752791e-06, 7.441000001051634e-06, 0.001005770000000794, 3.2851000000277963e-05, 9.713200000049937e-05, 3.723000000732668e-06, 0.00894568500000048, 0.001984081999999887, 0.0010882840000014937]
App Gdpt (overall): 65.00538612753799 Gbps
App Gdpt (per flow): [None, 2.332799999999663, 2.3328000000000917, None, None, 2.33279999999954, None, 2.3327999999998106, None, 2.332800000088315, 2.3327999999962286, 2.3328000000006135, None, None, 2.3327999999997853, None, 2.3327999999991986, None, None, None, None, None, 2.33279999999862, None, 2.332799999997351, None, 2.3327999999997853, None, 2.3327999992595374, None, 2.3328000000037457, None, 2.3328000000015825, 2.3327999999999323, 2.332799999997073, 2.332800000000065, None, 2.332799999998717, 2.3327999992595374, 2.332800000000833, None, 2.3327999999997853, None, None, None, None, None, None, 2.3327999999997138, None, None, 2.332799999999805, 2.332800000000156, None, 2.33280000000009, 2.3328000000000526, None, None, None, 2.3328000000002285, 2.332799999999938, 2.3328000000000677, None, 2.3327999999986337, None, None, 2.332799999969918, 2.3327999999998474, 2.3327999999962286, None, 2.332800000000414, None, 2.3328000000037457, 2.332800000005437, 2.332800000000406, None, None, None, 2.332800000000033, None, None, 2.3328000000002573, 2.332799999999938, 2.3328000000066043, None, 2.332800000088315, 2.332799999999573, 2.332800000088315, 2.3328000000002196, None, None, None, 2.332799999999938, None, None, 2.3328000000245623, 2.332800000002579, 2.3327999999996987, None, 2.332799999999805, None, None, 2.3327999999996805, 2.3327999999997138, 2.3327999999952884, None, 2.332800000000033, 2.332800000001075, None, None, 2.3328000000000992, 2.3327999999993088, None, None, 2.332800000001329, 2.3327999999993687, 2.332800000000196, 2.3328000000000677, None, 2.332800000000562, None, 2.332800000000121, 2.3327999999847173, 2.332800000000196, 2.3327999999997404, 2.332799999999573, 2.3327999999962286, 2.332799999999805, None, 2.332800000002579, 2.332799999999805, None, None, 2.332800000005437, 2.332800000088315, 2.3327999999962286, None, 2.332800000000196, 2.332800000000191, 2.332799999997667]
Network Gdpt (overall): 64.94728234411862
Network Gdpt (per flow): [0.29009617881544353, 2.3320496348783504, 2.3306390200971703, 0.35205029289860695, 0.32905793896995095, 2.3301554785984138, 0.7506516073612518, 2.330295543758864, 0.1751185697887274, 1.5248260745903641, 0.8093988023232076, 2.3271300587350665, 1.2866737364875056, 0.8077477848616241, 2.3326140726767584, 0.8897278591522814, 2.3235344020567728, 0.45164275798617337, 0.4692891649456429, 0.5711179561390175, 1.079934335178057, 1.0272314673672083, 2.3302241103587193, 1.0421927932102975, 0.8156725110604374, 1.0469592000918067, 2.331207642598396, 1.5186982585082738, 0.9748965030799689, 0.511816164020208, 0.6159373293279842, 0.6584362140625828, 1.1693298171210171, 2.3273395408762263, 2.3098799054279855, 1.678401975260077, 0.09024341977087999, 0.6315252636173333, 1.5171369875475273, 2.328630954482949, 1.2104454682697787, 2.331213264940255, 0.3226954561896485, 0.34585400422798057, 0.31842853447390795, 0.829647104959667, 0.1752891052897366, 0.11338776769873353, 2.3301232870026016, 0.10113780025048037, 1.0740203192773574, 2.330901781542748, 2.331926804962593, 0.9505617978381231, 2.3321445529069904, 2.3311675071483213, 1.102135922375623, 0.3678710062720844, 1.3116247295645649, 2.3302285335625736, 2.331991799911052, 2.3314800940924774, 0.7410207938510047, 2.3213822676548452, 0.532894736733366, 0.6455862977931124, 1.8200652215385817, 2.332015076705813, 0.6149347363369896, 1.1269217023382643, 2.329647062475777, 0.26675327486010586, 1.1824120250061942, 0.5933512750824863, 2.329366953902504, 0.5726089650924989, 0.5495293590681173, 0.4186445524978615, 2.3315983587895794, 0.12738095238065664, 1.097918272881072, 2.33124261970764, 2.3299572011581797, 0.7318487581704783, 0.16538233551495857, 0.8362085429014434, 2.329311518455948, 1.1296207392957422, 2.3313086336116315, 0.29948987986980063, 0.11117544876176834, 0.2498794948355014, 2.3309521185344044, 0.11417933601459204, 0.11480152761309212, 1.3687933229543283, 1.1049471434894307, 2.330850815207727, 0.23832291285156787, 2.3315057534974715, 0.23025540274361891, 0.5381947884560113, 2.3257446996476707, 2.331085549887762, 0.876286187056253, 0.9634931996273898, 2.331316871530706, 1.3277676993646763, 0.1350578624875561, 1.248831775710376, 2.3308213257656467, 2.3159747271613096, 0.25138632162738483, 0.24901583810815825, 1.7152841662692062, 2.3315762461898877, 2.328821255259453, 2.331610515910988, 0.4853387259280295, 1.2266266913261739, 1.0012732366060755, 2.332431930071829, 0.9952652059775164, 2.331663669384861, 2.3315673776131907, 2.3315791192341453, 1.0155634462271037, 0.8404569615346176, 0.5490703912174327, 0.781031992801794, 0.8813296960865741, 0.29633017031861497, 0.3311382878177347, 0.588325362657002, 2.13010258437819, 2.23539101427834, 0.44695138320508543, 2.3302658208956477, 2.3259079009840637, 0.6915180228680814]
=====
** Num Flows: 17, Target Flow Rate (Gbps): 2.3328
Processing SIRD results exp_id 4:: 17flo-2.3328Gbps_target
SSIRD FCT (ms): [9.129999998691574e-06, 8.37700000033692e-06, 1.1574000000180718e-05, 1.2388999998336203e-05, 4.60999999951639e-06, 0.006407862999999736, 0.009506110000000234, 4.568000001370365e-06, 2.7179999992910098e-06, 3.5790000012525525e-06, 0.0006519999999987647, 4.142399999906843e-05, 2.6760000011449847e-06, 0.008601565999999394, 0.009313779000001077, 0.0014239749999997997, 3.019999999409606e-06, 0.0023185790000006534, 0.0014960310000002863, 0.001622264999999956, 0.0012714770000012976, 0.007085198000000403, 5.270999999140713e-06, 0.004855180999999931, 0.01065282600000117, 1.0720000000574714e-05, 1.92959999996134e-05, 4.317000000142457e-06, 0.010827768000000404, 2.6300000008916413e-06, 2.6779999995341086e-06, 3.050999998421844e-06, 0.006561363999999514, 2.697999999412559e-06, 2.576099999984649e-05, 0.00011446899999967286, 6.164000000197234e-06, 6.984000000542778e-06, 5.282000000050857e-06, 0.0089410179999998, 1.6880000000440987e-05, 2.7649999996270935e-06, 2.7459999998313833e-06, 2.732000000449375e-06, 0.0020489769999993968, 3.4009999989592643e-06, 0.0023782290000013973, 3.055000000529162e-06, 0.0010197300000012177, 2.899000000056162e-06, 0.011007624999999521, 0.003086701999999164, 8.362999999178555e-06, 7.157000000646008e-06, 0.0026988530000000566, 5.054000000725978e-06, 4.496000000742129e-06, 8.209000000647393e-06, 3.7400000003628975e-06, 0.00931122599999945, 0.006141045999999761, 0.008450327000000257, 0.009119916000001282, 0.0017661130000004022, 0.010652821000000756, 5.5919999990550195e-06, 0.006062531999999621, 4.477000000946418e-06, 0.012337614999999857, 6.309000001536447e-06, 6.045999999315654e-06, 0.006546666000000201, 6.873000000240381e-06, 4.763999999823909e-06, 0.0016091140000007442, 0.0052372490000003324, 0.009942961000000139, 0.0016857940000001292, 0.004991562999999033, 5.696000000554591e-06, 3.9170000007970884e-06, 0.008760784999999771, 3.1539999998386747e-06, 5.037000001095748e-06, 1.5485000000481364e-05, 1.0810999999222304e-05, 1.2839000000042233e-05, 0.0019355230000002166, 1.0804000000419478e-05, 1.0531000000923996e-05, 0.007199356999999296, 1.019300000137946e-05, 0.010068094000001082, 0.008450198000000242, 7.842000000479743e-06, 0.00010207200000067473, 0.0007832560000000655, 4.284999999271122e-06, 5.298999999681087e-06, 5.514999999789438e-06, 0.00912085499999904, 0.009821200999999391, 1.431799999984662e-05, 0.0018440920000006855, 1.1996999999652758e-05, 9.922000000273101e-06, 2.6804999999185952e-05, 1.0327000000032172e-05, 1.1515000000628106e-05, 1.0737000000204944e-05, 0.007473671999999709, 7.016999999720497e-06, 8.589999998420694e-06, 0.00017078399999981286, 0.0015392970000007722, 7.02500000038242e-06, 7.125999999857413e-06, 0.0013469050000001204, 0.008453972999999948, 1.524600000024634e-05, 0.0012772779999998818, 0.00665136399999966, 0.006322487000000265, 0.006728538999999145, 0.009362742000000424, 8.670999999793594e-06, 7.030000000796122e-06, 0.001993626999999165, 0.009947546999999446, 0.0011649159999986836, 7.850999999980957e-05, 5.869999998964204e-06, 9.378999999754e-06, 6.636999998477222e-06, 5.112000000195849e-06, 0.002484271000000149, 1.408800000035626e-05, 0.002137645999999549, 9.905000000642872e-06, 0.001360578999999973, 0.0019146899999995526, 0.0028535489999992336, 0.0008911569999998648, 1.1015000000114128e-05, 0.008144322999999787, 0.010228071000000227, 0.0061002600000001905, 5.240000000128475e-06, 0.006563712000000166, 0.0006087419999989407, 6.615000000209648e-06, 0.008140475999999452, 6.260999999341266e-06, 1.0776999999961845e-05, 1.0705999999416349e-05, 0.0051391409999990145, 0.0073581449999995385, 7.974000000743331e-06, 0.006792971999999509, 0.008768603000000041, 0.005223675999999955, 0.002260167999999396, 5.974000000463775e-06, 0.006402179000000174, 0.0012969460000000765, 5.355999999068217e-06, 3.890999998645839e-06, 0.006954381999999981, 0.0013471309999992798, 0.005076868999999817]
App Gdpt (overall): 76.56762421154848 Gbps
App Gdpt (per flow): [None, None, None, None, None, 2.332800000000188, 2.33279999999972, None, None, None, 2.33280000001925, 2.332800000088315, None, 2.3328000000000855, 2.3328000000001374, 2.3328000000000024, None, 2.3327999999998497, 2.3328000000014266, 2.332800000000804, 2.3327999999984472, 2.3327999999999025, None, 2.33279999999933, 2.3327999999999482, 2.332800000088315, 2.332800000088315, None, 2.332799999999845, None, None, None, 2.3328000000004425, None, 2.332800000088315, 2.3327999999847173, None, None, None, 2.332800000000196, 2.332800000088315, None, None, None, 2.332800000000562, None, 2.332799999997738, None, 2.332799999998052, None, 2.3328000000001627, 2.3327999999998843, None, None, 2.3328000000005114, None, None, None, None, 2.3328000000001374, 2.3328000000003626, 2.332799999999938, 2.332799999999663, 2.33279999999823, 2.3327999999999482, None, 2.3328000000000304, None, 2.332799999999925, None, None, 2.3327999999993585, None, None, 2.332800000001726, 2.332800000000113, 2.3327999999998896, 2.3327999999975724, 2.3328000000002, None, None, 2.3328000000002778, None, None, 2.332799999673926, None, None, 2.3327999999962286, None, None, 2.3327999999998887, None, 2.332800000000121, 2.332799999999938, None, 2.3327999999847173, 2.33279999999823, None, None, None, 2.332800000000118, 2.3328000000000304, None, 2.332799999999517, None, None, 2.332800000088315, None, None, None, 2.3328000000000526, None, None, 2.3327999999847173, 2.332799999994743, None, None, 2.332800000001726, 2.3328000000004288, None, 2.3328000000031133, 2.3327999999996285, 2.332799999999728, 2.3328000000000677, 2.332799999999652, None, None, 2.3327999999981075, 2.3328000000003066, 2.332800000006258, 2.332799999950185, None, None, None, None, 2.3328000000022664, None, 2.332800000000562, None, 2.3327999999979023, 2.3328000000008444, 2.332800000000191, 2.3327999999962286, None, 2.3328000000001903, 2.3328000000003066, 2.3327999999997604, None, 2.3327999999998106, 2.3327999999985307, None, 2.3328000000001903, None, None, None, 2.3328000000004527, 2.3327999999998106, None, 2.3328000000000992, 2.332799999999805, 2.332800000000113, 2.332800000000833, None, 2.33279999999954, 2.33279999999837, None, None, 2.3327999999999434, 2.332800000001726, 2.3328000000000424]
Network Gdpt (overall): 76.52037453266821
Network Gdpt (per flow): [0.2838992333375095, 1.3283991882001236, 0.9614653533632492, 0.9162967149507251, 0.24989154015636664, 2.3290198307923586, 2.331122194041459, 0.858143607448343, 1.6983075795452847, 1.826208437472081, 0.4429570552155632, 2.200270374711513, 1.2645739904903148, 2.3314573183535896, 2.3312685430905637, 1.002107480819678, 0.9695364240305988, 0.8990782716480278, 0.9695200166304859, 2.3202473085470636, 2.290042210749411, 1.8984615532267743, 0.09106431418672935, 2.282851246946336, 2.3321007965395544, 1.2253731342626644, 1.734245439504066, 0.6300671762590324, 2.3319753433947845, 0.936882128959938, 0.8752800598983516, 1.0331039008949194, 2.330836088350095, 0.6968124538211031, 1.7965141104877833, 0.9071451659427161, 0.44127190134863176, 0.7319587628297121, 0.1878076486161395, 2.3314821645589423, 1.2592417061282402, 1.3164556963800778, 0.8128186453521686, 0.8579795020550679, 0.9688190741040942, 0.8609232581287838, 0.8982246873613706, 0.8903436987001191, 2.3195316407256588, 3.024491203804808, 2.3314173584221045, 1.5258330736174972, 0.4687313165592535, 0.3621629173908118, 1.675416927116781, 0.6236644241288551, 0.6512455514939262, 1.3984650991709884, 0.9732620319911246, 2.3319077423318135, 2.3284124561191297, 2.330058943281059, 2.332802188090001, 0.916783920394466, 2.332101891132709, 2.0529327614341883, 2.3299070421402948, 1.0739334373427765, 2.3313685829879063, 0.1166587414520146, 0.828316242237323, 1.9927798363318978, 0.9067365051334261, 0.6146095718111309, 0.9779294692602714, 2.324275206315229, 2.331196914078178, 0.9487897097746685, 2.331768225704505, 2.015449438006013, 1.5910135304395767, 2.3314522614127084, 0.862396956290148, 0.7782410163087639, 1.7906360993954185, 0.21681620573199678, 0.3900615312706229, 0.8678005892979893, 0.21695668270168378, 0.4102174531973185, 2.3235408384389937, 0.22996173841683284, 2.3306981440576022, 2.3300945137616225, 0.2846212700667502, 0.9531311231224714, 0.6963240626308059, 0.10641773630748322, 0.6869220608075239, 1.6101541251748028, 2.3325620240648757, 2.331264373878655, 0.3715602737852347, 0.8888146578366973, 0.3267483537645629, 0.2362426929989399, 0.8258160791148016, 0.226977825117914, 0.951107251359323, 0.48579677748909744, 2.3313584005293086, 0.06498503634290488, 0.5029103609772118, 1.1158890762612939, 0.942269100764357, 0.36896797151016364, 0.47488071850515184, 2.3263407589991276, 2.3290540435840192, 0.5310245310159509, 0.9806040658338404, 2.327581530645563, 2.3317862100783096, 2.3291879559592346, 1.910928230212815, 0.45208165149271284, 0.10469416784020637, 0.8633550809658581, 2.330122189922932, 1.011430867119459, 1.0189784740822068, 0.4197614992222806, 0.7907026335637608, 0.5098689167962057, 0.5727699530296995, 0.8598836439341248, 0.2583759227646189, 0.9286327109354959, 0.04280666329858464, 0.9510774457051195, 2.313949516632476, 1.617211409371712, 0.827445668945104, 0.2353154788899813, 2.330538216620399, 2.2662142255367104, 2.0954700291462336, 0.47022900762205866, 2.3300022913862786, 2.3062512525872094, 0.5115646258341273, 2.331639574884967, 0.8330937550788673, 0.27168970956763167, 0.21894264899381527, 2.2281871620183598, 2.078440150336934, 0.424379232466083, 1.9205237413021787, 2.3293735615581985, 2.330314514146763, 0.9336580289609285, 0.9092735185099268, 2.3310875875228723, 2.3289419914166216, 0.7318894698808742, 0.8696993063936554, 2.328231034763412, 2.325950482916417, 2.330266154198666]
=====
** Num Flows: 20, Target Flow Rate (Gbps): 2.3328
Processing SIRD results exp_id 5:: 20flo-2.3328Gbps_target
SSIRD FCT (ms): [0.011049490999999634, 7.727999999929125e-06, 7.389999998608232e-06, 7.178000000607199e-06, 0.0019322630000004892, 4.717999999570566e-06, 3.1329999998774838e-06, 0.011525699999999972, 0.0017988930000001346, 7.930999998961852e-06, 0.009500132999999522, 2.7229999997047116e-06, 2.3032000001421693e-05, 5.960599999887961e-05, 0.001497583999999108, 0.008948533999999952, 0.001351399000000697, 3.028000000071529e-06, 3.748999999331204e-06, 0.0009437429999987756, 0.008412430999999998, 7.362999999926956e-06, 0.001901308999999074, 0.008764784000000247, 0.0025688759999997757, 5.298999999681087e-06, 0.00192154500000008, 0.0013060770000006272, 2.5590000003461455e-06, 0.0013463690000001804, 2.6430000001909093e-06, 2.8340000000071086e-06, 2.78300000111642e-06, 0.007833140999998989, 8.594000000528013e-06, 4.03199999965409e-06, 9.86200000063775e-06, 2.6809999997823297e-06, 0.0010803049999985603, 0.0011681980000002312, 1.9805000000872042e-05, 0.001252393999999768, 7.973999998966974e-06, 0.007176070999999951, 0.008761774999999972, 5.387999999939552e-06, 4.676999999730924e-06, 0.009121149000000273, 0.009303477999999643, 2.798600000097906e-05, 0.0009798659999997739, 0.00775066599999974, 0.00011197000000073842, 2.853999999885559e-06, 2.6880000003615123e-06, 0.0048635010000008805, 0.0017598519999992845, 0.00013588499999883652, 0.007641067999999862, 0.005915103999999616, 0.00018925600000052611, 7.628000000536872e-06, 6.701999998526276e-06, 5.76699999932373e-06, 5.5889999988067984e-06, 8.128999999357234e-06, 2.747999999996864e-06, 0.009106331000001688, 0.00015100599999939845, 0.0010340729999995801, 0.006401389000000535, 2.5749999998936346e-06, 2.64500000035639e-06, 0.0013468400000000713, 0.009315506000000084, 7.420999999396827e-06, 0.007754505999999495, 5.05199999878414e-06, 1.1484999999922252e-05, 9.748000000087131e-06, 8.74400000050457e-06, 8.902999999449435e-06, 6.794000000809319e-06, 0.004760344999999333, 0.010312052999999821, 3.865000000047303e-06, 0.001998101999999946, 2.6169999998160165e-06, 4.5170000007033195e-06, 0.0015465519999988686, 4.350000001096532e-06, 6.910999999831802e-06, 2.609999999236834e-06, 0.0021768120000000835, 6.682000000424182e-06, 0.001356398000000425, 2.7199999994564905e-06, 0.008764790000000744, 7.621600000007334e-05, 0.006644404999999409, 0.0016419949999999517, 1.0577999999483723e-05, 1.487699999991321e-05, 9.564999999156498e-06, 0.00024184599999976797, 0.008767577999998721, 0.0013471089999992358, 8.816000001132807e-06, 0.009921053000001123, 0.008152817999999229, 0.0016923160000015258, 9.039000000043984e-06, 0.001366219000001223, 8.99099999962516e-06, 4.526999999754366e-06, 4.57400000009045e-06, 0.0014269329999994085, 3.617000000843973e-06, 2.9926000001623265e-05, 4.066999998997289e-06, 0.0025930920000014623, 0.007058121000000028, 1.2246999999021568e-05, 1.1823999999549528e-05, 0.00818514900000089, 1.0243000000187408e-05, 9.517000000514031e-06, 0.008914229000000162, 0.01080177100000057, 0.00048196999999916557, 9.623000000402726e-06, 6.878000000654083e-06, 0.006402147999999386, 0.008949037999999021, 0.0014475449999995504, 7.051000000757313e-06, 5.577999999673011e-06, 0.0009081430000001944, 3.7999999999982492e-06, 0.00028402000000049554, 0.008652545000000345, 1.2779000000406882e-05, 0.011045997000000085, 0.005164922000000516, 1.217800000041791e-05, 9.870999999606056e-06, 3.4975000000159184e-05, 0.0021082969999994816, 0.010569628999999026, 0.00790950500000065, 4.219000000027506e-05, 7.0060000005867096e-06, 0.0069527979999985945, 0.002836595999999858, 0.009526633000000118, 3.6400000009706446e-06, 3.992999999979929e-06, 0.006724336999999636, 0.0014529699999989987, 0.0014309440000008777, 1.0960999999198862e-05, 1.1168000000338907e-05, 0.007412165000001636, 1.1305000001016197e-05, 0.011781477999999623, 0.0113318170000003, 7.221000000612321e-06, 2.32370000006199e-05, 0.009130685000000582, 0.009127466000000695, 3.6210000011749344e-06, 0.010798706999999297, 0.0011265510000004753, 0.006762804000000955, 0.0022404580000010554, 0.007493450000000124, 0.0015338529999997519, 4.058000000028983e-06, 0.005304217999999139, 1.1605999999275696e-05, 1.0786999999012892e-05, 0.00023159600000077774, 0.0023967679999987723, 0.0015479939999991643, 0.002079258000000195, 0.006399534999999901, 4.783600000024535e-05, 0.0016106560000004322, 9.32000000020139e-06, 0.006605362999998476, 0.00814706599999937, 6.2290000002462875e-06, 7.5870000006972305e-06, 4.527000001530723e-06, 0.007596921000001089, 0.0025036400000004733, 0.010317075999999759, 3.828000000538623e-06, 4.375999999695068e-06, 4.053999999698021e-06]
App Gdpt (overall): 102.1243159844186 Gbps
App Gdpt (per flow): [2.332800000000303, None, None, None, 2.332799999999517, None, None, 2.3327999999998474, 2.332800000002579, None, 2.332800000000156, None, 2.3327999992595374, 2.332800000088315, 2.332800000004236, 2.3327999999997324, 2.3327999999986337, None, None, 2.3327999999996756, 2.332799999999997, None, 2.3328000000008444, 2.3328000000002778, 2.3328000000017757, None, 2.332799999999517, 2.332799999997351, None, 2.332800000001726, None, None, None, 2.332800000000406, None, None, 2.332800000088315, None, 2.3328000000066043, 2.332800000003312, 2.332800000088315, 2.332800000003312, 2.332800000088315, 2.3327999999998887, 2.3328000000002778, None, None, 2.332800000000118, 2.3327999999999434, 2.332800000088315, 2.332800000005437, 2.332800000000033, 2.332800000012971, None, None, 2.3327999999998545, 2.3328000000013445, 2.3328000000291165, 2.3328000000002613, 2.3327999999994624, 2.332799999969918, None, None, None, None, None, None, 2.3327999999999434, 2.332800000036516, 2.332800000002579, 2.332800000000188, None, None, 2.332800000001726, 2.3328000000001374, None, 2.332800000000033, None, 2.332800000088315, 2.332800000088315, None, None, None, 2.3328000000002023, 2.3327999999997853, None, 2.3328000000037457, None, None, 2.332800000004236, None, None, None, 2.332800000001075, None, 2.3327999999986337, None, 2.332799999999805, 2.3327999999847173, 2.3328000000002533, 2.3327999999950086, None, None, None, 2.3328000000220124, 2.3328000000002778, 2.332800000001726, None, 2.3327999999996805, 2.3328000000001903, 2.3327999999962286, None, 2.3327999999930533, None, None, None, 2.3328000000002573, None, 2.33279999988112, None, 2.33279999999823, 2.332800000000425, None, None, 2.332799999999728, None, None, 2.3327999999999434, 2.332799999999792, 2.332799999998717, None, None, 2.332800000000188, 2.332800000000196, 2.332799999999517, None, None, 2.332800000000833, None, 2.3327999999962286, 2.332799999999997, None, 2.3328000000002196, 2.332799999999805, None, None, 2.332800000088315, 2.332799999998052, 2.332800000000196, 2.332799999999589, 2.3327999999225595, None, 2.3328000000005407, 2.3327999999998843, 2.3327999999997386, None, None, 2.3328000000000677, 2.332800000001075, 2.332799999998167, None, None, 2.3327999999995424, None, 2.3327999999998474, 2.3327999999998474, None, 2.332800000088315, 2.332799999999663, 2.332799999999663, None, 2.3328000000002853, 2.3327999999949314, 2.3327999999999713, 2.332800000000065, 2.3328000000000526, 2.332800000000787, None, 2.332800000000414, None, None, 2.332800000005437, 2.332800000001984, 2.332800000000787, 2.332799999999517, 2.3328000000002285, 2.332800000088315, 2.332800000001984, None, 2.3328000000004425, 2.3328000000001903, None, None, None, 2.332799999999868, 2.33279999999837, 2.3328000000002493, None, None, None]
Network Gdpt (overall): 89.38590515040528
Network Gdpt (per flow): [1.5513909192740707, 0.3033126294023677, 0.49255751024161376, 0.20507105041452792, 1.1848407799556377, 0.4968206867768868, 0.31662942867500554, 2.086619641323309, 1.1308243458615093, 1.0783003405774096, 2.3325888174408838, 1.2427469703881635, 0.694685654698349, 1.0137234506783843, 1.0811707390042657, 2.329523919783968, 2.3186046459989864, 1.7225891677268115, 0.595358762442831, 2.319546741011949, 1.7958689943489585, 0.3346462039962575, 2.3302345910118545, 2.330388518416361, 1.1334669326196571, 0.09662200415754182, 1.1914495887423426, 0.7388170835253486, 0.2876123485347575, 2.3272668933996403, 1.8948164962687333, 0.91460832745007, 0.17247574552908537, 2.3311006402160204, 0.8629276238706497, 1.7023809525270017, 1.7594808354165377, 0.8743006341627413, 0.7682052753630744, 0.7802102040919601, 0.8761423882472087, 0.7277581975002826, 2.006521194140054, 2.3310806150050793, 2.3311888287476075, 0.4142538975547589, 1.4676074407515283, 2.332486839103206, 1.7403607554078833, 1.2500535981839536, 0.47675090267455733, 2.3320246285932855, 1.2285433598204234, 1.1044148563862615, 1.4583333331372004, 2.3164004695378826, 1.078536149631203, 1.2210324907195105, 1.8827954416843642, 2.134802025459032, 0.8766961153122689, 0.2926061877088238, 0.12772306776905828, 0.42725854001889063, 0.5639649312350912, 0.6820027064138724, 0.8122270742367348, 1.778038597542413, 1.2620425678500138, 0.6626456739517212, 2.331375268711018, 1.0563106796552835, 0.3236294895594184, 2.326453030797893, 2.3308363496303692, 1.1373130306813095, 2.3308698194315896, 0.970704671650879, 1.0713104048831774, 1.780057447665665, 0.4483074107701049, 0.46995394813644176, 0.34501030316761505, 2.3283304046243614, 1.8746947867704264, 0.6375161707554576, 1.1457993635960837, 1.3909056172166236, 0.9563869823616017, 1.046937962642824, 1.1751724134968704, 0.8589205614447214, 1.501915709251422, 1.1225957960540032, 1.2475306793580996, 2.310059436831239, 0.2705882353481865, 2.330386923132017, 1.276477380076446, 2.330019317004514, 1.0741908471097976, 0.21100397051511974, 0.5818377361061032, 0.4098274961155975, 1.2438659312136178, 2.3296458839605396, 2.3259884686404573, 0.5680580761520532, 1.9131694992454784, 2.3281098633628026, 1.1215777667990428, 0.9337316074741598, 0.7477571311766894, 0.951173395657495, 0.6008394080290671, 1.7700043725054446, 1.3086641068647051, 0.8714404200344286, 1.906034885948874, 0.9638554219243837, 1.4515705574649407, 1.8864261465622292, 0.7159304319997134, 0.35385656293635, 1.8011508403815735, 0.2530508640000563, 0.24629610169942168, 1.8163554021328943, 2.093738887817452, 0.9043716413900339, 0.5204198274748429, 0.569933120038851, 2.331098874940322, 2.329392723553334, 0.9086335830667844, 1.1822436532555203, 0.48762997492998383, 2.3236692899681533, 0.12000000000005528, 2.2419547919121503, 1.7460324101174163, 0.8570310665663425, 2.0474465093553644, 2.32818385253423, 0.9137789456083202, 0.07456184784007427, 0.7927948534631538, 1.1218988596011765, 1.9722380038128038, 1.8188961256107457, 1.4321877221997172, 0.6725663716250927, 2.3287614568988304, 1.6603675673237346, 1.799384945342157, 0.8659340657031555, 0.6170798898102643, 2.3306434522839723, 2.292463024014464, 2.327750072677867, 0.2247970075887322, 0.2621776504218433, 1.8370395154448123, 0.49040247673610393, 2.0413187547437404, 2.1223208952279555, 0.08752250380091513, 0.5295003657818033, 2.3300508121787846, 2.3308725554275833, 0.9345484669709935, 1.7902098834611644, 0.7366697113576304, 1.9095357487808575, 1.1268517419200943, 2.325205079102378, 2.3084663263041327, 1.5357318876184056, 2.3231609258899244, 0.4583835947210072, 0.20691573191844334, 1.0254753968082457, 1.1711070908829884, 2.287378374852817, 1.101077403573672, 1.9732021154662327, 0.8672965967009619, 1.0428347207594604, 0.582832618013157, 2.315310150252685, 2.329753557906794, 0.4161181569910925, 0.5693950177412681, 0.8659156171138774, 2.3312297179340766, 1.2064482114039674, 2.331062793372906, 1.0240334376824536, 0.22669104206332846, 0.1124814997617087]
=====
** Num Flows: 25, Target Flow Rate (Gbps): 2.3328

#################################

Src-Dst pairs list: [(1, 0), (2, 0), (3, 0), (4, 0), (5, 0), (6, 0), (7, 0), (8, 0), (9, 0), (10, 0)]
Num Flows: [1, 5, 10, 14, 17, 20, 25, 30, 40]
Target Flow Rate (Gbps): 2.3328
Protos tested: ['SSIRD']
Src-Dst pairs list: [(1, 0), (2, 0), (3, 0), (4, 0), (5, 0), (6, 0), (7, 0), (8, 0), (9, 0), (10, 0)]
Num Flows: [1, 5, 10, 14, 17, 20, 25, 30, 40]
- APP Gdpt Gbps measured (SSIRD): [4.714391039146113, 30.48753829612277, 50.925389161062675, 65.00538612753799, 76.56762421154848, 102.1243159844186]
+ APP Gdpt Gbps union (SSIRD):    [4.715460134173973, 30.48823549176213, 50.92606063403742, 65.00627203243589, 76.56877525845854, 102.12641848548165]
- APP Gdpt Gbps measured (DCTCP): [None, None, None, None, None, None]
+ APP Gdpt Gbps union (DCTCP):    [None, None, None, None, None, None]
- APP Gdpt Gbps measured (XPass): [None, None, None, None, None, None]
+ APP Gdpt Gbps union (XPass):    [None, None, None, None, None, None]
APP Gdpt Gbps measured per flow (SSIRD): [[2.332799999999805, 2.332800000088315, None, 2.332800000000833, None, 2.332800000088315, None, 2.332800000088315, None, 2.332800000000156], [2.332799999999868, 2.332800000000562, None, None, 2.3327999999908116, 2.332799999999805, 2.33280000000149, 2.332800000001075, None, None, 2.332799999999629, 2.3328000000002573, 2.332800000000156, 2.3328000000002493, None, 2.3327999999996805, None, 2.332800000088315, None, 2.3328000000001903, 2.332800000088315, 2.3328000000003626, 2.332800000000156, 2.3327999999999025, None, 2.3328000000000966, 2.3327999999998927, 2.332800000000156, 2.3327999999985307, None, 2.332799999999119, 2.332800000000414, 2.3328000000000855, None, None, 2.332799999969918, None, None, 2.3328000000002573, None, None, 2.332800000088315, None, 2.332800000088315, None, None, None, 2.332799999812056, 2.3327999999962286, 2.332799999999868], [2.332799999998717, 2.3328000000000677, 2.332800000000188, None, None, 2.3327999999225595, 2.3327999999998075, 2.3327999999997324, 2.332800000001075, None, None, None, 2.33279999999972, None, None, None, None, None, None, 2.3328000000031133, 2.332799999999805, 2.332799999999894, 2.3327999999996805, 2.332800000088315, 2.332799999999062, None, 2.3328000000002853, 2.332799999999938, 2.332799999999997, None, 2.3327999992595374, None, None, 2.332800000000414, None, 2.332799999812056, None, None, None, None, None, None, None, 2.3327999999997386, 2.332800000000196, 2.3327999999985742, 2.3328000000014266, 2.3327999999985307, None, None, 2.3327999999962286, None, None, 2.332800000000191, 2.3327999999986577, None, None, 2.332800000000264, 2.332800000000562, 2.332799999998717, None, 2.332800000000113, 2.332800000000193, 2.332799999988861, None, 2.332799999999792, None, 2.3328000000003066, 2.3327999999997853, 2.3327999999935973, None, None, 2.332800000088315, 2.3327999999998896, None, 2.3328000000000917, None, 2.3328000000028353, None, 2.332800000088315, 2.3328000000000877, None, 2.3328000000002524, None, 2.332799999999894, 2.332799999999589, 2.3327999999935973, None, 2.3327999999995592, 2.332799999999805, 2.332800000000113, 2.33279999999837, 2.332800000000147, None, None, 2.3327999999995424, None, 2.3328000000002533, 2.3327999999997386, 2.332800000000247], [None, 2.332799999999663, 2.3328000000000917, None, None, 2.33279999999954, None, 2.3327999999998106, None, 2.332800000088315, 2.3327999999962286, 2.3328000000006135, None, None, 2.3327999999997853, None, 2.3327999999991986, None, None, None, None, None, 2.33279999999862, None, 2.332799999997351, None, 2.3327999999997853, None, 2.3327999992595374, None, 2.3328000000037457, None, 2.3328000000015825, 2.3327999999999323, 2.332799999997073, 2.332800000000065, None, 2.332799999998717, 2.3327999992595374, 2.332800000000833, None, 2.3327999999997853, None, None, None, None, None, None, 2.3327999999997138, None, None, 2.332799999999805, 2.332800000000156, None, 2.33280000000009, 2.3328000000000526, None, None, None, 2.3328000000002285, 2.332799999999938, 2.3328000000000677, None, 2.3327999999986337, None, None, 2.332799999969918, 2.3327999999998474, 2.3327999999962286, None, 2.332800000000414, None, 2.3328000000037457, 2.332800000005437, 2.332800000000406, None, None, None, 2.332800000000033, None, None, 2.3328000000002573, 2.332799999999938, 2.3328000000066043, None, 2.332800000088315, 2.332799999999573, 2.332800000088315, 2.3328000000002196, None, None, None, 2.332799999999938, None, None, 2.3328000000245623, 2.332800000002579, 2.3327999999996987, None, 2.332799999999805, None, None, 2.3327999999996805, 2.3327999999997138, 2.3327999999952884, None, 2.332800000000033, 2.332800000001075, None, None, 2.3328000000000992, 2.3327999999993088, None, None, 2.332800000001329, 2.3327999999993687, 2.332800000000196, 2.3328000000000677, None, 2.332800000000562, None, 2.332800000000121, 2.3327999999847173, 2.332800000000196, 2.3327999999997404, 2.332799999999573, 2.3327999999962286, 2.332799999999805, None, 2.332800000002579, 2.332799999999805, None, None, 2.332800000005437, 2.332800000088315, 2.3327999999962286, None, 2.332800000000196, 2.332800000000191, 2.332799999997667], [None, None, None, None, None, 2.332800000000188, 2.33279999999972, None, None, None, 2.33280000001925, 2.332800000088315, None, 2.3328000000000855, 2.3328000000001374, 2.3328000000000024, None, 2.3327999999998497, 2.3328000000014266, 2.332800000000804, 2.3327999999984472, 2.3327999999999025, None, 2.33279999999933, 2.3327999999999482, 2.332800000088315, 2.332800000088315, None, 2.332799999999845, None, None, None, 2.3328000000004425, None, 2.332800000088315, 2.3327999999847173, None, None, None, 2.332800000000196, 2.332800000088315, None, None, None, 2.332800000000562, None, 2.332799999997738, None, 2.332799999998052, None, 2.3328000000001627, 2.3327999999998843, None, None, 2.3328000000005114, None, None, None, None, 2.3328000000001374, 2.3328000000003626, 2.332799999999938, 2.332799999999663, 2.33279999999823, 2.3327999999999482, None, 2.3328000000000304, None, 2.332799999999925, None, None, 2.3327999999993585, None, None, 2.332800000001726, 2.332800000000113, 2.3327999999998896, 2.3327999999975724, 2.3328000000002, None, None, 2.3328000000002778, None, None, 2.332799999673926, None, None, 2.3327999999962286, None, None, 2.3327999999998887, None, 2.332800000000121, 2.332799999999938, None, 2.3327999999847173, 2.33279999999823, None, None, None, 2.332800000000118, 2.3328000000000304, None, 2.332799999999517, None, None, 2.332800000088315, None, None, None, 2.3328000000000526, None, None, 2.3327999999847173, 2.332799999994743, None, None, 2.332800000001726, 2.3328000000004288, None, 2.3328000000031133, 2.3327999999996285, 2.332799999999728, 2.3328000000000677, 2.332799999999652, None, None, 2.3327999999981075, 2.3328000000003066, 2.332800000006258, 2.332799999950185, None, None, None, None, 2.3328000000022664, None, 2.332800000000562, None, 2.3327999999979023, 2.3328000000008444, 2.332800000000191, 2.3327999999962286, None, 2.3328000000001903, 2.3328000000003066, 2.3327999999997604, None, 2.3327999999998106, 2.3327999999985307, None, 2.3328000000001903, None, None, None, 2.3328000000004527, 2.3327999999998106, None, 2.3328000000000992, 2.332799999999805, 2.332800000000113, 2.332800000000833, None, 2.33279999999954, 2.33279999999837, None, None, 2.3327999999999434, 2.332800000001726, 2.3328000000000424], [2.332800000000303, None, None, None, 2.332799999999517, None, None, 2.3327999999998474, 2.332800000002579, None, 2.332800000000156, None, 2.3327999992595374, 2.332800000088315, 2.332800000004236, 2.3327999999997324, 2.3327999999986337, None, None, 2.3327999999996756, 2.332799999999997, None, 2.3328000000008444, 2.3328000000002778, 2.3328000000017757, None, 2.332799999999517, 2.332799999997351, None, 2.332800000001726, None, None, None, 2.332800000000406, None, None, 2.332800000088315, None, 2.3328000000066043, 2.332800000003312, 2.332800000088315, 2.332800000003312, 2.332800000088315, 2.3327999999998887, 2.3328000000002778, None, None, 2.332800000000118, 2.3327999999999434, 2.332800000088315, 2.332800000005437, 2.332800000000033, 2.332800000012971, None, None, 2.3327999999998545, 2.3328000000013445, 2.3328000000291165, 2.3328000000002613, 2.3327999999994624, 2.332799999969918, None, None, None, None, None, None, 2.3327999999999434, 2.332800000036516, 2.332800000002579, 2.332800000000188, None, None, 2.332800000001726, 2.3328000000001374, None, 2.332800000000033, None, 2.332800000088315, 2.332800000088315, None, None, None, 2.3328000000002023, 2.3327999999997853, None, 2.3328000000037457, None, None, 2.332800000004236, None, None, None, 2.332800000001075, None, 2.3327999999986337, None, 2.332799999999805, 2.3327999999847173, 2.3328000000002533, 2.3327999999950086, None, None, None, 2.3328000000220124, 2.3328000000002778, 2.332800000001726, None, 2.3327999999996805, 2.3328000000001903, 2.3327999999962286, None, 2.3327999999930533, None, None, None, 2.3328000000002573, None, 2.33279999988112, None, 2.33279999999823, 2.332800000000425, None, None, 2.332799999999728, None, None, 2.3327999999999434, 2.332799999999792, 2.332799999998717, None, None, 2.332800000000188, 2.332800000000196, 2.332799999999517, None, None, 2.332800000000833, None, 2.3327999999962286, 2.332799999999997, None, 2.3328000000002196, 2.332799999999805, None, None, 2.332800000088315, 2.332799999998052, 2.332800000000196, 2.332799999999589, 2.3327999999225595, None, 2.3328000000005407, 2.3327999999998843, 2.3327999999997386, None, None, 2.3328000000000677, 2.332800000001075, 2.332799999998167, None, None, 2.3327999999995424, None, 2.3327999999998474, 2.3327999999998474, None, 2.332800000088315, 2.332799999999663, 2.332799999999663, None, 2.3328000000002853, 2.3327999999949314, 2.3327999999999713, 2.332800000000065, 2.3328000000000526, 2.332800000000787, None, 2.332800000000414, None, None, 2.332800000005437, 2.332800000001984, 2.332800000000787, 2.332799999999517, 2.3328000000002285, 2.332800000088315, 2.332800000001984, None, 2.3328000000004425, 2.3328000000001903, None, None, None, 2.332799999999868, 2.33279999999837, 2.3328000000002493, None, None, None]]
APP Gdpt Gbps measured per flow (DCTCP): [None, None, None, None, None, None]
APP Gdpt Gbps measured per flow (XPass): [None, None, None, None, None, None]
- NW Gdpt Gbps measured (SSIRD): [4.710084763315702, 30.456994286833467, 50.89497900848366, 64.94728234411862, 76.52037453266821, 89.38590515040528]
+ NW Gdpt Gbps union (SSIRD):    [4.710084763315702, 30.456994286833467, 50.89497900848366, 64.94728234411862, 76.52037453266821, 89.38590515040528]
- NW Gdpt Gbps measured (DCTCP): [None, None, None, None, None, None]
+ NW Gdpt Gbps union (DCTCP):    [None, None, None, None, None, None]
- NW Gdpt Gbps measured (Xpass): [None, None, None, None, None, None]
+ NW Gdpt Gbps union (Xpass):    [None, None, None, None, None, None]
NW Gdpt Gbps measured per flow (SSIRD): [[2.330959504541777, 1.312849602101889, 0.38070471986948407, 2.3243910686769302, 0.29149797573196695, 1.4522084305925154, 1.0388465423491176, 1.345401607712317, 0.3668351113765221, 2.3311987063055266], [2.3310100232480377, 2.3254365711138023, 0.3189549598348328, 0.1686429512876507, 2.339707675440426, 2.3309507262057525, 2.3074927141120836, 2.3315269356724353, 0.8161342557643183, 0.5285022645278075, 2.3317097372811886, 2.3316424348937064, 2.332675984638714, 2.332028870524314, 0.5115222330385845, 2.3300956190069644, 0.37399463807175226, 1.4578875171259467, 0.4427741715507796, 2.3319214516090914, 2.300206185645666, 2.333273881895577, 2.3319368661135336, 2.331841525333136, 0.8251698249272827, 2.331105865047936, 2.3242177396100714, 2.3324437169208294, 2.3308650669024855, 0.24016393439965364, 2.303540707714766, 2.3311512953846854, 2.3303265030084197, 0.3297071129528067, 0.28862478777820044, 1.8584082351997666, 0.24545454545987405, 0.2909669084909102, 2.303198791280777, 0.5963053868235193, 0.21931464173374476, 1.5968701094849873, 0.22877220377711696, 1.3080615384753114, 0.26051144524932257, 0.07827359181470152, 0.31344942572026624, 2.048957043517678, 2.3166547178796613, 2.3300712645072545], [2.2879758961378234, 2.326668522415658, 2.3300885381310037, 1.4652090031654552, 0.3485745024740218, 2.049053541525899, 2.332047219217073, 2.3310592845063858, 1.060968399600602, 0.42812785387873425, 0.2534054054125656, 0.3782273387923334, 2.3319378476940114, 0.42141967621169235, 0.40493937036586913, 0.6149750414874453, 0.34782608698420747, 0.5464233813212314, 0.5545341616181355, 2.3037225462502557, 2.330943543979701, 2.332170020918471, 2.3294699178627125, 2.2112913160444574, 0.7825240878597514, 0.522144522182883, 2.332433954927193, 2.332137639253688, 2.332240100738843, 0.5893847371502591, 1.3438182611257534, 0.33256351039001036, 0.87623220158321, 2.3303251510852165, 1.4387411015503422, 1.8586486953226293, 1.1322314050352007, 1.1410031092199993, 0.49035514702488414, 0.47733436645246147, 0.23236514523131394, 0.2875547539594227, 0.07131685955931809, 2.331373349570306, 2.331059805842367, 2.1458851892048405, 2.32000782396972, 2.313941050138995, 0.5573419077930846, 0.529035316533616, 0.8235227501255089, 0.20204580430522284, 0.05005866250026855, 2.320007561102208, 2.3206325660915277, 1.0425937698870285, 0.23945244662555262, 2.3295426651415734, 0.8962151915884592, 2.241869699164131, 0.1834922722632292, 2.3323272981440737, 2.332945020481282, 1.8920938423684899, 0.19522546418163064, 2.332502411803523, 1.079840319510893, 2.330532652241441, 2.3302851026283014, 2.3099727261925582, 0.22459210646195435, 0.247272727298061, 0.9118802341371364, 2.3305300746869264, 0.22353530295092416, 2.330649513296581, 0.2717247463408396, 2.29109093001432, 0.2739597943232891, 1.3141146673391384, 2.3315656202755957, 0.3905170804526259, 2.3318660884909552, 0.24522292993532352, 2.331560682898914, 2.332025801373301, 1.0201555620011802, 0.26782608692942805, 2.331134758051246, 2.330896195597802, 2.3324604751602385, 2.3301313601025235, 2.332638775007365, 0.9513202802823726, 0.2970477832944554, 2.3321033210326765, 0.0523596279747618, 2.3319738580677214, 2.3303902019115905, 2.3303921555004363], [0.29009617881544353, 2.3320496348783504, 2.3306390200971703, 0.35205029289860695, 0.32905793896995095, 2.3301554785984138, 0.7506516073612518, 2.330295543758864, 0.1751185697887274, 1.5248260745903641, 0.8093988023232076, 2.3271300587350665, 1.2866737364875056, 0.8077477848616241, 2.3326140726767584, 0.8897278591522814, 2.3235344020567728, 0.45164275798617337, 0.4692891649456429, 0.5711179561390175, 1.079934335178057, 1.0272314673672083, 2.3302241103587193, 1.0421927932102975, 0.8156725110604374, 1.0469592000918067, 2.331207642598396, 1.5186982585082738, 0.9748965030799689, 0.511816164020208, 0.6159373293279842, 0.6584362140625828, 1.1693298171210171, 2.3273395408762263, 2.3098799054279855, 1.678401975260077, 0.09024341977087999, 0.6315252636173333, 1.5171369875475273, 2.328630954482949, 1.2104454682697787, 2.331213264940255, 0.3226954561896485, 0.34585400422798057, 0.31842853447390795, 0.829647104959667, 0.1752891052897366, 0.11338776769873353, 2.3301232870026016, 0.10113780025048037, 1.0740203192773574, 2.330901781542748, 2.331926804962593, 0.9505617978381231, 2.3321445529069904, 2.3311675071483213, 1.102135922375623, 0.3678710062720844, 1.3116247295645649, 2.3302285335625736, 2.331991799911052, 2.3314800940924774, 0.7410207938510047, 2.3213822676548452, 0.532894736733366, 0.6455862977931124, 1.8200652215385817, 2.332015076705813, 0.6149347363369896, 1.1269217023382643, 2.329647062475777, 0.26675327486010586, 1.1824120250061942, 0.5933512750824863, 2.329366953902504, 0.5726089650924989, 0.5495293590681173, 0.4186445524978615, 2.3315983587895794, 0.12738095238065664, 1.097918272881072, 2.33124261970764, 2.3299572011581797, 0.7318487581704783, 0.16538233551495857, 0.8362085429014434, 2.329311518455948, 1.1296207392957422, 2.3313086336116315, 0.29948987986980063, 0.11117544876176834, 0.2498794948355014, 2.3309521185344044, 0.11417933601459204, 0.11480152761309212, 1.3687933229543283, 1.1049471434894307, 2.330850815207727, 0.23832291285156787, 2.3315057534974715, 0.23025540274361891, 0.5381947884560113, 2.3257446996476707, 2.331085549887762, 0.876286187056253, 0.9634931996273898, 2.331316871530706, 1.3277676993646763, 0.1350578624875561, 1.248831775710376, 2.3308213257656467, 2.3159747271613096, 0.25138632162738483, 0.24901583810815825, 1.7152841662692062, 2.3315762461898877, 2.328821255259453, 2.331610515910988, 0.4853387259280295, 1.2266266913261739, 1.0012732366060755, 2.332431930071829, 0.9952652059775164, 2.331663669384861, 2.3315673776131907, 2.3315791192341453, 1.0155634462271037, 0.8404569615346176, 0.5490703912174327, 0.781031992801794, 0.8813296960865741, 0.29633017031861497, 0.3311382878177347, 0.588325362657002, 2.13010258437819, 2.23539101427834, 0.44695138320508543, 2.3302658208956477, 2.3259079009840637, 0.6915180228680814], [0.2838992333375095, 1.3283991882001236, 0.9614653533632492, 0.9162967149507251, 0.24989154015636664, 2.3290198307923586, 2.331122194041459, 0.858143607448343, 1.6983075795452847, 1.826208437472081, 0.4429570552155632, 2.200270374711513, 1.2645739904903148, 2.3314573183535896, 2.3312685430905637, 1.002107480819678, 0.9695364240305988, 0.8990782716480278, 0.9695200166304859, 2.3202473085470636, 2.290042210749411, 1.8984615532267743, 0.09106431418672935, 2.282851246946336, 2.3321007965395544, 1.2253731342626644, 1.734245439504066, 0.6300671762590324, 2.3319753433947845, 0.936882128959938, 0.8752800598983516, 1.0331039008949194, 2.330836088350095, 0.6968124538211031, 1.7965141104877833, 0.9071451659427161, 0.44127190134863176, 0.7319587628297121, 0.1878076486161395, 2.3314821645589423, 1.2592417061282402, 1.3164556963800778, 0.8128186453521686, 0.8579795020550679, 0.9688190741040942, 0.8609232581287838, 0.8982246873613706, 0.8903436987001191, 2.3195316407256588, 3.024491203804808, 2.3314173584221045, 1.5258330736174972, 0.4687313165592535, 0.3621629173908118, 1.675416927116781, 0.6236644241288551, 0.6512455514939262, 1.3984650991709884, 0.9732620319911246, 2.3319077423318135, 2.3284124561191297, 2.330058943281059, 2.332802188090001, 0.916783920394466, 2.332101891132709, 2.0529327614341883, 2.3299070421402948, 1.0739334373427765, 2.3313685829879063, 0.1166587414520146, 0.828316242237323, 1.9927798363318978, 0.9067365051334261, 0.6146095718111309, 0.9779294692602714, 2.324275206315229, 2.331196914078178, 0.9487897097746685, 2.331768225704505, 2.015449438006013, 1.5910135304395767, 2.3314522614127084, 0.862396956290148, 0.7782410163087639, 1.7906360993954185, 0.21681620573199678, 0.3900615312706229, 0.8678005892979893, 0.21695668270168378, 0.4102174531973185, 2.3235408384389937, 0.22996173841683284, 2.3306981440576022, 2.3300945137616225, 0.2846212700667502, 0.9531311231224714, 0.6963240626308059, 0.10641773630748322, 0.6869220608075239, 1.6101541251748028, 2.3325620240648757, 2.331264373878655, 0.3715602737852347, 0.8888146578366973, 0.3267483537645629, 0.2362426929989399, 0.8258160791148016, 0.226977825117914, 0.951107251359323, 0.48579677748909744, 2.3313584005293086, 0.06498503634290488, 0.5029103609772118, 1.1158890762612939, 0.942269100764357, 0.36896797151016364, 0.47488071850515184, 2.3263407589991276, 2.3290540435840192, 0.5310245310159509, 0.9806040658338404, 2.327581530645563, 2.3317862100783096, 2.3291879559592346, 1.910928230212815, 0.45208165149271284, 0.10469416784020637, 0.8633550809658581, 2.330122189922932, 1.011430867119459, 1.0189784740822068, 0.4197614992222806, 0.7907026335637608, 0.5098689167962057, 0.5727699530296995, 0.8598836439341248, 0.2583759227646189, 0.9286327109354959, 0.04280666329858464, 0.9510774457051195, 2.313949516632476, 1.617211409371712, 0.827445668945104, 0.2353154788899813, 2.330538216620399, 2.2662142255367104, 2.0954700291462336, 0.47022900762205866, 2.3300022913862786, 2.3062512525872094, 0.5115646258341273, 2.331639574884967, 0.8330937550788673, 0.27168970956763167, 0.21894264899381527, 2.2281871620183598, 2.078440150336934, 0.424379232466083, 1.9205237413021787, 2.3293735615581985, 2.330314514146763, 0.9336580289609285, 0.9092735185099268, 2.3310875875228723, 2.3289419914166216, 0.7318894698808742, 0.8696993063936554, 2.328231034763412, 2.325950482916417, 2.330266154198666], [1.5513909192740707, 0.3033126294023677, 0.49255751024161376, 0.20507105041452792, 1.1848407799556377, 0.4968206867768868, 0.31662942867500554, 2.086619641323309, 1.1308243458615093, 1.0783003405774096, 2.3325888174408838, 1.2427469703881635, 0.694685654698349, 1.0137234506783843, 1.0811707390042657, 2.329523919783968, 2.3186046459989864, 1.7225891677268115, 0.595358762442831, 2.319546741011949, 1.7958689943489585, 0.3346462039962575, 2.3302345910118545, 2.330388518416361, 1.1334669326196571, 0.09662200415754182, 1.1914495887423426, 0.7388170835253486, 0.2876123485347575, 2.3272668933996403, 1.8948164962687333, 0.91460832745007, 0.17247574552908537, 2.3311006402160204, 0.8629276238706497, 1.7023809525270017, 1.7594808354165377, 0.8743006341627413, 0.7682052753630744, 0.7802102040919601, 0.8761423882472087, 0.7277581975002826, 2.006521194140054, 2.3310806150050793, 2.3311888287476075, 0.4142538975547589, 1.4676074407515283, 2.332486839103206, 1.7403607554078833, 1.2500535981839536, 0.47675090267455733, 2.3320246285932855, 1.2285433598204234, 1.1044148563862615, 1.4583333331372004, 2.3164004695378826, 1.078536149631203, 1.2210324907195105, 1.8827954416843642, 2.134802025459032, 0.8766961153122689, 0.2926061877088238, 0.12772306776905828, 0.42725854001889063, 0.5639649312350912, 0.6820027064138724, 0.8122270742367348, 1.778038597542413, 1.2620425678500138, 0.6626456739517212, 2.331375268711018, 1.0563106796552835, 0.3236294895594184, 2.326453030797893, 2.3308363496303692, 1.1373130306813095, 2.3308698194315896, 0.970704671650879, 1.0713104048831774, 1.780057447665665, 0.4483074107701049, 0.46995394813644176, 0.34501030316761505, 2.3283304046243614, 1.8746947867704264, 0.6375161707554576, 1.1457993635960837, 1.3909056172166236, 0.9563869823616017, 1.046937962642824, 1.1751724134968704, 0.8589205614447214, 1.501915709251422, 1.1225957960540032, 1.2475306793580996, 2.310059436831239, 0.2705882353481865, 2.330386923132017, 1.276477380076446, 2.330019317004514, 1.0741908471097976, 0.21100397051511974, 0.5818377361061032, 0.4098274961155975, 1.2438659312136178, 2.3296458839605396, 2.3259884686404573, 0.5680580761520532, 1.9131694992454784, 2.3281098633628026, 1.1215777667990428, 0.9337316074741598, 0.7477571311766894, 0.951173395657495, 0.6008394080290671, 1.7700043725054446, 1.3086641068647051, 0.8714404200344286, 1.906034885948874, 0.9638554219243837, 1.4515705574649407, 1.8864261465622292, 0.7159304319997134, 0.35385656293635, 1.8011508403815735, 0.2530508640000563, 0.24629610169942168, 1.8163554021328943, 2.093738887817452, 0.9043716413900339, 0.5204198274748429, 0.569933120038851, 2.331098874940322, 2.329392723553334, 0.9086335830667844, 1.1822436532555203, 0.48762997492998383, 2.3236692899681533, 0.12000000000005528, 2.2419547919121503, 1.7460324101174163, 0.8570310665663425, 2.0474465093553644, 2.32818385253423, 0.9137789456083202, 0.07456184784007427, 0.7927948534631538, 1.1218988596011765, 1.9722380038128038, 1.8188961256107457, 1.4321877221997172, 0.6725663716250927, 2.3287614568988304, 1.6603675673237346, 1.799384945342157, 0.8659340657031555, 0.6170798898102643, 2.3306434522839723, 2.292463024014464, 2.327750072677867, 0.2247970075887322, 0.2621776504218433, 1.8370395154448123, 0.49040247673610393, 2.0413187547437404, 2.1223208952279555, 0.08752250380091513, 0.5295003657818033, 2.3300508121787846, 2.3308725554275833, 0.9345484669709935, 1.7902098834611644, 0.7366697113576304, 1.9095357487808575, 1.1268517419200943, 2.325205079102378, 2.3084663263041327, 1.5357318876184056, 2.3231609258899244, 0.4583835947210072, 0.20691573191844334, 1.0254753968082457, 1.1711070908829884, 2.287378374852817, 1.101077403573672, 1.9732021154662327, 0.8672965967009619, 1.0428347207594604, 0.582832618013157, 2.315310150252685, 2.329753557906794, 0.4161181569910925, 0.5693950177412681, 0.8659156171138774, 2.3312297179340766, 1.2064482114039674, 2.331062793372906, 1.0240334376824536, 0.22669104206332846, 0.1124814997617087]]
NW Gdpt Gbps measured per flow (DCTCP): [None, None, None, None, None, None]
NW Gdpt Gbps measured per flow (XPass): [None, None, None, None, None, None]
* SSIRD FCT: [[0.00876263700000024, 1.2693000000396637e-05, 7.690999998644088e-06, 0.0009078609999999543, 7.656999999383629e-06, 1.5870999998668367e-05, 1.0889000000346982e-05, 1.5798999999816488e-05, 1.0685999999537898e-05, 0.009505797999999288], [0.007597636999999935, 0.0008536409999990724, 7.349000000544947e-06, 6.8309999985416425e-06, 0.0002591640000009221, 0.008762669999999417, 0.0005318499999997783, 0.0014286259999991557, 6.793000000726579e-06, 6.403000000432257e-06, 0.005284770999999466, 0.00400576000000008, 0.009499778000000347, 0.010312801999999621, 6.162000000031753e-06, 0.008145869999999888, 5.967999999967333e-06, 1.4580000000208315e-05, 5.853999999416715e-06, 0.008139491999999748, 1.9399999999336615e-05, 0.006128250999999807, 0.009502789000000789, 0.005768392000000233, 5.5939999992205e-06, 0.010485745999998741, 0.0059305700000003014, 0.00950072400000046, 0.0012042189999998953, 9.760000001080016e-06, 0.0011323160000014099, 0.005286036999999411, 0.00860574000000014, 9.560000000519153e-06, 9.423999999924604e-06, 4.594900000043367e-05, 1.0559999999770753e-05, 1.0062999999504996e-05, 0.0008107749999997083, 7.74100000100475e-06, 1.1235000000553441e-05, 1.2780000000489622e-05, 1.0246000000435629e-05, 1.62499999998289e-05, 1.044100000058279e-05, 1.0935999998906709e-05, 1.0795999999757555e-05, 2.099800000010532e-05, 0.00014087899999992715, 0.0076006980000009605], [0.0001905090000011711, 0.0067358249999998066, 0.006404923999999923, 7.775000000265209e-06, 7.4359999988615755e-06, 6.038300000099639e-05, 0.012742777999999788, 0.008942640000000779, 0.001260078999999692, 5.475000000032537e-06, 9.249999999738634e-06, 8.946999999537297e-06, 0.009502785000000458, 8.030000000047721e-06, 8.98899999945968e-06, 9.015000001610929e-06, 5.404999999569782e-06, 6.192999999043991e-06, 4.0249999990749075e-06, 0.0005436869999986271, 0.008762696999999875, 0.0062829210000003854, 0.008148057999999736, 2.4354999998976723e-05, 0.0009815110000008787, 4.718999999653306e-06, 0.008288316999999878, 0.008442794999998782, 0.006477731000000375, 3.7870000006989812e-06, 9.156000000842823e-06, 7.794000000060919e-06, 8.216999999532959e-06, 0.005287910999999923, 8.00699999992105e-06, 2.3148000000361435e-05, 7.743999999476614e-06, 7.3970000009637715e-06, 5.5469999988844165e-06, 5.162000000780154e-06, 1.0603999999858615e-05, 7.761999999189584e-06, 6.393999999687594e-06, 0.007352781999999891, 0.008942638000000613, 0.0008561389999997004, 0.0018711729999996152, 0.0006067190000003109, 6.531000000364884e-06, 4.218999999139328e-06, 0.0010243020000011427, 1.1046999999209106e-05, 1.0227999998946302e-05, 0.001989127999999951, 0.0019091759999998459, 1.1010999999783166e-05, 9.788999999926773e-06, 0.0075407109999989785, 0.001107849999998578, 0.00019442700000027457, 1.2164000001035902e-05, 0.005219167999999996, 0.007669073999998943, 0.0001589900000009692, 7.540000000361147e-06, 0.009696062000001504, 8.015999998889356e-06, 0.009945795000000146, 0.00829595999999988, 0.0005312790000004952, 1.0971000000026265e-05, 1.0999999998873022e-05, 1.349300000086373e-05, 0.00994580599999928, 9.985000000156674e-06, 0.007995941000000784, 9.068000000667098e-06, 0.0011384689999989206, 8.555999999160235e-06, 2.1714999999034035e-05, 0.01194085200000039, 1.0714000000078272e-05, 0.005839289000000747, 1.0048000000040247e-05, 0.006284562999999466, 0.006169128999999884, 0.0012029930000014843, 9.200000000930686e-06, 0.00705987500000127, 0.008762875000000392, 0.005218870000000209, 0.0012962840000003695, 0.007055322999999447, 1.1133999999302091e-05, 9.857000000224048e-06, 0.005838695000001337, 8.708999999385014e-06, 0.006638836000000481, 0.007355884000000756, 0.007915762999999743], [7.694000000668666e-06, 0.009122859000001426, 0.00799597700000021, 6.999000000007527e-06, 6.782999999899175e-06, 0.006404740000000686, 3.45299999970905e-06, 0.0065628860000011, 2.7410000011940383e-06, 1.0492999999556218e-05, 0.0002628419999997078, 0.0009522390000000769, 2.8289999995934068e-06, 4.853000000082375e-06, 0.008287677000000215, 1.2713999998581471e-05, 0.001868333000000888, 6.48299999994606e-06, 5.795999999946844e-06, 5.5190000001204e-06, 7.918999999745324e-06, 5.288000000547299e-06, 0.0011611689999995178, 3.247000000428102e-06, 0.0011830140000004263, 2.5979999982439494e-06, 0.008292677000000026, 3.5030000002933548e-06, 2.2706000001093685e-05, 7.65899999954911e-06, 0.0009374720000003833, 6.560999999294381e-06, 0.0017185160000003918, 0.0053598230000009295, 0.0005511490000014163, 0.0015042069999999796, 5.0529999988668806e-06, 0.0006902020000012499, 9.24900000143225e-06, 0.0009062079999999639, 2.6040000005167485e-06, 0.008292657000000148, 8.42899999931035e-06, 8.466000000595386e-06, 7.738000000756529e-06, 1.0173000001501009e-05, 6.572000000204525e-06, 6.490999998831626e-06, 0.007538831999999829, 4.746000000110939e-06, 8.268000000200004e-06, 0.00876285400000043, 0.009502829999998852, 3.5599999996804854e-06, 0.006206641000000346, 0.007474284000000608, 1.0299999999574538e-05, 6.697999999971671e-06, 8.783000000178731e-06, 0.005419028999998687, 0.008443322999999836, 0.0067219239999989355, 5.29000000071278e-06, 0.0013497820000001326, 4.864000000992519e-06, 6.071999999690547e-06, 4.691700000059029e-05, 0.01031286299999934, 0.0010354920000015255, 2.7969999987220717e-06, 0.00760208200000001, 9.237000000439366e-06, 0.0019362319999984834, 0.0005967459999993707, 0.007838970999999972, 9.681999999955337e-06, 8.923999999410626e-06, 6.993999999593825e-06, 0.007752082999999743, 6.720000000015602e-06, 1.0376000000533736e-05, 0.00400644700000008, 0.00845069600000059, 0.001133971999999872, 1.3495999999335595e-05, 1.570899999947528e-05, 0.00800053400000067, 1.6664000000332635e-05, 0.009701027000000195, 1.2154000000208498e-05, 1.0361999999375371e-05, 1.0373000000285515e-05, 0.008447089000000574, 6.44600000043738e-06, 8.64099999908774e-06, 0.00011310400000041909, 0.0018410219999989152, 0.005712345000000951, 1.0875999999271357e-05, 0.008760584000000904, 1.0180000000303835e-05, 1.009300000021085e-05, 0.008161109000001332, 0.0075357199999999125, 0.0013174600000009917, 1.117600000100083e-05, 0.007753019000000805, 0.00017033099999963497, 7.345000000213986e-06, 6.847999999948229e-06, 0.011190650999999718, 0.002863786000000701, 1.0819999999966967e-05, 1.0923000001383798e-05, 0.0023327539999993263, 0.004991974000001065, 0.00895123399999953, 0.0067215479999998, 8.90100000106031e-06, 0.0016183309999995288, 7.85399999969627e-06, 0.010060610000000025, 0.00010433399999953963, 0.008940321999999057, 0.011940842999999646, 0.007992753000001684, 0.00011321399999886239, 0.0014307549999994507, 1.081100000099866e-05, 0.001308012999999164, 0.0013644020000000978, 8.747000000752791e-06, 7.441000001051634e-06, 0.001005770000000794, 3.2851000000277963e-05, 9.713200000049937e-05, 3.723000000732668e-06, 0.00894568500000048, 0.001984081999999887, 0.0010882840000014937], [9.129999998691574e-06, 8.37700000033692e-06, 1.1574000000180718e-05, 1.2388999998336203e-05, 4.60999999951639e-06, 0.006407862999999736, 0.009506110000000234, 4.568000001370365e-06, 2.7179999992910098e-06, 3.5790000012525525e-06, 0.0006519999999987647, 4.142399999906843e-05, 2.6760000011449847e-06, 0.008601565999999394, 0.009313779000001077, 0.0014239749999997997, 3.019999999409606e-06, 0.0023185790000006534, 0.0014960310000002863, 0.001622264999999956, 0.0012714770000012976, 0.007085198000000403, 5.270999999140713e-06, 0.004855180999999931, 0.01065282600000117, 1.0720000000574714e-05, 1.92959999996134e-05, 4.317000000142457e-06, 0.010827768000000404, 2.6300000008916413e-06, 2.6779999995341086e-06, 3.050999998421844e-06, 0.006561363999999514, 2.697999999412559e-06, 2.576099999984649e-05, 0.00011446899999967286, 6.164000000197234e-06, 6.984000000542778e-06, 5.282000000050857e-06, 0.0089410179999998, 1.6880000000440987e-05, 2.7649999996270935e-06, 2.7459999998313833e-06, 2.732000000449375e-06, 0.0020489769999993968, 3.4009999989592643e-06, 0.0023782290000013973, 3.055000000529162e-06, 0.0010197300000012177, 2.899000000056162e-06, 0.011007624999999521, 0.003086701999999164, 8.362999999178555e-06, 7.157000000646008e-06, 0.0026988530000000566, 5.054000000725978e-06, 4.496000000742129e-06, 8.209000000647393e-06, 3.7400000003628975e-06, 0.00931122599999945, 0.006141045999999761, 0.008450327000000257, 0.009119916000001282, 0.0017661130000004022, 0.010652821000000756, 5.5919999990550195e-06, 0.006062531999999621, 4.477000000946418e-06, 0.012337614999999857, 6.309000001536447e-06, 6.045999999315654e-06, 0.006546666000000201, 6.873000000240381e-06, 4.763999999823909e-06, 0.0016091140000007442, 0.0052372490000003324, 0.009942961000000139, 0.0016857940000001292, 0.004991562999999033, 5.696000000554591e-06, 3.9170000007970884e-06, 0.008760784999999771, 3.1539999998386747e-06, 5.037000001095748e-06, 1.5485000000481364e-05, 1.0810999999222304e-05, 1.2839000000042233e-05, 0.0019355230000002166, 1.0804000000419478e-05, 1.0531000000923996e-05, 0.007199356999999296, 1.019300000137946e-05, 0.010068094000001082, 0.008450198000000242, 7.842000000479743e-06, 0.00010207200000067473, 0.0007832560000000655, 4.284999999271122e-06, 5.298999999681087e-06, 5.514999999789438e-06, 0.00912085499999904, 0.009821200999999391, 1.431799999984662e-05, 0.0018440920000006855, 1.1996999999652758e-05, 9.922000000273101e-06, 2.6804999999185952e-05, 1.0327000000032172e-05, 1.1515000000628106e-05, 1.0737000000204944e-05, 0.007473671999999709, 7.016999999720497e-06, 8.589999998420694e-06, 0.00017078399999981286, 0.0015392970000007722, 7.02500000038242e-06, 7.125999999857413e-06, 0.0013469050000001204, 0.008453972999999948, 1.524600000024634e-05, 0.0012772779999998818, 0.00665136399999966, 0.006322487000000265, 0.006728538999999145, 0.009362742000000424, 8.670999999793594e-06, 7.030000000796122e-06, 0.001993626999999165, 0.009947546999999446, 0.0011649159999986836, 7.850999999980957e-05, 5.869999998964204e-06, 9.378999999754e-06, 6.636999998477222e-06, 5.112000000195849e-06, 0.002484271000000149, 1.408800000035626e-05, 0.002137645999999549, 9.905000000642872e-06, 0.001360578999999973, 0.0019146899999995526, 0.0028535489999992336, 0.0008911569999998648, 1.1015000000114128e-05, 0.008144322999999787, 0.010228071000000227, 0.0061002600000001905, 5.240000000128475e-06, 0.006563712000000166, 0.0006087419999989407, 6.615000000209648e-06, 0.008140475999999452, 6.260999999341266e-06, 1.0776999999961845e-05, 1.0705999999416349e-05, 0.0051391409999990145, 0.0073581449999995385, 7.974000000743331e-06, 0.006792971999999509, 0.008768603000000041, 0.005223675999999955, 0.002260167999999396, 5.974000000463775e-06, 0.006402179000000174, 0.0012969460000000765, 5.355999999068217e-06, 3.890999998645839e-06, 0.006954381999999981, 0.0013471309999992798, 0.005076868999999817], [0.011049490999999634, 7.727999999929125e-06, 7.389999998608232e-06, 7.178000000607199e-06, 0.0019322630000004892, 4.717999999570566e-06, 3.1329999998774838e-06, 0.011525699999999972, 0.0017988930000001346, 7.930999998961852e-06, 0.009500132999999522, 2.7229999997047116e-06, 2.3032000001421693e-05, 5.960599999887961e-05, 0.001497583999999108, 0.008948533999999952, 0.001351399000000697, 3.028000000071529e-06, 3.748999999331204e-06, 0.0009437429999987756, 0.008412430999999998, 7.362999999926956e-06, 0.001901308999999074, 0.008764784000000247, 0.0025688759999997757, 5.298999999681087e-06, 0.00192154500000008, 0.0013060770000006272, 2.5590000003461455e-06, 0.0013463690000001804, 2.6430000001909093e-06, 2.8340000000071086e-06, 2.78300000111642e-06, 0.007833140999998989, 8.594000000528013e-06, 4.03199999965409e-06, 9.86200000063775e-06, 2.6809999997823297e-06, 0.0010803049999985603, 0.0011681980000002312, 1.9805000000872042e-05, 0.001252393999999768, 7.973999998966974e-06, 0.007176070999999951, 0.008761774999999972, 5.387999999939552e-06, 4.676999999730924e-06, 0.009121149000000273, 0.009303477999999643, 2.798600000097906e-05, 0.0009798659999997739, 0.00775066599999974, 0.00011197000000073842, 2.853999999885559e-06, 2.6880000003615123e-06, 0.0048635010000008805, 0.0017598519999992845, 0.00013588499999883652, 0.007641067999999862, 0.005915103999999616, 0.00018925600000052611, 7.628000000536872e-06, 6.701999998526276e-06, 5.76699999932373e-06, 5.5889999988067984e-06, 8.128999999357234e-06, 2.747999999996864e-06, 0.009106331000001688, 0.00015100599999939845, 0.0010340729999995801, 0.006401389000000535, 2.5749999998936346e-06, 2.64500000035639e-06, 0.0013468400000000713, 0.009315506000000084, 7.420999999396827e-06, 0.007754505999999495, 5.05199999878414e-06, 1.1484999999922252e-05, 9.748000000087131e-06, 8.74400000050457e-06, 8.902999999449435e-06, 6.794000000809319e-06, 0.004760344999999333, 0.010312052999999821, 3.865000000047303e-06, 0.001998101999999946, 2.6169999998160165e-06, 4.5170000007033195e-06, 0.0015465519999988686, 4.350000001096532e-06, 6.910999999831802e-06, 2.609999999236834e-06, 0.0021768120000000835, 6.682000000424182e-06, 0.001356398000000425, 2.7199999994564905e-06, 0.008764790000000744, 7.621600000007334e-05, 0.006644404999999409, 0.0016419949999999517, 1.0577999999483723e-05, 1.487699999991321e-05, 9.564999999156498e-06, 0.00024184599999976797, 0.008767577999998721, 0.0013471089999992358, 8.816000001132807e-06, 0.009921053000001123, 0.008152817999999229, 0.0016923160000015258, 9.039000000043984e-06, 0.001366219000001223, 8.99099999962516e-06, 4.526999999754366e-06, 4.57400000009045e-06, 0.0014269329999994085, 3.617000000843973e-06, 2.9926000001623265e-05, 4.066999998997289e-06, 0.0025930920000014623, 0.007058121000000028, 1.2246999999021568e-05, 1.1823999999549528e-05, 0.00818514900000089, 1.0243000000187408e-05, 9.517000000514031e-06, 0.008914229000000162, 0.01080177100000057, 0.00048196999999916557, 9.623000000402726e-06, 6.878000000654083e-06, 0.006402147999999386, 0.008949037999999021, 0.0014475449999995504, 7.051000000757313e-06, 5.577999999673011e-06, 0.0009081430000001944, 3.7999999999982492e-06, 0.00028402000000049554, 0.008652545000000345, 1.2779000000406882e-05, 0.011045997000000085, 0.005164922000000516, 1.217800000041791e-05, 9.870999999606056e-06, 3.4975000000159184e-05, 0.0021082969999994816, 0.010569628999999026, 0.00790950500000065, 4.219000000027506e-05, 7.0060000005867096e-06, 0.0069527979999985945, 0.002836595999999858, 0.009526633000000118, 3.6400000009706446e-06, 3.992999999979929e-06, 0.006724336999999636, 0.0014529699999989987, 0.0014309440000008777, 1.0960999999198862e-05, 1.1168000000338907e-05, 0.007412165000001636, 1.1305000001016197e-05, 0.011781477999999623, 0.0113318170000003, 7.221000000612321e-06, 2.32370000006199e-05, 0.009130685000000582, 0.009127466000000695, 3.6210000011749344e-06, 0.010798706999999297, 0.0011265510000004753, 0.006762804000000955, 0.0022404580000010554, 0.007493450000000124, 0.0015338529999997519, 4.058000000028983e-06, 0.005304217999999139, 1.1605999999275696e-05, 1.0786999999012892e-05, 0.00023159600000077774, 0.0023967679999987723, 0.0015479939999991643, 0.002079258000000195, 0.006399534999999901, 4.783600000024535e-05, 0.0016106560000004322, 9.32000000020139e-06, 0.006605362999998476, 0.00814706599999937, 6.2290000002462875e-06, 7.5870000006972305e-06, 4.527000001530723e-06, 0.007596921000001089, 0.0025036400000004733, 0.010317075999999759, 3.828000000538623e-06, 4.375999999695068e-06, 4.053999999698021e-06]]
* DCTCP FCT: [None, None, None, None, None, None]
* XPass FCT: [None, None, None, None, None, None]
** SSIRD FCT sorted: [[(279, 7.656999999383629e-06), (366, 7.690999998644088e-06), (490, 1.0685999999537898e-05), (1414, 1.0889000000346982e-05), (2083, 1.2693000000396637e-05), (2657, 1.5798999999816488e-05), (2881, 1.5870999998668367e-05), (263778, 0.0009078609999999543), (2553169, 0.00876263700000024), (2769988, 0.009505797999999288)], [(107, 1.0935999998906709e-05), (144, 6.8309999985416425e-06), (279, 5.967999999967333e-06), (293, 7.349000000544947e-06), (293, 9.760000001080016e-06), (293, 1.0246000000435629e-05), (308, 1.1235000000553441e-05), (324, 5.853999999416715e-06), (324, 1.0559999999770753e-05), (340, 9.423999999924604e-06), (340, 1.044100000058279e-05), (366, 1.0062999999504996e-05), (394, 6.162000000031753e-06), (394, 9.560000000519153e-06), (423, 6.403000000432257e-06), (423, 1.0795999999757555e-05), (577, 5.5939999992205e-06), (577, 7.74100000100475e-06), (693, 6.793000000726579e-06), (2551, 1.2780000000489622e-05), (2657, 1.4580000000208315e-05), (2657, 1.62499999998289e-05), (5378, 2.099800000010532e-05), (5578, 1.9399999999336615e-05), (10674, 4.594900000043367e-05), (40796, 0.00014087899999992715), (75796, 0.0002591640000009221), (153405, 0.0005318499999997783), (233422, 0.0008107749999997083), (248136, 0.0008536409999990724), (326042, 0.0011323160000014099), (350859, 0.0012042189999998953), (416360, 0.0014286259999991557), (1167500, 0.00400576000000008), (1540319, 0.005284770999999466), (1540319, 0.005286036999999411), (1681372, 0.005768392000000233), (1722992, 0.0059305700000003014), (1787361, 0.006128250999999807), (2213771, 0.007597636999999935), (2213771, 0.0076006980000009605), (2372582, 0.008145869999999888), (2372582, 0.008139491999999748), (2506773, 0.00860574000000014), (2553169, 0.008762669999999417), (2769988, 0.009499778000000347), (2769988, 0.009502789000000789), (2769988, 0.00950072400000046), (3006219, 0.010312801999999621), (3055423, 0.010485745999998741)], [(57, 6.393999999687594e-06), (57, 8.708999999385014e-06), (64, 1.0227999998946302e-05), (184, 7.540000000361147e-06), (235, 5.404999999569782e-06), (279, 4.0249999990749075e-06), (279, 3.7870000006989812e-06), (279, 7.761999999189584e-06), (279, 4.218999999139328e-06), (279, 1.1046999999209106e-05), (279, 1.2164000001035902e-05), (279, 9.985000000156674e-06), (293, 5.475000000032537e-06), (293, 9.249999999738634e-06), (293, 9.788999999926773e-06), (293, 8.555999999160235e-06), (308, 4.718999999653306e-06), (308, 5.162000000780154e-06), (308, 1.0603999999858615e-05), (308, 1.0971000000026265e-05), (308, 9.068000000667098e-06), (308, 1.0048000000040247e-05), (308, 9.200000000930686e-06), (324, 7.4359999988615755e-06), (324, 7.794000000060919e-06), (340, 5.5469999988844165e-06), (340, 1.0999999998873022e-05), (366, 9.857000000224048e-06), (423, 8.946999999537297e-06), (423, 8.030000000047721e-06), (423, 6.192999999043991e-06), (455, 8.98899999945968e-06), (455, 6.531000000364884e-06), (523, 1.0714000000078272e-05), (693, 9.015000001610929e-06), (900, 8.216999999532959e-06), (1055, 7.3970000009637715e-06), (1082, 8.015999998889356e-06), (1096, 7.743999999476614e-06), (1324, 1.1133999999302091e-05), (1424, 7.775000000265209e-06), (1435, 1.1010999999783166e-05), (1440, 8.00699999992105e-06), (1538, 9.156000000842823e-06), (1538, 1.349300000086373e-05), (3567, 2.1714999999034035e-05), (5378, 2.3148000000361435e-05), (6732, 2.4354999998976723e-05), (15466, 6.038300000099639e-05), (37603, 0.0001589900000009692), (54485, 0.0001905090000011711), (54485, 0.00019442700000027457), (96007, 0.0009815110000008787), (105442, 0.0010243020000011427), (124109, 0.001107849999998578), (153405, 0.0005312790000004952), (153405, 0.0012029930000014843), (156563, 0.0005436869999986271), (167113, 0.001260078999999692), (175489, 0.0006067190000003109), (229647, 0.0008561389999997004), (326042, 0.0011384689999989206), (377564, 0.0012962840000003695), (542642, 0.0018711729999996152), (553812, 0.0019091759999998459), (576849, 0.001989127999999951), (1521601, 0.005219167999999996), (1521601, 0.005218870000000209), (1540319, 0.005287910999999923), (1702055, 0.005839289000000747), (1702055, 0.005838695000001337), (1798321, 0.006169128999999884), (1831605, 0.0062829210000003854), (1831605, 0.006284562999999466), (1865505, 0.006404923999999923), (1888453, 0.006477731000000375), (1935199, 0.006638836000000481), (1959004, 0.0067358249999998066), (2057190, 0.00705987500000127), (2057190, 0.007055322999999447), (2142760, 0.007352781999999891), (2142760, 0.007355884000000756), (2195801, 0.0075407109999989785), (2236441, 0.007669073999998943), (2305854, 0.007915762999999743), (2329467, 0.007995941000000784), (2372582, 0.008148057999999736), (2416494, 0.008288316999999878), (2416494, 0.00829595999999988), (2461220, 0.008442794999998782), (2553169, 0.008762696999999875), (2553169, 0.008762875000000392), (2605728, 0.008942640000000779), (2605728, 0.008942638000000613), (2769988, 0.009502785000000458), (2827011, 0.009696062000001504), (2897375, 0.009945795000000146), (2897375, 0.00994580599999928), (3480110, 0.01194085200000039), (3714595, 0.012742777999999788)], [(57, 5.0529999988668806e-06), (60, 2.7410000011940383e-06), (60, 4.746000000110939e-06), (92, 6.490999998831626e-06), (92, 6.44600000043738e-06), (107, 6.720000000015602e-06), (124, 8.64099999908774e-06), (124, 7.345000000213986e-06), (144, 6.572000000204525e-06), (144, 1.0361999999375371e-05), (208, 3.723000000732668e-06), (279, 7.694000000668666e-06), (279, 6.782999999899175e-06), (279, 1.3495999999335595e-05), (293, 1.0180000000303835e-05), (308, 6.999000000007527e-06), (308, 7.738000000756529e-06), (308, 6.697999999971671e-06), (308, 9.237000000439366e-06), (308, 7.441000001051634e-06), (324, 3.45299999970905e-06), (324, 4.864000000992519e-06), (324, 1.0373000000285515e-05), (324, 1.0875999999271357e-05), (324, 8.747000000752791e-06), (340, 5.795999999946844e-06), (340, 2.5979999982439494e-06), (340, 8.42899999931035e-06), (340, 1.0819999999966967e-05), (340, 1.0923000001383798e-05), (366, 6.48299999994606e-06), (366, 8.466000000595386e-06), (366, 6.993999999593825e-06), (394, 5.5190000001204e-06), (394, 2.6040000005167485e-06), (394, 2.7969999987220717e-06), (423, 3.247000000428102e-06), (423, 3.5599999996804854e-06), (455, 2.8289999995934068e-06), (455, 1.2154000000208498e-05), (490, 4.853000000082375e-06), (490, 7.65899999954911e-06), (490, 5.29000000071278e-06), (490, 6.071999999690547e-06), (540, 6.560999999294381e-06), (540, 8.90100000106031e-06), (613, 8.923999999410626e-06), (665, 3.5030000002933548e-06), (679, 5.288000000547299e-06), (679, 1.009300000021085e-05), (693, 9.681999999955337e-06), (742, 1.081100000099866e-05), (983, 7.85399999969627e-06), (1055, 1.0173000001501009e-05), (1069, 7.918999999745324e-06), (1069, 6.847999999948229e-06), (1110, 8.268000000200004e-06), (1346, 1.117600000100083e-05), (1414, 1.2713999998581471e-05), (1419, 1.0299999999574538e-05), (1424, 1.0376000000533736e-05), (1440, 8.783000000178731e-06), (1642, 1.570899999947528e-05), (1754, 9.24900000143225e-06), (2000, 1.0492999999556218e-05), (2353, 1.6664000000332635e-05), (2767, 2.2706000001093685e-05), (8747, 3.2851000000277963e-05), (10674, 4.691700000059029e-05), (12980, 0.00010433399999953963), (14372, 0.00011321399999886239), (19352, 0.00011310400000041909), (26593, 0.0002628419999997078), (27141, 9.713200000049937e-05), (28270, 0.00017033099999963497), (44260, 0.0005967459999993707), (54485, 0.0006902020000012499), (72178, 0.0009374720000003833), (73965, 0.001005770000000794), (79595, 0.0010354920000015255), (94071, 0.0010882840000014937), (103737, 0.001133971999999872), (120619, 0.0011830140000004263), (127700, 0.001308012999999164), (144309, 0.0013174600000009917), (150311, 0.0014307549999994507), (150311, 0.0013644020000000978), (159136, 0.0005511490000014163), (248136, 0.0016183309999995288), (251189, 0.0017185160000003918), (254279, 0.0018410219999989152), (263778, 0.0009062079999999639), (276998, 0.0009522390000000769), (286178, 0.0019362319999984834), (315583, 0.0015042069999999796), (338223, 0.0011611689999995178), (391670, 0.0013497820000001326), (500167, 0.0023327539999993263), (542642, 0.001868333000000888), (576849, 0.001984081999999887), (829057, 0.002863786000000701), (1167500, 0.00400644700000008), (1454896, 0.004991974000001065), (1559266, 0.0053598230000009295), (1578447, 0.005419028999998687), (1664328, 0.005712345000000951), (1809348, 0.006206641000000346), (1865505, 0.006404740000000686), (1911683, 0.0065628860000011), (1959004, 0.0067219239999989355), (1959004, 0.0067215479999998), (2177976, 0.007474284000000608), (2195801, 0.007538831999999829), (2195801, 0.0075357199999999125), (2213771, 0.00760208200000001), (2259343, 0.007752082999999743), (2259343, 0.007753019000000805), (2282480, 0.007838970999999972), (2329467, 0.00799597700000021), (2329467, 0.00800053400000067), (2329467, 0.007992753000001684), (2372582, 0.008161109000001332), (2416494, 0.008287677000000215), (2416494, 0.008292677000000026), (2416494, 0.008292657000000148), (2461220, 0.008443322999999836), (2461220, 0.00845069600000059), (2461220, 0.008447089000000574), (2553169, 0.00876285400000043), (2553169, 0.008760584000000904), (2605728, 0.00895123399999953), (2605728, 0.008940321999999057), (2605728, 0.00894568500000048), (2659370, 0.009122859000001426), (2769988, 0.009502829999998852), (2827011, 0.009701027000000195), (2933211, 0.010060610000000025), (3006219, 0.01031286299999934), (3260426, 0.011190650999999718), (3480110, 0.011940842999999646)], [(53, 9.905000000642872e-06), (57, 4.284999999271122e-06), (57, 7.016999999720497e-06), (60, 5.270999999140713e-06), (92, 6.309000001536447e-06), (92, 7.030000000796122e-06), (124, 5.282000000050857e-06), (144, 4.60999999951639e-06), (235, 2.697999999412559e-06), (279, 2.7459999998313833e-06), (279, 7.842000000479743e-06), (293, 2.6779999995341086e-06), (293, 2.732000000449375e-06), (293, 1.0810999999222304e-05), (293, 1.0804000000419478e-05), (293, 1.019300000137946e-05), (293, 9.922000000273101e-06), (293, 1.0327000000032172e-05), (293, 1.0705999999416349e-05), (308, 2.6300000008916413e-06), (308, 5.869999998964204e-06), (308, 5.240000000128475e-06), (324, 9.129999998691574e-06), (324, 7.157000000646008e-06), (324, 7.02500000038242e-06), (324, 1.1015000000114128e-05), (340, 4.317000000142457e-06), (340, 6.164000000197234e-06), (340, 3.055000000529162e-06), (340, 3.1539999998386747e-06), (366, 3.019999999409606e-06), (366, 3.4009999989592643e-06), (366, 4.496000000742129e-06), (366, 4.763999999823909e-06), (366, 5.112000000195849e-06), (366, 1.0776999999961845e-05), (394, 3.050999998421844e-06), (394, 5.054000000725978e-06), (423, 2.6760000011449847e-06), (423, 7.125999999857413e-06), (423, 6.636999998477222e-06), (423, 6.615000000209648e-06), (423, 7.974000000743331e-06), (423, 3.890999998645839e-06), (455, 2.7649999996270935e-06), (455, 3.7400000003628975e-06), (455, 5.298999999681087e-06), (455, 1.408800000035626e-05), (490, 4.568000001370365e-06), (490, 8.362999999178555e-06), (490, 5.037000001095748e-06), (490, 1.1996999999652758e-05), (490, 8.670999999793594e-06), (490, 5.355999999068217e-06), (540, 1.0531000000923996e-05), (540, 8.589999998420694e-06), (577, 2.7179999992910098e-06), (601, 4.477000000946418e-06), (626, 6.045999999315654e-06), (626, 1.2839000000042233e-05), (639, 6.984000000542778e-06), (652, 1.0737000000204944e-05), (652, 6.260999999341266e-06), (665, 1.431799999984662e-05), (679, 5.974000000463775e-06), (779, 6.873000000240381e-06), (779, 3.9170000007970884e-06), (817, 3.5790000012525525e-06), (927, 9.378999999754e-06), (1012, 1.524600000024634e-05), (1096, 2.899000000056162e-06), (1110, 5.514999999789438e-06), (1369, 1.1515000000628106e-05), (1391, 8.37700000033692e-06), (1391, 1.1574000000180718e-05), (1419, 1.2388999998336203e-05), (1435, 8.209000000647393e-06), (1435, 5.5919999990550195e-06), (1435, 5.696000000554591e-06), (1642, 1.0720000000574714e-05), (2657, 1.6880000000440987e-05), (2767, 2.6804999999185952e-05), (3466, 1.5485000000481364e-05), (4183, 1.92959999996134e-05), (5785, 2.576099999984649e-05), (10000, 7.850999999980957e-05), (11393, 4.142399999906843e-05), (12161, 0.00010207200000067473), (12980, 0.00011446899999967286), (23822, 0.00017078399999981286), (36101, 0.0006519999999987647), (68175, 0.0007832560000000655), (92173, 0.0008911569999998648), (147279, 0.0011649159999986836), (156563, 0.0012772779999998818), (161752, 0.001360578999999973), (175489, 0.0006087419999989407), (178372, 0.0014239749999997997), (181304, 0.0014960310000002863), (181304, 0.0015392970000007722), (196700, 0.0016091140000007442), (199933, 0.0016857940000001292), (202393, 0.0017661130000004022), (204882, 0.0018440920000006855), (209956, 0.0019355230000002166), (215151, 0.001993626999999165), (248136, 0.0020489769999993968), (248136, 0.002137645999999549), (260573, 0.0023185790000006534), (263778, 0.002260167999999396), (267023, 0.0023782290000013973), (267023, 0.002484271000000149), (295662, 0.0010197300000012177), (363967, 0.0012714770000012976), (377564, 0.0012969460000000765), (391670, 0.0013469050000001204), (391670, 0.0013471309999992798), (470507, 0.001622264999999956), (553812, 0.0019146899999995526), (565213, 0.0026988530000000566), (576849, 0.0028535489999992336), (588724, 0.003086701999999164), (1385457, 0.004855180999999931), (1431371, 0.0051391409999990145), (1454896, 0.004991562999999033), (1478807, 0.005076868999999817), (1521601, 0.0052372490000003324), (1521601, 0.005223675999999955), (1597864, 0.0061002600000001905), (1630758, 0.006546666000000201), (1630758, 0.006792971999999509), (1681372, 0.007085198000000403), (1765642, 0.006062531999999621), (1787361, 0.006141045999999761), (1842836, 0.006322487000000265), (1865505, 0.006407862999999736), (1865505, 0.006402179000000174), (1911683, 0.006561363999999514), (1911683, 0.006563712000000166), (1911683, 0.0073581449999995385), (1935199, 0.00665136399999966), (1959004, 0.006728538999999145), (2023926, 0.006954381999999981), (2091000, 0.007199356999999296), (2177976, 0.007473671999999709), (2236441, 0.009362742000000424), (2372582, 0.008144322999999787), (2372582, 0.008140475999999452), (2461220, 0.008450327000000257), (2461220, 0.008450198000000242), (2461220, 0.008453972999999948), (2506773, 0.008601565999999394), (2553169, 0.008760784999999771), (2553169, 0.008768603000000041), (2605728, 0.0089410179999998), (2659370, 0.009119916000001282), (2659370, 0.00912085499999904), (2714115, 0.009313779000001077), (2714115, 0.00931122599999945), (2769988, 0.009506110000000234), (2861977, 0.009821200999999391), (2897375, 0.009942961000000139), (2897375, 0.009947546999999446), (2897375, 0.010228071000000227), (2933211, 0.010068094000001082), (3105433, 0.01065282600000117), (3105433, 0.010652821000000756), (3156261, 0.010827768000000404), (3207921, 0.011007624999999521), (3595441, 0.012337614999999857)], [(57, 3.7999999999982492e-06), (57, 4.053999999698021e-06), (60, 2.78300000111642e-06), (64, 5.298999999681087e-06), (79, 7.221000000612321e-06), (92, 2.5590000003461455e-06), (92, 2.7199999994564905e-06), (92, 9.870999999606056e-06), (107, 6.701999998526276e-06), (107, 2.64500000035639e-06), (124, 3.1329999998774838e-06), (124, 4.375999999695068e-06), (184, 7.178000000607199e-06), (279, 3.748999999331204e-06), (279, 5.387999999939552e-06), (279, 7.628000000536872e-06), (279, 2.747999999996864e-06), (279, 1.0577999999483723e-05), (279, 1.0786999999012892e-05), (293, 7.727999999929125e-06), (293, 4.717999999570566e-06), (293, 2.6809999997823297e-06), (293, 6.794000000809319e-06), (293, 9.517000000514031e-06), (308, 7.362999999926956e-06), (308, 5.76699999932373e-06), (308, 3.865000000047303e-06), (308, 3.992999999979929e-06), (308, 1.0960999999198862e-05), (324, 2.8340000000071086e-06), (324, 1.0243000000187408e-05), (324, 6.2290000002462875e-06), (340, 2.5749999998936346e-06), (340, 4.526999999754366e-06), (340, 5.577999999673011e-06), (366, 1.1168000000338907e-05), (394, 2.853999999885559e-06), (394, 5.5889999988067984e-06), (394, 3.617000000843973e-06), (394, 3.6400000009706446e-06), (423, 2.7229999997047116e-06), (423, 3.6210000011749344e-06), (455, 7.389999998608232e-06), (455, 2.6169999998160165e-06), (490, 2.6880000003615123e-06), (490, 8.74400000050457e-06), (490, 2.609999999236834e-06), (490, 9.564999999156498e-06), (490, 4.066999998997289e-06), (490, 6.878000000654083e-06), (490, 4.527000001530723e-06), (490, 3.828000000538623e-06), (523, 8.902999999449435e-06), (523, 1.1823999999549528e-05), (540, 4.5170000007033195e-06), (540, 7.5870000006972305e-06), (589, 7.0060000005867096e-06), (613, 5.05199999878414e-06), (626, 2.6430000001909093e-06), (626, 8.816000001132807e-06), (626, 9.623000000402726e-06), (639, 4.350000001096532e-06), (652, 3.028000000071529e-06), (665, 1.1605999999275696e-05), (679, 9.32000000020139e-06), (693, 8.128999999357234e-06), (693, 1.1305000001016197e-05), (742, 6.910999999831802e-06), (779, 4.058000000028983e-06), (858, 4.03199999965409e-06), (858, 4.676999999730924e-06), (927, 8.594000000528013e-06), (1012, 4.57400000009045e-06), (1042, 6.682000000424182e-06), (1042, 7.051000000757313e-06), (1055, 7.420999999396827e-06), (1055, 9.039000000043984e-06), (1069, 7.930999998961852e-06), (1069, 8.99099999962516e-06), (1082, 1.487699999991321e-05), (1096, 1.2246999999021568e-05), (1369, 1.2779000000406882e-05), (1391, 1.217800000041791e-05), (1538, 1.1484999999922252e-05), (1538, 2.32370000006199e-05), (2000, 2.3032000001421693e-05), (2000, 7.973999998966974e-06), (2169, 9.86200000063775e-06), (2169, 1.9805000000872042e-05), (2169, 9.748000000087131e-06), (3466, 3.4975000000159184e-05), (4373, 2.798600000097906e-05), (5186, 4.783600000024535e-05), (7130, 2.9926000001623265e-05), (7553, 5.960599999887961e-05), (7553, 4.219000000027506e-05), (12161, 7.621600000007334e-05), (17195, 0.00011197000000073842), (20740, 0.00013588499999883652), (20740, 0.00018925600000052611), (23822, 0.00015100599999939845), (29687, 0.00023159600000077774), (37603, 0.00024184599999976797), (54485, 0.00048196999999916557), (58394, 0.0009798659999997739), (79595, 0.00028402000000049554), (85653, 0.0010340729999995801), (103737, 0.0010803049999985603), (103737, 0.0011265510000004753), (113930, 0.0011681980000002312), (113930, 0.001252393999999768), (120619, 0.0013060770000006272), (127700, 0.001366219000001223), (164411, 0.0014475449999995504), (202393, 0.001497583999999108), (202393, 0.0015465519999988686), (209956, 0.0016106560000004322), (220477, 0.0016419949999999517), (233422, 0.0014269329999994085), (237258, 0.0017598519999992845), (237258, 0.0016923160000015258), (254279, 0.0017988930000001346), (263778, 0.0009081430000001944), (273632, 0.0009437429999987756), (286178, 0.0019322630000004892), (286178, 0.00192154500000008), (286178, 0.001998101999999946), (286178, 0.002079258000000195), (295662, 0.0021082969999994816), (305460, 0.0021768120000000835), (315583, 0.0022404580000010554), (350859, 0.0023967679999987723), (363967, 0.0025688759999997757), (377564, 0.0025036400000004733), (391670, 0.001351399000000697), (391670, 0.0013463690000001804), (391670, 0.0013468400000000713), (391670, 0.001356398000000425), (391670, 0.0013471089999992358), (416360, 0.0014529699999989987), (416360, 0.0014309440000008777), (442606, 0.0015338529999997519), (442606, 0.0015479939999991643), (470507, 0.0025930920000014623), (553812, 0.001901308999999074), (588724, 0.002836595999999858), (1385457, 0.004760344999999333), (1408227, 0.0048635010000008805), (1503111, 0.005164922000000516), (1540319, 0.005304217999999139), (1578447, 0.005915103999999616), (1578447, 0.006399534999999901), (1614227, 0.006762804000000955), (1664328, 0.007058121000000028), (1702055, 0.007412165000001636), (1798321, 0.007641067999999862), (1798321, 0.00790950500000065), (1842836, 0.00818514900000089), (1865505, 0.006401389000000535), (1865505, 0.006402147999999386), (1888453, 0.008412430999999998), (1888453, 0.008652545000000345), (1911683, 0.006605362999998476), (1935199, 0.006644404999999409), (1959004, 0.006724336999999636), (2023926, 0.009303477999999643), (2023926, 0.009106331000001688), (2023926, 0.008914229000000162), (2023926, 0.0069527979999985945), (2091000, 0.007176070999999951), (2142760, 0.011049490999999634), (2142760, 0.009526633000000118), (2177976, 0.007493450000000124), (2213771, 0.007596921000001089), (2259343, 0.00775066599999974), (2259343, 0.007754505999999495), (2282480, 0.007833140999998989), (2372582, 0.009921053000001123), (2372582, 0.008152817999999229), (2372582, 0.00814706599999937), (2416494, 0.010312052999999821), (2416494, 0.010798706999999297), (2553169, 0.008764784000000247), (2553169, 0.008761774999999972), (2553169, 0.008764790000000744), (2553169, 0.008767577999998721), (2605728, 0.008948533999999952), (2605728, 0.008949037999999021), (2605728, 0.010569628999999026), (2659370, 0.009121149000000273), (2659370, 0.009130685000000582), (2659370, 0.009127466000000695), (2714115, 0.009315506000000084), (2769988, 0.009500132999999522), (2827011, 0.01080177100000057), (2827011, 0.011045997000000085), (3006219, 0.011525699999999972), (3006219, 0.011781477999999623), (3006219, 0.0113318170000003), (3006219, 0.010317075999999759)]]
** DCTCP FCT sorted: [None, None, None, None, None, None]
** XPass FCT sorted: [None, None, None, None, None, None]
==========
placeholder: fbCacheFollower full loadsweep v3 srpt experiments
----------
FE_incast_12host_10to1_12host_fbCacheFollowerDist_loadtest_5000ns_1to40flo_2025-08-27T_13-42-30Z.json
